test_id,run,result
tests/test_aiosqlite.py::TestAsyncSqliteSaver::test_asearch,1,pass
tests/test_aiosqlite.py::TestAsyncSqliteSaver::test_asearch,2,pass
tests/test_aiosqlite.py::TestAsyncSqliteSaver::test_asearch,3,pass
tests/test_aiosqlite.py::TestAsyncSqliteSaver::test_asearch,4,pass
tests/test_aiosqlite.py::TestAsyncSqliteSaver::test_asearch,5,pass
tests/test_aiosqlite.py::TestAsyncSqliteSaver::test_asearch,6,pass
tests/test_aiosqlite.py::TestAsyncSqliteSaver::test_asearch,7,pass
tests/test_aiosqlite.py::TestAsyncSqliteSaver::test_asearch,8,pass
tests/test_aiosqlite.py::TestAsyncSqliteSaver::test_asearch,9,pass
tests/test_aiosqlite.py::TestAsyncSqliteSaver::test_asearch,10,pass
tests/test_aiosqlite.py::TestAsyncSqliteSaver::test_asearch,11,pass
tests/test_aiosqlite.py::TestAsyncSqliteSaver::test_asearch,12,pass
tests/test_aiosqlite.py::TestAsyncSqliteSaver::test_asearch,13,pass
tests/test_aiosqlite.py::TestAsyncSqliteSaver::test_asearch,14,pass
tests/test_aiosqlite.py::TestAsyncSqliteSaver::test_asearch,15,pass
tests/test_aiosqlite.py::TestAsyncSqliteSaver::test_asearch,16,pass
tests/test_aiosqlite.py::TestAsyncSqliteSaver::test_asearch,17,pass
tests/test_aiosqlite.py::TestAsyncSqliteSaver::test_asearch,18,pass
tests/test_aiosqlite.py::TestAsyncSqliteSaver::test_asearch,19,pass
tests/test_aiosqlite.py::TestAsyncSqliteSaver::test_asearch,20,pass
tests/test_aiosqlite.py::TestAsyncSqliteSaver::test_asearch,21,pass
tests/test_aiosqlite.py::TestAsyncSqliteSaver::test_asearch,22,pass
tests/test_aiosqlite.py::TestAsyncSqliteSaver::test_asearch,23,pass
tests/test_aiosqlite.py::TestAsyncSqliteSaver::test_asearch,24,pass
tests/test_aiosqlite.py::TestAsyncSqliteSaver::test_asearch,25,pass
tests/test_aiosqlite.py::TestAsyncSqliteSaver::test_asearch,26,pass
tests/test_aiosqlite.py::TestAsyncSqliteSaver::test_asearch,27,pass
tests/test_aiosqlite.py::TestAsyncSqliteSaver::test_asearch,28,pass
tests/test_aiosqlite.py::TestAsyncSqliteSaver::test_asearch,29,pass
tests/test_aiosqlite.py::TestAsyncSqliteSaver::test_asearch,30,pass
tests/test_aiosqlite.py::TestAsyncSqliteSaver::test_asearch,31,pass
tests/test_aiosqlite.py::TestAsyncSqliteSaver::test_asearch,32,pass
tests/test_aiosqlite.py::TestAsyncSqliteSaver::test_asearch,33,pass
tests/test_aiosqlite.py::TestAsyncSqliteSaver::test_asearch,34,pass
tests/test_aiosqlite.py::TestAsyncSqliteSaver::test_asearch,35,pass
tests/test_aiosqlite.py::TestAsyncSqliteSaver::test_asearch,36,pass
tests/test_aiosqlite.py::TestAsyncSqliteSaver::test_asearch,37,pass
tests/test_aiosqlite.py::TestAsyncSqliteSaver::test_asearch,38,pass
tests/test_aiosqlite.py::TestAsyncSqliteSaver::test_asearch,39,pass
tests/test_aiosqlite.py::TestAsyncSqliteSaver::test_asearch,40,pass
tests/test_aiosqlite.py::TestAsyncSqliteSaver::test_asearch,41,pass
tests/test_aiosqlite.py::TestAsyncSqliteSaver::test_asearch,42,pass
tests/test_aiosqlite.py::TestAsyncSqliteSaver::test_asearch,43,pass
tests/test_aiosqlite.py::TestAsyncSqliteSaver::test_asearch,44,pass
tests/test_aiosqlite.py::TestAsyncSqliteSaver::test_asearch,45,pass
tests/test_aiosqlite.py::TestAsyncSqliteSaver::test_asearch,46,pass
tests/test_aiosqlite.py::TestAsyncSqliteSaver::test_asearch,47,pass
tests/test_aiosqlite.py::TestAsyncSqliteSaver::test_asearch,48,pass
tests/test_aiosqlite.py::TestAsyncSqliteSaver::test_asearch,49,pass
tests/test_aiosqlite.py::TestAsyncSqliteSaver::test_asearch,50,pass
tests/test_aiosqlite.py::TestAsyncSqliteSaver::test_combined_metadata,1,pass
tests/test_aiosqlite.py::TestAsyncSqliteSaver::test_combined_metadata,2,pass
tests/test_aiosqlite.py::TestAsyncSqliteSaver::test_combined_metadata,3,pass
tests/test_aiosqlite.py::TestAsyncSqliteSaver::test_combined_metadata,4,pass
tests/test_aiosqlite.py::TestAsyncSqliteSaver::test_combined_metadata,5,pass
tests/test_aiosqlite.py::TestAsyncSqliteSaver::test_combined_metadata,6,pass
tests/test_aiosqlite.py::TestAsyncSqliteSaver::test_combined_metadata,7,pass
tests/test_aiosqlite.py::TestAsyncSqliteSaver::test_combined_metadata,8,pass
tests/test_aiosqlite.py::TestAsyncSqliteSaver::test_combined_metadata,9,pass
tests/test_aiosqlite.py::TestAsyncSqliteSaver::test_combined_metadata,10,pass
tests/test_aiosqlite.py::TestAsyncSqliteSaver::test_combined_metadata,11,pass
tests/test_aiosqlite.py::TestAsyncSqliteSaver::test_combined_metadata,12,pass
tests/test_aiosqlite.py::TestAsyncSqliteSaver::test_combined_metadata,13,pass
tests/test_aiosqlite.py::TestAsyncSqliteSaver::test_combined_metadata,14,pass
tests/test_aiosqlite.py::TestAsyncSqliteSaver::test_combined_metadata,15,pass
tests/test_aiosqlite.py::TestAsyncSqliteSaver::test_combined_metadata,16,pass
tests/test_aiosqlite.py::TestAsyncSqliteSaver::test_combined_metadata,17,pass
tests/test_aiosqlite.py::TestAsyncSqliteSaver::test_combined_metadata,18,pass
tests/test_aiosqlite.py::TestAsyncSqliteSaver::test_combined_metadata,19,pass
tests/test_aiosqlite.py::TestAsyncSqliteSaver::test_combined_metadata,20,pass
tests/test_aiosqlite.py::TestAsyncSqliteSaver::test_combined_metadata,21,pass
tests/test_aiosqlite.py::TestAsyncSqliteSaver::test_combined_metadata,22,pass
tests/test_aiosqlite.py::TestAsyncSqliteSaver::test_combined_metadata,23,pass
tests/test_aiosqlite.py::TestAsyncSqliteSaver::test_combined_metadata,24,pass
tests/test_aiosqlite.py::TestAsyncSqliteSaver::test_combined_metadata,25,pass
tests/test_aiosqlite.py::TestAsyncSqliteSaver::test_combined_metadata,26,pass
tests/test_aiosqlite.py::TestAsyncSqliteSaver::test_combined_metadata,27,pass
tests/test_aiosqlite.py::TestAsyncSqliteSaver::test_combined_metadata,28,pass
tests/test_aiosqlite.py::TestAsyncSqliteSaver::test_combined_metadata,29,pass
tests/test_aiosqlite.py::TestAsyncSqliteSaver::test_combined_metadata,30,pass
tests/test_aiosqlite.py::TestAsyncSqliteSaver::test_combined_metadata,31,pass
tests/test_aiosqlite.py::TestAsyncSqliteSaver::test_combined_metadata,32,pass
tests/test_aiosqlite.py::TestAsyncSqliteSaver::test_combined_metadata,33,pass
tests/test_aiosqlite.py::TestAsyncSqliteSaver::test_combined_metadata,34,pass
tests/test_aiosqlite.py::TestAsyncSqliteSaver::test_combined_metadata,35,pass
tests/test_aiosqlite.py::TestAsyncSqliteSaver::test_combined_metadata,36,pass
tests/test_aiosqlite.py::TestAsyncSqliteSaver::test_combined_metadata,37,pass
tests/test_aiosqlite.py::TestAsyncSqliteSaver::test_combined_metadata,38,pass
tests/test_aiosqlite.py::TestAsyncSqliteSaver::test_combined_metadata,39,pass
tests/test_aiosqlite.py::TestAsyncSqliteSaver::test_combined_metadata,40,pass
tests/test_aiosqlite.py::TestAsyncSqliteSaver::test_combined_metadata,41,pass
tests/test_aiosqlite.py::TestAsyncSqliteSaver::test_combined_metadata,42,pass
tests/test_aiosqlite.py::TestAsyncSqliteSaver::test_combined_metadata,43,pass
tests/test_aiosqlite.py::TestAsyncSqliteSaver::test_combined_metadata,44,pass
tests/test_aiosqlite.py::TestAsyncSqliteSaver::test_combined_metadata,45,pass
tests/test_aiosqlite.py::TestAsyncSqliteSaver::test_combined_metadata,46,pass
tests/test_aiosqlite.py::TestAsyncSqliteSaver::test_combined_metadata,47,pass
tests/test_aiosqlite.py::TestAsyncSqliteSaver::test_combined_metadata,48,pass
tests/test_aiosqlite.py::TestAsyncSqliteSaver::test_combined_metadata,49,pass
tests/test_aiosqlite.py::TestAsyncSqliteSaver::test_combined_metadata,50,pass
tests/test_aiosqlite.py::TestAsyncSqliteSaver::test_limit_parameter_sql_injection_prevention,1,pass
tests/test_aiosqlite.py::TestAsyncSqliteSaver::test_limit_parameter_sql_injection_prevention,2,pass
tests/test_aiosqlite.py::TestAsyncSqliteSaver::test_limit_parameter_sql_injection_prevention,3,pass
tests/test_aiosqlite.py::TestAsyncSqliteSaver::test_limit_parameter_sql_injection_prevention,4,pass
tests/test_aiosqlite.py::TestAsyncSqliteSaver::test_limit_parameter_sql_injection_prevention,5,pass
tests/test_aiosqlite.py::TestAsyncSqliteSaver::test_limit_parameter_sql_injection_prevention,6,pass
tests/test_aiosqlite.py::TestAsyncSqliteSaver::test_limit_parameter_sql_injection_prevention,7,pass
tests/test_aiosqlite.py::TestAsyncSqliteSaver::test_limit_parameter_sql_injection_prevention,8,pass
tests/test_aiosqlite.py::TestAsyncSqliteSaver::test_limit_parameter_sql_injection_prevention,9,pass
tests/test_aiosqlite.py::TestAsyncSqliteSaver::test_limit_parameter_sql_injection_prevention,10,pass
tests/test_aiosqlite.py::TestAsyncSqliteSaver::test_limit_parameter_sql_injection_prevention,11,pass
tests/test_aiosqlite.py::TestAsyncSqliteSaver::test_limit_parameter_sql_injection_prevention,12,pass
tests/test_aiosqlite.py::TestAsyncSqliteSaver::test_limit_parameter_sql_injection_prevention,13,pass
tests/test_aiosqlite.py::TestAsyncSqliteSaver::test_limit_parameter_sql_injection_prevention,14,pass
tests/test_aiosqlite.py::TestAsyncSqliteSaver::test_limit_parameter_sql_injection_prevention,15,pass
tests/test_aiosqlite.py::TestAsyncSqliteSaver::test_limit_parameter_sql_injection_prevention,16,pass
tests/test_aiosqlite.py::TestAsyncSqliteSaver::test_limit_parameter_sql_injection_prevention,17,pass
tests/test_aiosqlite.py::TestAsyncSqliteSaver::test_limit_parameter_sql_injection_prevention,18,pass
tests/test_aiosqlite.py::TestAsyncSqliteSaver::test_limit_parameter_sql_injection_prevention,19,pass
tests/test_aiosqlite.py::TestAsyncSqliteSaver::test_limit_parameter_sql_injection_prevention,20,pass
tests/test_aiosqlite.py::TestAsyncSqliteSaver::test_limit_parameter_sql_injection_prevention,21,pass
tests/test_aiosqlite.py::TestAsyncSqliteSaver::test_limit_parameter_sql_injection_prevention,22,pass
tests/test_aiosqlite.py::TestAsyncSqliteSaver::test_limit_parameter_sql_injection_prevention,23,pass
tests/test_aiosqlite.py::TestAsyncSqliteSaver::test_limit_parameter_sql_injection_prevention,24,pass
tests/test_aiosqlite.py::TestAsyncSqliteSaver::test_limit_parameter_sql_injection_prevention,25,pass
tests/test_aiosqlite.py::TestAsyncSqliteSaver::test_limit_parameter_sql_injection_prevention,26,pass
tests/test_aiosqlite.py::TestAsyncSqliteSaver::test_limit_parameter_sql_injection_prevention,27,pass
tests/test_aiosqlite.py::TestAsyncSqliteSaver::test_limit_parameter_sql_injection_prevention,28,pass
tests/test_aiosqlite.py::TestAsyncSqliteSaver::test_limit_parameter_sql_injection_prevention,29,pass
tests/test_aiosqlite.py::TestAsyncSqliteSaver::test_limit_parameter_sql_injection_prevention,30,pass
tests/test_aiosqlite.py::TestAsyncSqliteSaver::test_limit_parameter_sql_injection_prevention,31,pass
tests/test_aiosqlite.py::TestAsyncSqliteSaver::test_limit_parameter_sql_injection_prevention,32,pass
tests/test_aiosqlite.py::TestAsyncSqliteSaver::test_limit_parameter_sql_injection_prevention,33,pass
tests/test_aiosqlite.py::TestAsyncSqliteSaver::test_limit_parameter_sql_injection_prevention,34,pass
tests/test_aiosqlite.py::TestAsyncSqliteSaver::test_limit_parameter_sql_injection_prevention,35,pass
tests/test_aiosqlite.py::TestAsyncSqliteSaver::test_limit_parameter_sql_injection_prevention,36,pass
tests/test_aiosqlite.py::TestAsyncSqliteSaver::test_limit_parameter_sql_injection_prevention,37,pass
tests/test_aiosqlite.py::TestAsyncSqliteSaver::test_limit_parameter_sql_injection_prevention,38,pass
tests/test_aiosqlite.py::TestAsyncSqliteSaver::test_limit_parameter_sql_injection_prevention,39,pass
tests/test_aiosqlite.py::TestAsyncSqliteSaver::test_limit_parameter_sql_injection_prevention,40,pass
tests/test_aiosqlite.py::TestAsyncSqliteSaver::test_limit_parameter_sql_injection_prevention,41,pass
tests/test_aiosqlite.py::TestAsyncSqliteSaver::test_limit_parameter_sql_injection_prevention,42,pass
tests/test_aiosqlite.py::TestAsyncSqliteSaver::test_limit_parameter_sql_injection_prevention,43,pass
tests/test_aiosqlite.py::TestAsyncSqliteSaver::test_limit_parameter_sql_injection_prevention,44,pass
tests/test_aiosqlite.py::TestAsyncSqliteSaver::test_limit_parameter_sql_injection_prevention,45,pass
tests/test_aiosqlite.py::TestAsyncSqliteSaver::test_limit_parameter_sql_injection_prevention,46,pass
tests/test_aiosqlite.py::TestAsyncSqliteSaver::test_limit_parameter_sql_injection_prevention,47,pass
tests/test_aiosqlite.py::TestAsyncSqliteSaver::test_limit_parameter_sql_injection_prevention,48,pass
tests/test_aiosqlite.py::TestAsyncSqliteSaver::test_limit_parameter_sql_injection_prevention,49,pass
tests/test_aiosqlite.py::TestAsyncSqliteSaver::test_limit_parameter_sql_injection_prevention,50,pass
tests/test_async_store.py::test_abatch_order[file],1,pass
tests/test_async_store.py::test_abatch_order[file],2,pass
tests/test_async_store.py::test_abatch_order[file],3,pass
tests/test_async_store.py::test_abatch_order[file],4,pass
tests/test_async_store.py::test_abatch_order[file],5,pass
tests/test_async_store.py::test_abatch_order[file],6,pass
tests/test_async_store.py::test_abatch_order[file],7,pass
tests/test_async_store.py::test_abatch_order[file],8,pass
tests/test_async_store.py::test_abatch_order[file],9,pass
tests/test_async_store.py::test_abatch_order[file],10,pass
tests/test_async_store.py::test_abatch_order[file],11,pass
tests/test_async_store.py::test_abatch_order[file],12,pass
tests/test_async_store.py::test_abatch_order[file],13,pass
tests/test_async_store.py::test_abatch_order[file],14,pass
tests/test_async_store.py::test_abatch_order[file],15,pass
tests/test_async_store.py::test_abatch_order[file],16,pass
tests/test_async_store.py::test_abatch_order[file],17,pass
tests/test_async_store.py::test_abatch_order[file],18,pass
tests/test_async_store.py::test_abatch_order[file],19,pass
tests/test_async_store.py::test_abatch_order[file],20,pass
tests/test_async_store.py::test_abatch_order[file],21,pass
tests/test_async_store.py::test_abatch_order[file],22,pass
tests/test_async_store.py::test_abatch_order[file],23,pass
tests/test_async_store.py::test_abatch_order[file],24,pass
tests/test_async_store.py::test_abatch_order[file],25,pass
tests/test_async_store.py::test_abatch_order[file],26,pass
tests/test_async_store.py::test_abatch_order[file],27,pass
tests/test_async_store.py::test_abatch_order[file],28,pass
tests/test_async_store.py::test_abatch_order[file],29,pass
tests/test_async_store.py::test_abatch_order[file],30,pass
tests/test_async_store.py::test_abatch_order[file],31,pass
tests/test_async_store.py::test_abatch_order[file],32,pass
tests/test_async_store.py::test_abatch_order[file],33,pass
tests/test_async_store.py::test_abatch_order[file],34,pass
tests/test_async_store.py::test_abatch_order[file],35,pass
tests/test_async_store.py::test_abatch_order[file],36,pass
tests/test_async_store.py::test_abatch_order[file],37,pass
tests/test_async_store.py::test_abatch_order[file],38,pass
tests/test_async_store.py::test_abatch_order[file],39,pass
tests/test_async_store.py::test_abatch_order[file],40,pass
tests/test_async_store.py::test_abatch_order[file],41,pass
tests/test_async_store.py::test_abatch_order[file],42,pass
tests/test_async_store.py::test_abatch_order[file],43,pass
tests/test_async_store.py::test_abatch_order[file],44,pass
tests/test_async_store.py::test_abatch_order[file],45,pass
tests/test_async_store.py::test_abatch_order[file],46,pass
tests/test_async_store.py::test_abatch_order[file],47,pass
tests/test_async_store.py::test_abatch_order[file],48,pass
tests/test_async_store.py::test_abatch_order[file],49,pass
tests/test_async_store.py::test_abatch_order[file],50,pass
tests/test_async_store.py::test_abatch_order[memory],1,pass
tests/test_async_store.py::test_abatch_order[memory],2,pass
tests/test_async_store.py::test_abatch_order[memory],3,pass
tests/test_async_store.py::test_abatch_order[memory],4,pass
tests/test_async_store.py::test_abatch_order[memory],5,pass
tests/test_async_store.py::test_abatch_order[memory],6,pass
tests/test_async_store.py::test_abatch_order[memory],7,pass
tests/test_async_store.py::test_abatch_order[memory],8,pass
tests/test_async_store.py::test_abatch_order[memory],9,pass
tests/test_async_store.py::test_abatch_order[memory],10,pass
tests/test_async_store.py::test_abatch_order[memory],11,pass
tests/test_async_store.py::test_abatch_order[memory],12,pass
tests/test_async_store.py::test_abatch_order[memory],13,pass
tests/test_async_store.py::test_abatch_order[memory],14,pass
tests/test_async_store.py::test_abatch_order[memory],15,pass
tests/test_async_store.py::test_abatch_order[memory],16,pass
tests/test_async_store.py::test_abatch_order[memory],17,pass
tests/test_async_store.py::test_abatch_order[memory],18,pass
tests/test_async_store.py::test_abatch_order[memory],19,pass
tests/test_async_store.py::test_abatch_order[memory],20,pass
tests/test_async_store.py::test_abatch_order[memory],21,pass
tests/test_async_store.py::test_abatch_order[memory],22,pass
tests/test_async_store.py::test_abatch_order[memory],23,pass
tests/test_async_store.py::test_abatch_order[memory],24,pass
tests/test_async_store.py::test_abatch_order[memory],25,pass
tests/test_async_store.py::test_abatch_order[memory],26,pass
tests/test_async_store.py::test_abatch_order[memory],27,pass
tests/test_async_store.py::test_abatch_order[memory],28,pass
tests/test_async_store.py::test_abatch_order[memory],29,pass
tests/test_async_store.py::test_abatch_order[memory],30,pass
tests/test_async_store.py::test_abatch_order[memory],31,pass
tests/test_async_store.py::test_abatch_order[memory],32,pass
tests/test_async_store.py::test_abatch_order[memory],33,pass
tests/test_async_store.py::test_abatch_order[memory],34,pass
tests/test_async_store.py::test_abatch_order[memory],35,pass
tests/test_async_store.py::test_abatch_order[memory],36,pass
tests/test_async_store.py::test_abatch_order[memory],37,pass
tests/test_async_store.py::test_abatch_order[memory],38,pass
tests/test_async_store.py::test_abatch_order[memory],39,pass
tests/test_async_store.py::test_abatch_order[memory],40,pass
tests/test_async_store.py::test_abatch_order[memory],41,pass
tests/test_async_store.py::test_abatch_order[memory],42,pass
tests/test_async_store.py::test_abatch_order[memory],43,pass
tests/test_async_store.py::test_abatch_order[memory],44,pass
tests/test_async_store.py::test_abatch_order[memory],45,pass
tests/test_async_store.py::test_abatch_order[memory],46,pass
tests/test_async_store.py::test_abatch_order[memory],47,pass
tests/test_async_store.py::test_abatch_order[memory],48,pass
tests/test_async_store.py::test_abatch_order[memory],49,pass
tests/test_async_store.py::test_abatch_order[memory],50,pass
tests/test_async_store.py::test_async_namespace_segment_boundary[file],1,pass
tests/test_async_store.py::test_async_namespace_segment_boundary[file],2,pass
tests/test_async_store.py::test_async_namespace_segment_boundary[file],3,pass
tests/test_async_store.py::test_async_namespace_segment_boundary[file],4,pass
tests/test_async_store.py::test_async_namespace_segment_boundary[file],5,pass
tests/test_async_store.py::test_async_namespace_segment_boundary[file],6,pass
tests/test_async_store.py::test_async_namespace_segment_boundary[file],7,pass
tests/test_async_store.py::test_async_namespace_segment_boundary[file],8,pass
tests/test_async_store.py::test_async_namespace_segment_boundary[file],9,pass
tests/test_async_store.py::test_async_namespace_segment_boundary[file],10,pass
tests/test_async_store.py::test_async_namespace_segment_boundary[file],11,pass
tests/test_async_store.py::test_async_namespace_segment_boundary[file],12,pass
tests/test_async_store.py::test_async_namespace_segment_boundary[file],13,pass
tests/test_async_store.py::test_async_namespace_segment_boundary[file],14,pass
tests/test_async_store.py::test_async_namespace_segment_boundary[file],15,pass
tests/test_async_store.py::test_async_namespace_segment_boundary[file],16,pass
tests/test_async_store.py::test_async_namespace_segment_boundary[file],17,pass
tests/test_async_store.py::test_async_namespace_segment_boundary[file],18,pass
tests/test_async_store.py::test_async_namespace_segment_boundary[file],19,pass
tests/test_async_store.py::test_async_namespace_segment_boundary[file],20,pass
tests/test_async_store.py::test_async_namespace_segment_boundary[file],21,pass
tests/test_async_store.py::test_async_namespace_segment_boundary[file],22,pass
tests/test_async_store.py::test_async_namespace_segment_boundary[file],23,pass
tests/test_async_store.py::test_async_namespace_segment_boundary[file],24,pass
tests/test_async_store.py::test_async_namespace_segment_boundary[file],25,pass
tests/test_async_store.py::test_async_namespace_segment_boundary[file],26,pass
tests/test_async_store.py::test_async_namespace_segment_boundary[file],27,pass
tests/test_async_store.py::test_async_namespace_segment_boundary[file],28,pass
tests/test_async_store.py::test_async_namespace_segment_boundary[file],29,pass
tests/test_async_store.py::test_async_namespace_segment_boundary[file],30,pass
tests/test_async_store.py::test_async_namespace_segment_boundary[file],31,pass
tests/test_async_store.py::test_async_namespace_segment_boundary[file],32,pass
tests/test_async_store.py::test_async_namespace_segment_boundary[file],33,pass
tests/test_async_store.py::test_async_namespace_segment_boundary[file],34,pass
tests/test_async_store.py::test_async_namespace_segment_boundary[file],35,pass
tests/test_async_store.py::test_async_namespace_segment_boundary[file],36,pass
tests/test_async_store.py::test_async_namespace_segment_boundary[file],37,pass
tests/test_async_store.py::test_async_namespace_segment_boundary[file],38,pass
tests/test_async_store.py::test_async_namespace_segment_boundary[file],39,pass
tests/test_async_store.py::test_async_namespace_segment_boundary[file],40,pass
tests/test_async_store.py::test_async_namespace_segment_boundary[file],41,pass
tests/test_async_store.py::test_async_namespace_segment_boundary[file],42,pass
tests/test_async_store.py::test_async_namespace_segment_boundary[file],43,pass
tests/test_async_store.py::test_async_namespace_segment_boundary[file],44,pass
tests/test_async_store.py::test_async_namespace_segment_boundary[file],45,pass
tests/test_async_store.py::test_async_namespace_segment_boundary[file],46,pass
tests/test_async_store.py::test_async_namespace_segment_boundary[file],47,pass
tests/test_async_store.py::test_async_namespace_segment_boundary[file],48,pass
tests/test_async_store.py::test_async_namespace_segment_boundary[file],49,pass
tests/test_async_store.py::test_async_namespace_segment_boundary[file],50,pass
tests/test_async_store.py::test_async_namespace_segment_boundary[memory],1,pass
tests/test_async_store.py::test_async_namespace_segment_boundary[memory],2,pass
tests/test_async_store.py::test_async_namespace_segment_boundary[memory],3,pass
tests/test_async_store.py::test_async_namespace_segment_boundary[memory],4,pass
tests/test_async_store.py::test_async_namespace_segment_boundary[memory],5,pass
tests/test_async_store.py::test_async_namespace_segment_boundary[memory],6,pass
tests/test_async_store.py::test_async_namespace_segment_boundary[memory],7,pass
tests/test_async_store.py::test_async_namespace_segment_boundary[memory],8,pass
tests/test_async_store.py::test_async_namespace_segment_boundary[memory],9,pass
tests/test_async_store.py::test_async_namespace_segment_boundary[memory],10,pass
tests/test_async_store.py::test_async_namespace_segment_boundary[memory],11,pass
tests/test_async_store.py::test_async_namespace_segment_boundary[memory],12,pass
tests/test_async_store.py::test_async_namespace_segment_boundary[memory],13,pass
tests/test_async_store.py::test_async_namespace_segment_boundary[memory],14,pass
tests/test_async_store.py::test_async_namespace_segment_boundary[memory],15,pass
tests/test_async_store.py::test_async_namespace_segment_boundary[memory],16,pass
tests/test_async_store.py::test_async_namespace_segment_boundary[memory],17,pass
tests/test_async_store.py::test_async_namespace_segment_boundary[memory],18,pass
tests/test_async_store.py::test_async_namespace_segment_boundary[memory],19,pass
tests/test_async_store.py::test_async_namespace_segment_boundary[memory],20,pass
tests/test_async_store.py::test_async_namespace_segment_boundary[memory],21,pass
tests/test_async_store.py::test_async_namespace_segment_boundary[memory],22,pass
tests/test_async_store.py::test_async_namespace_segment_boundary[memory],23,pass
tests/test_async_store.py::test_async_namespace_segment_boundary[memory],24,pass
tests/test_async_store.py::test_async_namespace_segment_boundary[memory],25,pass
tests/test_async_store.py::test_async_namespace_segment_boundary[memory],26,pass
tests/test_async_store.py::test_async_namespace_segment_boundary[memory],27,pass
tests/test_async_store.py::test_async_namespace_segment_boundary[memory],28,pass
tests/test_async_store.py::test_async_namespace_segment_boundary[memory],29,pass
tests/test_async_store.py::test_async_namespace_segment_boundary[memory],30,pass
tests/test_async_store.py::test_async_namespace_segment_boundary[memory],31,pass
tests/test_async_store.py::test_async_namespace_segment_boundary[memory],32,pass
tests/test_async_store.py::test_async_namespace_segment_boundary[memory],33,pass
tests/test_async_store.py::test_async_namespace_segment_boundary[memory],34,pass
tests/test_async_store.py::test_async_namespace_segment_boundary[memory],35,pass
tests/test_async_store.py::test_async_namespace_segment_boundary[memory],36,pass
tests/test_async_store.py::test_async_namespace_segment_boundary[memory],37,pass
tests/test_async_store.py::test_async_namespace_segment_boundary[memory],38,pass
tests/test_async_store.py::test_async_namespace_segment_boundary[memory],39,pass
tests/test_async_store.py::test_async_namespace_segment_boundary[memory],40,pass
tests/test_async_store.py::test_async_namespace_segment_boundary[memory],41,pass
tests/test_async_store.py::test_async_namespace_segment_boundary[memory],42,pass
tests/test_async_store.py::test_async_namespace_segment_boundary[memory],43,pass
tests/test_async_store.py::test_async_namespace_segment_boundary[memory],44,pass
tests/test_async_store.py::test_async_namespace_segment_boundary[memory],45,pass
tests/test_async_store.py::test_async_namespace_segment_boundary[memory],46,pass
tests/test_async_store.py::test_async_namespace_segment_boundary[memory],47,pass
tests/test_async_store.py::test_async_namespace_segment_boundary[memory],48,pass
tests/test_async_store.py::test_async_namespace_segment_boundary[memory],49,pass
tests/test_async_store.py::test_async_namespace_segment_boundary[memory],50,pass
tests/test_async_store.py::test_basic_store_ops,1,pass
tests/test_async_store.py::test_basic_store_ops,2,pass
tests/test_async_store.py::test_basic_store_ops,3,pass
tests/test_async_store.py::test_basic_store_ops,4,pass
tests/test_async_store.py::test_basic_store_ops,5,pass
tests/test_async_store.py::test_basic_store_ops,6,pass
tests/test_async_store.py::test_basic_store_ops,7,pass
tests/test_async_store.py::test_basic_store_ops,8,pass
tests/test_async_store.py::test_basic_store_ops,9,pass
tests/test_async_store.py::test_basic_store_ops,10,pass
tests/test_async_store.py::test_basic_store_ops,11,pass
tests/test_async_store.py::test_basic_store_ops,12,pass
tests/test_async_store.py::test_basic_store_ops,13,pass
tests/test_async_store.py::test_basic_store_ops,14,pass
tests/test_async_store.py::test_basic_store_ops,15,pass
tests/test_async_store.py::test_basic_store_ops,16,pass
tests/test_async_store.py::test_basic_store_ops,17,pass
tests/test_async_store.py::test_basic_store_ops,18,pass
tests/test_async_store.py::test_basic_store_ops,19,pass
tests/test_async_store.py::test_basic_store_ops,20,pass
tests/test_async_store.py::test_basic_store_ops,21,pass
tests/test_async_store.py::test_basic_store_ops,22,pass
tests/test_async_store.py::test_basic_store_ops,23,pass
tests/test_async_store.py::test_basic_store_ops,24,pass
tests/test_async_store.py::test_basic_store_ops,25,pass
tests/test_async_store.py::test_basic_store_ops,26,pass
tests/test_async_store.py::test_basic_store_ops,27,pass
tests/test_async_store.py::test_basic_store_ops,28,pass
tests/test_async_store.py::test_basic_store_ops,29,pass
tests/test_async_store.py::test_basic_store_ops,30,pass
tests/test_async_store.py::test_basic_store_ops,31,pass
tests/test_async_store.py::test_basic_store_ops,32,pass
tests/test_async_store.py::test_basic_store_ops,33,pass
tests/test_async_store.py::test_basic_store_ops,34,pass
tests/test_async_store.py::test_basic_store_ops,35,pass
tests/test_async_store.py::test_basic_store_ops,36,pass
tests/test_async_store.py::test_basic_store_ops,37,pass
tests/test_async_store.py::test_basic_store_ops,38,pass
tests/test_async_store.py::test_basic_store_ops,39,pass
tests/test_async_store.py::test_basic_store_ops,40,pass
tests/test_async_store.py::test_basic_store_ops,41,pass
tests/test_async_store.py::test_basic_store_ops,42,pass
tests/test_async_store.py::test_basic_store_ops,43,pass
tests/test_async_store.py::test_basic_store_ops,44,pass
tests/test_async_store.py::test_basic_store_ops,45,pass
tests/test_async_store.py::test_basic_store_ops,46,pass
tests/test_async_store.py::test_basic_store_ops,47,pass
tests/test_async_store.py::test_basic_store_ops,48,pass
tests/test_async_store.py::test_basic_store_ops,49,pass
tests/test_async_store.py::test_basic_store_ops,50,pass
tests/test_async_store.py::test_batch_get_ops[file],1,pass
tests/test_async_store.py::test_batch_get_ops[file],2,pass
tests/test_async_store.py::test_batch_get_ops[file],3,pass
tests/test_async_store.py::test_batch_get_ops[file],4,pass
tests/test_async_store.py::test_batch_get_ops[file],5,pass
tests/test_async_store.py::test_batch_get_ops[file],6,pass
tests/test_async_store.py::test_batch_get_ops[file],7,pass
tests/test_async_store.py::test_batch_get_ops[file],8,pass
tests/test_async_store.py::test_batch_get_ops[file],9,pass
tests/test_async_store.py::test_batch_get_ops[file],10,pass
tests/test_async_store.py::test_batch_get_ops[file],11,pass
tests/test_async_store.py::test_batch_get_ops[file],12,pass
tests/test_async_store.py::test_batch_get_ops[file],13,pass
tests/test_async_store.py::test_batch_get_ops[file],14,pass
tests/test_async_store.py::test_batch_get_ops[file],15,pass
tests/test_async_store.py::test_batch_get_ops[file],16,pass
tests/test_async_store.py::test_batch_get_ops[file],17,pass
tests/test_async_store.py::test_batch_get_ops[file],18,pass
tests/test_async_store.py::test_batch_get_ops[file],19,pass
tests/test_async_store.py::test_batch_get_ops[file],20,pass
tests/test_async_store.py::test_batch_get_ops[file],21,pass
tests/test_async_store.py::test_batch_get_ops[file],22,pass
tests/test_async_store.py::test_batch_get_ops[file],23,pass
tests/test_async_store.py::test_batch_get_ops[file],24,pass
tests/test_async_store.py::test_batch_get_ops[file],25,pass
tests/test_async_store.py::test_batch_get_ops[file],26,pass
tests/test_async_store.py::test_batch_get_ops[file],27,pass
tests/test_async_store.py::test_batch_get_ops[file],28,pass
tests/test_async_store.py::test_batch_get_ops[file],29,pass
tests/test_async_store.py::test_batch_get_ops[file],30,pass
tests/test_async_store.py::test_batch_get_ops[file],31,pass
tests/test_async_store.py::test_batch_get_ops[file],32,pass
tests/test_async_store.py::test_batch_get_ops[file],33,pass
tests/test_async_store.py::test_batch_get_ops[file],34,pass
tests/test_async_store.py::test_batch_get_ops[file],35,pass
tests/test_async_store.py::test_batch_get_ops[file],36,pass
tests/test_async_store.py::test_batch_get_ops[file],37,pass
tests/test_async_store.py::test_batch_get_ops[file],38,pass
tests/test_async_store.py::test_batch_get_ops[file],39,pass
tests/test_async_store.py::test_batch_get_ops[file],40,pass
tests/test_async_store.py::test_batch_get_ops[file],41,pass
tests/test_async_store.py::test_batch_get_ops[file],42,pass
tests/test_async_store.py::test_batch_get_ops[file],43,pass
tests/test_async_store.py::test_batch_get_ops[file],44,pass
tests/test_async_store.py::test_batch_get_ops[file],45,pass
tests/test_async_store.py::test_batch_get_ops[file],46,pass
tests/test_async_store.py::test_batch_get_ops[file],47,pass
tests/test_async_store.py::test_batch_get_ops[file],48,pass
tests/test_async_store.py::test_batch_get_ops[file],49,pass
tests/test_async_store.py::test_batch_get_ops[file],50,pass
tests/test_async_store.py::test_batch_get_ops[memory],1,pass
tests/test_async_store.py::test_batch_get_ops[memory],2,pass
tests/test_async_store.py::test_batch_get_ops[memory],3,pass
tests/test_async_store.py::test_batch_get_ops[memory],4,pass
tests/test_async_store.py::test_batch_get_ops[memory],5,pass
tests/test_async_store.py::test_batch_get_ops[memory],6,pass
tests/test_async_store.py::test_batch_get_ops[memory],7,pass
tests/test_async_store.py::test_batch_get_ops[memory],8,pass
tests/test_async_store.py::test_batch_get_ops[memory],9,pass
tests/test_async_store.py::test_batch_get_ops[memory],10,pass
tests/test_async_store.py::test_batch_get_ops[memory],11,pass
tests/test_async_store.py::test_batch_get_ops[memory],12,pass
tests/test_async_store.py::test_batch_get_ops[memory],13,pass
tests/test_async_store.py::test_batch_get_ops[memory],14,pass
tests/test_async_store.py::test_batch_get_ops[memory],15,pass
tests/test_async_store.py::test_batch_get_ops[memory],16,pass
tests/test_async_store.py::test_batch_get_ops[memory],17,pass
tests/test_async_store.py::test_batch_get_ops[memory],18,pass
tests/test_async_store.py::test_batch_get_ops[memory],19,pass
tests/test_async_store.py::test_batch_get_ops[memory],20,pass
tests/test_async_store.py::test_batch_get_ops[memory],21,pass
tests/test_async_store.py::test_batch_get_ops[memory],22,pass
tests/test_async_store.py::test_batch_get_ops[memory],23,pass
tests/test_async_store.py::test_batch_get_ops[memory],24,pass
tests/test_async_store.py::test_batch_get_ops[memory],25,pass
tests/test_async_store.py::test_batch_get_ops[memory],26,pass
tests/test_async_store.py::test_batch_get_ops[memory],27,pass
tests/test_async_store.py::test_batch_get_ops[memory],28,pass
tests/test_async_store.py::test_batch_get_ops[memory],29,pass
tests/test_async_store.py::test_batch_get_ops[memory],30,pass
tests/test_async_store.py::test_batch_get_ops[memory],31,pass
tests/test_async_store.py::test_batch_get_ops[memory],32,pass
tests/test_async_store.py::test_batch_get_ops[memory],33,pass
tests/test_async_store.py::test_batch_get_ops[memory],34,pass
tests/test_async_store.py::test_batch_get_ops[memory],35,pass
tests/test_async_store.py::test_batch_get_ops[memory],36,pass
tests/test_async_store.py::test_batch_get_ops[memory],37,pass
tests/test_async_store.py::test_batch_get_ops[memory],38,pass
tests/test_async_store.py::test_batch_get_ops[memory],39,pass
tests/test_async_store.py::test_batch_get_ops[memory],40,pass
tests/test_async_store.py::test_batch_get_ops[memory],41,pass
tests/test_async_store.py::test_batch_get_ops[memory],42,pass
tests/test_async_store.py::test_batch_get_ops[memory],43,pass
tests/test_async_store.py::test_batch_get_ops[memory],44,pass
tests/test_async_store.py::test_batch_get_ops[memory],45,pass
tests/test_async_store.py::test_batch_get_ops[memory],46,pass
tests/test_async_store.py::test_batch_get_ops[memory],47,pass
tests/test_async_store.py::test_batch_get_ops[memory],48,pass
tests/test_async_store.py::test_batch_get_ops[memory],49,pass
tests/test_async_store.py::test_batch_get_ops[memory],50,pass
tests/test_async_store.py::test_batch_list_namespaces_ops[file],1,pass
tests/test_async_store.py::test_batch_list_namespaces_ops[file],2,pass
tests/test_async_store.py::test_batch_list_namespaces_ops[file],3,pass
tests/test_async_store.py::test_batch_list_namespaces_ops[file],4,pass
tests/test_async_store.py::test_batch_list_namespaces_ops[file],5,pass
tests/test_async_store.py::test_batch_list_namespaces_ops[file],6,pass
tests/test_async_store.py::test_batch_list_namespaces_ops[file],7,pass
tests/test_async_store.py::test_batch_list_namespaces_ops[file],8,pass
tests/test_async_store.py::test_batch_list_namespaces_ops[file],9,pass
tests/test_async_store.py::test_batch_list_namespaces_ops[file],10,pass
tests/test_async_store.py::test_batch_list_namespaces_ops[file],11,pass
tests/test_async_store.py::test_batch_list_namespaces_ops[file],12,pass
tests/test_async_store.py::test_batch_list_namespaces_ops[file],13,pass
tests/test_async_store.py::test_batch_list_namespaces_ops[file],14,pass
tests/test_async_store.py::test_batch_list_namespaces_ops[file],15,pass
tests/test_async_store.py::test_batch_list_namespaces_ops[file],16,pass
tests/test_async_store.py::test_batch_list_namespaces_ops[file],17,pass
tests/test_async_store.py::test_batch_list_namespaces_ops[file],18,pass
tests/test_async_store.py::test_batch_list_namespaces_ops[file],19,pass
tests/test_async_store.py::test_batch_list_namespaces_ops[file],20,pass
tests/test_async_store.py::test_batch_list_namespaces_ops[file],21,pass
tests/test_async_store.py::test_batch_list_namespaces_ops[file],22,pass
tests/test_async_store.py::test_batch_list_namespaces_ops[file],23,pass
tests/test_async_store.py::test_batch_list_namespaces_ops[file],24,pass
tests/test_async_store.py::test_batch_list_namespaces_ops[file],25,pass
tests/test_async_store.py::test_batch_list_namespaces_ops[file],26,pass
tests/test_async_store.py::test_batch_list_namespaces_ops[file],27,pass
tests/test_async_store.py::test_batch_list_namespaces_ops[file],28,pass
tests/test_async_store.py::test_batch_list_namespaces_ops[file],29,pass
tests/test_async_store.py::test_batch_list_namespaces_ops[file],30,pass
tests/test_async_store.py::test_batch_list_namespaces_ops[file],31,pass
tests/test_async_store.py::test_batch_list_namespaces_ops[file],32,pass
tests/test_async_store.py::test_batch_list_namespaces_ops[file],33,pass
tests/test_async_store.py::test_batch_list_namespaces_ops[file],34,pass
tests/test_async_store.py::test_batch_list_namespaces_ops[file],35,pass
tests/test_async_store.py::test_batch_list_namespaces_ops[file],36,pass
tests/test_async_store.py::test_batch_list_namespaces_ops[file],37,pass
tests/test_async_store.py::test_batch_list_namespaces_ops[file],38,pass
tests/test_async_store.py::test_batch_list_namespaces_ops[file],39,pass
tests/test_async_store.py::test_batch_list_namespaces_ops[file],40,pass
tests/test_async_store.py::test_batch_list_namespaces_ops[file],41,pass
tests/test_async_store.py::test_batch_list_namespaces_ops[file],42,pass
tests/test_async_store.py::test_batch_list_namespaces_ops[file],43,pass
tests/test_async_store.py::test_batch_list_namespaces_ops[file],44,pass
tests/test_async_store.py::test_batch_list_namespaces_ops[file],45,pass
tests/test_async_store.py::test_batch_list_namespaces_ops[file],46,pass
tests/test_async_store.py::test_batch_list_namespaces_ops[file],47,pass
tests/test_async_store.py::test_batch_list_namespaces_ops[file],48,pass
tests/test_async_store.py::test_batch_list_namespaces_ops[file],49,pass
tests/test_async_store.py::test_batch_list_namespaces_ops[file],50,pass
tests/test_async_store.py::test_batch_list_namespaces_ops[memory],1,pass
tests/test_async_store.py::test_batch_list_namespaces_ops[memory],2,pass
tests/test_async_store.py::test_batch_list_namespaces_ops[memory],3,pass
tests/test_async_store.py::test_batch_list_namespaces_ops[memory],4,pass
tests/test_async_store.py::test_batch_list_namespaces_ops[memory],5,pass
tests/test_async_store.py::test_batch_list_namespaces_ops[memory],6,pass
tests/test_async_store.py::test_batch_list_namespaces_ops[memory],7,pass
tests/test_async_store.py::test_batch_list_namespaces_ops[memory],8,pass
tests/test_async_store.py::test_batch_list_namespaces_ops[memory],9,pass
tests/test_async_store.py::test_batch_list_namespaces_ops[memory],10,pass
tests/test_async_store.py::test_batch_list_namespaces_ops[memory],11,pass
tests/test_async_store.py::test_batch_list_namespaces_ops[memory],12,pass
tests/test_async_store.py::test_batch_list_namespaces_ops[memory],13,pass
tests/test_async_store.py::test_batch_list_namespaces_ops[memory],14,pass
tests/test_async_store.py::test_batch_list_namespaces_ops[memory],15,pass
tests/test_async_store.py::test_batch_list_namespaces_ops[memory],16,pass
tests/test_async_store.py::test_batch_list_namespaces_ops[memory],17,pass
tests/test_async_store.py::test_batch_list_namespaces_ops[memory],18,pass
tests/test_async_store.py::test_batch_list_namespaces_ops[memory],19,pass
tests/test_async_store.py::test_batch_list_namespaces_ops[memory],20,pass
tests/test_async_store.py::test_batch_list_namespaces_ops[memory],21,pass
tests/test_async_store.py::test_batch_list_namespaces_ops[memory],22,pass
tests/test_async_store.py::test_batch_list_namespaces_ops[memory],23,pass
tests/test_async_store.py::test_batch_list_namespaces_ops[memory],24,pass
tests/test_async_store.py::test_batch_list_namespaces_ops[memory],25,pass
tests/test_async_store.py::test_batch_list_namespaces_ops[memory],26,pass
tests/test_async_store.py::test_batch_list_namespaces_ops[memory],27,pass
tests/test_async_store.py::test_batch_list_namespaces_ops[memory],28,pass
tests/test_async_store.py::test_batch_list_namespaces_ops[memory],29,pass
tests/test_async_store.py::test_batch_list_namespaces_ops[memory],30,pass
tests/test_async_store.py::test_batch_list_namespaces_ops[memory],31,pass
tests/test_async_store.py::test_batch_list_namespaces_ops[memory],32,pass
tests/test_async_store.py::test_batch_list_namespaces_ops[memory],33,pass
tests/test_async_store.py::test_batch_list_namespaces_ops[memory],34,pass
tests/test_async_store.py::test_batch_list_namespaces_ops[memory],35,pass
tests/test_async_store.py::test_batch_list_namespaces_ops[memory],36,pass
tests/test_async_store.py::test_batch_list_namespaces_ops[memory],37,pass
tests/test_async_store.py::test_batch_list_namespaces_ops[memory],38,pass
tests/test_async_store.py::test_batch_list_namespaces_ops[memory],39,pass
tests/test_async_store.py::test_batch_list_namespaces_ops[memory],40,pass
tests/test_async_store.py::test_batch_list_namespaces_ops[memory],41,pass
tests/test_async_store.py::test_batch_list_namespaces_ops[memory],42,pass
tests/test_async_store.py::test_batch_list_namespaces_ops[memory],43,pass
tests/test_async_store.py::test_batch_list_namespaces_ops[memory],44,pass
tests/test_async_store.py::test_batch_list_namespaces_ops[memory],45,pass
tests/test_async_store.py::test_batch_list_namespaces_ops[memory],46,pass
tests/test_async_store.py::test_batch_list_namespaces_ops[memory],47,pass
tests/test_async_store.py::test_batch_list_namespaces_ops[memory],48,pass
tests/test_async_store.py::test_batch_list_namespaces_ops[memory],49,pass
tests/test_async_store.py::test_batch_list_namespaces_ops[memory],50,pass
tests/test_async_store.py::test_batch_put_ops[file],1,pass
tests/test_async_store.py::test_batch_put_ops[file],2,pass
tests/test_async_store.py::test_batch_put_ops[file],3,pass
tests/test_async_store.py::test_batch_put_ops[file],4,pass
tests/test_async_store.py::test_batch_put_ops[file],5,pass
tests/test_async_store.py::test_batch_put_ops[file],6,pass
tests/test_async_store.py::test_batch_put_ops[file],7,pass
tests/test_async_store.py::test_batch_put_ops[file],8,pass
tests/test_async_store.py::test_batch_put_ops[file],9,pass
tests/test_async_store.py::test_batch_put_ops[file],10,pass
tests/test_async_store.py::test_batch_put_ops[file],11,pass
tests/test_async_store.py::test_batch_put_ops[file],12,pass
tests/test_async_store.py::test_batch_put_ops[file],13,pass
tests/test_async_store.py::test_batch_put_ops[file],14,pass
tests/test_async_store.py::test_batch_put_ops[file],15,pass
tests/test_async_store.py::test_batch_put_ops[file],16,pass
tests/test_async_store.py::test_batch_put_ops[file],17,pass
tests/test_async_store.py::test_batch_put_ops[file],18,pass
tests/test_async_store.py::test_batch_put_ops[file],19,pass
tests/test_async_store.py::test_batch_put_ops[file],20,pass
tests/test_async_store.py::test_batch_put_ops[file],21,pass
tests/test_async_store.py::test_batch_put_ops[file],22,pass
tests/test_async_store.py::test_batch_put_ops[file],23,pass
tests/test_async_store.py::test_batch_put_ops[file],24,pass
tests/test_async_store.py::test_batch_put_ops[file],25,pass
tests/test_async_store.py::test_batch_put_ops[file],26,pass
tests/test_async_store.py::test_batch_put_ops[file],27,pass
tests/test_async_store.py::test_batch_put_ops[file],28,pass
tests/test_async_store.py::test_batch_put_ops[file],29,pass
tests/test_async_store.py::test_batch_put_ops[file],30,pass
tests/test_async_store.py::test_batch_put_ops[file],31,pass
tests/test_async_store.py::test_batch_put_ops[file],32,pass
tests/test_async_store.py::test_batch_put_ops[file],33,pass
tests/test_async_store.py::test_batch_put_ops[file],34,pass
tests/test_async_store.py::test_batch_put_ops[file],35,pass
tests/test_async_store.py::test_batch_put_ops[file],36,pass
tests/test_async_store.py::test_batch_put_ops[file],37,pass
tests/test_async_store.py::test_batch_put_ops[file],38,pass
tests/test_async_store.py::test_batch_put_ops[file],39,pass
tests/test_async_store.py::test_batch_put_ops[file],40,pass
tests/test_async_store.py::test_batch_put_ops[file],41,pass
tests/test_async_store.py::test_batch_put_ops[file],42,pass
tests/test_async_store.py::test_batch_put_ops[file],43,pass
tests/test_async_store.py::test_batch_put_ops[file],44,pass
tests/test_async_store.py::test_batch_put_ops[file],45,pass
tests/test_async_store.py::test_batch_put_ops[file],46,pass
tests/test_async_store.py::test_batch_put_ops[file],47,pass
tests/test_async_store.py::test_batch_put_ops[file],48,pass
tests/test_async_store.py::test_batch_put_ops[file],49,pass
tests/test_async_store.py::test_batch_put_ops[file],50,pass
tests/test_async_store.py::test_batch_put_ops[memory],1,pass
tests/test_async_store.py::test_batch_put_ops[memory],2,pass
tests/test_async_store.py::test_batch_put_ops[memory],3,pass
tests/test_async_store.py::test_batch_put_ops[memory],4,pass
tests/test_async_store.py::test_batch_put_ops[memory],5,pass
tests/test_async_store.py::test_batch_put_ops[memory],6,pass
tests/test_async_store.py::test_batch_put_ops[memory],7,pass
tests/test_async_store.py::test_batch_put_ops[memory],8,pass
tests/test_async_store.py::test_batch_put_ops[memory],9,pass
tests/test_async_store.py::test_batch_put_ops[memory],10,pass
tests/test_async_store.py::test_batch_put_ops[memory],11,pass
tests/test_async_store.py::test_batch_put_ops[memory],12,pass
tests/test_async_store.py::test_batch_put_ops[memory],13,pass
tests/test_async_store.py::test_batch_put_ops[memory],14,pass
tests/test_async_store.py::test_batch_put_ops[memory],15,pass
tests/test_async_store.py::test_batch_put_ops[memory],16,pass
tests/test_async_store.py::test_batch_put_ops[memory],17,pass
tests/test_async_store.py::test_batch_put_ops[memory],18,pass
tests/test_async_store.py::test_batch_put_ops[memory],19,pass
tests/test_async_store.py::test_batch_put_ops[memory],20,pass
tests/test_async_store.py::test_batch_put_ops[memory],21,pass
tests/test_async_store.py::test_batch_put_ops[memory],22,pass
tests/test_async_store.py::test_batch_put_ops[memory],23,pass
tests/test_async_store.py::test_batch_put_ops[memory],24,pass
tests/test_async_store.py::test_batch_put_ops[memory],25,pass
tests/test_async_store.py::test_batch_put_ops[memory],26,pass
tests/test_async_store.py::test_batch_put_ops[memory],27,pass
tests/test_async_store.py::test_batch_put_ops[memory],28,pass
tests/test_async_store.py::test_batch_put_ops[memory],29,pass
tests/test_async_store.py::test_batch_put_ops[memory],30,pass
tests/test_async_store.py::test_batch_put_ops[memory],31,pass
tests/test_async_store.py::test_batch_put_ops[memory],32,pass
tests/test_async_store.py::test_batch_put_ops[memory],33,pass
tests/test_async_store.py::test_batch_put_ops[memory],34,pass
tests/test_async_store.py::test_batch_put_ops[memory],35,pass
tests/test_async_store.py::test_batch_put_ops[memory],36,pass
tests/test_async_store.py::test_batch_put_ops[memory],37,pass
tests/test_async_store.py::test_batch_put_ops[memory],38,pass
tests/test_async_store.py::test_batch_put_ops[memory],39,pass
tests/test_async_store.py::test_batch_put_ops[memory],40,pass
tests/test_async_store.py::test_batch_put_ops[memory],41,pass
tests/test_async_store.py::test_batch_put_ops[memory],42,pass
tests/test_async_store.py::test_batch_put_ops[memory],43,pass
tests/test_async_store.py::test_batch_put_ops[memory],44,pass
tests/test_async_store.py::test_batch_put_ops[memory],45,pass
tests/test_async_store.py::test_batch_put_ops[memory],46,pass
tests/test_async_store.py::test_batch_put_ops[memory],47,pass
tests/test_async_store.py::test_batch_put_ops[memory],48,pass
tests/test_async_store.py::test_batch_put_ops[memory],49,pass
tests/test_async_store.py::test_batch_put_ops[memory],50,pass
tests/test_async_store.py::test_batch_search_ops[file],1,pass
tests/test_async_store.py::test_batch_search_ops[file],2,pass
tests/test_async_store.py::test_batch_search_ops[file],3,pass
tests/test_async_store.py::test_batch_search_ops[file],4,pass
tests/test_async_store.py::test_batch_search_ops[file],5,pass
tests/test_async_store.py::test_batch_search_ops[file],6,pass
tests/test_async_store.py::test_batch_search_ops[file],7,pass
tests/test_async_store.py::test_batch_search_ops[file],8,pass
tests/test_async_store.py::test_batch_search_ops[file],9,pass
tests/test_async_store.py::test_batch_search_ops[file],10,pass
tests/test_async_store.py::test_batch_search_ops[file],11,pass
tests/test_async_store.py::test_batch_search_ops[file],12,pass
tests/test_async_store.py::test_batch_search_ops[file],13,pass
tests/test_async_store.py::test_batch_search_ops[file],14,pass
tests/test_async_store.py::test_batch_search_ops[file],15,pass
tests/test_async_store.py::test_batch_search_ops[file],16,pass
tests/test_async_store.py::test_batch_search_ops[file],17,pass
tests/test_async_store.py::test_batch_search_ops[file],18,pass
tests/test_async_store.py::test_batch_search_ops[file],19,pass
tests/test_async_store.py::test_batch_search_ops[file],20,pass
tests/test_async_store.py::test_batch_search_ops[file],21,pass
tests/test_async_store.py::test_batch_search_ops[file],22,pass
tests/test_async_store.py::test_batch_search_ops[file],23,pass
tests/test_async_store.py::test_batch_search_ops[file],24,pass
tests/test_async_store.py::test_batch_search_ops[file],25,pass
tests/test_async_store.py::test_batch_search_ops[file],26,pass
tests/test_async_store.py::test_batch_search_ops[file],27,pass
tests/test_async_store.py::test_batch_search_ops[file],28,pass
tests/test_async_store.py::test_batch_search_ops[file],29,pass
tests/test_async_store.py::test_batch_search_ops[file],30,pass
tests/test_async_store.py::test_batch_search_ops[file],31,pass
tests/test_async_store.py::test_batch_search_ops[file],32,pass
tests/test_async_store.py::test_batch_search_ops[file],33,pass
tests/test_async_store.py::test_batch_search_ops[file],34,pass
tests/test_async_store.py::test_batch_search_ops[file],35,pass
tests/test_async_store.py::test_batch_search_ops[file],36,pass
tests/test_async_store.py::test_batch_search_ops[file],37,pass
tests/test_async_store.py::test_batch_search_ops[file],38,pass
tests/test_async_store.py::test_batch_search_ops[file],39,pass
tests/test_async_store.py::test_batch_search_ops[file],40,pass
tests/test_async_store.py::test_batch_search_ops[file],41,pass
tests/test_async_store.py::test_batch_search_ops[file],42,pass
tests/test_async_store.py::test_batch_search_ops[file],43,pass
tests/test_async_store.py::test_batch_search_ops[file],44,pass
tests/test_async_store.py::test_batch_search_ops[file],45,pass
tests/test_async_store.py::test_batch_search_ops[file],46,pass
tests/test_async_store.py::test_batch_search_ops[file],47,pass
tests/test_async_store.py::test_batch_search_ops[file],48,pass
tests/test_async_store.py::test_batch_search_ops[file],49,pass
tests/test_async_store.py::test_batch_search_ops[file],50,pass
tests/test_async_store.py::test_batch_search_ops[memory],1,pass
tests/test_async_store.py::test_batch_search_ops[memory],2,pass
tests/test_async_store.py::test_batch_search_ops[memory],3,pass
tests/test_async_store.py::test_batch_search_ops[memory],4,pass
tests/test_async_store.py::test_batch_search_ops[memory],5,pass
tests/test_async_store.py::test_batch_search_ops[memory],6,pass
tests/test_async_store.py::test_batch_search_ops[memory],7,pass
tests/test_async_store.py::test_batch_search_ops[memory],8,pass
tests/test_async_store.py::test_batch_search_ops[memory],9,pass
tests/test_async_store.py::test_batch_search_ops[memory],10,pass
tests/test_async_store.py::test_batch_search_ops[memory],11,pass
tests/test_async_store.py::test_batch_search_ops[memory],12,pass
tests/test_async_store.py::test_batch_search_ops[memory],13,pass
tests/test_async_store.py::test_batch_search_ops[memory],14,pass
tests/test_async_store.py::test_batch_search_ops[memory],15,pass
tests/test_async_store.py::test_batch_search_ops[memory],16,pass
tests/test_async_store.py::test_batch_search_ops[memory],17,pass
tests/test_async_store.py::test_batch_search_ops[memory],18,pass
tests/test_async_store.py::test_batch_search_ops[memory],19,pass
tests/test_async_store.py::test_batch_search_ops[memory],20,pass
tests/test_async_store.py::test_batch_search_ops[memory],21,pass
tests/test_async_store.py::test_batch_search_ops[memory],22,pass
tests/test_async_store.py::test_batch_search_ops[memory],23,pass
tests/test_async_store.py::test_batch_search_ops[memory],24,pass
tests/test_async_store.py::test_batch_search_ops[memory],25,pass
tests/test_async_store.py::test_batch_search_ops[memory],26,pass
tests/test_async_store.py::test_batch_search_ops[memory],27,pass
tests/test_async_store.py::test_batch_search_ops[memory],28,pass
tests/test_async_store.py::test_batch_search_ops[memory],29,pass
tests/test_async_store.py::test_batch_search_ops[memory],30,pass
tests/test_async_store.py::test_batch_search_ops[memory],31,pass
tests/test_async_store.py::test_batch_search_ops[memory],32,pass
tests/test_async_store.py::test_batch_search_ops[memory],33,pass
tests/test_async_store.py::test_batch_search_ops[memory],34,pass
tests/test_async_store.py::test_batch_search_ops[memory],35,pass
tests/test_async_store.py::test_batch_search_ops[memory],36,pass
tests/test_async_store.py::test_batch_search_ops[memory],37,pass
tests/test_async_store.py::test_batch_search_ops[memory],38,pass
tests/test_async_store.py::test_batch_search_ops[memory],39,pass
tests/test_async_store.py::test_batch_search_ops[memory],40,pass
tests/test_async_store.py::test_batch_search_ops[memory],41,pass
tests/test_async_store.py::test_batch_search_ops[memory],42,pass
tests/test_async_store.py::test_batch_search_ops[memory],43,pass
tests/test_async_store.py::test_batch_search_ops[memory],44,pass
tests/test_async_store.py::test_batch_search_ops[memory],45,pass
tests/test_async_store.py::test_batch_search_ops[memory],46,pass
tests/test_async_store.py::test_batch_search_ops[memory],47,pass
tests/test_async_store.py::test_batch_search_ops[memory],48,pass
tests/test_async_store.py::test_batch_search_ops[memory],49,pass
tests/test_async_store.py::test_batch_search_ops[memory],50,pass
tests/test_async_store.py::test_embed_with_path,1,pass
tests/test_async_store.py::test_embed_with_path,2,pass
tests/test_async_store.py::test_embed_with_path,3,pass
tests/test_async_store.py::test_embed_with_path,4,pass
tests/test_async_store.py::test_embed_with_path,5,pass
tests/test_async_store.py::test_embed_with_path,6,pass
tests/test_async_store.py::test_embed_with_path,7,pass
tests/test_async_store.py::test_embed_with_path,8,pass
tests/test_async_store.py::test_embed_with_path,9,pass
tests/test_async_store.py::test_embed_with_path,10,pass
tests/test_async_store.py::test_embed_with_path,11,pass
tests/test_async_store.py::test_embed_with_path,12,pass
tests/test_async_store.py::test_embed_with_path,13,pass
tests/test_async_store.py::test_embed_with_path,14,pass
tests/test_async_store.py::test_embed_with_path,15,pass
tests/test_async_store.py::test_embed_with_path,16,pass
tests/test_async_store.py::test_embed_with_path,17,pass
tests/test_async_store.py::test_embed_with_path,18,pass
tests/test_async_store.py::test_embed_with_path,19,pass
tests/test_async_store.py::test_embed_with_path,20,pass
tests/test_async_store.py::test_embed_with_path,21,pass
tests/test_async_store.py::test_embed_with_path,22,pass
tests/test_async_store.py::test_embed_with_path,23,pass
tests/test_async_store.py::test_embed_with_path,24,pass
tests/test_async_store.py::test_embed_with_path,25,pass
tests/test_async_store.py::test_embed_with_path,26,pass
tests/test_async_store.py::test_embed_with_path,27,pass
tests/test_async_store.py::test_embed_with_path,28,pass
tests/test_async_store.py::test_embed_with_path,29,pass
tests/test_async_store.py::test_embed_with_path,30,pass
tests/test_async_store.py::test_embed_with_path,31,pass
tests/test_async_store.py::test_embed_with_path,32,pass
tests/test_async_store.py::test_embed_with_path,33,pass
tests/test_async_store.py::test_embed_with_path,34,pass
tests/test_async_store.py::test_embed_with_path,35,pass
tests/test_async_store.py::test_embed_with_path,36,pass
tests/test_async_store.py::test_embed_with_path,37,pass
tests/test_async_store.py::test_embed_with_path,38,pass
tests/test_async_store.py::test_embed_with_path,39,pass
tests/test_async_store.py::test_embed_with_path,40,pass
tests/test_async_store.py::test_embed_with_path,41,pass
tests/test_async_store.py::test_embed_with_path,42,pass
tests/test_async_store.py::test_embed_with_path,43,pass
tests/test_async_store.py::test_embed_with_path,44,pass
tests/test_async_store.py::test_embed_with_path,45,pass
tests/test_async_store.py::test_embed_with_path,46,pass
tests/test_async_store.py::test_embed_with_path,47,pass
tests/test_async_store.py::test_embed_with_path,48,pass
tests/test_async_store.py::test_embed_with_path,49,pass
tests/test_async_store.py::test_embed_with_path,50,pass
tests/test_async_store.py::test_large_batches_async[file],1,pass
tests/test_async_store.py::test_large_batches_async[file],2,pass
tests/test_async_store.py::test_large_batches_async[file],3,pass
tests/test_async_store.py::test_large_batches_async[file],4,pass
tests/test_async_store.py::test_large_batches_async[file],5,pass
tests/test_async_store.py::test_large_batches_async[file],6,pass
tests/test_async_store.py::test_large_batches_async[file],7,pass
tests/test_async_store.py::test_large_batches_async[file],8,pass
tests/test_async_store.py::test_large_batches_async[file],9,pass
tests/test_async_store.py::test_large_batches_async[file],10,pass
tests/test_async_store.py::test_large_batches_async[file],11,pass
tests/test_async_store.py::test_large_batches_async[file],12,pass
tests/test_async_store.py::test_large_batches_async[file],13,pass
tests/test_async_store.py::test_large_batches_async[file],14,pass
tests/test_async_store.py::test_large_batches_async[file],15,pass
tests/test_async_store.py::test_large_batches_async[file],16,pass
tests/test_async_store.py::test_large_batches_async[file],17,pass
tests/test_async_store.py::test_large_batches_async[file],18,pass
tests/test_async_store.py::test_large_batches_async[file],19,pass
tests/test_async_store.py::test_large_batches_async[file],20,pass
tests/test_async_store.py::test_large_batches_async[file],21,pass
tests/test_async_store.py::test_large_batches_async[file],22,pass
tests/test_async_store.py::test_large_batches_async[file],23,pass
tests/test_async_store.py::test_large_batches_async[file],24,pass
tests/test_async_store.py::test_large_batches_async[file],25,pass
tests/test_async_store.py::test_large_batches_async[file],26,pass
tests/test_async_store.py::test_large_batches_async[file],27,pass
tests/test_async_store.py::test_large_batches_async[file],28,pass
tests/test_async_store.py::test_large_batches_async[file],29,pass
tests/test_async_store.py::test_large_batches_async[file],30,pass
tests/test_async_store.py::test_large_batches_async[file],31,pass
tests/test_async_store.py::test_large_batches_async[file],32,pass
tests/test_async_store.py::test_large_batches_async[file],33,pass
tests/test_async_store.py::test_large_batches_async[file],34,pass
tests/test_async_store.py::test_large_batches_async[file],35,pass
tests/test_async_store.py::test_large_batches_async[file],36,pass
tests/test_async_store.py::test_large_batches_async[file],37,pass
tests/test_async_store.py::test_large_batches_async[file],38,pass
tests/test_async_store.py::test_large_batches_async[file],39,pass
tests/test_async_store.py::test_large_batches_async[file],40,pass
tests/test_async_store.py::test_large_batches_async[file],41,pass
tests/test_async_store.py::test_large_batches_async[file],42,pass
tests/test_async_store.py::test_large_batches_async[file],43,pass
tests/test_async_store.py::test_large_batches_async[file],44,pass
tests/test_async_store.py::test_large_batches_async[file],45,pass
tests/test_async_store.py::test_large_batches_async[file],46,pass
tests/test_async_store.py::test_large_batches_async[file],47,pass
tests/test_async_store.py::test_large_batches_async[file],48,pass
tests/test_async_store.py::test_large_batches_async[file],49,pass
tests/test_async_store.py::test_large_batches_async[file],50,pass
tests/test_async_store.py::test_large_batches_async[memory],1,pass
tests/test_async_store.py::test_large_batches_async[memory],2,pass
tests/test_async_store.py::test_large_batches_async[memory],3,pass
tests/test_async_store.py::test_large_batches_async[memory],4,pass
tests/test_async_store.py::test_large_batches_async[memory],5,pass
tests/test_async_store.py::test_large_batches_async[memory],6,pass
tests/test_async_store.py::test_large_batches_async[memory],7,pass
tests/test_async_store.py::test_large_batches_async[memory],8,pass
tests/test_async_store.py::test_large_batches_async[memory],9,pass
tests/test_async_store.py::test_large_batches_async[memory],10,pass
tests/test_async_store.py::test_large_batches_async[memory],11,pass
tests/test_async_store.py::test_large_batches_async[memory],12,pass
tests/test_async_store.py::test_large_batches_async[memory],13,pass
tests/test_async_store.py::test_large_batches_async[memory],14,pass
tests/test_async_store.py::test_large_batches_async[memory],15,pass
tests/test_async_store.py::test_large_batches_async[memory],16,pass
tests/test_async_store.py::test_large_batches_async[memory],17,pass
tests/test_async_store.py::test_large_batches_async[memory],18,pass
tests/test_async_store.py::test_large_batches_async[memory],19,pass
tests/test_async_store.py::test_large_batches_async[memory],20,pass
tests/test_async_store.py::test_large_batches_async[memory],21,pass
tests/test_async_store.py::test_large_batches_async[memory],22,pass
tests/test_async_store.py::test_large_batches_async[memory],23,pass
tests/test_async_store.py::test_large_batches_async[memory],24,pass
tests/test_async_store.py::test_large_batches_async[memory],25,pass
tests/test_async_store.py::test_large_batches_async[memory],26,pass
tests/test_async_store.py::test_large_batches_async[memory],27,pass
tests/test_async_store.py::test_large_batches_async[memory],28,pass
tests/test_async_store.py::test_large_batches_async[memory],29,pass
tests/test_async_store.py::test_large_batches_async[memory],30,pass
tests/test_async_store.py::test_large_batches_async[memory],31,pass
tests/test_async_store.py::test_large_batches_async[memory],32,pass
tests/test_async_store.py::test_large_batches_async[memory],33,pass
tests/test_async_store.py::test_large_batches_async[memory],34,pass
tests/test_async_store.py::test_large_batches_async[memory],35,pass
tests/test_async_store.py::test_large_batches_async[memory],36,pass
tests/test_async_store.py::test_large_batches_async[memory],37,pass
tests/test_async_store.py::test_large_batches_async[memory],38,pass
tests/test_async_store.py::test_large_batches_async[memory],39,pass
tests/test_async_store.py::test_large_batches_async[memory],40,pass
tests/test_async_store.py::test_large_batches_async[memory],41,pass
tests/test_async_store.py::test_large_batches_async[memory],42,pass
tests/test_async_store.py::test_large_batches_async[memory],43,pass
tests/test_async_store.py::test_large_batches_async[memory],44,pass
tests/test_async_store.py::test_large_batches_async[memory],45,pass
tests/test_async_store.py::test_large_batches_async[memory],46,pass
tests/test_async_store.py::test_large_batches_async[memory],47,pass
tests/test_async_store.py::test_large_batches_async[memory],48,pass
tests/test_async_store.py::test_large_batches_async[memory],49,pass
tests/test_async_store.py::test_large_batches_async[memory],50,pass
tests/test_async_store.py::test_list_namespaces,1,pass
tests/test_async_store.py::test_list_namespaces,2,pass
tests/test_async_store.py::test_list_namespaces,3,pass
tests/test_async_store.py::test_list_namespaces,4,pass
tests/test_async_store.py::test_list_namespaces,5,pass
tests/test_async_store.py::test_list_namespaces,6,pass
tests/test_async_store.py::test_list_namespaces,7,pass
tests/test_async_store.py::test_list_namespaces,8,pass
tests/test_async_store.py::test_list_namespaces,9,pass
tests/test_async_store.py::test_list_namespaces,10,pass
tests/test_async_store.py::test_list_namespaces,11,pass
tests/test_async_store.py::test_list_namespaces,12,pass
tests/test_async_store.py::test_list_namespaces,13,pass
tests/test_async_store.py::test_list_namespaces,14,pass
tests/test_async_store.py::test_list_namespaces,15,pass
tests/test_async_store.py::test_list_namespaces,16,pass
tests/test_async_store.py::test_list_namespaces,17,pass
tests/test_async_store.py::test_list_namespaces,18,pass
tests/test_async_store.py::test_list_namespaces,19,pass
tests/test_async_store.py::test_list_namespaces,20,pass
tests/test_async_store.py::test_list_namespaces,21,pass
tests/test_async_store.py::test_list_namespaces,22,pass
tests/test_async_store.py::test_list_namespaces,23,pass
tests/test_async_store.py::test_list_namespaces,24,pass
tests/test_async_store.py::test_list_namespaces,25,pass
tests/test_async_store.py::test_list_namespaces,26,pass
tests/test_async_store.py::test_list_namespaces,27,pass
tests/test_async_store.py::test_list_namespaces,28,pass
tests/test_async_store.py::test_list_namespaces,29,pass
tests/test_async_store.py::test_list_namespaces,30,pass
tests/test_async_store.py::test_list_namespaces,31,pass
tests/test_async_store.py::test_list_namespaces,32,pass
tests/test_async_store.py::test_list_namespaces,33,pass
tests/test_async_store.py::test_list_namespaces,34,pass
tests/test_async_store.py::test_list_namespaces,35,pass
tests/test_async_store.py::test_list_namespaces,36,pass
tests/test_async_store.py::test_list_namespaces,37,pass
tests/test_async_store.py::test_list_namespaces,38,pass
tests/test_async_store.py::test_list_namespaces,39,pass
tests/test_async_store.py::test_list_namespaces,40,pass
tests/test_async_store.py::test_list_namespaces,41,pass
tests/test_async_store.py::test_list_namespaces,42,pass
tests/test_async_store.py::test_list_namespaces,43,pass
tests/test_async_store.py::test_list_namespaces,44,pass
tests/test_async_store.py::test_list_namespaces,45,pass
tests/test_async_store.py::test_list_namespaces,46,pass
tests/test_async_store.py::test_list_namespaces,47,pass
tests/test_async_store.py::test_list_namespaces,48,pass
tests/test_async_store.py::test_list_namespaces,49,pass
tests/test_async_store.py::test_list_namespaces,50,pass
tests/test_async_store.py::test_no_running_loop[file],1,pass
tests/test_async_store.py::test_no_running_loop[file],2,pass
tests/test_async_store.py::test_no_running_loop[file],3,pass
tests/test_async_store.py::test_no_running_loop[file],4,pass
tests/test_async_store.py::test_no_running_loop[file],5,pass
tests/test_async_store.py::test_no_running_loop[file],6,pass
tests/test_async_store.py::test_no_running_loop[file],7,pass
tests/test_async_store.py::test_no_running_loop[file],8,pass
tests/test_async_store.py::test_no_running_loop[file],9,pass
tests/test_async_store.py::test_no_running_loop[file],10,pass
tests/test_async_store.py::test_no_running_loop[file],11,pass
tests/test_async_store.py::test_no_running_loop[file],12,pass
tests/test_async_store.py::test_no_running_loop[file],13,pass
tests/test_async_store.py::test_no_running_loop[file],14,pass
tests/test_async_store.py::test_no_running_loop[file],15,pass
tests/test_async_store.py::test_no_running_loop[file],16,pass
tests/test_async_store.py::test_no_running_loop[file],17,pass
tests/test_async_store.py::test_no_running_loop[file],18,pass
tests/test_async_store.py::test_no_running_loop[file],19,pass
tests/test_async_store.py::test_no_running_loop[file],20,pass
tests/test_async_store.py::test_no_running_loop[file],21,pass
tests/test_async_store.py::test_no_running_loop[file],22,pass
tests/test_async_store.py::test_no_running_loop[file],23,pass
tests/test_async_store.py::test_no_running_loop[file],24,pass
tests/test_async_store.py::test_no_running_loop[file],25,pass
tests/test_async_store.py::test_no_running_loop[file],26,pass
tests/test_async_store.py::test_no_running_loop[file],27,pass
tests/test_async_store.py::test_no_running_loop[file],28,pass
tests/test_async_store.py::test_no_running_loop[file],29,pass
tests/test_async_store.py::test_no_running_loop[file],30,pass
tests/test_async_store.py::test_no_running_loop[file],31,pass
tests/test_async_store.py::test_no_running_loop[file],32,pass
tests/test_async_store.py::test_no_running_loop[file],33,pass
tests/test_async_store.py::test_no_running_loop[file],34,pass
tests/test_async_store.py::test_no_running_loop[file],35,pass
tests/test_async_store.py::test_no_running_loop[file],36,pass
tests/test_async_store.py::test_no_running_loop[file],37,pass
tests/test_async_store.py::test_no_running_loop[file],38,pass
tests/test_async_store.py::test_no_running_loop[file],39,pass
tests/test_async_store.py::test_no_running_loop[file],40,pass
tests/test_async_store.py::test_no_running_loop[file],41,pass
tests/test_async_store.py::test_no_running_loop[file],42,pass
tests/test_async_store.py::test_no_running_loop[file],43,pass
tests/test_async_store.py::test_no_running_loop[file],44,pass
tests/test_async_store.py::test_no_running_loop[file],45,pass
tests/test_async_store.py::test_no_running_loop[file],46,pass
tests/test_async_store.py::test_no_running_loop[file],47,pass
tests/test_async_store.py::test_no_running_loop[file],48,pass
tests/test_async_store.py::test_no_running_loop[file],49,pass
tests/test_async_store.py::test_no_running_loop[file],50,pass
tests/test_async_store.py::test_no_running_loop[memory],1,pass
tests/test_async_store.py::test_no_running_loop[memory],2,pass
tests/test_async_store.py::test_no_running_loop[memory],3,pass
tests/test_async_store.py::test_no_running_loop[memory],4,pass
tests/test_async_store.py::test_no_running_loop[memory],5,pass
tests/test_async_store.py::test_no_running_loop[memory],6,pass
tests/test_async_store.py::test_no_running_loop[memory],7,pass
tests/test_async_store.py::test_no_running_loop[memory],8,pass
tests/test_async_store.py::test_no_running_loop[memory],9,pass
tests/test_async_store.py::test_no_running_loop[memory],10,pass
tests/test_async_store.py::test_no_running_loop[memory],11,pass
tests/test_async_store.py::test_no_running_loop[memory],12,pass
tests/test_async_store.py::test_no_running_loop[memory],13,pass
tests/test_async_store.py::test_no_running_loop[memory],14,pass
tests/test_async_store.py::test_no_running_loop[memory],15,pass
tests/test_async_store.py::test_no_running_loop[memory],16,pass
tests/test_async_store.py::test_no_running_loop[memory],17,pass
tests/test_async_store.py::test_no_running_loop[memory],18,pass
tests/test_async_store.py::test_no_running_loop[memory],19,pass
tests/test_async_store.py::test_no_running_loop[memory],20,pass
tests/test_async_store.py::test_no_running_loop[memory],21,pass
tests/test_async_store.py::test_no_running_loop[memory],22,pass
tests/test_async_store.py::test_no_running_loop[memory],23,pass
tests/test_async_store.py::test_no_running_loop[memory],24,pass
tests/test_async_store.py::test_no_running_loop[memory],25,pass
tests/test_async_store.py::test_no_running_loop[memory],26,pass
tests/test_async_store.py::test_no_running_loop[memory],27,pass
tests/test_async_store.py::test_no_running_loop[memory],28,pass
tests/test_async_store.py::test_no_running_loop[memory],29,pass
tests/test_async_store.py::test_no_running_loop[memory],30,pass
tests/test_async_store.py::test_no_running_loop[memory],31,pass
tests/test_async_store.py::test_no_running_loop[memory],32,pass
tests/test_async_store.py::test_no_running_loop[memory],33,pass
tests/test_async_store.py::test_no_running_loop[memory],34,pass
tests/test_async_store.py::test_no_running_loop[memory],35,pass
tests/test_async_store.py::test_no_running_loop[memory],36,pass
tests/test_async_store.py::test_no_running_loop[memory],37,pass
tests/test_async_store.py::test_no_running_loop[memory],38,pass
tests/test_async_store.py::test_no_running_loop[memory],39,pass
tests/test_async_store.py::test_no_running_loop[memory],40,pass
tests/test_async_store.py::test_no_running_loop[memory],41,pass
tests/test_async_store.py::test_no_running_loop[memory],42,pass
tests/test_async_store.py::test_no_running_loop[memory],43,pass
tests/test_async_store.py::test_no_running_loop[memory],44,pass
tests/test_async_store.py::test_no_running_loop[memory],45,pass
tests/test_async_store.py::test_no_running_loop[memory],46,pass
tests/test_async_store.py::test_no_running_loop[memory],47,pass
tests/test_async_store.py::test_no_running_loop[memory],48,pass
tests/test_async_store.py::test_no_running_loop[memory],49,pass
tests/test_async_store.py::test_no_running_loop[memory],50,pass
tests/test_async_store.py::test_search_items,1,pass
tests/test_async_store.py::test_search_items,2,pass
tests/test_async_store.py::test_search_items,3,pass
tests/test_async_store.py::test_search_items,4,pass
tests/test_async_store.py::test_search_items,5,pass
tests/test_async_store.py::test_search_items,6,pass
tests/test_async_store.py::test_search_items,7,pass
tests/test_async_store.py::test_search_items,8,pass
tests/test_async_store.py::test_search_items,9,pass
tests/test_async_store.py::test_search_items,10,pass
tests/test_async_store.py::test_search_items,11,pass
tests/test_async_store.py::test_search_items,12,pass
tests/test_async_store.py::test_search_items,13,pass
tests/test_async_store.py::test_search_items,14,pass
tests/test_async_store.py::test_search_items,15,pass
tests/test_async_store.py::test_search_items,16,pass
tests/test_async_store.py::test_search_items,17,pass
tests/test_async_store.py::test_search_items,18,pass
tests/test_async_store.py::test_search_items,19,pass
tests/test_async_store.py::test_search_items,20,pass
tests/test_async_store.py::test_search_items,21,pass
tests/test_async_store.py::test_search_items,22,pass
tests/test_async_store.py::test_search_items,23,pass
tests/test_async_store.py::test_search_items,24,pass
tests/test_async_store.py::test_search_items,25,pass
tests/test_async_store.py::test_search_items,26,pass
tests/test_async_store.py::test_search_items,27,pass
tests/test_async_store.py::test_search_items,28,pass
tests/test_async_store.py::test_search_items,29,pass
tests/test_async_store.py::test_search_items,30,pass
tests/test_async_store.py::test_search_items,31,pass
tests/test_async_store.py::test_search_items,32,pass
tests/test_async_store.py::test_search_items,33,pass
tests/test_async_store.py::test_search_items,34,pass
tests/test_async_store.py::test_search_items,35,pass
tests/test_async_store.py::test_search_items,36,pass
tests/test_async_store.py::test_search_items,37,pass
tests/test_async_store.py::test_search_items,38,pass
tests/test_async_store.py::test_search_items,39,pass
tests/test_async_store.py::test_search_items,40,pass
tests/test_async_store.py::test_search_items,41,pass
tests/test_async_store.py::test_search_items,42,pass
tests/test_async_store.py::test_search_items,43,pass
tests/test_async_store.py::test_search_items,44,pass
tests/test_async_store.py::test_search_items,45,pass
tests/test_async_store.py::test_search_items,46,pass
tests/test_async_store.py::test_search_items,47,pass
tests/test_async_store.py::test_search_items,48,pass
tests/test_async_store.py::test_search_items,49,pass
tests/test_async_store.py::test_search_items,50,pass
tests/test_async_store.py::test_vector_insert_with_auto_embedding[file],1,pass
tests/test_async_store.py::test_vector_insert_with_auto_embedding[file],2,pass
tests/test_async_store.py::test_vector_insert_with_auto_embedding[file],3,pass
tests/test_async_store.py::test_vector_insert_with_auto_embedding[file],4,pass
tests/test_async_store.py::test_vector_insert_with_auto_embedding[file],5,pass
tests/test_async_store.py::test_vector_insert_with_auto_embedding[file],6,pass
tests/test_async_store.py::test_vector_insert_with_auto_embedding[file],7,pass
tests/test_async_store.py::test_vector_insert_with_auto_embedding[file],8,pass
tests/test_async_store.py::test_vector_insert_with_auto_embedding[file],9,pass
tests/test_async_store.py::test_vector_insert_with_auto_embedding[file],10,pass
tests/test_async_store.py::test_vector_insert_with_auto_embedding[file],11,pass
tests/test_async_store.py::test_vector_insert_with_auto_embedding[file],12,pass
tests/test_async_store.py::test_vector_insert_with_auto_embedding[file],13,pass
tests/test_async_store.py::test_vector_insert_with_auto_embedding[file],14,pass
tests/test_async_store.py::test_vector_insert_with_auto_embedding[file],15,pass
tests/test_async_store.py::test_vector_insert_with_auto_embedding[file],16,pass
tests/test_async_store.py::test_vector_insert_with_auto_embedding[file],17,pass
tests/test_async_store.py::test_vector_insert_with_auto_embedding[file],18,pass
tests/test_async_store.py::test_vector_insert_with_auto_embedding[file],19,pass
tests/test_async_store.py::test_vector_insert_with_auto_embedding[file],20,pass
tests/test_async_store.py::test_vector_insert_with_auto_embedding[file],21,pass
tests/test_async_store.py::test_vector_insert_with_auto_embedding[file],22,pass
tests/test_async_store.py::test_vector_insert_with_auto_embedding[file],23,pass
tests/test_async_store.py::test_vector_insert_with_auto_embedding[file],24,pass
tests/test_async_store.py::test_vector_insert_with_auto_embedding[file],25,pass
tests/test_async_store.py::test_vector_insert_with_auto_embedding[file],26,pass
tests/test_async_store.py::test_vector_insert_with_auto_embedding[file],27,pass
tests/test_async_store.py::test_vector_insert_with_auto_embedding[file],28,pass
tests/test_async_store.py::test_vector_insert_with_auto_embedding[file],29,pass
tests/test_async_store.py::test_vector_insert_with_auto_embedding[file],30,pass
tests/test_async_store.py::test_vector_insert_with_auto_embedding[file],31,pass
tests/test_async_store.py::test_vector_insert_with_auto_embedding[file],32,pass
tests/test_async_store.py::test_vector_insert_with_auto_embedding[file],33,pass
tests/test_async_store.py::test_vector_insert_with_auto_embedding[file],34,pass
tests/test_async_store.py::test_vector_insert_with_auto_embedding[file],35,pass
tests/test_async_store.py::test_vector_insert_with_auto_embedding[file],36,pass
tests/test_async_store.py::test_vector_insert_with_auto_embedding[file],37,pass
tests/test_async_store.py::test_vector_insert_with_auto_embedding[file],38,pass
tests/test_async_store.py::test_vector_insert_with_auto_embedding[file],39,pass
tests/test_async_store.py::test_vector_insert_with_auto_embedding[file],40,pass
tests/test_async_store.py::test_vector_insert_with_auto_embedding[file],41,pass
tests/test_async_store.py::test_vector_insert_with_auto_embedding[file],42,pass
tests/test_async_store.py::test_vector_insert_with_auto_embedding[file],43,pass
tests/test_async_store.py::test_vector_insert_with_auto_embedding[file],44,pass
tests/test_async_store.py::test_vector_insert_with_auto_embedding[file],45,pass
tests/test_async_store.py::test_vector_insert_with_auto_embedding[file],46,pass
tests/test_async_store.py::test_vector_insert_with_auto_embedding[file],47,pass
tests/test_async_store.py::test_vector_insert_with_auto_embedding[file],48,pass
tests/test_async_store.py::test_vector_insert_with_auto_embedding[file],49,pass
tests/test_async_store.py::test_vector_insert_with_auto_embedding[file],50,pass
tests/test_async_store.py::test_vector_insert_with_auto_embedding[memory],1,pass
tests/test_async_store.py::test_vector_insert_with_auto_embedding[memory],2,pass
tests/test_async_store.py::test_vector_insert_with_auto_embedding[memory],3,pass
tests/test_async_store.py::test_vector_insert_with_auto_embedding[memory],4,pass
tests/test_async_store.py::test_vector_insert_with_auto_embedding[memory],5,pass
tests/test_async_store.py::test_vector_insert_with_auto_embedding[memory],6,pass
tests/test_async_store.py::test_vector_insert_with_auto_embedding[memory],7,pass
tests/test_async_store.py::test_vector_insert_with_auto_embedding[memory],8,pass
tests/test_async_store.py::test_vector_insert_with_auto_embedding[memory],9,pass
tests/test_async_store.py::test_vector_insert_with_auto_embedding[memory],10,pass
tests/test_async_store.py::test_vector_insert_with_auto_embedding[memory],11,pass
tests/test_async_store.py::test_vector_insert_with_auto_embedding[memory],12,pass
tests/test_async_store.py::test_vector_insert_with_auto_embedding[memory],13,pass
tests/test_async_store.py::test_vector_insert_with_auto_embedding[memory],14,pass
tests/test_async_store.py::test_vector_insert_with_auto_embedding[memory],15,pass
tests/test_async_store.py::test_vector_insert_with_auto_embedding[memory],16,pass
tests/test_async_store.py::test_vector_insert_with_auto_embedding[memory],17,pass
tests/test_async_store.py::test_vector_insert_with_auto_embedding[memory],18,pass
tests/test_async_store.py::test_vector_insert_with_auto_embedding[memory],19,pass
tests/test_async_store.py::test_vector_insert_with_auto_embedding[memory],20,pass
tests/test_async_store.py::test_vector_insert_with_auto_embedding[memory],21,pass
tests/test_async_store.py::test_vector_insert_with_auto_embedding[memory],22,pass
tests/test_async_store.py::test_vector_insert_with_auto_embedding[memory],23,pass
tests/test_async_store.py::test_vector_insert_with_auto_embedding[memory],24,pass
tests/test_async_store.py::test_vector_insert_with_auto_embedding[memory],25,pass
tests/test_async_store.py::test_vector_insert_with_auto_embedding[memory],26,pass
tests/test_async_store.py::test_vector_insert_with_auto_embedding[memory],27,pass
tests/test_async_store.py::test_vector_insert_with_auto_embedding[memory],28,pass
tests/test_async_store.py::test_vector_insert_with_auto_embedding[memory],29,pass
tests/test_async_store.py::test_vector_insert_with_auto_embedding[memory],30,pass
tests/test_async_store.py::test_vector_insert_with_auto_embedding[memory],31,pass
tests/test_async_store.py::test_vector_insert_with_auto_embedding[memory],32,pass
tests/test_async_store.py::test_vector_insert_with_auto_embedding[memory],33,pass
tests/test_async_store.py::test_vector_insert_with_auto_embedding[memory],34,pass
tests/test_async_store.py::test_vector_insert_with_auto_embedding[memory],35,pass
tests/test_async_store.py::test_vector_insert_with_auto_embedding[memory],36,pass
tests/test_async_store.py::test_vector_insert_with_auto_embedding[memory],37,pass
tests/test_async_store.py::test_vector_insert_with_auto_embedding[memory],38,pass
tests/test_async_store.py::test_vector_insert_with_auto_embedding[memory],39,pass
tests/test_async_store.py::test_vector_insert_with_auto_embedding[memory],40,pass
tests/test_async_store.py::test_vector_insert_with_auto_embedding[memory],41,pass
tests/test_async_store.py::test_vector_insert_with_auto_embedding[memory],42,pass
tests/test_async_store.py::test_vector_insert_with_auto_embedding[memory],43,pass
tests/test_async_store.py::test_vector_insert_with_auto_embedding[memory],44,pass
tests/test_async_store.py::test_vector_insert_with_auto_embedding[memory],45,pass
tests/test_async_store.py::test_vector_insert_with_auto_embedding[memory],46,pass
tests/test_async_store.py::test_vector_insert_with_auto_embedding[memory],47,pass
tests/test_async_store.py::test_vector_insert_with_auto_embedding[memory],48,pass
tests/test_async_store.py::test_vector_insert_with_auto_embedding[memory],49,pass
tests/test_async_store.py::test_vector_insert_with_auto_embedding[memory],50,pass
tests/test_async_store.py::test_vector_search_edge_cases,1,pass
tests/test_async_store.py::test_vector_search_edge_cases,2,pass
tests/test_async_store.py::test_vector_search_edge_cases,3,pass
tests/test_async_store.py::test_vector_search_edge_cases,4,pass
tests/test_async_store.py::test_vector_search_edge_cases,5,pass
tests/test_async_store.py::test_vector_search_edge_cases,6,pass
tests/test_async_store.py::test_vector_search_edge_cases,7,pass
tests/test_async_store.py::test_vector_search_edge_cases,8,pass
tests/test_async_store.py::test_vector_search_edge_cases,9,pass
tests/test_async_store.py::test_vector_search_edge_cases,10,pass
tests/test_async_store.py::test_vector_search_edge_cases,11,pass
tests/test_async_store.py::test_vector_search_edge_cases,12,pass
tests/test_async_store.py::test_vector_search_edge_cases,13,pass
tests/test_async_store.py::test_vector_search_edge_cases,14,pass
tests/test_async_store.py::test_vector_search_edge_cases,15,pass
tests/test_async_store.py::test_vector_search_edge_cases,16,pass
tests/test_async_store.py::test_vector_search_edge_cases,17,pass
tests/test_async_store.py::test_vector_search_edge_cases,18,pass
tests/test_async_store.py::test_vector_search_edge_cases,19,pass
tests/test_async_store.py::test_vector_search_edge_cases,20,pass
tests/test_async_store.py::test_vector_search_edge_cases,21,pass
tests/test_async_store.py::test_vector_search_edge_cases,22,pass
tests/test_async_store.py::test_vector_search_edge_cases,23,pass
tests/test_async_store.py::test_vector_search_edge_cases,24,pass
tests/test_async_store.py::test_vector_search_edge_cases,25,pass
tests/test_async_store.py::test_vector_search_edge_cases,26,pass
tests/test_async_store.py::test_vector_search_edge_cases,27,pass
tests/test_async_store.py::test_vector_search_edge_cases,28,pass
tests/test_async_store.py::test_vector_search_edge_cases,29,pass
tests/test_async_store.py::test_vector_search_edge_cases,30,pass
tests/test_async_store.py::test_vector_search_edge_cases,31,pass
tests/test_async_store.py::test_vector_search_edge_cases,32,pass
tests/test_async_store.py::test_vector_search_edge_cases,33,pass
tests/test_async_store.py::test_vector_search_edge_cases,34,pass
tests/test_async_store.py::test_vector_search_edge_cases,35,pass
tests/test_async_store.py::test_vector_search_edge_cases,36,pass
tests/test_async_store.py::test_vector_search_edge_cases,37,pass
tests/test_async_store.py::test_vector_search_edge_cases,38,pass
tests/test_async_store.py::test_vector_search_edge_cases,39,pass
tests/test_async_store.py::test_vector_search_edge_cases,40,pass
tests/test_async_store.py::test_vector_search_edge_cases,41,pass
tests/test_async_store.py::test_vector_search_edge_cases,42,pass
tests/test_async_store.py::test_vector_search_edge_cases,43,pass
tests/test_async_store.py::test_vector_search_edge_cases,44,pass
tests/test_async_store.py::test_vector_search_edge_cases,45,pass
tests/test_async_store.py::test_vector_search_edge_cases,46,pass
tests/test_async_store.py::test_vector_search_edge_cases,47,pass
tests/test_async_store.py::test_vector_search_edge_cases,48,pass
tests/test_async_store.py::test_vector_search_edge_cases,49,pass
tests/test_async_store.py::test_vector_search_edge_cases,50,pass
tests/test_async_store.py::test_vector_search_pagination,1,pass
tests/test_async_store.py::test_vector_search_pagination,2,pass
tests/test_async_store.py::test_vector_search_pagination,3,pass
tests/test_async_store.py::test_vector_search_pagination,4,pass
tests/test_async_store.py::test_vector_search_pagination,5,pass
tests/test_async_store.py::test_vector_search_pagination,6,pass
tests/test_async_store.py::test_vector_search_pagination,7,pass
tests/test_async_store.py::test_vector_search_pagination,8,pass
tests/test_async_store.py::test_vector_search_pagination,9,pass
tests/test_async_store.py::test_vector_search_pagination,10,pass
tests/test_async_store.py::test_vector_search_pagination,11,pass
tests/test_async_store.py::test_vector_search_pagination,12,pass
tests/test_async_store.py::test_vector_search_pagination,13,pass
tests/test_async_store.py::test_vector_search_pagination,14,pass
tests/test_async_store.py::test_vector_search_pagination,15,pass
tests/test_async_store.py::test_vector_search_pagination,16,pass
tests/test_async_store.py::test_vector_search_pagination,17,pass
tests/test_async_store.py::test_vector_search_pagination,18,pass
tests/test_async_store.py::test_vector_search_pagination,19,pass
tests/test_async_store.py::test_vector_search_pagination,20,pass
tests/test_async_store.py::test_vector_search_pagination,21,pass
tests/test_async_store.py::test_vector_search_pagination,22,pass
tests/test_async_store.py::test_vector_search_pagination,23,pass
tests/test_async_store.py::test_vector_search_pagination,24,pass
tests/test_async_store.py::test_vector_search_pagination,25,pass
tests/test_async_store.py::test_vector_search_pagination,26,pass
tests/test_async_store.py::test_vector_search_pagination,27,pass
tests/test_async_store.py::test_vector_search_pagination,28,pass
tests/test_async_store.py::test_vector_search_pagination,29,pass
tests/test_async_store.py::test_vector_search_pagination,30,pass
tests/test_async_store.py::test_vector_search_pagination,31,pass
tests/test_async_store.py::test_vector_search_pagination,32,pass
tests/test_async_store.py::test_vector_search_pagination,33,pass
tests/test_async_store.py::test_vector_search_pagination,34,pass
tests/test_async_store.py::test_vector_search_pagination,35,pass
tests/test_async_store.py::test_vector_search_pagination,36,pass
tests/test_async_store.py::test_vector_search_pagination,37,pass
tests/test_async_store.py::test_vector_search_pagination,38,pass
tests/test_async_store.py::test_vector_search_pagination,39,pass
tests/test_async_store.py::test_vector_search_pagination,40,pass
tests/test_async_store.py::test_vector_search_pagination,41,pass
tests/test_async_store.py::test_vector_search_pagination,42,pass
tests/test_async_store.py::test_vector_search_pagination,43,pass
tests/test_async_store.py::test_vector_search_pagination,44,pass
tests/test_async_store.py::test_vector_search_pagination,45,pass
tests/test_async_store.py::test_vector_search_pagination,46,pass
tests/test_async_store.py::test_vector_search_pagination,47,pass
tests/test_async_store.py::test_vector_search_pagination,48,pass
tests/test_async_store.py::test_vector_search_pagination,49,pass
tests/test_async_store.py::test_vector_search_pagination,50,pass
tests/test_async_store.py::test_vector_search_with_filters[file],1,pass
tests/test_async_store.py::test_vector_search_with_filters[file],2,pass
tests/test_async_store.py::test_vector_search_with_filters[file],3,pass
tests/test_async_store.py::test_vector_search_with_filters[file],4,pass
tests/test_async_store.py::test_vector_search_with_filters[file],5,pass
tests/test_async_store.py::test_vector_search_with_filters[file],6,pass
tests/test_async_store.py::test_vector_search_with_filters[file],7,pass
tests/test_async_store.py::test_vector_search_with_filters[file],8,pass
tests/test_async_store.py::test_vector_search_with_filters[file],9,pass
tests/test_async_store.py::test_vector_search_with_filters[file],10,pass
tests/test_async_store.py::test_vector_search_with_filters[file],11,pass
tests/test_async_store.py::test_vector_search_with_filters[file],12,pass
tests/test_async_store.py::test_vector_search_with_filters[file],13,pass
tests/test_async_store.py::test_vector_search_with_filters[file],14,pass
tests/test_async_store.py::test_vector_search_with_filters[file],15,pass
tests/test_async_store.py::test_vector_search_with_filters[file],16,pass
tests/test_async_store.py::test_vector_search_with_filters[file],17,pass
tests/test_async_store.py::test_vector_search_with_filters[file],18,pass
tests/test_async_store.py::test_vector_search_with_filters[file],19,pass
tests/test_async_store.py::test_vector_search_with_filters[file],20,pass
tests/test_async_store.py::test_vector_search_with_filters[file],21,pass
tests/test_async_store.py::test_vector_search_with_filters[file],22,pass
tests/test_async_store.py::test_vector_search_with_filters[file],23,pass
tests/test_async_store.py::test_vector_search_with_filters[file],24,pass
tests/test_async_store.py::test_vector_search_with_filters[file],25,pass
tests/test_async_store.py::test_vector_search_with_filters[file],26,pass
tests/test_async_store.py::test_vector_search_with_filters[file],27,pass
tests/test_async_store.py::test_vector_search_with_filters[file],28,pass
tests/test_async_store.py::test_vector_search_with_filters[file],29,pass
tests/test_async_store.py::test_vector_search_with_filters[file],30,pass
tests/test_async_store.py::test_vector_search_with_filters[file],31,pass
tests/test_async_store.py::test_vector_search_with_filters[file],32,pass
tests/test_async_store.py::test_vector_search_with_filters[file],33,pass
tests/test_async_store.py::test_vector_search_with_filters[file],34,pass
tests/test_async_store.py::test_vector_search_with_filters[file],35,pass
tests/test_async_store.py::test_vector_search_with_filters[file],36,pass
tests/test_async_store.py::test_vector_search_with_filters[file],37,pass
tests/test_async_store.py::test_vector_search_with_filters[file],38,pass
tests/test_async_store.py::test_vector_search_with_filters[file],39,pass
tests/test_async_store.py::test_vector_search_with_filters[file],40,pass
tests/test_async_store.py::test_vector_search_with_filters[file],41,pass
tests/test_async_store.py::test_vector_search_with_filters[file],42,pass
tests/test_async_store.py::test_vector_search_with_filters[file],43,pass
tests/test_async_store.py::test_vector_search_with_filters[file],44,pass
tests/test_async_store.py::test_vector_search_with_filters[file],45,pass
tests/test_async_store.py::test_vector_search_with_filters[file],46,pass
tests/test_async_store.py::test_vector_search_with_filters[file],47,pass
tests/test_async_store.py::test_vector_search_with_filters[file],48,pass
tests/test_async_store.py::test_vector_search_with_filters[file],49,pass
tests/test_async_store.py::test_vector_search_with_filters[file],50,pass
tests/test_async_store.py::test_vector_search_with_filters[memory],1,pass
tests/test_async_store.py::test_vector_search_with_filters[memory],2,pass
tests/test_async_store.py::test_vector_search_with_filters[memory],3,pass
tests/test_async_store.py::test_vector_search_with_filters[memory],4,pass
tests/test_async_store.py::test_vector_search_with_filters[memory],5,pass
tests/test_async_store.py::test_vector_search_with_filters[memory],6,pass
tests/test_async_store.py::test_vector_search_with_filters[memory],7,pass
tests/test_async_store.py::test_vector_search_with_filters[memory],8,pass
tests/test_async_store.py::test_vector_search_with_filters[memory],9,pass
tests/test_async_store.py::test_vector_search_with_filters[memory],10,pass
tests/test_async_store.py::test_vector_search_with_filters[memory],11,pass
tests/test_async_store.py::test_vector_search_with_filters[memory],12,pass
tests/test_async_store.py::test_vector_search_with_filters[memory],13,pass
tests/test_async_store.py::test_vector_search_with_filters[memory],14,pass
tests/test_async_store.py::test_vector_search_with_filters[memory],15,pass
tests/test_async_store.py::test_vector_search_with_filters[memory],16,pass
tests/test_async_store.py::test_vector_search_with_filters[memory],17,pass
tests/test_async_store.py::test_vector_search_with_filters[memory],18,pass
tests/test_async_store.py::test_vector_search_with_filters[memory],19,pass
tests/test_async_store.py::test_vector_search_with_filters[memory],20,pass
tests/test_async_store.py::test_vector_search_with_filters[memory],21,pass
tests/test_async_store.py::test_vector_search_with_filters[memory],22,pass
tests/test_async_store.py::test_vector_search_with_filters[memory],23,pass
tests/test_async_store.py::test_vector_search_with_filters[memory],24,pass
tests/test_async_store.py::test_vector_search_with_filters[memory],25,pass
tests/test_async_store.py::test_vector_search_with_filters[memory],26,pass
tests/test_async_store.py::test_vector_search_with_filters[memory],27,pass
tests/test_async_store.py::test_vector_search_with_filters[memory],28,pass
tests/test_async_store.py::test_vector_search_with_filters[memory],29,pass
tests/test_async_store.py::test_vector_search_with_filters[memory],30,pass
tests/test_async_store.py::test_vector_search_with_filters[memory],31,pass
tests/test_async_store.py::test_vector_search_with_filters[memory],32,pass
tests/test_async_store.py::test_vector_search_with_filters[memory],33,pass
tests/test_async_store.py::test_vector_search_with_filters[memory],34,pass
tests/test_async_store.py::test_vector_search_with_filters[memory],35,pass
tests/test_async_store.py::test_vector_search_with_filters[memory],36,pass
tests/test_async_store.py::test_vector_search_with_filters[memory],37,pass
tests/test_async_store.py::test_vector_search_with_filters[memory],38,pass
tests/test_async_store.py::test_vector_search_with_filters[memory],39,pass
tests/test_async_store.py::test_vector_search_with_filters[memory],40,pass
tests/test_async_store.py::test_vector_search_with_filters[memory],41,pass
tests/test_async_store.py::test_vector_search_with_filters[memory],42,pass
tests/test_async_store.py::test_vector_search_with_filters[memory],43,pass
tests/test_async_store.py::test_vector_search_with_filters[memory],44,pass
tests/test_async_store.py::test_vector_search_with_filters[memory],45,pass
tests/test_async_store.py::test_vector_search_with_filters[memory],46,pass
tests/test_async_store.py::test_vector_search_with_filters[memory],47,pass
tests/test_async_store.py::test_vector_search_with_filters[memory],48,pass
tests/test_async_store.py::test_vector_search_with_filters[memory],49,pass
tests/test_async_store.py::test_vector_search_with_filters[memory],50,pass
tests/test_async_store.py::test_vector_store_initialization,1,pass
tests/test_async_store.py::test_vector_store_initialization,2,pass
tests/test_async_store.py::test_vector_store_initialization,3,pass
tests/test_async_store.py::test_vector_store_initialization,4,pass
tests/test_async_store.py::test_vector_store_initialization,5,pass
tests/test_async_store.py::test_vector_store_initialization,6,pass
tests/test_async_store.py::test_vector_store_initialization,7,pass
tests/test_async_store.py::test_vector_store_initialization,8,pass
tests/test_async_store.py::test_vector_store_initialization,9,pass
tests/test_async_store.py::test_vector_store_initialization,10,pass
tests/test_async_store.py::test_vector_store_initialization,11,pass
tests/test_async_store.py::test_vector_store_initialization,12,pass
tests/test_async_store.py::test_vector_store_initialization,13,pass
tests/test_async_store.py::test_vector_store_initialization,14,pass
tests/test_async_store.py::test_vector_store_initialization,15,pass
tests/test_async_store.py::test_vector_store_initialization,16,pass
tests/test_async_store.py::test_vector_store_initialization,17,pass
tests/test_async_store.py::test_vector_store_initialization,18,pass
tests/test_async_store.py::test_vector_store_initialization,19,pass
tests/test_async_store.py::test_vector_store_initialization,20,pass
tests/test_async_store.py::test_vector_store_initialization,21,pass
tests/test_async_store.py::test_vector_store_initialization,22,pass
tests/test_async_store.py::test_vector_store_initialization,23,pass
tests/test_async_store.py::test_vector_store_initialization,24,pass
tests/test_async_store.py::test_vector_store_initialization,25,pass
tests/test_async_store.py::test_vector_store_initialization,26,pass
tests/test_async_store.py::test_vector_store_initialization,27,pass
tests/test_async_store.py::test_vector_store_initialization,28,pass
tests/test_async_store.py::test_vector_store_initialization,29,pass
tests/test_async_store.py::test_vector_store_initialization,30,pass
tests/test_async_store.py::test_vector_store_initialization,31,pass
tests/test_async_store.py::test_vector_store_initialization,32,pass
tests/test_async_store.py::test_vector_store_initialization,33,pass
tests/test_async_store.py::test_vector_store_initialization,34,pass
tests/test_async_store.py::test_vector_store_initialization,35,pass
tests/test_async_store.py::test_vector_store_initialization,36,pass
tests/test_async_store.py::test_vector_store_initialization,37,pass
tests/test_async_store.py::test_vector_store_initialization,38,pass
tests/test_async_store.py::test_vector_store_initialization,39,pass
tests/test_async_store.py::test_vector_store_initialization,40,pass
tests/test_async_store.py::test_vector_store_initialization,41,pass
tests/test_async_store.py::test_vector_store_initialization,42,pass
tests/test_async_store.py::test_vector_store_initialization,43,pass
tests/test_async_store.py::test_vector_store_initialization,44,pass
tests/test_async_store.py::test_vector_store_initialization,45,pass
tests/test_async_store.py::test_vector_store_initialization,46,pass
tests/test_async_store.py::test_vector_store_initialization,47,pass
tests/test_async_store.py::test_vector_store_initialization,48,pass
tests/test_async_store.py::test_vector_store_initialization,49,pass
tests/test_async_store.py::test_vector_store_initialization,50,pass
tests/test_async_store.py::test_vector_update_with_embedding[file],1,pass
tests/test_async_store.py::test_vector_update_with_embedding[file],2,pass
tests/test_async_store.py::test_vector_update_with_embedding[file],3,pass
tests/test_async_store.py::test_vector_update_with_embedding[file],4,pass
tests/test_async_store.py::test_vector_update_with_embedding[file],5,pass
tests/test_async_store.py::test_vector_update_with_embedding[file],6,pass
tests/test_async_store.py::test_vector_update_with_embedding[file],7,pass
tests/test_async_store.py::test_vector_update_with_embedding[file],8,pass
tests/test_async_store.py::test_vector_update_with_embedding[file],9,pass
tests/test_async_store.py::test_vector_update_with_embedding[file],10,pass
tests/test_async_store.py::test_vector_update_with_embedding[file],11,pass
tests/test_async_store.py::test_vector_update_with_embedding[file],12,pass
tests/test_async_store.py::test_vector_update_with_embedding[file],13,pass
tests/test_async_store.py::test_vector_update_with_embedding[file],14,pass
tests/test_async_store.py::test_vector_update_with_embedding[file],15,pass
tests/test_async_store.py::test_vector_update_with_embedding[file],16,pass
tests/test_async_store.py::test_vector_update_with_embedding[file],17,pass
tests/test_async_store.py::test_vector_update_with_embedding[file],18,pass
tests/test_async_store.py::test_vector_update_with_embedding[file],19,pass
tests/test_async_store.py::test_vector_update_with_embedding[file],20,pass
tests/test_async_store.py::test_vector_update_with_embedding[file],21,pass
tests/test_async_store.py::test_vector_update_with_embedding[file],22,pass
tests/test_async_store.py::test_vector_update_with_embedding[file],23,pass
tests/test_async_store.py::test_vector_update_with_embedding[file],24,pass
tests/test_async_store.py::test_vector_update_with_embedding[file],25,pass
tests/test_async_store.py::test_vector_update_with_embedding[file],26,pass
tests/test_async_store.py::test_vector_update_with_embedding[file],27,pass
tests/test_async_store.py::test_vector_update_with_embedding[file],28,pass
tests/test_async_store.py::test_vector_update_with_embedding[file],29,pass
tests/test_async_store.py::test_vector_update_with_embedding[file],30,pass
tests/test_async_store.py::test_vector_update_with_embedding[file],31,pass
tests/test_async_store.py::test_vector_update_with_embedding[file],32,pass
tests/test_async_store.py::test_vector_update_with_embedding[file],33,pass
tests/test_async_store.py::test_vector_update_with_embedding[file],34,pass
tests/test_async_store.py::test_vector_update_with_embedding[file],35,pass
tests/test_async_store.py::test_vector_update_with_embedding[file],36,pass
tests/test_async_store.py::test_vector_update_with_embedding[file],37,pass
tests/test_async_store.py::test_vector_update_with_embedding[file],38,pass
tests/test_async_store.py::test_vector_update_with_embedding[file],39,pass
tests/test_async_store.py::test_vector_update_with_embedding[file],40,pass
tests/test_async_store.py::test_vector_update_with_embedding[file],41,pass
tests/test_async_store.py::test_vector_update_with_embedding[file],42,pass
tests/test_async_store.py::test_vector_update_with_embedding[file],43,pass
tests/test_async_store.py::test_vector_update_with_embedding[file],44,pass
tests/test_async_store.py::test_vector_update_with_embedding[file],45,pass
tests/test_async_store.py::test_vector_update_with_embedding[file],46,pass
tests/test_async_store.py::test_vector_update_with_embedding[file],47,pass
tests/test_async_store.py::test_vector_update_with_embedding[file],48,pass
tests/test_async_store.py::test_vector_update_with_embedding[file],49,pass
tests/test_async_store.py::test_vector_update_with_embedding[file],50,pass
tests/test_async_store.py::test_vector_update_with_embedding[memory],1,pass
tests/test_async_store.py::test_vector_update_with_embedding[memory],2,pass
tests/test_async_store.py::test_vector_update_with_embedding[memory],3,pass
tests/test_async_store.py::test_vector_update_with_embedding[memory],4,pass
tests/test_async_store.py::test_vector_update_with_embedding[memory],5,pass
tests/test_async_store.py::test_vector_update_with_embedding[memory],6,pass
tests/test_async_store.py::test_vector_update_with_embedding[memory],7,pass
tests/test_async_store.py::test_vector_update_with_embedding[memory],8,pass
tests/test_async_store.py::test_vector_update_with_embedding[memory],9,pass
tests/test_async_store.py::test_vector_update_with_embedding[memory],10,pass
tests/test_async_store.py::test_vector_update_with_embedding[memory],11,pass
tests/test_async_store.py::test_vector_update_with_embedding[memory],12,pass
tests/test_async_store.py::test_vector_update_with_embedding[memory],13,pass
tests/test_async_store.py::test_vector_update_with_embedding[memory],14,pass
tests/test_async_store.py::test_vector_update_with_embedding[memory],15,pass
tests/test_async_store.py::test_vector_update_with_embedding[memory],16,pass
tests/test_async_store.py::test_vector_update_with_embedding[memory],17,pass
tests/test_async_store.py::test_vector_update_with_embedding[memory],18,pass
tests/test_async_store.py::test_vector_update_with_embedding[memory],19,pass
tests/test_async_store.py::test_vector_update_with_embedding[memory],20,pass
tests/test_async_store.py::test_vector_update_with_embedding[memory],21,pass
tests/test_async_store.py::test_vector_update_with_embedding[memory],22,pass
tests/test_async_store.py::test_vector_update_with_embedding[memory],23,pass
tests/test_async_store.py::test_vector_update_with_embedding[memory],24,pass
tests/test_async_store.py::test_vector_update_with_embedding[memory],25,pass
tests/test_async_store.py::test_vector_update_with_embedding[memory],26,pass
tests/test_async_store.py::test_vector_update_with_embedding[memory],27,pass
tests/test_async_store.py::test_vector_update_with_embedding[memory],28,pass
tests/test_async_store.py::test_vector_update_with_embedding[memory],29,pass
tests/test_async_store.py::test_vector_update_with_embedding[memory],30,pass
tests/test_async_store.py::test_vector_update_with_embedding[memory],31,pass
tests/test_async_store.py::test_vector_update_with_embedding[memory],32,pass
tests/test_async_store.py::test_vector_update_with_embedding[memory],33,pass
tests/test_async_store.py::test_vector_update_with_embedding[memory],34,pass
tests/test_async_store.py::test_vector_update_with_embedding[memory],35,pass
tests/test_async_store.py::test_vector_update_with_embedding[memory],36,pass
tests/test_async_store.py::test_vector_update_with_embedding[memory],37,pass
tests/test_async_store.py::test_vector_update_with_embedding[memory],38,pass
tests/test_async_store.py::test_vector_update_with_embedding[memory],39,pass
tests/test_async_store.py::test_vector_update_with_embedding[memory],40,pass
tests/test_async_store.py::test_vector_update_with_embedding[memory],41,pass
tests/test_async_store.py::test_vector_update_with_embedding[memory],42,pass
tests/test_async_store.py::test_vector_update_with_embedding[memory],43,pass
tests/test_async_store.py::test_vector_update_with_embedding[memory],44,pass
tests/test_async_store.py::test_vector_update_with_embedding[memory],45,pass
tests/test_async_store.py::test_vector_update_with_embedding[memory],46,pass
tests/test_async_store.py::test_vector_update_with_embedding[memory],47,pass
tests/test_async_store.py::test_vector_update_with_embedding[memory],48,pass
tests/test_async_store.py::test_vector_update_with_embedding[memory],49,pass
tests/test_async_store.py::test_vector_update_with_embedding[memory],50,pass
tests/test_sqlite.py::TestSqliteSaver::test_informative_async_errors,1,pass
tests/test_sqlite.py::TestSqliteSaver::test_informative_async_errors,2,pass
tests/test_sqlite.py::TestSqliteSaver::test_informative_async_errors,3,pass
tests/test_sqlite.py::TestSqliteSaver::test_informative_async_errors,4,pass
tests/test_sqlite.py::TestSqliteSaver::test_informative_async_errors,5,pass
tests/test_sqlite.py::TestSqliteSaver::test_informative_async_errors,6,pass
tests/test_sqlite.py::TestSqliteSaver::test_informative_async_errors,7,pass
tests/test_sqlite.py::TestSqliteSaver::test_informative_async_errors,8,pass
tests/test_sqlite.py::TestSqliteSaver::test_informative_async_errors,9,pass
tests/test_sqlite.py::TestSqliteSaver::test_informative_async_errors,10,pass
tests/test_sqlite.py::TestSqliteSaver::test_informative_async_errors,11,pass
tests/test_sqlite.py::TestSqliteSaver::test_informative_async_errors,12,pass
tests/test_sqlite.py::TestSqliteSaver::test_informative_async_errors,13,pass
tests/test_sqlite.py::TestSqliteSaver::test_informative_async_errors,14,pass
tests/test_sqlite.py::TestSqliteSaver::test_informative_async_errors,15,pass
tests/test_sqlite.py::TestSqliteSaver::test_informative_async_errors,16,pass
tests/test_sqlite.py::TestSqliteSaver::test_informative_async_errors,17,pass
tests/test_sqlite.py::TestSqliteSaver::test_informative_async_errors,18,pass
tests/test_sqlite.py::TestSqliteSaver::test_informative_async_errors,19,pass
tests/test_sqlite.py::TestSqliteSaver::test_informative_async_errors,20,pass
tests/test_sqlite.py::TestSqliteSaver::test_informative_async_errors,21,pass
tests/test_sqlite.py::TestSqliteSaver::test_informative_async_errors,22,pass
tests/test_sqlite.py::TestSqliteSaver::test_informative_async_errors,23,pass
tests/test_sqlite.py::TestSqliteSaver::test_informative_async_errors,24,pass
tests/test_sqlite.py::TestSqliteSaver::test_informative_async_errors,25,pass
tests/test_sqlite.py::TestSqliteSaver::test_informative_async_errors,26,pass
tests/test_sqlite.py::TestSqliteSaver::test_informative_async_errors,27,pass
tests/test_sqlite.py::TestSqliteSaver::test_informative_async_errors,28,pass
tests/test_sqlite.py::TestSqliteSaver::test_informative_async_errors,29,pass
tests/test_sqlite.py::TestSqliteSaver::test_informative_async_errors,30,pass
tests/test_sqlite.py::TestSqliteSaver::test_informative_async_errors,31,pass
tests/test_sqlite.py::TestSqliteSaver::test_informative_async_errors,32,pass
tests/test_sqlite.py::TestSqliteSaver::test_informative_async_errors,33,pass
tests/test_sqlite.py::TestSqliteSaver::test_informative_async_errors,34,pass
tests/test_sqlite.py::TestSqliteSaver::test_informative_async_errors,35,pass
tests/test_sqlite.py::TestSqliteSaver::test_informative_async_errors,36,pass
tests/test_sqlite.py::TestSqliteSaver::test_informative_async_errors,37,pass
tests/test_sqlite.py::TestSqliteSaver::test_informative_async_errors,38,pass
tests/test_sqlite.py::TestSqliteSaver::test_informative_async_errors,39,pass
tests/test_sqlite.py::TestSqliteSaver::test_informative_async_errors,40,pass
tests/test_sqlite.py::TestSqliteSaver::test_informative_async_errors,41,pass
tests/test_sqlite.py::TestSqliteSaver::test_informative_async_errors,42,pass
tests/test_sqlite.py::TestSqliteSaver::test_informative_async_errors,43,pass
tests/test_sqlite.py::TestSqliteSaver::test_informative_async_errors,44,pass
tests/test_sqlite.py::TestSqliteSaver::test_informative_async_errors,45,pass
tests/test_sqlite.py::TestSqliteSaver::test_informative_async_errors,46,pass
tests/test_sqlite.py::TestSqliteSaver::test_informative_async_errors,47,pass
tests/test_sqlite.py::TestSqliteSaver::test_informative_async_errors,48,pass
tests/test_sqlite.py::TestSqliteSaver::test_informative_async_errors,49,pass
tests/test_sqlite.py::TestSqliteSaver::test_informative_async_errors,50,pass
tests/test_ttl.py::test_async_asearch_refresh_ttl,1,pass
tests/test_ttl.py::test_async_asearch_refresh_ttl,2,pass
tests/test_ttl.py::test_async_asearch_refresh_ttl,3,pass
tests/test_ttl.py::test_async_asearch_refresh_ttl,4,pass
tests/test_ttl.py::test_async_asearch_refresh_ttl,5,pass
tests/test_ttl.py::test_async_asearch_refresh_ttl,6,pass
tests/test_ttl.py::test_async_asearch_refresh_ttl,7,pass
tests/test_ttl.py::test_async_asearch_refresh_ttl,8,pass
tests/test_ttl.py::test_async_asearch_refresh_ttl,9,pass
tests/test_ttl.py::test_async_asearch_refresh_ttl,10,pass
tests/test_ttl.py::test_async_asearch_refresh_ttl,11,pass
tests/test_ttl.py::test_async_asearch_refresh_ttl,12,pass
tests/test_ttl.py::test_async_asearch_refresh_ttl,13,pass
tests/test_ttl.py::test_async_asearch_refresh_ttl,14,pass
tests/test_ttl.py::test_async_asearch_refresh_ttl,15,pass
tests/test_ttl.py::test_async_asearch_refresh_ttl,16,pass
tests/test_ttl.py::test_async_asearch_refresh_ttl,17,pass
tests/test_ttl.py::test_async_asearch_refresh_ttl,18,pass
tests/test_ttl.py::test_async_asearch_refresh_ttl,19,pass
tests/test_ttl.py::test_async_asearch_refresh_ttl,20,pass
tests/test_ttl.py::test_async_asearch_refresh_ttl,21,pass
tests/test_ttl.py::test_async_asearch_refresh_ttl,22,pass
tests/test_ttl.py::test_async_asearch_refresh_ttl,23,pass
tests/test_ttl.py::test_async_asearch_refresh_ttl,24,pass
tests/test_ttl.py::test_async_asearch_refresh_ttl,25,pass
tests/test_ttl.py::test_async_asearch_refresh_ttl,26,pass
tests/test_ttl.py::test_async_asearch_refresh_ttl,27,pass
tests/test_ttl.py::test_async_asearch_refresh_ttl,28,pass
tests/test_ttl.py::test_async_asearch_refresh_ttl,29,pass
tests/test_ttl.py::test_async_asearch_refresh_ttl,30,pass
tests/test_ttl.py::test_async_asearch_refresh_ttl,31,pass
tests/test_ttl.py::test_async_asearch_refresh_ttl,32,pass
tests/test_ttl.py::test_async_asearch_refresh_ttl,33,pass
tests/test_ttl.py::test_async_asearch_refresh_ttl,34,pass
tests/test_ttl.py::test_async_asearch_refresh_ttl,35,pass
tests/test_ttl.py::test_async_asearch_refresh_ttl,36,pass
tests/test_ttl.py::test_async_asearch_refresh_ttl,37,pass
tests/test_ttl.py::test_async_asearch_refresh_ttl,38,pass
tests/test_ttl.py::test_async_asearch_refresh_ttl,39,pass
tests/test_ttl.py::test_async_asearch_refresh_ttl,40,pass
tests/test_ttl.py::test_async_asearch_refresh_ttl,41,pass
tests/test_ttl.py::test_async_asearch_refresh_ttl,42,pass
tests/test_ttl.py::test_async_asearch_refresh_ttl,43,pass
tests/test_ttl.py::test_async_asearch_refresh_ttl,44,pass
tests/test_ttl.py::test_async_asearch_refresh_ttl,45,pass
tests/test_ttl.py::test_async_asearch_refresh_ttl,46,pass
tests/test_ttl.py::test_async_asearch_refresh_ttl,47,pass
tests/test_ttl.py::test_async_asearch_refresh_ttl,48,pass
tests/test_ttl.py::test_async_asearch_refresh_ttl,49,pass
tests/test_ttl.py::test_async_asearch_refresh_ttl,50,pass
tests/test_ttl.py::test_async_search_with_ttl,1,pass
tests/test_ttl.py::test_async_search_with_ttl,2,pass
tests/test_ttl.py::test_async_search_with_ttl,3,pass
tests/test_ttl.py::test_async_search_with_ttl,4,pass
tests/test_ttl.py::test_async_search_with_ttl,5,pass
tests/test_ttl.py::test_async_search_with_ttl,6,pass
tests/test_ttl.py::test_async_search_with_ttl,7,pass
tests/test_ttl.py::test_async_search_with_ttl,8,pass
tests/test_ttl.py::test_async_search_with_ttl,9,pass
tests/test_ttl.py::test_async_search_with_ttl,10,pass
tests/test_ttl.py::test_async_search_with_ttl,11,pass
tests/test_ttl.py::test_async_search_with_ttl,12,pass
tests/test_ttl.py::test_async_search_with_ttl,13,pass
tests/test_ttl.py::test_async_search_with_ttl,14,pass
tests/test_ttl.py::test_async_search_with_ttl,15,pass
tests/test_ttl.py::test_async_search_with_ttl,16,pass
tests/test_ttl.py::test_async_search_with_ttl,17,pass
tests/test_ttl.py::test_async_search_with_ttl,18,pass
tests/test_ttl.py::test_async_search_with_ttl,19,pass
tests/test_ttl.py::test_async_search_with_ttl,20,pass
tests/test_ttl.py::test_async_search_with_ttl,21,pass
tests/test_ttl.py::test_async_search_with_ttl,22,pass
tests/test_ttl.py::test_async_search_with_ttl,23,pass
tests/test_ttl.py::test_async_search_with_ttl,24,pass
tests/test_ttl.py::test_async_search_with_ttl,25,pass
tests/test_ttl.py::test_async_search_with_ttl,26,pass
tests/test_ttl.py::test_async_search_with_ttl,27,pass
tests/test_ttl.py::test_async_search_with_ttl,28,pass
tests/test_ttl.py::test_async_search_with_ttl,29,pass
tests/test_ttl.py::test_async_search_with_ttl,30,pass
tests/test_ttl.py::test_async_search_with_ttl,31,pass
tests/test_ttl.py::test_async_search_with_ttl,32,pass
tests/test_ttl.py::test_async_search_with_ttl,33,pass
tests/test_ttl.py::test_async_search_with_ttl,34,pass
tests/test_ttl.py::test_async_search_with_ttl,35,pass
tests/test_ttl.py::test_async_search_with_ttl,36,pass
tests/test_ttl.py::test_async_search_with_ttl,37,pass
tests/test_ttl.py::test_async_search_with_ttl,38,pass
tests/test_ttl.py::test_async_search_with_ttl,39,pass
tests/test_ttl.py::test_async_search_with_ttl,40,pass
tests/test_ttl.py::test_async_search_with_ttl,41,pass
tests/test_ttl.py::test_async_search_with_ttl,42,pass
tests/test_ttl.py::test_async_search_with_ttl,43,pass
tests/test_ttl.py::test_async_search_with_ttl,44,pass
tests/test_ttl.py::test_async_search_with_ttl,45,pass
tests/test_ttl.py::test_async_search_with_ttl,46,pass
tests/test_ttl.py::test_async_search_with_ttl,47,pass
tests/test_ttl.py::test_async_search_with_ttl,48,pass
tests/test_ttl.py::test_async_search_with_ttl,49,pass
tests/test_ttl.py::test_async_search_with_ttl,50,pass
tests/test_ttl.py::test_async_ttl_basic,1,pass
tests/test_ttl.py::test_async_ttl_basic,2,pass
tests/test_ttl.py::test_async_ttl_basic,3,pass
tests/test_ttl.py::test_async_ttl_basic,4,pass
tests/test_ttl.py::test_async_ttl_basic,5,pass
tests/test_ttl.py::test_async_ttl_basic,6,pass
tests/test_ttl.py::test_async_ttl_basic,7,pass
tests/test_ttl.py::test_async_ttl_basic,8,pass
tests/test_ttl.py::test_async_ttl_basic,9,pass
tests/test_ttl.py::test_async_ttl_basic,10,pass
tests/test_ttl.py::test_async_ttl_basic,11,pass
tests/test_ttl.py::test_async_ttl_basic,12,pass
tests/test_ttl.py::test_async_ttl_basic,13,pass
tests/test_ttl.py::test_async_ttl_basic,14,pass
tests/test_ttl.py::test_async_ttl_basic,15,pass
tests/test_ttl.py::test_async_ttl_basic,16,pass
tests/test_ttl.py::test_async_ttl_basic,17,pass
tests/test_ttl.py::test_async_ttl_basic,18,pass
tests/test_ttl.py::test_async_ttl_basic,19,pass
tests/test_ttl.py::test_async_ttl_basic,20,pass
tests/test_ttl.py::test_async_ttl_basic,21,pass
tests/test_ttl.py::test_async_ttl_basic,22,pass
tests/test_ttl.py::test_async_ttl_basic,23,pass
tests/test_ttl.py::test_async_ttl_basic,24,pass
tests/test_ttl.py::test_async_ttl_basic,25,pass
tests/test_ttl.py::test_async_ttl_basic,26,pass
tests/test_ttl.py::test_async_ttl_basic,27,pass
tests/test_ttl.py::test_async_ttl_basic,28,pass
tests/test_ttl.py::test_async_ttl_basic,29,pass
tests/test_ttl.py::test_async_ttl_basic,30,pass
tests/test_ttl.py::test_async_ttl_basic,31,pass
tests/test_ttl.py::test_async_ttl_basic,32,pass
tests/test_ttl.py::test_async_ttl_basic,33,pass
tests/test_ttl.py::test_async_ttl_basic,34,pass
tests/test_ttl.py::test_async_ttl_basic,35,pass
tests/test_ttl.py::test_async_ttl_basic,36,pass
tests/test_ttl.py::test_async_ttl_basic,37,pass
tests/test_ttl.py::test_async_ttl_basic,38,pass
tests/test_ttl.py::test_async_ttl_basic,39,pass
tests/test_ttl.py::test_async_ttl_basic,40,pass
tests/test_ttl.py::test_async_ttl_basic,41,pass
tests/test_ttl.py::test_async_ttl_basic,42,pass
tests/test_ttl.py::test_async_ttl_basic,43,pass
tests/test_ttl.py::test_async_ttl_basic,44,pass
tests/test_ttl.py::test_async_ttl_basic,45,pass
tests/test_ttl.py::test_async_ttl_basic,46,pass
tests/test_ttl.py::test_async_ttl_basic,47,pass
tests/test_ttl.py::test_async_ttl_basic,48,pass
tests/test_ttl.py::test_async_ttl_basic,49,pass
tests/test_ttl.py::test_async_ttl_basic,50,pass
tests/test_ttl.py::test_async_ttl_refresh,1,pass
tests/test_ttl.py::test_async_ttl_refresh,2,pass
tests/test_ttl.py::test_async_ttl_refresh,3,pass
tests/test_ttl.py::test_async_ttl_refresh,4,pass
tests/test_ttl.py::test_async_ttl_refresh,5,pass
tests/test_ttl.py::test_async_ttl_refresh,6,pass
tests/test_ttl.py::test_async_ttl_refresh,7,pass
tests/test_ttl.py::test_async_ttl_refresh,8,pass
tests/test_ttl.py::test_async_ttl_refresh,9,pass
tests/test_ttl.py::test_async_ttl_refresh,10,pass
tests/test_ttl.py::test_async_ttl_refresh,11,pass
tests/test_ttl.py::test_async_ttl_refresh,12,pass
tests/test_ttl.py::test_async_ttl_refresh,13,pass
tests/test_ttl.py::test_async_ttl_refresh,14,pass
tests/test_ttl.py::test_async_ttl_refresh,15,pass
tests/test_ttl.py::test_async_ttl_refresh,16,pass
tests/test_ttl.py::test_async_ttl_refresh,17,pass
tests/test_ttl.py::test_async_ttl_refresh,18,pass
tests/test_ttl.py::test_async_ttl_refresh,19,pass
tests/test_ttl.py::test_async_ttl_refresh,20,pass
tests/test_ttl.py::test_async_ttl_refresh,21,pass
tests/test_ttl.py::test_async_ttl_refresh,22,pass
tests/test_ttl.py::test_async_ttl_refresh,23,pass
tests/test_ttl.py::test_async_ttl_refresh,24,pass
tests/test_ttl.py::test_async_ttl_refresh,25,pass
tests/test_ttl.py::test_async_ttl_refresh,26,pass
tests/test_ttl.py::test_async_ttl_refresh,27,pass
tests/test_ttl.py::test_async_ttl_refresh,28,pass
tests/test_ttl.py::test_async_ttl_refresh,29,pass
tests/test_ttl.py::test_async_ttl_refresh,30,pass
tests/test_ttl.py::test_async_ttl_refresh,31,pass
tests/test_ttl.py::test_async_ttl_refresh,32,pass
tests/test_ttl.py::test_async_ttl_refresh,33,pass
tests/test_ttl.py::test_async_ttl_refresh,34,pass
tests/test_ttl.py::test_async_ttl_refresh,35,pass
tests/test_ttl.py::test_async_ttl_refresh,36,pass
tests/test_ttl.py::test_async_ttl_refresh,37,pass
tests/test_ttl.py::test_async_ttl_refresh,38,pass
tests/test_ttl.py::test_async_ttl_refresh,39,pass
tests/test_ttl.py::test_async_ttl_refresh,40,pass
tests/test_ttl.py::test_async_ttl_refresh,41,pass
tests/test_ttl.py::test_async_ttl_refresh,42,pass
tests/test_ttl.py::test_async_ttl_refresh,43,pass
tests/test_ttl.py::test_async_ttl_refresh,44,pass
tests/test_ttl.py::test_async_ttl_refresh,45,pass
tests/test_ttl.py::test_async_ttl_refresh,46,pass
tests/test_ttl.py::test_async_ttl_refresh,47,pass
tests/test_ttl.py::test_async_ttl_refresh,48,pass
tests/test_ttl.py::test_async_ttl_refresh,49,pass
tests/test_ttl.py::test_async_ttl_refresh,50,pass
tests/test_ttl.py::test_async_ttl_sweeper,1,pass
tests/test_ttl.py::test_async_ttl_sweeper,2,pass
tests/test_ttl.py::test_async_ttl_sweeper,3,pass
tests/test_ttl.py::test_async_ttl_sweeper,4,pass
tests/test_ttl.py::test_async_ttl_sweeper,5,pass
tests/test_ttl.py::test_async_ttl_sweeper,6,pass
tests/test_ttl.py::test_async_ttl_sweeper,7,pass
tests/test_ttl.py::test_async_ttl_sweeper,8,pass
tests/test_ttl.py::test_async_ttl_sweeper,9,pass
tests/test_ttl.py::test_async_ttl_sweeper,10,pass
tests/test_ttl.py::test_async_ttl_sweeper,11,pass
tests/test_ttl.py::test_async_ttl_sweeper,12,pass
tests/test_ttl.py::test_async_ttl_sweeper,13,pass
tests/test_ttl.py::test_async_ttl_sweeper,14,pass
tests/test_ttl.py::test_async_ttl_sweeper,15,pass
tests/test_ttl.py::test_async_ttl_sweeper,16,pass
tests/test_ttl.py::test_async_ttl_sweeper,17,pass
tests/test_ttl.py::test_async_ttl_sweeper,18,pass
tests/test_ttl.py::test_async_ttl_sweeper,19,pass
tests/test_ttl.py::test_async_ttl_sweeper,20,pass
tests/test_ttl.py::test_async_ttl_sweeper,21,pass
tests/test_ttl.py::test_async_ttl_sweeper,22,pass
tests/test_ttl.py::test_async_ttl_sweeper,23,pass
tests/test_ttl.py::test_async_ttl_sweeper,24,pass
tests/test_ttl.py::test_async_ttl_sweeper,25,pass
tests/test_ttl.py::test_async_ttl_sweeper,26,pass
tests/test_ttl.py::test_async_ttl_sweeper,27,pass
tests/test_ttl.py::test_async_ttl_sweeper,28,pass
tests/test_ttl.py::test_async_ttl_sweeper,29,pass
tests/test_ttl.py::test_async_ttl_sweeper,30,pass
tests/test_ttl.py::test_async_ttl_sweeper,31,pass
tests/test_ttl.py::test_async_ttl_sweeper,32,pass
tests/test_ttl.py::test_async_ttl_sweeper,33,pass
tests/test_ttl.py::test_async_ttl_sweeper,34,pass
tests/test_ttl.py::test_async_ttl_sweeper,35,pass
tests/test_ttl.py::test_async_ttl_sweeper,36,pass
tests/test_ttl.py::test_async_ttl_sweeper,37,pass
tests/test_ttl.py::test_async_ttl_sweeper,38,pass
tests/test_ttl.py::test_async_ttl_sweeper,39,pass
tests/test_ttl.py::test_async_ttl_sweeper,40,pass
tests/test_ttl.py::test_async_ttl_sweeper,41,pass
tests/test_ttl.py::test_async_ttl_sweeper,42,pass
tests/test_ttl.py::test_async_ttl_sweeper,43,pass
tests/test_ttl.py::test_async_ttl_sweeper,44,pass
tests/test_ttl.py::test_async_ttl_sweeper,45,pass
tests/test_ttl.py::test_async_ttl_sweeper,46,pass
tests/test_ttl.py::test_async_ttl_sweeper,47,pass
tests/test_ttl.py::test_async_ttl_sweeper,48,pass
tests/test_ttl.py::test_async_ttl_sweeper,49,pass
tests/test_ttl.py::test_async_ttl_sweeper,50,pass
tests/test_store.py::test_batch_order[file],1,pass
tests/test_store.py::test_batch_order[file],2,pass
tests/test_store.py::test_batch_order[file],3,pass
tests/test_store.py::test_batch_order[file],4,pass
tests/test_store.py::test_batch_order[file],5,pass
tests/test_store.py::test_batch_order[file],6,pass
tests/test_store.py::test_batch_order[file],7,pass
tests/test_store.py::test_batch_order[file],8,pass
tests/test_store.py::test_batch_order[file],9,pass
tests/test_store.py::test_batch_order[file],10,pass
tests/test_store.py::test_batch_order[file],11,pass
tests/test_store.py::test_batch_order[file],12,pass
tests/test_store.py::test_batch_order[file],13,pass
tests/test_store.py::test_batch_order[file],14,pass
tests/test_store.py::test_batch_order[file],15,pass
tests/test_store.py::test_batch_order[file],16,pass
tests/test_store.py::test_batch_order[file],17,pass
tests/test_store.py::test_batch_order[file],18,pass
tests/test_store.py::test_batch_order[file],19,pass
tests/test_store.py::test_batch_order[file],20,pass
tests/test_store.py::test_batch_order[file],21,pass
tests/test_store.py::test_batch_order[file],22,pass
tests/test_store.py::test_batch_order[file],23,pass
tests/test_store.py::test_batch_order[file],24,pass
tests/test_store.py::test_batch_order[file],25,pass
tests/test_store.py::test_batch_order[file],26,pass
tests/test_store.py::test_batch_order[file],27,pass
tests/test_store.py::test_batch_order[file],28,pass
tests/test_store.py::test_batch_order[file],29,pass
tests/test_store.py::test_batch_order[file],30,pass
tests/test_store.py::test_batch_order[file],31,pass
tests/test_store.py::test_batch_order[file],32,pass
tests/test_store.py::test_batch_order[file],33,pass
tests/test_store.py::test_batch_order[file],34,pass
tests/test_store.py::test_batch_order[file],35,pass
tests/test_store.py::test_batch_order[file],36,pass
tests/test_store.py::test_batch_order[file],37,pass
tests/test_store.py::test_batch_order[file],38,pass
tests/test_store.py::test_batch_order[file],39,pass
tests/test_store.py::test_batch_order[file],40,pass
tests/test_store.py::test_batch_order[file],41,pass
tests/test_store.py::test_batch_order[file],42,pass
tests/test_store.py::test_batch_order[file],43,pass
tests/test_store.py::test_batch_order[file],44,pass
tests/test_store.py::test_batch_order[file],45,pass
tests/test_store.py::test_batch_order[file],46,pass
tests/test_store.py::test_batch_order[file],47,pass
tests/test_store.py::test_batch_order[file],48,pass
tests/test_store.py::test_batch_order[file],49,pass
tests/test_store.py::test_batch_order[file],50,pass
tests/test_store.py::test_batch_order[memory],1,pass
tests/test_store.py::test_batch_order[memory],2,pass
tests/test_store.py::test_batch_order[memory],3,pass
tests/test_store.py::test_batch_order[memory],4,pass
tests/test_store.py::test_batch_order[memory],5,pass
tests/test_store.py::test_batch_order[memory],6,pass
tests/test_store.py::test_batch_order[memory],7,pass
tests/test_store.py::test_batch_order[memory],8,pass
tests/test_store.py::test_batch_order[memory],9,pass
tests/test_store.py::test_batch_order[memory],10,pass
tests/test_store.py::test_batch_order[memory],11,pass
tests/test_store.py::test_batch_order[memory],12,pass
tests/test_store.py::test_batch_order[memory],13,pass
tests/test_store.py::test_batch_order[memory],14,pass
tests/test_store.py::test_batch_order[memory],15,pass
tests/test_store.py::test_batch_order[memory],16,pass
tests/test_store.py::test_batch_order[memory],17,pass
tests/test_store.py::test_batch_order[memory],18,pass
tests/test_store.py::test_batch_order[memory],19,pass
tests/test_store.py::test_batch_order[memory],20,pass
tests/test_store.py::test_batch_order[memory],21,pass
tests/test_store.py::test_batch_order[memory],22,pass
tests/test_store.py::test_batch_order[memory],23,pass
tests/test_store.py::test_batch_order[memory],24,pass
tests/test_store.py::test_batch_order[memory],25,pass
tests/test_store.py::test_batch_order[memory],26,pass
tests/test_store.py::test_batch_order[memory],27,pass
tests/test_store.py::test_batch_order[memory],28,pass
tests/test_store.py::test_batch_order[memory],29,pass
tests/test_store.py::test_batch_order[memory],30,pass
tests/test_store.py::test_batch_order[memory],31,pass
tests/test_store.py::test_batch_order[memory],32,pass
tests/test_store.py::test_batch_order[memory],33,pass
tests/test_store.py::test_batch_order[memory],34,pass
tests/test_store.py::test_batch_order[memory],35,pass
tests/test_store.py::test_batch_order[memory],36,pass
tests/test_store.py::test_batch_order[memory],37,pass
tests/test_store.py::test_batch_order[memory],38,pass
tests/test_store.py::test_batch_order[memory],39,pass
tests/test_store.py::test_batch_order[memory],40,pass
tests/test_store.py::test_batch_order[memory],41,pass
tests/test_store.py::test_batch_order[memory],42,pass
tests/test_store.py::test_batch_order[memory],43,pass
tests/test_store.py::test_batch_order[memory],44,pass
tests/test_store.py::test_batch_order[memory],45,pass
tests/test_store.py::test_batch_order[memory],46,pass
tests/test_store.py::test_batch_order[memory],47,pass
tests/test_store.py::test_batch_order[memory],48,pass
tests/test_store.py::test_batch_order[memory],49,pass
tests/test_store.py::test_batch_order[memory],50,pass
tests/test_sqlite.py::TestSqliteSaver::test_checkpoint_search_sql_injection_prevention,1,pass
tests/test_sqlite.py::TestSqliteSaver::test_checkpoint_search_sql_injection_prevention,2,pass
tests/test_sqlite.py::TestSqliteSaver::test_checkpoint_search_sql_injection_prevention,3,pass
tests/test_sqlite.py::TestSqliteSaver::test_checkpoint_search_sql_injection_prevention,4,pass
tests/test_sqlite.py::TestSqliteSaver::test_checkpoint_search_sql_injection_prevention,5,pass
tests/test_sqlite.py::TestSqliteSaver::test_checkpoint_search_sql_injection_prevention,6,pass
tests/test_sqlite.py::TestSqliteSaver::test_checkpoint_search_sql_injection_prevention,7,pass
tests/test_sqlite.py::TestSqliteSaver::test_checkpoint_search_sql_injection_prevention,8,pass
tests/test_sqlite.py::TestSqliteSaver::test_checkpoint_search_sql_injection_prevention,9,pass
tests/test_sqlite.py::TestSqliteSaver::test_checkpoint_search_sql_injection_prevention,10,pass
tests/test_sqlite.py::TestSqliteSaver::test_checkpoint_search_sql_injection_prevention,11,pass
tests/test_sqlite.py::TestSqliteSaver::test_checkpoint_search_sql_injection_prevention,12,pass
tests/test_sqlite.py::TestSqliteSaver::test_checkpoint_search_sql_injection_prevention,13,pass
tests/test_sqlite.py::TestSqliteSaver::test_checkpoint_search_sql_injection_prevention,14,pass
tests/test_sqlite.py::TestSqliteSaver::test_checkpoint_search_sql_injection_prevention,15,pass
tests/test_sqlite.py::TestSqliteSaver::test_checkpoint_search_sql_injection_prevention,16,pass
tests/test_sqlite.py::TestSqliteSaver::test_checkpoint_search_sql_injection_prevention,17,pass
tests/test_sqlite.py::TestSqliteSaver::test_checkpoint_search_sql_injection_prevention,18,pass
tests/test_sqlite.py::TestSqliteSaver::test_checkpoint_search_sql_injection_prevention,19,pass
tests/test_sqlite.py::TestSqliteSaver::test_checkpoint_search_sql_injection_prevention,20,pass
tests/test_sqlite.py::TestSqliteSaver::test_checkpoint_search_sql_injection_prevention,21,pass
tests/test_sqlite.py::TestSqliteSaver::test_checkpoint_search_sql_injection_prevention,22,pass
tests/test_sqlite.py::TestSqliteSaver::test_checkpoint_search_sql_injection_prevention,23,pass
tests/test_sqlite.py::TestSqliteSaver::test_checkpoint_search_sql_injection_prevention,24,pass
tests/test_sqlite.py::TestSqliteSaver::test_checkpoint_search_sql_injection_prevention,25,pass
tests/test_sqlite.py::TestSqliteSaver::test_checkpoint_search_sql_injection_prevention,26,pass
tests/test_sqlite.py::TestSqliteSaver::test_checkpoint_search_sql_injection_prevention,27,pass
tests/test_sqlite.py::TestSqliteSaver::test_checkpoint_search_sql_injection_prevention,28,pass
tests/test_sqlite.py::TestSqliteSaver::test_checkpoint_search_sql_injection_prevention,29,pass
tests/test_sqlite.py::TestSqliteSaver::test_checkpoint_search_sql_injection_prevention,30,pass
tests/test_sqlite.py::TestSqliteSaver::test_checkpoint_search_sql_injection_prevention,31,pass
tests/test_sqlite.py::TestSqliteSaver::test_checkpoint_search_sql_injection_prevention,32,pass
tests/test_sqlite.py::TestSqliteSaver::test_checkpoint_search_sql_injection_prevention,33,pass
tests/test_sqlite.py::TestSqliteSaver::test_checkpoint_search_sql_injection_prevention,34,pass
tests/test_sqlite.py::TestSqliteSaver::test_checkpoint_search_sql_injection_prevention,35,pass
tests/test_sqlite.py::TestSqliteSaver::test_checkpoint_search_sql_injection_prevention,36,pass
tests/test_sqlite.py::TestSqliteSaver::test_checkpoint_search_sql_injection_prevention,37,pass
tests/test_sqlite.py::TestSqliteSaver::test_checkpoint_search_sql_injection_prevention,38,pass
tests/test_sqlite.py::TestSqliteSaver::test_checkpoint_search_sql_injection_prevention,39,pass
tests/test_sqlite.py::TestSqliteSaver::test_checkpoint_search_sql_injection_prevention,40,pass
tests/test_sqlite.py::TestSqliteSaver::test_checkpoint_search_sql_injection_prevention,41,pass
tests/test_sqlite.py::TestSqliteSaver::test_checkpoint_search_sql_injection_prevention,42,pass
tests/test_sqlite.py::TestSqliteSaver::test_checkpoint_search_sql_injection_prevention,43,pass
tests/test_sqlite.py::TestSqliteSaver::test_checkpoint_search_sql_injection_prevention,44,pass
tests/test_sqlite.py::TestSqliteSaver::test_checkpoint_search_sql_injection_prevention,45,pass
tests/test_sqlite.py::TestSqliteSaver::test_checkpoint_search_sql_injection_prevention,46,pass
tests/test_sqlite.py::TestSqliteSaver::test_checkpoint_search_sql_injection_prevention,47,pass
tests/test_sqlite.py::TestSqliteSaver::test_checkpoint_search_sql_injection_prevention,48,pass
tests/test_sqlite.py::TestSqliteSaver::test_checkpoint_search_sql_injection_prevention,49,pass
tests/test_sqlite.py::TestSqliteSaver::test_checkpoint_search_sql_injection_prevention,50,pass
tests/test_sqlite.py::TestSqliteSaver::test_combined_metadata,1,pass
tests/test_sqlite.py::TestSqliteSaver::test_combined_metadata,2,pass
tests/test_sqlite.py::TestSqliteSaver::test_combined_metadata,3,pass
tests/test_sqlite.py::TestSqliteSaver::test_combined_metadata,4,pass
tests/test_sqlite.py::TestSqliteSaver::test_combined_metadata,5,pass
tests/test_sqlite.py::TestSqliteSaver::test_combined_metadata,6,pass
tests/test_sqlite.py::TestSqliteSaver::test_combined_metadata,7,pass
tests/test_sqlite.py::TestSqliteSaver::test_combined_metadata,8,pass
tests/test_sqlite.py::TestSqliteSaver::test_combined_metadata,9,pass
tests/test_sqlite.py::TestSqliteSaver::test_combined_metadata,10,pass
tests/test_sqlite.py::TestSqliteSaver::test_combined_metadata,11,pass
tests/test_sqlite.py::TestSqliteSaver::test_combined_metadata,12,pass
tests/test_sqlite.py::TestSqliteSaver::test_combined_metadata,13,pass
tests/test_sqlite.py::TestSqliteSaver::test_combined_metadata,14,pass
tests/test_sqlite.py::TestSqliteSaver::test_combined_metadata,15,pass
tests/test_sqlite.py::TestSqliteSaver::test_combined_metadata,16,pass
tests/test_sqlite.py::TestSqliteSaver::test_combined_metadata,17,pass
tests/test_sqlite.py::TestSqliteSaver::test_combined_metadata,18,pass
tests/test_sqlite.py::TestSqliteSaver::test_combined_metadata,19,pass
tests/test_sqlite.py::TestSqliteSaver::test_combined_metadata,20,pass
tests/test_sqlite.py::TestSqliteSaver::test_combined_metadata,21,pass
tests/test_sqlite.py::TestSqliteSaver::test_combined_metadata,22,pass
tests/test_sqlite.py::TestSqliteSaver::test_combined_metadata,23,pass
tests/test_sqlite.py::TestSqliteSaver::test_combined_metadata,24,pass
tests/test_sqlite.py::TestSqliteSaver::test_combined_metadata,25,pass
tests/test_sqlite.py::TestSqliteSaver::test_combined_metadata,26,pass
tests/test_sqlite.py::TestSqliteSaver::test_combined_metadata,27,pass
tests/test_sqlite.py::TestSqliteSaver::test_combined_metadata,28,pass
tests/test_sqlite.py::TestSqliteSaver::test_combined_metadata,29,pass
tests/test_sqlite.py::TestSqliteSaver::test_combined_metadata,30,pass
tests/test_sqlite.py::TestSqliteSaver::test_combined_metadata,31,pass
tests/test_sqlite.py::TestSqliteSaver::test_combined_metadata,32,pass
tests/test_sqlite.py::TestSqliteSaver::test_combined_metadata,33,pass
tests/test_sqlite.py::TestSqliteSaver::test_combined_metadata,34,pass
tests/test_sqlite.py::TestSqliteSaver::test_combined_metadata,35,pass
tests/test_sqlite.py::TestSqliteSaver::test_combined_metadata,36,pass
tests/test_sqlite.py::TestSqliteSaver::test_combined_metadata,37,pass
tests/test_sqlite.py::TestSqliteSaver::test_combined_metadata,38,pass
tests/test_sqlite.py::TestSqliteSaver::test_combined_metadata,39,pass
tests/test_sqlite.py::TestSqliteSaver::test_combined_metadata,40,pass
tests/test_sqlite.py::TestSqliteSaver::test_combined_metadata,41,pass
tests/test_sqlite.py::TestSqliteSaver::test_combined_metadata,42,pass
tests/test_sqlite.py::TestSqliteSaver::test_combined_metadata,43,pass
tests/test_sqlite.py::TestSqliteSaver::test_combined_metadata,44,pass
tests/test_sqlite.py::TestSqliteSaver::test_combined_metadata,45,pass
tests/test_sqlite.py::TestSqliteSaver::test_combined_metadata,46,pass
tests/test_sqlite.py::TestSqliteSaver::test_combined_metadata,47,pass
tests/test_sqlite.py::TestSqliteSaver::test_combined_metadata,48,pass
tests/test_sqlite.py::TestSqliteSaver::test_combined_metadata,49,pass
tests/test_sqlite.py::TestSqliteSaver::test_combined_metadata,50,pass
tests/test_sqlite.py::TestSqliteSaver::test_limit_parameter_sql_injection_prevention,1,pass
tests/test_sqlite.py::TestSqliteSaver::test_limit_parameter_sql_injection_prevention,2,pass
tests/test_sqlite.py::TestSqliteSaver::test_limit_parameter_sql_injection_prevention,3,pass
tests/test_sqlite.py::TestSqliteSaver::test_limit_parameter_sql_injection_prevention,4,pass
tests/test_sqlite.py::TestSqliteSaver::test_limit_parameter_sql_injection_prevention,5,pass
tests/test_sqlite.py::TestSqliteSaver::test_limit_parameter_sql_injection_prevention,6,pass
tests/test_sqlite.py::TestSqliteSaver::test_limit_parameter_sql_injection_prevention,7,pass
tests/test_sqlite.py::TestSqliteSaver::test_limit_parameter_sql_injection_prevention,8,pass
tests/test_sqlite.py::TestSqliteSaver::test_limit_parameter_sql_injection_prevention,9,pass
tests/test_sqlite.py::TestSqliteSaver::test_limit_parameter_sql_injection_prevention,10,pass
tests/test_sqlite.py::TestSqliteSaver::test_limit_parameter_sql_injection_prevention,11,pass
tests/test_sqlite.py::TestSqliteSaver::test_limit_parameter_sql_injection_prevention,12,pass
tests/test_sqlite.py::TestSqliteSaver::test_limit_parameter_sql_injection_prevention,13,pass
tests/test_sqlite.py::TestSqliteSaver::test_limit_parameter_sql_injection_prevention,14,pass
tests/test_sqlite.py::TestSqliteSaver::test_limit_parameter_sql_injection_prevention,15,pass
tests/test_sqlite.py::TestSqliteSaver::test_limit_parameter_sql_injection_prevention,16,pass
tests/test_sqlite.py::TestSqliteSaver::test_limit_parameter_sql_injection_prevention,17,pass
tests/test_sqlite.py::TestSqliteSaver::test_limit_parameter_sql_injection_prevention,18,pass
tests/test_sqlite.py::TestSqliteSaver::test_limit_parameter_sql_injection_prevention,19,pass
tests/test_sqlite.py::TestSqliteSaver::test_limit_parameter_sql_injection_prevention,20,pass
tests/test_sqlite.py::TestSqliteSaver::test_limit_parameter_sql_injection_prevention,21,pass
tests/test_sqlite.py::TestSqliteSaver::test_limit_parameter_sql_injection_prevention,22,pass
tests/test_sqlite.py::TestSqliteSaver::test_limit_parameter_sql_injection_prevention,23,pass
tests/test_sqlite.py::TestSqliteSaver::test_limit_parameter_sql_injection_prevention,24,pass
tests/test_sqlite.py::TestSqliteSaver::test_limit_parameter_sql_injection_prevention,25,pass
tests/test_sqlite.py::TestSqliteSaver::test_limit_parameter_sql_injection_prevention,26,pass
tests/test_sqlite.py::TestSqliteSaver::test_limit_parameter_sql_injection_prevention,27,pass
tests/test_sqlite.py::TestSqliteSaver::test_limit_parameter_sql_injection_prevention,28,pass
tests/test_sqlite.py::TestSqliteSaver::test_limit_parameter_sql_injection_prevention,29,pass
tests/test_sqlite.py::TestSqliteSaver::test_limit_parameter_sql_injection_prevention,30,pass
tests/test_sqlite.py::TestSqliteSaver::test_limit_parameter_sql_injection_prevention,31,pass
tests/test_sqlite.py::TestSqliteSaver::test_limit_parameter_sql_injection_prevention,32,pass
tests/test_sqlite.py::TestSqliteSaver::test_limit_parameter_sql_injection_prevention,33,pass
tests/test_sqlite.py::TestSqliteSaver::test_limit_parameter_sql_injection_prevention,34,pass
tests/test_sqlite.py::TestSqliteSaver::test_limit_parameter_sql_injection_prevention,35,pass
tests/test_sqlite.py::TestSqliteSaver::test_limit_parameter_sql_injection_prevention,36,pass
tests/test_sqlite.py::TestSqliteSaver::test_limit_parameter_sql_injection_prevention,37,pass
tests/test_sqlite.py::TestSqliteSaver::test_limit_parameter_sql_injection_prevention,38,pass
tests/test_sqlite.py::TestSqliteSaver::test_limit_parameter_sql_injection_prevention,39,pass
tests/test_sqlite.py::TestSqliteSaver::test_limit_parameter_sql_injection_prevention,40,pass
tests/test_sqlite.py::TestSqliteSaver::test_limit_parameter_sql_injection_prevention,41,pass
tests/test_sqlite.py::TestSqliteSaver::test_limit_parameter_sql_injection_prevention,42,pass
tests/test_sqlite.py::TestSqliteSaver::test_limit_parameter_sql_injection_prevention,43,pass
tests/test_sqlite.py::TestSqliteSaver::test_limit_parameter_sql_injection_prevention,44,pass
tests/test_sqlite.py::TestSqliteSaver::test_limit_parameter_sql_injection_prevention,45,pass
tests/test_sqlite.py::TestSqliteSaver::test_limit_parameter_sql_injection_prevention,46,pass
tests/test_sqlite.py::TestSqliteSaver::test_limit_parameter_sql_injection_prevention,47,pass
tests/test_sqlite.py::TestSqliteSaver::test_limit_parameter_sql_injection_prevention,48,pass
tests/test_sqlite.py::TestSqliteSaver::test_limit_parameter_sql_injection_prevention,49,pass
tests/test_sqlite.py::TestSqliteSaver::test_limit_parameter_sql_injection_prevention,50,pass
tests/test_sqlite.py::TestSqliteSaver::test_metadata_filter_keys_with_hyphens_and_digits,1,pass
tests/test_sqlite.py::TestSqliteSaver::test_metadata_filter_keys_with_hyphens_and_digits,2,pass
tests/test_sqlite.py::TestSqliteSaver::test_metadata_filter_keys_with_hyphens_and_digits,3,pass
tests/test_sqlite.py::TestSqliteSaver::test_metadata_filter_keys_with_hyphens_and_digits,4,pass
tests/test_sqlite.py::TestSqliteSaver::test_metadata_filter_keys_with_hyphens_and_digits,5,pass
tests/test_sqlite.py::TestSqliteSaver::test_metadata_filter_keys_with_hyphens_and_digits,6,pass
tests/test_sqlite.py::TestSqliteSaver::test_metadata_filter_keys_with_hyphens_and_digits,7,pass
tests/test_sqlite.py::TestSqliteSaver::test_metadata_filter_keys_with_hyphens_and_digits,8,pass
tests/test_sqlite.py::TestSqliteSaver::test_metadata_filter_keys_with_hyphens_and_digits,9,pass
tests/test_sqlite.py::TestSqliteSaver::test_metadata_filter_keys_with_hyphens_and_digits,10,pass
tests/test_sqlite.py::TestSqliteSaver::test_metadata_filter_keys_with_hyphens_and_digits,11,pass
tests/test_sqlite.py::TestSqliteSaver::test_metadata_filter_keys_with_hyphens_and_digits,12,pass
tests/test_sqlite.py::TestSqliteSaver::test_metadata_filter_keys_with_hyphens_and_digits,13,pass
tests/test_sqlite.py::TestSqliteSaver::test_metadata_filter_keys_with_hyphens_and_digits,14,pass
tests/test_sqlite.py::TestSqliteSaver::test_metadata_filter_keys_with_hyphens_and_digits,15,pass
tests/test_sqlite.py::TestSqliteSaver::test_metadata_filter_keys_with_hyphens_and_digits,16,pass
tests/test_sqlite.py::TestSqliteSaver::test_metadata_filter_keys_with_hyphens_and_digits,17,pass
tests/test_sqlite.py::TestSqliteSaver::test_metadata_filter_keys_with_hyphens_and_digits,18,pass
tests/test_sqlite.py::TestSqliteSaver::test_metadata_filter_keys_with_hyphens_and_digits,19,pass
tests/test_sqlite.py::TestSqliteSaver::test_metadata_filter_keys_with_hyphens_and_digits,20,pass
tests/test_sqlite.py::TestSqliteSaver::test_metadata_filter_keys_with_hyphens_and_digits,21,pass
tests/test_sqlite.py::TestSqliteSaver::test_metadata_filter_keys_with_hyphens_and_digits,22,pass
tests/test_sqlite.py::TestSqliteSaver::test_metadata_filter_keys_with_hyphens_and_digits,23,pass
tests/test_sqlite.py::TestSqliteSaver::test_metadata_filter_keys_with_hyphens_and_digits,24,pass
tests/test_sqlite.py::TestSqliteSaver::test_metadata_filter_keys_with_hyphens_and_digits,25,pass
tests/test_sqlite.py::TestSqliteSaver::test_metadata_filter_keys_with_hyphens_and_digits,26,pass
tests/test_sqlite.py::TestSqliteSaver::test_metadata_filter_keys_with_hyphens_and_digits,27,pass
tests/test_sqlite.py::TestSqliteSaver::test_metadata_filter_keys_with_hyphens_and_digits,28,pass
tests/test_sqlite.py::TestSqliteSaver::test_metadata_filter_keys_with_hyphens_and_digits,29,pass
tests/test_sqlite.py::TestSqliteSaver::test_metadata_filter_keys_with_hyphens_and_digits,30,pass
tests/test_sqlite.py::TestSqliteSaver::test_metadata_filter_keys_with_hyphens_and_digits,31,pass
tests/test_sqlite.py::TestSqliteSaver::test_metadata_filter_keys_with_hyphens_and_digits,32,pass
tests/test_sqlite.py::TestSqliteSaver::test_metadata_filter_keys_with_hyphens_and_digits,33,pass
tests/test_sqlite.py::TestSqliteSaver::test_metadata_filter_keys_with_hyphens_and_digits,34,pass
tests/test_sqlite.py::TestSqliteSaver::test_metadata_filter_keys_with_hyphens_and_digits,35,pass
tests/test_sqlite.py::TestSqliteSaver::test_metadata_filter_keys_with_hyphens_and_digits,36,pass
tests/test_sqlite.py::TestSqliteSaver::test_metadata_filter_keys_with_hyphens_and_digits,37,pass
tests/test_sqlite.py::TestSqliteSaver::test_metadata_filter_keys_with_hyphens_and_digits,38,pass
tests/test_sqlite.py::TestSqliteSaver::test_metadata_filter_keys_with_hyphens_and_digits,39,pass
tests/test_sqlite.py::TestSqliteSaver::test_metadata_filter_keys_with_hyphens_and_digits,40,pass
tests/test_sqlite.py::TestSqliteSaver::test_metadata_filter_keys_with_hyphens_and_digits,41,pass
tests/test_sqlite.py::TestSqliteSaver::test_metadata_filter_keys_with_hyphens_and_digits,42,pass
tests/test_sqlite.py::TestSqliteSaver::test_metadata_filter_keys_with_hyphens_and_digits,43,pass
tests/test_sqlite.py::TestSqliteSaver::test_metadata_filter_keys_with_hyphens_and_digits,44,pass
tests/test_sqlite.py::TestSqliteSaver::test_metadata_filter_keys_with_hyphens_and_digits,45,pass
tests/test_sqlite.py::TestSqliteSaver::test_metadata_filter_keys_with_hyphens_and_digits,46,pass
tests/test_sqlite.py::TestSqliteSaver::test_metadata_filter_keys_with_hyphens_and_digits,47,pass
tests/test_sqlite.py::TestSqliteSaver::test_metadata_filter_keys_with_hyphens_and_digits,48,pass
tests/test_sqlite.py::TestSqliteSaver::test_metadata_filter_keys_with_hyphens_and_digits,49,pass
tests/test_sqlite.py::TestSqliteSaver::test_metadata_filter_keys_with_hyphens_and_digits,50,pass
tests/test_sqlite.py::TestSqliteSaver::test_metadata_predicate,1,pass
tests/test_sqlite.py::TestSqliteSaver::test_metadata_predicate,2,pass
tests/test_sqlite.py::TestSqliteSaver::test_metadata_predicate,3,pass
tests/test_sqlite.py::TestSqliteSaver::test_metadata_predicate,4,pass
tests/test_sqlite.py::TestSqliteSaver::test_metadata_predicate,5,pass
tests/test_sqlite.py::TestSqliteSaver::test_metadata_predicate,6,pass
tests/test_sqlite.py::TestSqliteSaver::test_metadata_predicate,7,pass
tests/test_sqlite.py::TestSqliteSaver::test_metadata_predicate,8,pass
tests/test_sqlite.py::TestSqliteSaver::test_metadata_predicate,9,pass
tests/test_sqlite.py::TestSqliteSaver::test_metadata_predicate,10,pass
tests/test_sqlite.py::TestSqliteSaver::test_metadata_predicate,11,pass
tests/test_sqlite.py::TestSqliteSaver::test_metadata_predicate,12,pass
tests/test_sqlite.py::TestSqliteSaver::test_metadata_predicate,13,pass
tests/test_sqlite.py::TestSqliteSaver::test_metadata_predicate,14,pass
tests/test_sqlite.py::TestSqliteSaver::test_metadata_predicate,15,pass
tests/test_sqlite.py::TestSqliteSaver::test_metadata_predicate,16,pass
tests/test_sqlite.py::TestSqliteSaver::test_metadata_predicate,17,pass
tests/test_sqlite.py::TestSqliteSaver::test_metadata_predicate,18,pass
tests/test_sqlite.py::TestSqliteSaver::test_metadata_predicate,19,pass
tests/test_sqlite.py::TestSqliteSaver::test_metadata_predicate,20,pass
tests/test_sqlite.py::TestSqliteSaver::test_metadata_predicate,21,pass
tests/test_sqlite.py::TestSqliteSaver::test_metadata_predicate,22,pass
tests/test_sqlite.py::TestSqliteSaver::test_metadata_predicate,23,pass
tests/test_sqlite.py::TestSqliteSaver::test_metadata_predicate,24,pass
tests/test_sqlite.py::TestSqliteSaver::test_metadata_predicate,25,pass
tests/test_sqlite.py::TestSqliteSaver::test_metadata_predicate,26,pass
tests/test_sqlite.py::TestSqliteSaver::test_metadata_predicate,27,pass
tests/test_sqlite.py::TestSqliteSaver::test_metadata_predicate,28,pass
tests/test_sqlite.py::TestSqliteSaver::test_metadata_predicate,29,pass
tests/test_sqlite.py::TestSqliteSaver::test_metadata_predicate,30,pass
tests/test_sqlite.py::TestSqliteSaver::test_metadata_predicate,31,pass
tests/test_sqlite.py::TestSqliteSaver::test_metadata_predicate,32,pass
tests/test_sqlite.py::TestSqliteSaver::test_metadata_predicate,33,pass
tests/test_sqlite.py::TestSqliteSaver::test_metadata_predicate,34,pass
tests/test_sqlite.py::TestSqliteSaver::test_metadata_predicate,35,pass
tests/test_sqlite.py::TestSqliteSaver::test_metadata_predicate,36,pass
tests/test_sqlite.py::TestSqliteSaver::test_metadata_predicate,37,pass
tests/test_sqlite.py::TestSqliteSaver::test_metadata_predicate,38,pass
tests/test_sqlite.py::TestSqliteSaver::test_metadata_predicate,39,pass
tests/test_sqlite.py::TestSqliteSaver::test_metadata_predicate,40,pass
tests/test_sqlite.py::TestSqliteSaver::test_metadata_predicate,41,pass
tests/test_sqlite.py::TestSqliteSaver::test_metadata_predicate,42,pass
tests/test_sqlite.py::TestSqliteSaver::test_metadata_predicate,43,pass
tests/test_sqlite.py::TestSqliteSaver::test_metadata_predicate,44,pass
tests/test_sqlite.py::TestSqliteSaver::test_metadata_predicate,45,pass
tests/test_sqlite.py::TestSqliteSaver::test_metadata_predicate,46,pass
tests/test_sqlite.py::TestSqliteSaver::test_metadata_predicate,47,pass
tests/test_sqlite.py::TestSqliteSaver::test_metadata_predicate,48,pass
tests/test_sqlite.py::TestSqliteSaver::test_metadata_predicate,49,pass
tests/test_sqlite.py::TestSqliteSaver::test_metadata_predicate,50,pass
tests/test_sqlite.py::TestSqliteSaver::test_metadata_predicate_sql_injection_prevention,1,pass
tests/test_sqlite.py::TestSqliteSaver::test_metadata_predicate_sql_injection_prevention,2,pass
tests/test_sqlite.py::TestSqliteSaver::test_metadata_predicate_sql_injection_prevention,3,pass
tests/test_sqlite.py::TestSqliteSaver::test_metadata_predicate_sql_injection_prevention,4,pass
tests/test_sqlite.py::TestSqliteSaver::test_metadata_predicate_sql_injection_prevention,5,pass
tests/test_sqlite.py::TestSqliteSaver::test_metadata_predicate_sql_injection_prevention,6,pass
tests/test_sqlite.py::TestSqliteSaver::test_metadata_predicate_sql_injection_prevention,7,pass
tests/test_sqlite.py::TestSqliteSaver::test_metadata_predicate_sql_injection_prevention,8,pass
tests/test_sqlite.py::TestSqliteSaver::test_metadata_predicate_sql_injection_prevention,9,pass
tests/test_sqlite.py::TestSqliteSaver::test_metadata_predicate_sql_injection_prevention,10,pass
tests/test_sqlite.py::TestSqliteSaver::test_metadata_predicate_sql_injection_prevention,11,pass
tests/test_sqlite.py::TestSqliteSaver::test_metadata_predicate_sql_injection_prevention,12,pass
tests/test_sqlite.py::TestSqliteSaver::test_metadata_predicate_sql_injection_prevention,13,pass
tests/test_sqlite.py::TestSqliteSaver::test_metadata_predicate_sql_injection_prevention,14,pass
tests/test_sqlite.py::TestSqliteSaver::test_metadata_predicate_sql_injection_prevention,15,pass
tests/test_sqlite.py::TestSqliteSaver::test_metadata_predicate_sql_injection_prevention,16,pass
tests/test_sqlite.py::TestSqliteSaver::test_metadata_predicate_sql_injection_prevention,17,pass
tests/test_sqlite.py::TestSqliteSaver::test_metadata_predicate_sql_injection_prevention,18,pass
tests/test_sqlite.py::TestSqliteSaver::test_metadata_predicate_sql_injection_prevention,19,pass
tests/test_sqlite.py::TestSqliteSaver::test_metadata_predicate_sql_injection_prevention,20,pass
tests/test_sqlite.py::TestSqliteSaver::test_metadata_predicate_sql_injection_prevention,21,pass
tests/test_sqlite.py::TestSqliteSaver::test_metadata_predicate_sql_injection_prevention,22,pass
tests/test_sqlite.py::TestSqliteSaver::test_metadata_predicate_sql_injection_prevention,23,pass
tests/test_sqlite.py::TestSqliteSaver::test_metadata_predicate_sql_injection_prevention,24,pass
tests/test_sqlite.py::TestSqliteSaver::test_metadata_predicate_sql_injection_prevention,25,pass
tests/test_sqlite.py::TestSqliteSaver::test_metadata_predicate_sql_injection_prevention,26,pass
tests/test_sqlite.py::TestSqliteSaver::test_metadata_predicate_sql_injection_prevention,27,pass
tests/test_sqlite.py::TestSqliteSaver::test_metadata_predicate_sql_injection_prevention,28,pass
tests/test_sqlite.py::TestSqliteSaver::test_metadata_predicate_sql_injection_prevention,29,pass
tests/test_sqlite.py::TestSqliteSaver::test_metadata_predicate_sql_injection_prevention,30,pass
tests/test_sqlite.py::TestSqliteSaver::test_metadata_predicate_sql_injection_prevention,31,pass
tests/test_sqlite.py::TestSqliteSaver::test_metadata_predicate_sql_injection_prevention,32,pass
tests/test_sqlite.py::TestSqliteSaver::test_metadata_predicate_sql_injection_prevention,33,pass
tests/test_sqlite.py::TestSqliteSaver::test_metadata_predicate_sql_injection_prevention,34,pass
tests/test_sqlite.py::TestSqliteSaver::test_metadata_predicate_sql_injection_prevention,35,pass
tests/test_sqlite.py::TestSqliteSaver::test_metadata_predicate_sql_injection_prevention,36,pass
tests/test_sqlite.py::TestSqliteSaver::test_metadata_predicate_sql_injection_prevention,37,pass
tests/test_sqlite.py::TestSqliteSaver::test_metadata_predicate_sql_injection_prevention,38,pass
tests/test_sqlite.py::TestSqliteSaver::test_metadata_predicate_sql_injection_prevention,39,pass
tests/test_sqlite.py::TestSqliteSaver::test_metadata_predicate_sql_injection_prevention,40,pass
tests/test_sqlite.py::TestSqliteSaver::test_metadata_predicate_sql_injection_prevention,41,pass
tests/test_sqlite.py::TestSqliteSaver::test_metadata_predicate_sql_injection_prevention,42,pass
tests/test_sqlite.py::TestSqliteSaver::test_metadata_predicate_sql_injection_prevention,43,pass
tests/test_sqlite.py::TestSqliteSaver::test_metadata_predicate_sql_injection_prevention,44,pass
tests/test_sqlite.py::TestSqliteSaver::test_metadata_predicate_sql_injection_prevention,45,pass
tests/test_sqlite.py::TestSqliteSaver::test_metadata_predicate_sql_injection_prevention,46,pass
tests/test_sqlite.py::TestSqliteSaver::test_metadata_predicate_sql_injection_prevention,47,pass
tests/test_sqlite.py::TestSqliteSaver::test_metadata_predicate_sql_injection_prevention,48,pass
tests/test_sqlite.py::TestSqliteSaver::test_metadata_predicate_sql_injection_prevention,49,pass
tests/test_sqlite.py::TestSqliteSaver::test_metadata_predicate_sql_injection_prevention,50,pass
tests/test_sqlite.py::TestSqliteSaver::test_search,1,pass
tests/test_sqlite.py::TestSqliteSaver::test_search,2,pass
tests/test_sqlite.py::TestSqliteSaver::test_search,3,pass
tests/test_sqlite.py::TestSqliteSaver::test_search,4,pass
tests/test_sqlite.py::TestSqliteSaver::test_search,5,pass
tests/test_sqlite.py::TestSqliteSaver::test_search,6,pass
tests/test_sqlite.py::TestSqliteSaver::test_search,7,pass
tests/test_sqlite.py::TestSqliteSaver::test_search,8,pass
tests/test_sqlite.py::TestSqliteSaver::test_search,9,pass
tests/test_sqlite.py::TestSqliteSaver::test_search,10,pass
tests/test_sqlite.py::TestSqliteSaver::test_search,11,pass
tests/test_sqlite.py::TestSqliteSaver::test_search,12,pass
tests/test_sqlite.py::TestSqliteSaver::test_search,13,pass
tests/test_sqlite.py::TestSqliteSaver::test_search,14,pass
tests/test_sqlite.py::TestSqliteSaver::test_search,15,pass
tests/test_sqlite.py::TestSqliteSaver::test_search,16,pass
tests/test_sqlite.py::TestSqliteSaver::test_search,17,pass
tests/test_sqlite.py::TestSqliteSaver::test_search,18,pass
tests/test_sqlite.py::TestSqliteSaver::test_search,19,pass
tests/test_sqlite.py::TestSqliteSaver::test_search,20,pass
tests/test_sqlite.py::TestSqliteSaver::test_search,21,pass
tests/test_sqlite.py::TestSqliteSaver::test_search,22,pass
tests/test_sqlite.py::TestSqliteSaver::test_search,23,pass
tests/test_sqlite.py::TestSqliteSaver::test_search,24,pass
tests/test_sqlite.py::TestSqliteSaver::test_search,25,pass
tests/test_sqlite.py::TestSqliteSaver::test_search,26,pass
tests/test_sqlite.py::TestSqliteSaver::test_search,27,pass
tests/test_sqlite.py::TestSqliteSaver::test_search,28,pass
tests/test_sqlite.py::TestSqliteSaver::test_search,29,pass
tests/test_sqlite.py::TestSqliteSaver::test_search,30,pass
tests/test_sqlite.py::TestSqliteSaver::test_search,31,pass
tests/test_sqlite.py::TestSqliteSaver::test_search,32,pass
tests/test_sqlite.py::TestSqliteSaver::test_search,33,pass
tests/test_sqlite.py::TestSqliteSaver::test_search,34,pass
tests/test_sqlite.py::TestSqliteSaver::test_search,35,pass
tests/test_sqlite.py::TestSqliteSaver::test_search,36,pass
tests/test_sqlite.py::TestSqliteSaver::test_search,37,pass
tests/test_sqlite.py::TestSqliteSaver::test_search,38,pass
tests/test_sqlite.py::TestSqliteSaver::test_search,39,pass
tests/test_sqlite.py::TestSqliteSaver::test_search,40,pass
tests/test_sqlite.py::TestSqliteSaver::test_search,41,pass
tests/test_sqlite.py::TestSqliteSaver::test_search,42,pass
tests/test_sqlite.py::TestSqliteSaver::test_search,43,pass
tests/test_sqlite.py::TestSqliteSaver::test_search,44,pass
tests/test_sqlite.py::TestSqliteSaver::test_search,45,pass
tests/test_sqlite.py::TestSqliteSaver::test_search,46,pass
tests/test_sqlite.py::TestSqliteSaver::test_search,47,pass
tests/test_sqlite.py::TestSqliteSaver::test_search,48,pass
tests/test_sqlite.py::TestSqliteSaver::test_search,49,pass
tests/test_sqlite.py::TestSqliteSaver::test_search,50,pass
tests/test_sqlite.py::TestSqliteSaver::test_search_where,1,pass
tests/test_sqlite.py::TestSqliteSaver::test_search_where,2,pass
tests/test_sqlite.py::TestSqliteSaver::test_search_where,3,pass
tests/test_sqlite.py::TestSqliteSaver::test_search_where,4,pass
tests/test_sqlite.py::TestSqliteSaver::test_search_where,5,pass
tests/test_sqlite.py::TestSqliteSaver::test_search_where,6,pass
tests/test_sqlite.py::TestSqliteSaver::test_search_where,7,pass
tests/test_sqlite.py::TestSqliteSaver::test_search_where,8,pass
tests/test_sqlite.py::TestSqliteSaver::test_search_where,9,pass
tests/test_sqlite.py::TestSqliteSaver::test_search_where,10,pass
tests/test_sqlite.py::TestSqliteSaver::test_search_where,11,pass
tests/test_sqlite.py::TestSqliteSaver::test_search_where,12,pass
tests/test_sqlite.py::TestSqliteSaver::test_search_where,13,pass
tests/test_sqlite.py::TestSqliteSaver::test_search_where,14,pass
tests/test_sqlite.py::TestSqliteSaver::test_search_where,15,pass
tests/test_sqlite.py::TestSqliteSaver::test_search_where,16,pass
tests/test_sqlite.py::TestSqliteSaver::test_search_where,17,pass
tests/test_sqlite.py::TestSqliteSaver::test_search_where,18,pass
tests/test_sqlite.py::TestSqliteSaver::test_search_where,19,pass
tests/test_sqlite.py::TestSqliteSaver::test_search_where,20,pass
tests/test_sqlite.py::TestSqliteSaver::test_search_where,21,pass
tests/test_sqlite.py::TestSqliteSaver::test_search_where,22,pass
tests/test_sqlite.py::TestSqliteSaver::test_search_where,23,pass
tests/test_sqlite.py::TestSqliteSaver::test_search_where,24,pass
tests/test_sqlite.py::TestSqliteSaver::test_search_where,25,pass
tests/test_sqlite.py::TestSqliteSaver::test_search_where,26,pass
tests/test_sqlite.py::TestSqliteSaver::test_search_where,27,pass
tests/test_sqlite.py::TestSqliteSaver::test_search_where,28,pass
tests/test_sqlite.py::TestSqliteSaver::test_search_where,29,pass
tests/test_sqlite.py::TestSqliteSaver::test_search_where,30,pass
tests/test_sqlite.py::TestSqliteSaver::test_search_where,31,pass
tests/test_sqlite.py::TestSqliteSaver::test_search_where,32,pass
tests/test_sqlite.py::TestSqliteSaver::test_search_where,33,pass
tests/test_sqlite.py::TestSqliteSaver::test_search_where,34,pass
tests/test_sqlite.py::TestSqliteSaver::test_search_where,35,pass
tests/test_sqlite.py::TestSqliteSaver::test_search_where,36,pass
tests/test_sqlite.py::TestSqliteSaver::test_search_where,37,pass
tests/test_sqlite.py::TestSqliteSaver::test_search_where,38,pass
tests/test_sqlite.py::TestSqliteSaver::test_search_where,39,pass
tests/test_sqlite.py::TestSqliteSaver::test_search_where,40,pass
tests/test_sqlite.py::TestSqliteSaver::test_search_where,41,pass
tests/test_sqlite.py::TestSqliteSaver::test_search_where,42,pass
tests/test_sqlite.py::TestSqliteSaver::test_search_where,43,pass
tests/test_sqlite.py::TestSqliteSaver::test_search_where,44,pass
tests/test_sqlite.py::TestSqliteSaver::test_search_where,45,pass
tests/test_sqlite.py::TestSqliteSaver::test_search_where,46,pass
tests/test_sqlite.py::TestSqliteSaver::test_search_where,47,pass
tests/test_sqlite.py::TestSqliteSaver::test_search_where,48,pass
tests/test_sqlite.py::TestSqliteSaver::test_search_where,49,pass
tests/test_sqlite.py::TestSqliteSaver::test_search_where,50,pass
tests/test_store.py::TestSqliteStore::test_basic_store_ops,1,pass
tests/test_store.py::TestSqliteStore::test_basic_store_ops,2,pass
tests/test_store.py::TestSqliteStore::test_basic_store_ops,3,pass
tests/test_store.py::TestSqliteStore::test_basic_store_ops,4,pass
tests/test_store.py::TestSqliteStore::test_basic_store_ops,5,pass
tests/test_store.py::TestSqliteStore::test_basic_store_ops,6,pass
tests/test_store.py::TestSqliteStore::test_basic_store_ops,7,pass
tests/test_store.py::TestSqliteStore::test_basic_store_ops,8,pass
tests/test_store.py::TestSqliteStore::test_basic_store_ops,9,pass
tests/test_store.py::TestSqliteStore::test_basic_store_ops,10,pass
tests/test_store.py::TestSqliteStore::test_basic_store_ops,11,pass
tests/test_store.py::TestSqliteStore::test_basic_store_ops,12,pass
tests/test_store.py::TestSqliteStore::test_basic_store_ops,13,pass
tests/test_store.py::TestSqliteStore::test_basic_store_ops,14,pass
tests/test_store.py::TestSqliteStore::test_basic_store_ops,15,pass
tests/test_store.py::TestSqliteStore::test_basic_store_ops,16,pass
tests/test_store.py::TestSqliteStore::test_basic_store_ops,17,pass
tests/test_store.py::TestSqliteStore::test_basic_store_ops,18,pass
tests/test_store.py::TestSqliteStore::test_basic_store_ops,19,pass
tests/test_store.py::TestSqliteStore::test_basic_store_ops,20,pass
tests/test_store.py::TestSqliteStore::test_basic_store_ops,21,pass
tests/test_store.py::TestSqliteStore::test_basic_store_ops,22,pass
tests/test_store.py::TestSqliteStore::test_basic_store_ops,23,pass
tests/test_store.py::TestSqliteStore::test_basic_store_ops,24,pass
tests/test_store.py::TestSqliteStore::test_basic_store_ops,25,pass
tests/test_store.py::TestSqliteStore::test_basic_store_ops,26,pass
tests/test_store.py::TestSqliteStore::test_basic_store_ops,27,pass
tests/test_store.py::TestSqliteStore::test_basic_store_ops,28,pass
tests/test_store.py::TestSqliteStore::test_basic_store_ops,29,pass
tests/test_store.py::TestSqliteStore::test_basic_store_ops,30,pass
tests/test_store.py::TestSqliteStore::test_basic_store_ops,31,pass
tests/test_store.py::TestSqliteStore::test_basic_store_ops,32,pass
tests/test_store.py::TestSqliteStore::test_basic_store_ops,33,pass
tests/test_store.py::TestSqliteStore::test_basic_store_ops,34,pass
tests/test_store.py::TestSqliteStore::test_basic_store_ops,35,pass
tests/test_store.py::TestSqliteStore::test_basic_store_ops,36,pass
tests/test_store.py::TestSqliteStore::test_basic_store_ops,37,pass
tests/test_store.py::TestSqliteStore::test_basic_store_ops,38,pass
tests/test_store.py::TestSqliteStore::test_basic_store_ops,39,pass
tests/test_store.py::TestSqliteStore::test_basic_store_ops,40,pass
tests/test_store.py::TestSqliteStore::test_basic_store_ops,41,pass
tests/test_store.py::TestSqliteStore::test_basic_store_ops,42,pass
tests/test_store.py::TestSqliteStore::test_basic_store_ops,43,pass
tests/test_store.py::TestSqliteStore::test_basic_store_ops,44,pass
tests/test_store.py::TestSqliteStore::test_basic_store_ops,45,pass
tests/test_store.py::TestSqliteStore::test_basic_store_ops,46,pass
tests/test_store.py::TestSqliteStore::test_basic_store_ops,47,pass
tests/test_store.py::TestSqliteStore::test_basic_store_ops,48,pass
tests/test_store.py::TestSqliteStore::test_basic_store_ops,49,pass
tests/test_store.py::TestSqliteStore::test_basic_store_ops,50,pass
tests/test_store.py::TestSqliteStore::test_list_namespaces,1,pass
tests/test_store.py::TestSqliteStore::test_list_namespaces,2,pass
tests/test_store.py::TestSqliteStore::test_list_namespaces,3,pass
tests/test_store.py::TestSqliteStore::test_list_namespaces,4,pass
tests/test_store.py::TestSqliteStore::test_list_namespaces,5,pass
tests/test_store.py::TestSqliteStore::test_list_namespaces,6,pass
tests/test_store.py::TestSqliteStore::test_list_namespaces,7,pass
tests/test_store.py::TestSqliteStore::test_list_namespaces,8,pass
tests/test_store.py::TestSqliteStore::test_list_namespaces,9,pass
tests/test_store.py::TestSqliteStore::test_list_namespaces,10,pass
tests/test_store.py::TestSqliteStore::test_list_namespaces,11,pass
tests/test_store.py::TestSqliteStore::test_list_namespaces,12,pass
tests/test_store.py::TestSqliteStore::test_list_namespaces,13,pass
tests/test_store.py::TestSqliteStore::test_list_namespaces,14,pass
tests/test_store.py::TestSqliteStore::test_list_namespaces,15,pass
tests/test_store.py::TestSqliteStore::test_list_namespaces,16,pass
tests/test_store.py::TestSqliteStore::test_list_namespaces,17,pass
tests/test_store.py::TestSqliteStore::test_list_namespaces,18,pass
tests/test_store.py::TestSqliteStore::test_list_namespaces,19,pass
tests/test_store.py::TestSqliteStore::test_list_namespaces,20,pass
tests/test_store.py::TestSqliteStore::test_list_namespaces,21,pass
tests/test_store.py::TestSqliteStore::test_list_namespaces,22,pass
tests/test_store.py::TestSqliteStore::test_list_namespaces,23,pass
tests/test_store.py::TestSqliteStore::test_list_namespaces,24,pass
tests/test_store.py::TestSqliteStore::test_list_namespaces,25,pass
tests/test_store.py::TestSqliteStore::test_list_namespaces,26,pass
tests/test_store.py::TestSqliteStore::test_list_namespaces,27,pass
tests/test_store.py::TestSqliteStore::test_list_namespaces,28,pass
tests/test_store.py::TestSqliteStore::test_list_namespaces,29,pass
tests/test_store.py::TestSqliteStore::test_list_namespaces,30,pass
tests/test_store.py::TestSqliteStore::test_list_namespaces,31,pass
tests/test_store.py::TestSqliteStore::test_list_namespaces,32,pass
tests/test_store.py::TestSqliteStore::test_list_namespaces,33,pass
tests/test_store.py::TestSqliteStore::test_list_namespaces,34,pass
tests/test_store.py::TestSqliteStore::test_list_namespaces,35,pass
tests/test_store.py::TestSqliteStore::test_list_namespaces,36,pass
tests/test_store.py::TestSqliteStore::test_list_namespaces,37,pass
tests/test_store.py::TestSqliteStore::test_list_namespaces,38,pass
tests/test_store.py::TestSqliteStore::test_list_namespaces,39,pass
tests/test_store.py::TestSqliteStore::test_list_namespaces,40,pass
tests/test_store.py::TestSqliteStore::test_list_namespaces,41,pass
tests/test_store.py::TestSqliteStore::test_list_namespaces,42,pass
tests/test_store.py::TestSqliteStore::test_list_namespaces,43,pass
tests/test_store.py::TestSqliteStore::test_list_namespaces,44,pass
tests/test_store.py::TestSqliteStore::test_list_namespaces,45,pass
tests/test_store.py::TestSqliteStore::test_list_namespaces,46,pass
tests/test_store.py::TestSqliteStore::test_list_namespaces,47,pass
tests/test_store.py::TestSqliteStore::test_list_namespaces,48,pass
tests/test_store.py::TestSqliteStore::test_list_namespaces,49,pass
tests/test_store.py::TestSqliteStore::test_list_namespaces,50,pass
tests/test_store.py::TestSqliteStore::test_search,1,pass
tests/test_store.py::TestSqliteStore::test_search,2,pass
tests/test_store.py::TestSqliteStore::test_search,3,pass
tests/test_store.py::TestSqliteStore::test_search,4,pass
tests/test_store.py::TestSqliteStore::test_search,5,pass
tests/test_store.py::TestSqliteStore::test_search,6,pass
tests/test_store.py::TestSqliteStore::test_search,7,pass
tests/test_store.py::TestSqliteStore::test_search,8,pass
tests/test_store.py::TestSqliteStore::test_search,9,pass
tests/test_store.py::TestSqliteStore::test_search,10,pass
tests/test_store.py::TestSqliteStore::test_search,11,pass
tests/test_store.py::TestSqliteStore::test_search,12,pass
tests/test_store.py::TestSqliteStore::test_search,13,pass
tests/test_store.py::TestSqliteStore::test_search,14,pass
tests/test_store.py::TestSqliteStore::test_search,15,pass
tests/test_store.py::TestSqliteStore::test_search,16,pass
tests/test_store.py::TestSqliteStore::test_search,17,pass
tests/test_store.py::TestSqliteStore::test_search,18,pass
tests/test_store.py::TestSqliteStore::test_search,19,pass
tests/test_store.py::TestSqliteStore::test_search,20,pass
tests/test_store.py::TestSqliteStore::test_search,21,pass
tests/test_store.py::TestSqliteStore::test_search,22,pass
tests/test_store.py::TestSqliteStore::test_search,23,pass
tests/test_store.py::TestSqliteStore::test_search,24,pass
tests/test_store.py::TestSqliteStore::test_search,25,pass
tests/test_store.py::TestSqliteStore::test_search,26,pass
tests/test_store.py::TestSqliteStore::test_search,27,pass
tests/test_store.py::TestSqliteStore::test_search,28,pass
tests/test_store.py::TestSqliteStore::test_search,29,pass
tests/test_store.py::TestSqliteStore::test_search,30,pass
tests/test_store.py::TestSqliteStore::test_search,31,pass
tests/test_store.py::TestSqliteStore::test_search,32,pass
tests/test_store.py::TestSqliteStore::test_search,33,pass
tests/test_store.py::TestSqliteStore::test_search,34,pass
tests/test_store.py::TestSqliteStore::test_search,35,pass
tests/test_store.py::TestSqliteStore::test_search,36,pass
tests/test_store.py::TestSqliteStore::test_search,37,pass
tests/test_store.py::TestSqliteStore::test_search,38,pass
tests/test_store.py::TestSqliteStore::test_search,39,pass
tests/test_store.py::TestSqliteStore::test_search,40,pass
tests/test_store.py::TestSqliteStore::test_search,41,pass
tests/test_store.py::TestSqliteStore::test_search,42,pass
tests/test_store.py::TestSqliteStore::test_search,43,pass
tests/test_store.py::TestSqliteStore::test_search,44,pass
tests/test_store.py::TestSqliteStore::test_search,45,pass
tests/test_store.py::TestSqliteStore::test_search,46,pass
tests/test_store.py::TestSqliteStore::test_search,47,pass
tests/test_store.py::TestSqliteStore::test_search,48,pass
tests/test_store.py::TestSqliteStore::test_search,49,pass
tests/test_store.py::TestSqliteStore::test_search,50,pass
tests/test_store.py::test_basic_store_operations,1,pass
tests/test_store.py::test_basic_store_operations,2,pass
tests/test_store.py::test_basic_store_operations,3,pass
tests/test_store.py::test_basic_store_operations,4,pass
tests/test_store.py::test_basic_store_operations,5,pass
tests/test_store.py::test_basic_store_operations,6,pass
tests/test_store.py::test_basic_store_operations,7,pass
tests/test_store.py::test_basic_store_operations,8,pass
tests/test_store.py::test_basic_store_operations,9,pass
tests/test_store.py::test_basic_store_operations,10,pass
tests/test_store.py::test_basic_store_operations,11,pass
tests/test_store.py::test_basic_store_operations,12,pass
tests/test_store.py::test_basic_store_operations,13,pass
tests/test_store.py::test_basic_store_operations,14,pass
tests/test_store.py::test_basic_store_operations,15,pass
tests/test_store.py::test_basic_store_operations,16,pass
tests/test_store.py::test_basic_store_operations,17,pass
tests/test_store.py::test_basic_store_operations,18,pass
tests/test_store.py::test_basic_store_operations,19,pass
tests/test_store.py::test_basic_store_operations,20,pass
tests/test_store.py::test_basic_store_operations,21,pass
tests/test_store.py::test_basic_store_operations,22,pass
tests/test_store.py::test_basic_store_operations,23,pass
tests/test_store.py::test_basic_store_operations,24,pass
tests/test_store.py::test_basic_store_operations,25,pass
tests/test_store.py::test_basic_store_operations,26,pass
tests/test_store.py::test_basic_store_operations,27,pass
tests/test_store.py::test_basic_store_operations,28,pass
tests/test_store.py::test_basic_store_operations,29,pass
tests/test_store.py::test_basic_store_operations,30,pass
tests/test_store.py::test_basic_store_operations,31,pass
tests/test_store.py::test_basic_store_operations,32,pass
tests/test_store.py::test_basic_store_operations,33,pass
tests/test_store.py::test_basic_store_operations,34,pass
tests/test_store.py::test_basic_store_operations,35,pass
tests/test_store.py::test_basic_store_operations,36,pass
tests/test_store.py::test_basic_store_operations,37,pass
tests/test_store.py::test_basic_store_operations,38,pass
tests/test_store.py::test_basic_store_operations,39,pass
tests/test_store.py::test_basic_store_operations,40,pass
tests/test_store.py::test_basic_store_operations,41,pass
tests/test_store.py::test_basic_store_operations,42,pass
tests/test_store.py::test_basic_store_operations,43,pass
tests/test_store.py::test_basic_store_operations,44,pass
tests/test_store.py::test_basic_store_operations,45,pass
tests/test_store.py::test_basic_store_operations,46,pass
tests/test_store.py::test_basic_store_operations,47,pass
tests/test_store.py::test_basic_store_operations,48,pass
tests/test_store.py::test_basic_store_operations,49,pass
tests/test_store.py::test_basic_store_operations,50,pass
tests/test_store.py::test_batch_get_ops[file],1,pass
tests/test_store.py::test_batch_get_ops[file],2,pass
tests/test_store.py::test_batch_get_ops[file],3,pass
tests/test_store.py::test_batch_get_ops[file],4,pass
tests/test_store.py::test_batch_get_ops[file],5,pass
tests/test_store.py::test_batch_get_ops[file],6,pass
tests/test_store.py::test_batch_get_ops[file],7,pass
tests/test_store.py::test_batch_get_ops[file],8,pass
tests/test_store.py::test_batch_get_ops[file],9,pass
tests/test_store.py::test_batch_get_ops[file],10,pass
tests/test_store.py::test_batch_get_ops[file],11,pass
tests/test_store.py::test_batch_get_ops[file],12,pass
tests/test_store.py::test_batch_get_ops[file],13,pass
tests/test_store.py::test_batch_get_ops[file],14,pass
tests/test_store.py::test_batch_get_ops[file],15,pass
tests/test_store.py::test_batch_get_ops[file],16,pass
tests/test_store.py::test_batch_get_ops[file],17,pass
tests/test_store.py::test_batch_get_ops[file],18,pass
tests/test_store.py::test_batch_get_ops[file],19,pass
tests/test_store.py::test_batch_get_ops[file],20,pass
tests/test_store.py::test_batch_get_ops[file],21,pass
tests/test_store.py::test_batch_get_ops[file],22,pass
tests/test_store.py::test_batch_get_ops[file],23,pass
tests/test_store.py::test_batch_get_ops[file],24,pass
tests/test_store.py::test_batch_get_ops[file],25,pass
tests/test_store.py::test_batch_get_ops[file],26,pass
tests/test_store.py::test_batch_get_ops[file],27,pass
tests/test_store.py::test_batch_get_ops[file],28,pass
tests/test_store.py::test_batch_get_ops[file],29,pass
tests/test_store.py::test_batch_get_ops[file],30,pass
tests/test_store.py::test_batch_get_ops[file],31,pass
tests/test_store.py::test_batch_get_ops[file],32,pass
tests/test_store.py::test_batch_get_ops[file],33,pass
tests/test_store.py::test_batch_get_ops[file],34,pass
tests/test_store.py::test_batch_get_ops[file],35,pass
tests/test_store.py::test_batch_get_ops[file],36,pass
tests/test_store.py::test_batch_get_ops[file],37,pass
tests/test_store.py::test_batch_get_ops[file],38,pass
tests/test_store.py::test_batch_get_ops[file],39,pass
tests/test_store.py::test_batch_get_ops[file],40,pass
tests/test_store.py::test_batch_get_ops[file],41,pass
tests/test_store.py::test_batch_get_ops[file],42,pass
tests/test_store.py::test_batch_get_ops[file],43,pass
tests/test_store.py::test_batch_get_ops[file],44,pass
tests/test_store.py::test_batch_get_ops[file],45,pass
tests/test_store.py::test_batch_get_ops[file],46,pass
tests/test_store.py::test_batch_get_ops[file],47,pass
tests/test_store.py::test_batch_get_ops[file],48,pass
tests/test_store.py::test_batch_get_ops[file],49,pass
tests/test_store.py::test_batch_get_ops[file],50,pass
tests/test_store.py::test_batch_get_ops[memory],1,pass
tests/test_store.py::test_batch_get_ops[memory],2,pass
tests/test_store.py::test_batch_get_ops[memory],3,pass
tests/test_store.py::test_batch_get_ops[memory],4,pass
tests/test_store.py::test_batch_get_ops[memory],5,pass
tests/test_store.py::test_batch_get_ops[memory],6,pass
tests/test_store.py::test_batch_get_ops[memory],7,pass
tests/test_store.py::test_batch_get_ops[memory],8,pass
tests/test_store.py::test_batch_get_ops[memory],9,pass
tests/test_store.py::test_batch_get_ops[memory],10,pass
tests/test_store.py::test_batch_get_ops[memory],11,pass
tests/test_store.py::test_batch_get_ops[memory],12,pass
tests/test_store.py::test_batch_get_ops[memory],13,pass
tests/test_store.py::test_batch_get_ops[memory],14,pass
tests/test_store.py::test_batch_get_ops[memory],15,pass
tests/test_store.py::test_batch_get_ops[memory],16,pass
tests/test_store.py::test_batch_get_ops[memory],17,pass
tests/test_store.py::test_batch_get_ops[memory],18,pass
tests/test_store.py::test_batch_get_ops[memory],19,pass
tests/test_store.py::test_batch_get_ops[memory],20,pass
tests/test_store.py::test_batch_get_ops[memory],21,pass
tests/test_store.py::test_batch_get_ops[memory],22,pass
tests/test_store.py::test_batch_get_ops[memory],23,pass
tests/test_store.py::test_batch_get_ops[memory],24,pass
tests/test_store.py::test_batch_get_ops[memory],25,pass
tests/test_store.py::test_batch_get_ops[memory],26,pass
tests/test_store.py::test_batch_get_ops[memory],27,pass
tests/test_store.py::test_batch_get_ops[memory],28,pass
tests/test_store.py::test_batch_get_ops[memory],29,pass
tests/test_store.py::test_batch_get_ops[memory],30,pass
tests/test_store.py::test_batch_get_ops[memory],31,pass
tests/test_store.py::test_batch_get_ops[memory],32,pass
tests/test_store.py::test_batch_get_ops[memory],33,pass
tests/test_store.py::test_batch_get_ops[memory],34,pass
tests/test_store.py::test_batch_get_ops[memory],35,pass
tests/test_store.py::test_batch_get_ops[memory],36,pass
tests/test_store.py::test_batch_get_ops[memory],37,pass
tests/test_store.py::test_batch_get_ops[memory],38,pass
tests/test_store.py::test_batch_get_ops[memory],39,pass
tests/test_store.py::test_batch_get_ops[memory],40,pass
tests/test_store.py::test_batch_get_ops[memory],41,pass
tests/test_store.py::test_batch_get_ops[memory],42,pass
tests/test_store.py::test_batch_get_ops[memory],43,pass
tests/test_store.py::test_batch_get_ops[memory],44,pass
tests/test_store.py::test_batch_get_ops[memory],45,pass
tests/test_store.py::test_batch_get_ops[memory],46,pass
tests/test_store.py::test_batch_get_ops[memory],47,pass
tests/test_store.py::test_batch_get_ops[memory],48,pass
tests/test_store.py::test_batch_get_ops[memory],49,pass
tests/test_store.py::test_batch_get_ops[memory],50,pass
tests/test_store.py::test_batch_list_namespaces_ops[file],1,pass
tests/test_store.py::test_batch_list_namespaces_ops[file],2,pass
tests/test_store.py::test_batch_list_namespaces_ops[file],3,pass
tests/test_store.py::test_batch_list_namespaces_ops[file],4,pass
tests/test_store.py::test_batch_list_namespaces_ops[file],5,pass
tests/test_store.py::test_batch_list_namespaces_ops[file],6,pass
tests/test_store.py::test_batch_list_namespaces_ops[file],7,pass
tests/test_store.py::test_batch_list_namespaces_ops[file],8,pass
tests/test_store.py::test_batch_list_namespaces_ops[file],9,pass
tests/test_store.py::test_batch_list_namespaces_ops[file],10,pass
tests/test_store.py::test_batch_list_namespaces_ops[file],11,pass
tests/test_store.py::test_batch_list_namespaces_ops[file],12,pass
tests/test_store.py::test_batch_list_namespaces_ops[file],13,pass
tests/test_store.py::test_batch_list_namespaces_ops[file],14,pass
tests/test_store.py::test_batch_list_namespaces_ops[file],15,pass
tests/test_store.py::test_batch_list_namespaces_ops[file],16,pass
tests/test_store.py::test_batch_list_namespaces_ops[file],17,pass
tests/test_store.py::test_batch_list_namespaces_ops[file],18,pass
tests/test_store.py::test_batch_list_namespaces_ops[file],19,pass
tests/test_store.py::test_batch_list_namespaces_ops[file],20,pass
tests/test_store.py::test_batch_list_namespaces_ops[file],21,pass
tests/test_store.py::test_batch_list_namespaces_ops[file],22,pass
tests/test_store.py::test_batch_list_namespaces_ops[file],23,pass
tests/test_store.py::test_batch_list_namespaces_ops[file],24,pass
tests/test_store.py::test_batch_list_namespaces_ops[file],25,pass
tests/test_store.py::test_batch_list_namespaces_ops[file],26,pass
tests/test_store.py::test_batch_list_namespaces_ops[file],27,pass
tests/test_store.py::test_batch_list_namespaces_ops[file],28,pass
tests/test_store.py::test_batch_list_namespaces_ops[file],29,pass
tests/test_store.py::test_batch_list_namespaces_ops[file],30,pass
tests/test_store.py::test_batch_list_namespaces_ops[file],31,pass
tests/test_store.py::test_batch_list_namespaces_ops[file],32,pass
tests/test_store.py::test_batch_list_namespaces_ops[file],33,pass
tests/test_store.py::test_batch_list_namespaces_ops[file],34,pass
tests/test_store.py::test_batch_list_namespaces_ops[file],35,pass
tests/test_store.py::test_batch_list_namespaces_ops[file],36,pass
tests/test_store.py::test_batch_list_namespaces_ops[file],37,pass
tests/test_store.py::test_batch_list_namespaces_ops[file],38,pass
tests/test_store.py::test_batch_list_namespaces_ops[file],39,pass
tests/test_store.py::test_batch_list_namespaces_ops[file],40,pass
tests/test_store.py::test_batch_list_namespaces_ops[file],41,pass
tests/test_store.py::test_batch_list_namespaces_ops[file],42,pass
tests/test_store.py::test_batch_list_namespaces_ops[file],43,pass
tests/test_store.py::test_batch_list_namespaces_ops[file],44,pass
tests/test_store.py::test_batch_list_namespaces_ops[file],45,pass
tests/test_store.py::test_batch_list_namespaces_ops[file],46,pass
tests/test_store.py::test_batch_list_namespaces_ops[file],47,pass
tests/test_store.py::test_batch_list_namespaces_ops[file],48,pass
tests/test_store.py::test_batch_list_namespaces_ops[file],49,pass
tests/test_store.py::test_batch_list_namespaces_ops[file],50,pass
tests/test_store.py::test_batch_list_namespaces_ops[memory],1,pass
tests/test_store.py::test_batch_list_namespaces_ops[memory],2,pass
tests/test_store.py::test_batch_list_namespaces_ops[memory],3,pass
tests/test_store.py::test_batch_list_namespaces_ops[memory],4,pass
tests/test_store.py::test_batch_list_namespaces_ops[memory],5,pass
tests/test_store.py::test_batch_list_namespaces_ops[memory],6,pass
tests/test_store.py::test_batch_list_namespaces_ops[memory],7,pass
tests/test_store.py::test_batch_list_namespaces_ops[memory],8,pass
tests/test_store.py::test_batch_list_namespaces_ops[memory],9,pass
tests/test_store.py::test_batch_list_namespaces_ops[memory],10,pass
tests/test_store.py::test_batch_list_namespaces_ops[memory],11,pass
tests/test_store.py::test_batch_list_namespaces_ops[memory],12,pass
tests/test_store.py::test_batch_list_namespaces_ops[memory],13,pass
tests/test_store.py::test_batch_list_namespaces_ops[memory],14,pass
tests/test_store.py::test_batch_list_namespaces_ops[memory],15,pass
tests/test_store.py::test_batch_list_namespaces_ops[memory],16,pass
tests/test_store.py::test_batch_list_namespaces_ops[memory],17,pass
tests/test_store.py::test_batch_list_namespaces_ops[memory],18,pass
tests/test_store.py::test_batch_list_namespaces_ops[memory],19,pass
tests/test_store.py::test_batch_list_namespaces_ops[memory],20,pass
tests/test_store.py::test_batch_list_namespaces_ops[memory],21,pass
tests/test_store.py::test_batch_list_namespaces_ops[memory],22,pass
tests/test_store.py::test_batch_list_namespaces_ops[memory],23,pass
tests/test_store.py::test_batch_list_namespaces_ops[memory],24,pass
tests/test_store.py::test_batch_list_namespaces_ops[memory],25,pass
tests/test_store.py::test_batch_list_namespaces_ops[memory],26,pass
tests/test_store.py::test_batch_list_namespaces_ops[memory],27,pass
tests/test_store.py::test_batch_list_namespaces_ops[memory],28,pass
tests/test_store.py::test_batch_list_namespaces_ops[memory],29,pass
tests/test_store.py::test_batch_list_namespaces_ops[memory],30,pass
tests/test_store.py::test_batch_list_namespaces_ops[memory],31,pass
tests/test_store.py::test_batch_list_namespaces_ops[memory],32,pass
tests/test_store.py::test_batch_list_namespaces_ops[memory],33,pass
tests/test_store.py::test_batch_list_namespaces_ops[memory],34,pass
tests/test_store.py::test_batch_list_namespaces_ops[memory],35,pass
tests/test_store.py::test_batch_list_namespaces_ops[memory],36,pass
tests/test_store.py::test_batch_list_namespaces_ops[memory],37,pass
tests/test_store.py::test_batch_list_namespaces_ops[memory],38,pass
tests/test_store.py::test_batch_list_namespaces_ops[memory],39,pass
tests/test_store.py::test_batch_list_namespaces_ops[memory],40,pass
tests/test_store.py::test_batch_list_namespaces_ops[memory],41,pass
tests/test_store.py::test_batch_list_namespaces_ops[memory],42,pass
tests/test_store.py::test_batch_list_namespaces_ops[memory],43,pass
tests/test_store.py::test_batch_list_namespaces_ops[memory],44,pass
tests/test_store.py::test_batch_list_namespaces_ops[memory],45,pass
tests/test_store.py::test_batch_list_namespaces_ops[memory],46,pass
tests/test_store.py::test_batch_list_namespaces_ops[memory],47,pass
tests/test_store.py::test_batch_list_namespaces_ops[memory],48,pass
tests/test_store.py::test_batch_list_namespaces_ops[memory],49,pass
tests/test_store.py::test_batch_list_namespaces_ops[memory],50,pass
tests/test_store.py::test_batch_put_ops[file],1,pass
tests/test_store.py::test_batch_put_ops[file],2,pass
tests/test_store.py::test_batch_put_ops[file],3,pass
tests/test_store.py::test_batch_put_ops[file],4,pass
tests/test_store.py::test_batch_put_ops[file],5,pass
tests/test_store.py::test_batch_put_ops[file],6,pass
tests/test_store.py::test_batch_put_ops[file],7,pass
tests/test_store.py::test_batch_put_ops[file],8,pass
tests/test_store.py::test_batch_put_ops[file],9,pass
tests/test_store.py::test_batch_put_ops[file],10,pass
tests/test_store.py::test_batch_put_ops[file],11,pass
tests/test_store.py::test_batch_put_ops[file],12,pass
tests/test_store.py::test_batch_put_ops[file],13,pass
tests/test_store.py::test_batch_put_ops[file],14,pass
tests/test_store.py::test_batch_put_ops[file],15,pass
tests/test_store.py::test_batch_put_ops[file],16,pass
tests/test_store.py::test_batch_put_ops[file],17,pass
tests/test_store.py::test_batch_put_ops[file],18,pass
tests/test_store.py::test_batch_put_ops[file],19,pass
tests/test_store.py::test_batch_put_ops[file],20,pass
tests/test_store.py::test_batch_put_ops[file],21,pass
tests/test_store.py::test_batch_put_ops[file],22,pass
tests/test_store.py::test_batch_put_ops[file],23,pass
tests/test_store.py::test_batch_put_ops[file],24,pass
tests/test_store.py::test_batch_put_ops[file],25,pass
tests/test_store.py::test_batch_put_ops[file],26,pass
tests/test_store.py::test_batch_put_ops[file],27,pass
tests/test_store.py::test_batch_put_ops[file],28,pass
tests/test_store.py::test_batch_put_ops[file],29,pass
tests/test_store.py::test_batch_put_ops[file],30,pass
tests/test_store.py::test_batch_put_ops[file],31,pass
tests/test_store.py::test_batch_put_ops[file],32,pass
tests/test_store.py::test_batch_put_ops[file],33,pass
tests/test_store.py::test_batch_put_ops[file],34,pass
tests/test_store.py::test_batch_put_ops[file],35,pass
tests/test_store.py::test_batch_put_ops[file],36,pass
tests/test_store.py::test_batch_put_ops[file],37,pass
tests/test_store.py::test_batch_put_ops[file],38,pass
tests/test_store.py::test_batch_put_ops[file],39,pass
tests/test_store.py::test_batch_put_ops[file],40,pass
tests/test_store.py::test_batch_put_ops[file],41,pass
tests/test_store.py::test_batch_put_ops[file],42,pass
tests/test_store.py::test_batch_put_ops[file],43,pass
tests/test_store.py::test_batch_put_ops[file],44,pass
tests/test_store.py::test_batch_put_ops[file],45,pass
tests/test_store.py::test_batch_put_ops[file],46,pass
tests/test_store.py::test_batch_put_ops[file],47,pass
tests/test_store.py::test_batch_put_ops[file],48,pass
tests/test_store.py::test_batch_put_ops[file],49,pass
tests/test_store.py::test_batch_put_ops[file],50,pass
tests/test_store.py::test_batch_put_ops[memory],1,pass
tests/test_store.py::test_batch_put_ops[memory],2,pass
tests/test_store.py::test_batch_put_ops[memory],3,pass
tests/test_store.py::test_batch_put_ops[memory],4,pass
tests/test_store.py::test_batch_put_ops[memory],5,pass
tests/test_store.py::test_batch_put_ops[memory],6,pass
tests/test_store.py::test_batch_put_ops[memory],7,pass
tests/test_store.py::test_batch_put_ops[memory],8,pass
tests/test_store.py::test_batch_put_ops[memory],9,pass
tests/test_store.py::test_batch_put_ops[memory],10,pass
tests/test_store.py::test_batch_put_ops[memory],11,pass
tests/test_store.py::test_batch_put_ops[memory],12,pass
tests/test_store.py::test_batch_put_ops[memory],13,pass
tests/test_store.py::test_batch_put_ops[memory],14,pass
tests/test_store.py::test_batch_put_ops[memory],15,pass
tests/test_store.py::test_batch_put_ops[memory],16,pass
tests/test_store.py::test_batch_put_ops[memory],17,pass
tests/test_store.py::test_batch_put_ops[memory],18,pass
tests/test_store.py::test_batch_put_ops[memory],19,pass
tests/test_store.py::test_batch_put_ops[memory],20,pass
tests/test_store.py::test_batch_put_ops[memory],21,pass
tests/test_store.py::test_batch_put_ops[memory],22,pass
tests/test_store.py::test_batch_put_ops[memory],23,pass
tests/test_store.py::test_batch_put_ops[memory],24,pass
tests/test_store.py::test_batch_put_ops[memory],25,pass
tests/test_store.py::test_batch_put_ops[memory],26,pass
tests/test_store.py::test_batch_put_ops[memory],27,pass
tests/test_store.py::test_batch_put_ops[memory],28,pass
tests/test_store.py::test_batch_put_ops[memory],29,pass
tests/test_store.py::test_batch_put_ops[memory],30,pass
tests/test_store.py::test_batch_put_ops[memory],31,pass
tests/test_store.py::test_batch_put_ops[memory],32,pass
tests/test_store.py::test_batch_put_ops[memory],33,pass
tests/test_store.py::test_batch_put_ops[memory],34,pass
tests/test_store.py::test_batch_put_ops[memory],35,pass
tests/test_store.py::test_batch_put_ops[memory],36,pass
tests/test_store.py::test_batch_put_ops[memory],37,pass
tests/test_store.py::test_batch_put_ops[memory],38,pass
tests/test_store.py::test_batch_put_ops[memory],39,pass
tests/test_store.py::test_batch_put_ops[memory],40,pass
tests/test_store.py::test_batch_put_ops[memory],41,pass
tests/test_store.py::test_batch_put_ops[memory],42,pass
tests/test_store.py::test_batch_put_ops[memory],43,pass
tests/test_store.py::test_batch_put_ops[memory],44,pass
tests/test_store.py::test_batch_put_ops[memory],45,pass
tests/test_store.py::test_batch_put_ops[memory],46,pass
tests/test_store.py::test_batch_put_ops[memory],47,pass
tests/test_store.py::test_batch_put_ops[memory],48,pass
tests/test_store.py::test_batch_put_ops[memory],49,pass
tests/test_store.py::test_batch_put_ops[memory],50,pass
tests/test_store.py::test_batch_search_ops[file],1,pass
tests/test_store.py::test_batch_search_ops[file],2,pass
tests/test_store.py::test_batch_search_ops[file],3,pass
tests/test_store.py::test_batch_search_ops[file],4,pass
tests/test_store.py::test_batch_search_ops[file],5,pass
tests/test_store.py::test_batch_search_ops[file],6,pass
tests/test_store.py::test_batch_search_ops[file],7,pass
tests/test_store.py::test_batch_search_ops[file],8,pass
tests/test_store.py::test_batch_search_ops[file],9,pass
tests/test_store.py::test_batch_search_ops[file],10,pass
tests/test_store.py::test_batch_search_ops[file],11,pass
tests/test_store.py::test_batch_search_ops[file],12,pass
tests/test_store.py::test_batch_search_ops[file],13,pass
tests/test_store.py::test_batch_search_ops[file],14,pass
tests/test_store.py::test_batch_search_ops[file],15,pass
tests/test_store.py::test_batch_search_ops[file],16,pass
tests/test_store.py::test_batch_search_ops[file],17,pass
tests/test_store.py::test_batch_search_ops[file],18,pass
tests/test_store.py::test_batch_search_ops[file],19,pass
tests/test_store.py::test_batch_search_ops[file],20,pass
tests/test_store.py::test_batch_search_ops[file],21,pass
tests/test_store.py::test_batch_search_ops[file],22,pass
tests/test_store.py::test_batch_search_ops[file],23,pass
tests/test_store.py::test_batch_search_ops[file],24,pass
tests/test_store.py::test_batch_search_ops[file],25,pass
tests/test_store.py::test_batch_search_ops[file],26,pass
tests/test_store.py::test_batch_search_ops[file],27,pass
tests/test_store.py::test_batch_search_ops[file],28,pass
tests/test_store.py::test_batch_search_ops[file],29,pass
tests/test_store.py::test_batch_search_ops[file],30,pass
tests/test_store.py::test_batch_search_ops[file],31,pass
tests/test_store.py::test_batch_search_ops[file],32,pass
tests/test_store.py::test_batch_search_ops[file],33,pass
tests/test_store.py::test_batch_search_ops[file],34,pass
tests/test_store.py::test_batch_search_ops[file],35,pass
tests/test_store.py::test_batch_search_ops[file],36,pass
tests/test_store.py::test_batch_search_ops[file],37,pass
tests/test_store.py::test_batch_search_ops[file],38,pass
tests/test_store.py::test_batch_search_ops[file],39,pass
tests/test_store.py::test_batch_search_ops[file],40,pass
tests/test_store.py::test_batch_search_ops[file],41,pass
tests/test_store.py::test_batch_search_ops[file],42,pass
tests/test_store.py::test_batch_search_ops[file],43,pass
tests/test_store.py::test_batch_search_ops[file],44,pass
tests/test_store.py::test_batch_search_ops[file],45,pass
tests/test_store.py::test_batch_search_ops[file],46,pass
tests/test_store.py::test_batch_search_ops[file],47,pass
tests/test_store.py::test_batch_search_ops[file],48,pass
tests/test_store.py::test_batch_search_ops[file],49,pass
tests/test_store.py::test_batch_search_ops[file],50,pass
tests/test_store.py::test_batch_search_ops[memory],1,pass
tests/test_store.py::test_batch_search_ops[memory],2,pass
tests/test_store.py::test_batch_search_ops[memory],3,pass
tests/test_store.py::test_batch_search_ops[memory],4,pass
tests/test_store.py::test_batch_search_ops[memory],5,pass
tests/test_store.py::test_batch_search_ops[memory],6,pass
tests/test_store.py::test_batch_search_ops[memory],7,pass
tests/test_store.py::test_batch_search_ops[memory],8,pass
tests/test_store.py::test_batch_search_ops[memory],9,pass
tests/test_store.py::test_batch_search_ops[memory],10,pass
tests/test_store.py::test_batch_search_ops[memory],11,pass
tests/test_store.py::test_batch_search_ops[memory],12,pass
tests/test_store.py::test_batch_search_ops[memory],13,pass
tests/test_store.py::test_batch_search_ops[memory],14,pass
tests/test_store.py::test_batch_search_ops[memory],15,pass
tests/test_store.py::test_batch_search_ops[memory],16,pass
tests/test_store.py::test_batch_search_ops[memory],17,pass
tests/test_store.py::test_batch_search_ops[memory],18,pass
tests/test_store.py::test_batch_search_ops[memory],19,pass
tests/test_store.py::test_batch_search_ops[memory],20,pass
tests/test_store.py::test_batch_search_ops[memory],21,pass
tests/test_store.py::test_batch_search_ops[memory],22,pass
tests/test_store.py::test_batch_search_ops[memory],23,pass
tests/test_store.py::test_batch_search_ops[memory],24,pass
tests/test_store.py::test_batch_search_ops[memory],25,pass
tests/test_store.py::test_batch_search_ops[memory],26,pass
tests/test_store.py::test_batch_search_ops[memory],27,pass
tests/test_store.py::test_batch_search_ops[memory],28,pass
tests/test_store.py::test_batch_search_ops[memory],29,pass
tests/test_store.py::test_batch_search_ops[memory],30,pass
tests/test_store.py::test_batch_search_ops[memory],31,pass
tests/test_store.py::test_batch_search_ops[memory],32,pass
tests/test_store.py::test_batch_search_ops[memory],33,pass
tests/test_store.py::test_batch_search_ops[memory],34,pass
tests/test_store.py::test_batch_search_ops[memory],35,pass
tests/test_store.py::test_batch_search_ops[memory],36,pass
tests/test_store.py::test_batch_search_ops[memory],37,pass
tests/test_store.py::test_batch_search_ops[memory],38,pass
tests/test_store.py::test_batch_search_ops[memory],39,pass
tests/test_store.py::test_batch_search_ops[memory],40,pass
tests/test_store.py::test_batch_search_ops[memory],41,pass
tests/test_store.py::test_batch_search_ops[memory],42,pass
tests/test_store.py::test_batch_search_ops[memory],43,pass
tests/test_store.py::test_batch_search_ops[memory],44,pass
tests/test_store.py::test_batch_search_ops[memory],45,pass
tests/test_store.py::test_batch_search_ops[memory],46,pass
tests/test_store.py::test_batch_search_ops[memory],47,pass
tests/test_store.py::test_batch_search_ops[memory],48,pass
tests/test_store.py::test_batch_search_ops[memory],49,pass
tests/test_store.py::test_batch_search_ops[memory],50,pass
tests/test_store.py::test_boolean_filter_safety[file],1,pass
tests/test_store.py::test_boolean_filter_safety[file],2,pass
tests/test_store.py::test_boolean_filter_safety[file],3,pass
tests/test_store.py::test_boolean_filter_safety[file],4,pass
tests/test_store.py::test_boolean_filter_safety[file],5,pass
tests/test_store.py::test_boolean_filter_safety[file],6,pass
tests/test_store.py::test_boolean_filter_safety[file],7,pass
tests/test_store.py::test_boolean_filter_safety[file],8,pass
tests/test_store.py::test_boolean_filter_safety[file],9,pass
tests/test_store.py::test_boolean_filter_safety[file],10,pass
tests/test_store.py::test_boolean_filter_safety[file],11,pass
tests/test_store.py::test_boolean_filter_safety[file],12,pass
tests/test_store.py::test_boolean_filter_safety[file],13,pass
tests/test_store.py::test_boolean_filter_safety[file],14,pass
tests/test_store.py::test_boolean_filter_safety[file],15,pass
tests/test_store.py::test_boolean_filter_safety[file],16,pass
tests/test_store.py::test_boolean_filter_safety[file],17,pass
tests/test_store.py::test_boolean_filter_safety[file],18,pass
tests/test_store.py::test_boolean_filter_safety[file],19,pass
tests/test_store.py::test_boolean_filter_safety[file],20,pass
tests/test_store.py::test_boolean_filter_safety[file],21,pass
tests/test_store.py::test_boolean_filter_safety[file],22,pass
tests/test_store.py::test_boolean_filter_safety[file],23,pass
tests/test_store.py::test_boolean_filter_safety[file],24,pass
tests/test_store.py::test_boolean_filter_safety[file],25,pass
tests/test_store.py::test_boolean_filter_safety[file],26,pass
tests/test_store.py::test_boolean_filter_safety[file],27,pass
tests/test_store.py::test_boolean_filter_safety[file],28,pass
tests/test_store.py::test_boolean_filter_safety[file],29,pass
tests/test_store.py::test_boolean_filter_safety[file],30,pass
tests/test_store.py::test_boolean_filter_safety[file],31,pass
tests/test_store.py::test_boolean_filter_safety[file],32,pass
tests/test_store.py::test_boolean_filter_safety[file],33,pass
tests/test_store.py::test_boolean_filter_safety[file],34,pass
tests/test_store.py::test_boolean_filter_safety[file],35,pass
tests/test_store.py::test_boolean_filter_safety[file],36,pass
tests/test_store.py::test_boolean_filter_safety[file],37,pass
tests/test_store.py::test_boolean_filter_safety[file],38,pass
tests/test_store.py::test_boolean_filter_safety[file],39,pass
tests/test_store.py::test_boolean_filter_safety[file],40,pass
tests/test_store.py::test_boolean_filter_safety[file],41,pass
tests/test_store.py::test_boolean_filter_safety[file],42,pass
tests/test_store.py::test_boolean_filter_safety[file],43,pass
tests/test_store.py::test_boolean_filter_safety[file],44,pass
tests/test_store.py::test_boolean_filter_safety[file],45,pass
tests/test_store.py::test_boolean_filter_safety[file],46,pass
tests/test_store.py::test_boolean_filter_safety[file],47,pass
tests/test_store.py::test_boolean_filter_safety[file],48,pass
tests/test_store.py::test_boolean_filter_safety[file],49,pass
tests/test_store.py::test_boolean_filter_safety[file],50,pass
tests/test_store.py::test_boolean_filter_safety[memory],1,pass
tests/test_store.py::test_boolean_filter_safety[memory],2,pass
tests/test_store.py::test_boolean_filter_safety[memory],3,pass
tests/test_store.py::test_boolean_filter_safety[memory],4,pass
tests/test_store.py::test_boolean_filter_safety[memory],5,pass
tests/test_store.py::test_boolean_filter_safety[memory],6,pass
tests/test_store.py::test_boolean_filter_safety[memory],7,pass
tests/test_store.py::test_boolean_filter_safety[memory],8,pass
tests/test_store.py::test_boolean_filter_safety[memory],9,pass
tests/test_store.py::test_boolean_filter_safety[memory],10,pass
tests/test_store.py::test_boolean_filter_safety[memory],11,pass
tests/test_store.py::test_boolean_filter_safety[memory],12,pass
tests/test_store.py::test_boolean_filter_safety[memory],13,pass
tests/test_store.py::test_boolean_filter_safety[memory],14,pass
tests/test_store.py::test_boolean_filter_safety[memory],15,pass
tests/test_store.py::test_boolean_filter_safety[memory],16,pass
tests/test_store.py::test_boolean_filter_safety[memory],17,pass
tests/test_store.py::test_boolean_filter_safety[memory],18,pass
tests/test_store.py::test_boolean_filter_safety[memory],19,pass
tests/test_store.py::test_boolean_filter_safety[memory],20,pass
tests/test_store.py::test_boolean_filter_safety[memory],21,pass
tests/test_store.py::test_boolean_filter_safety[memory],22,pass
tests/test_store.py::test_boolean_filter_safety[memory],23,pass
tests/test_store.py::test_boolean_filter_safety[memory],24,pass
tests/test_store.py::test_boolean_filter_safety[memory],25,pass
tests/test_store.py::test_boolean_filter_safety[memory],26,pass
tests/test_store.py::test_boolean_filter_safety[memory],27,pass
tests/test_store.py::test_boolean_filter_safety[memory],28,pass
tests/test_store.py::test_boolean_filter_safety[memory],29,pass
tests/test_store.py::test_boolean_filter_safety[memory],30,pass
tests/test_store.py::test_boolean_filter_safety[memory],31,pass
tests/test_store.py::test_boolean_filter_safety[memory],32,pass
tests/test_store.py::test_boolean_filter_safety[memory],33,pass
tests/test_store.py::test_boolean_filter_safety[memory],34,pass
tests/test_store.py::test_boolean_filter_safety[memory],35,pass
tests/test_store.py::test_boolean_filter_safety[memory],36,pass
tests/test_store.py::test_boolean_filter_safety[memory],37,pass
tests/test_store.py::test_boolean_filter_safety[memory],38,pass
tests/test_store.py::test_boolean_filter_safety[memory],39,pass
tests/test_store.py::test_boolean_filter_safety[memory],40,pass
tests/test_store.py::test_boolean_filter_safety[memory],41,pass
tests/test_store.py::test_boolean_filter_safety[memory],42,pass
tests/test_store.py::test_boolean_filter_safety[memory],43,pass
tests/test_store.py::test_boolean_filter_safety[memory],44,pass
tests/test_store.py::test_boolean_filter_safety[memory],45,pass
tests/test_store.py::test_boolean_filter_safety[memory],46,pass
tests/test_store.py::test_boolean_filter_safety[memory],47,pass
tests/test_store.py::test_boolean_filter_safety[memory],48,pass
tests/test_store.py::test_boolean_filter_safety[memory],49,pass
tests/test_store.py::test_boolean_filter_safety[memory],50,pass
tests/test_store.py::test_embed_with_path[cosine],1,pass
tests/test_store.py::test_embed_with_path[cosine],2,pass
tests/test_store.py::test_embed_with_path[cosine],3,pass
tests/test_store.py::test_embed_with_path[cosine],4,pass
tests/test_store.py::test_embed_with_path[cosine],5,pass
tests/test_store.py::test_embed_with_path[cosine],6,pass
tests/test_store.py::test_embed_with_path[cosine],7,pass
tests/test_store.py::test_embed_with_path[cosine],8,pass
tests/test_store.py::test_embed_with_path[cosine],9,pass
tests/test_store.py::test_embed_with_path[cosine],10,pass
tests/test_store.py::test_embed_with_path[cosine],11,pass
tests/test_store.py::test_embed_with_path[cosine],12,pass
tests/test_store.py::test_embed_with_path[cosine],13,pass
tests/test_store.py::test_embed_with_path[cosine],14,pass
tests/test_store.py::test_embed_with_path[cosine],15,pass
tests/test_store.py::test_embed_with_path[cosine],16,pass
tests/test_store.py::test_embed_with_path[cosine],17,pass
tests/test_store.py::test_embed_with_path[cosine],18,pass
tests/test_store.py::test_embed_with_path[cosine],19,pass
tests/test_store.py::test_embed_with_path[cosine],20,pass
tests/test_store.py::test_embed_with_path[cosine],21,pass
tests/test_store.py::test_embed_with_path[cosine],22,pass
tests/test_store.py::test_embed_with_path[cosine],23,pass
tests/test_store.py::test_embed_with_path[cosine],24,pass
tests/test_store.py::test_embed_with_path[cosine],25,pass
tests/test_store.py::test_embed_with_path[cosine],26,pass
tests/test_store.py::test_embed_with_path[cosine],27,pass
tests/test_store.py::test_embed_with_path[cosine],28,pass
tests/test_store.py::test_embed_with_path[cosine],29,pass
tests/test_store.py::test_embed_with_path[cosine],30,pass
tests/test_store.py::test_embed_with_path[cosine],31,pass
tests/test_store.py::test_embed_with_path[cosine],32,pass
tests/test_store.py::test_embed_with_path[cosine],33,pass
tests/test_store.py::test_embed_with_path[cosine],34,pass
tests/test_store.py::test_embed_with_path[cosine],35,pass
tests/test_store.py::test_embed_with_path[cosine],36,pass
tests/test_store.py::test_embed_with_path[cosine],37,pass
tests/test_store.py::test_embed_with_path[cosine],38,pass
tests/test_store.py::test_embed_with_path[cosine],39,pass
tests/test_store.py::test_embed_with_path[cosine],40,pass
tests/test_store.py::test_embed_with_path[cosine],41,pass
tests/test_store.py::test_embed_with_path[cosine],42,pass
tests/test_store.py::test_embed_with_path[cosine],43,pass
tests/test_store.py::test_embed_with_path[cosine],44,pass
tests/test_store.py::test_embed_with_path[cosine],45,pass
tests/test_store.py::test_embed_with_path[cosine],46,pass
tests/test_store.py::test_embed_with_path[cosine],47,pass
tests/test_store.py::test_embed_with_path[cosine],48,pass
tests/test_store.py::test_embed_with_path[cosine],49,pass
tests/test_store.py::test_embed_with_path[cosine],50,pass
tests/test_store.py::test_embed_with_path_operation_config[cosine],1,pass
tests/test_store.py::test_embed_with_path_operation_config[cosine],2,pass
tests/test_store.py::test_embed_with_path_operation_config[cosine],3,pass
tests/test_store.py::test_embed_with_path_operation_config[cosine],4,pass
tests/test_store.py::test_embed_with_path_operation_config[cosine],5,pass
tests/test_store.py::test_embed_with_path_operation_config[cosine],6,pass
tests/test_store.py::test_embed_with_path_operation_config[cosine],7,pass
tests/test_store.py::test_embed_with_path_operation_config[cosine],8,pass
tests/test_store.py::test_embed_with_path_operation_config[cosine],9,pass
tests/test_store.py::test_embed_with_path_operation_config[cosine],10,pass
tests/test_store.py::test_embed_with_path_operation_config[cosine],11,pass
tests/test_store.py::test_embed_with_path_operation_config[cosine],12,pass
tests/test_store.py::test_embed_with_path_operation_config[cosine],13,pass
tests/test_store.py::test_embed_with_path_operation_config[cosine],14,pass
tests/test_store.py::test_embed_with_path_operation_config[cosine],15,pass
tests/test_store.py::test_embed_with_path_operation_config[cosine],16,pass
tests/test_store.py::test_embed_with_path_operation_config[cosine],17,pass
tests/test_store.py::test_embed_with_path_operation_config[cosine],18,pass
tests/test_store.py::test_embed_with_path_operation_config[cosine],19,pass
tests/test_store.py::test_embed_with_path_operation_config[cosine],20,pass
tests/test_store.py::test_embed_with_path_operation_config[cosine],21,pass
tests/test_store.py::test_embed_with_path_operation_config[cosine],22,pass
tests/test_store.py::test_embed_with_path_operation_config[cosine],23,pass
tests/test_store.py::test_embed_with_path_operation_config[cosine],24,pass
tests/test_store.py::test_embed_with_path_operation_config[cosine],25,pass
tests/test_store.py::test_embed_with_path_operation_config[cosine],26,pass
tests/test_store.py::test_embed_with_path_operation_config[cosine],27,pass
tests/test_store.py::test_embed_with_path_operation_config[cosine],28,pass
tests/test_store.py::test_embed_with_path_operation_config[cosine],29,pass
tests/test_store.py::test_embed_with_path_operation_config[cosine],30,pass
tests/test_store.py::test_embed_with_path_operation_config[cosine],31,pass
tests/test_store.py::test_embed_with_path_operation_config[cosine],32,pass
tests/test_store.py::test_embed_with_path_operation_config[cosine],33,pass
tests/test_store.py::test_embed_with_path_operation_config[cosine],34,pass
tests/test_store.py::test_embed_with_path_operation_config[cosine],35,pass
tests/test_store.py::test_embed_with_path_operation_config[cosine],36,pass
tests/test_store.py::test_embed_with_path_operation_config[cosine],37,pass
tests/test_store.py::test_embed_with_path_operation_config[cosine],38,pass
tests/test_store.py::test_embed_with_path_operation_config[cosine],39,pass
tests/test_store.py::test_embed_with_path_operation_config[cosine],40,pass
tests/test_store.py::test_embed_with_path_operation_config[cosine],41,pass
tests/test_store.py::test_embed_with_path_operation_config[cosine],42,pass
tests/test_store.py::test_embed_with_path_operation_config[cosine],43,pass
tests/test_store.py::test_embed_with_path_operation_config[cosine],44,pass
tests/test_store.py::test_embed_with_path_operation_config[cosine],45,pass
tests/test_store.py::test_embed_with_path_operation_config[cosine],46,pass
tests/test_store.py::test_embed_with_path_operation_config[cosine],47,pass
tests/test_store.py::test_embed_with_path_operation_config[cosine],48,pass
tests/test_store.py::test_embed_with_path_operation_config[cosine],49,pass
tests/test_store.py::test_embed_with_path_operation_config[cosine],50,pass
tests/test_store.py::test_escape_glob_literal,1,pass
tests/test_store.py::test_escape_glob_literal,2,pass
tests/test_store.py::test_escape_glob_literal,3,pass
tests/test_store.py::test_escape_glob_literal,4,pass
tests/test_store.py::test_escape_glob_literal,5,pass
tests/test_store.py::test_escape_glob_literal,6,pass
tests/test_store.py::test_escape_glob_literal,7,pass
tests/test_store.py::test_escape_glob_literal,8,pass
tests/test_store.py::test_escape_glob_literal,9,pass
tests/test_store.py::test_escape_glob_literal,10,pass
tests/test_store.py::test_escape_glob_literal,11,pass
tests/test_store.py::test_escape_glob_literal,12,pass
tests/test_store.py::test_escape_glob_literal,13,pass
tests/test_store.py::test_escape_glob_literal,14,pass
tests/test_store.py::test_escape_glob_literal,15,pass
tests/test_store.py::test_escape_glob_literal,16,pass
tests/test_store.py::test_escape_glob_literal,17,pass
tests/test_store.py::test_escape_glob_literal,18,pass
tests/test_store.py::test_escape_glob_literal,19,pass
tests/test_store.py::test_escape_glob_literal,20,pass
tests/test_store.py::test_escape_glob_literal,21,pass
tests/test_store.py::test_escape_glob_literal,22,pass
tests/test_store.py::test_escape_glob_literal,23,pass
tests/test_store.py::test_escape_glob_literal,24,pass
tests/test_store.py::test_escape_glob_literal,25,pass
tests/test_store.py::test_escape_glob_literal,26,pass
tests/test_store.py::test_escape_glob_literal,27,pass
tests/test_store.py::test_escape_glob_literal,28,pass
tests/test_store.py::test_escape_glob_literal,29,pass
tests/test_store.py::test_escape_glob_literal,30,pass
tests/test_store.py::test_escape_glob_literal,31,pass
tests/test_store.py::test_escape_glob_literal,32,pass
tests/test_store.py::test_escape_glob_literal,33,pass
tests/test_store.py::test_escape_glob_literal,34,pass
tests/test_store.py::test_escape_glob_literal,35,pass
tests/test_store.py::test_escape_glob_literal,36,pass
tests/test_store.py::test_escape_glob_literal,37,pass
tests/test_store.py::test_escape_glob_literal,38,pass
tests/test_store.py::test_escape_glob_literal,39,pass
tests/test_store.py::test_escape_glob_literal,40,pass
tests/test_store.py::test_escape_glob_literal,41,pass
tests/test_store.py::test_escape_glob_literal,42,pass
tests/test_store.py::test_escape_glob_literal,43,pass
tests/test_store.py::test_escape_glob_literal,44,pass
tests/test_store.py::test_escape_glob_literal,45,pass
tests/test_store.py::test_escape_glob_literal,46,pass
tests/test_store.py::test_escape_glob_literal,47,pass
tests/test_store.py::test_escape_glob_literal,48,pass
tests/test_store.py::test_escape_glob_literal,49,pass
tests/test_store.py::test_escape_glob_literal,50,pass
tests/test_store.py::test_filter_keys_with_hyphens_and_digits[file],1,pass
tests/test_store.py::test_filter_keys_with_hyphens_and_digits[file],2,pass
tests/test_store.py::test_filter_keys_with_hyphens_and_digits[file],3,pass
tests/test_store.py::test_filter_keys_with_hyphens_and_digits[file],4,pass
tests/test_store.py::test_filter_keys_with_hyphens_and_digits[file],5,pass
tests/test_store.py::test_filter_keys_with_hyphens_and_digits[file],6,pass
tests/test_store.py::test_filter_keys_with_hyphens_and_digits[file],7,pass
tests/test_store.py::test_filter_keys_with_hyphens_and_digits[file],8,pass
tests/test_store.py::test_filter_keys_with_hyphens_and_digits[file],9,pass
tests/test_store.py::test_filter_keys_with_hyphens_and_digits[file],10,pass
tests/test_store.py::test_filter_keys_with_hyphens_and_digits[file],11,pass
tests/test_store.py::test_filter_keys_with_hyphens_and_digits[file],12,pass
tests/test_store.py::test_filter_keys_with_hyphens_and_digits[file],13,pass
tests/test_store.py::test_filter_keys_with_hyphens_and_digits[file],14,pass
tests/test_store.py::test_filter_keys_with_hyphens_and_digits[file],15,pass
tests/test_store.py::test_filter_keys_with_hyphens_and_digits[file],16,pass
tests/test_store.py::test_filter_keys_with_hyphens_and_digits[file],17,pass
tests/test_store.py::test_filter_keys_with_hyphens_and_digits[file],18,pass
tests/test_store.py::test_filter_keys_with_hyphens_and_digits[file],19,pass
tests/test_store.py::test_filter_keys_with_hyphens_and_digits[file],20,pass
tests/test_store.py::test_filter_keys_with_hyphens_and_digits[file],21,pass
tests/test_store.py::test_filter_keys_with_hyphens_and_digits[file],22,pass
tests/test_store.py::test_filter_keys_with_hyphens_and_digits[file],23,pass
tests/test_store.py::test_filter_keys_with_hyphens_and_digits[file],24,pass
tests/test_store.py::test_filter_keys_with_hyphens_and_digits[file],25,pass
tests/test_store.py::test_filter_keys_with_hyphens_and_digits[file],26,pass
tests/test_store.py::test_filter_keys_with_hyphens_and_digits[file],27,pass
tests/test_store.py::test_filter_keys_with_hyphens_and_digits[file],28,pass
tests/test_store.py::test_filter_keys_with_hyphens_and_digits[file],29,pass
tests/test_store.py::test_filter_keys_with_hyphens_and_digits[file],30,pass
tests/test_store.py::test_filter_keys_with_hyphens_and_digits[file],31,pass
tests/test_store.py::test_filter_keys_with_hyphens_and_digits[file],32,pass
tests/test_store.py::test_filter_keys_with_hyphens_and_digits[file],33,pass
tests/test_store.py::test_filter_keys_with_hyphens_and_digits[file],34,pass
tests/test_store.py::test_filter_keys_with_hyphens_and_digits[file],35,pass
tests/test_store.py::test_filter_keys_with_hyphens_and_digits[file],36,pass
tests/test_store.py::test_filter_keys_with_hyphens_and_digits[file],37,pass
tests/test_store.py::test_filter_keys_with_hyphens_and_digits[file],38,pass
tests/test_store.py::test_filter_keys_with_hyphens_and_digits[file],39,pass
tests/test_store.py::test_filter_keys_with_hyphens_and_digits[file],40,pass
tests/test_store.py::test_filter_keys_with_hyphens_and_digits[file],41,pass
tests/test_store.py::test_filter_keys_with_hyphens_and_digits[file],42,pass
tests/test_store.py::test_filter_keys_with_hyphens_and_digits[file],43,pass
tests/test_store.py::test_filter_keys_with_hyphens_and_digits[file],44,pass
tests/test_store.py::test_filter_keys_with_hyphens_and_digits[file],45,pass
tests/test_store.py::test_filter_keys_with_hyphens_and_digits[file],46,pass
tests/test_store.py::test_filter_keys_with_hyphens_and_digits[file],47,pass
tests/test_store.py::test_filter_keys_with_hyphens_and_digits[file],48,pass
tests/test_store.py::test_filter_keys_with_hyphens_and_digits[file],49,pass
tests/test_store.py::test_filter_keys_with_hyphens_and_digits[file],50,pass
tests/test_store.py::test_filter_keys_with_hyphens_and_digits[memory],1,pass
tests/test_store.py::test_filter_keys_with_hyphens_and_digits[memory],2,pass
tests/test_store.py::test_filter_keys_with_hyphens_and_digits[memory],3,pass
tests/test_store.py::test_filter_keys_with_hyphens_and_digits[memory],4,pass
tests/test_store.py::test_filter_keys_with_hyphens_and_digits[memory],5,pass
tests/test_store.py::test_filter_keys_with_hyphens_and_digits[memory],6,pass
tests/test_store.py::test_filter_keys_with_hyphens_and_digits[memory],7,pass
tests/test_store.py::test_filter_keys_with_hyphens_and_digits[memory],8,pass
tests/test_store.py::test_filter_keys_with_hyphens_and_digits[memory],9,pass
tests/test_store.py::test_filter_keys_with_hyphens_and_digits[memory],10,pass
tests/test_store.py::test_filter_keys_with_hyphens_and_digits[memory],11,pass
tests/test_store.py::test_filter_keys_with_hyphens_and_digits[memory],12,pass
tests/test_store.py::test_filter_keys_with_hyphens_and_digits[memory],13,pass
tests/test_store.py::test_filter_keys_with_hyphens_and_digits[memory],14,pass
tests/test_store.py::test_filter_keys_with_hyphens_and_digits[memory],15,pass
tests/test_store.py::test_filter_keys_with_hyphens_and_digits[memory],16,pass
tests/test_store.py::test_filter_keys_with_hyphens_and_digits[memory],17,pass
tests/test_store.py::test_filter_keys_with_hyphens_and_digits[memory],18,pass
tests/test_store.py::test_filter_keys_with_hyphens_and_digits[memory],19,pass
tests/test_store.py::test_filter_keys_with_hyphens_and_digits[memory],20,pass
tests/test_store.py::test_filter_keys_with_hyphens_and_digits[memory],21,pass
tests/test_store.py::test_filter_keys_with_hyphens_and_digits[memory],22,pass
tests/test_store.py::test_filter_keys_with_hyphens_and_digits[memory],23,pass
tests/test_store.py::test_filter_keys_with_hyphens_and_digits[memory],24,pass
tests/test_store.py::test_filter_keys_with_hyphens_and_digits[memory],25,pass
tests/test_store.py::test_filter_keys_with_hyphens_and_digits[memory],26,pass
tests/test_store.py::test_filter_keys_with_hyphens_and_digits[memory],27,pass
tests/test_store.py::test_filter_keys_with_hyphens_and_digits[memory],28,pass
tests/test_store.py::test_filter_keys_with_hyphens_and_digits[memory],29,pass
tests/test_store.py::test_filter_keys_with_hyphens_and_digits[memory],30,pass
tests/test_store.py::test_filter_keys_with_hyphens_and_digits[memory],31,pass
tests/test_store.py::test_filter_keys_with_hyphens_and_digits[memory],32,pass
tests/test_store.py::test_filter_keys_with_hyphens_and_digits[memory],33,pass
tests/test_store.py::test_filter_keys_with_hyphens_and_digits[memory],34,pass
tests/test_store.py::test_filter_keys_with_hyphens_and_digits[memory],35,pass
tests/test_store.py::test_filter_keys_with_hyphens_and_digits[memory],36,pass
tests/test_store.py::test_filter_keys_with_hyphens_and_digits[memory],37,pass
tests/test_store.py::test_filter_keys_with_hyphens_and_digits[memory],38,pass
tests/test_store.py::test_filter_keys_with_hyphens_and_digits[memory],39,pass
tests/test_store.py::test_filter_keys_with_hyphens_and_digits[memory],40,pass
tests/test_store.py::test_filter_keys_with_hyphens_and_digits[memory],41,pass
tests/test_store.py::test_filter_keys_with_hyphens_and_digits[memory],42,pass
tests/test_store.py::test_filter_keys_with_hyphens_and_digits[memory],43,pass
tests/test_store.py::test_filter_keys_with_hyphens_and_digits[memory],44,pass
tests/test_store.py::test_filter_keys_with_hyphens_and_digits[memory],45,pass
tests/test_store.py::test_filter_keys_with_hyphens_and_digits[memory],46,pass
tests/test_store.py::test_filter_keys_with_hyphens_and_digits[memory],47,pass
tests/test_store.py::test_filter_keys_with_hyphens_and_digits[memory],48,pass
tests/test_store.py::test_filter_keys_with_hyphens_and_digits[memory],49,pass
tests/test_store.py::test_filter_keys_with_hyphens_and_digits[memory],50,pass
tests/test_store.py::test_list_namespaces_metacharacter_labels[file],1,pass
tests/test_store.py::test_list_namespaces_metacharacter_labels[file],2,pass
tests/test_store.py::test_list_namespaces_metacharacter_labels[file],3,pass
tests/test_store.py::test_list_namespaces_metacharacter_labels[file],4,pass
tests/test_store.py::test_list_namespaces_metacharacter_labels[file],5,pass
tests/test_store.py::test_list_namespaces_metacharacter_labels[file],6,pass
tests/test_store.py::test_list_namespaces_metacharacter_labels[file],7,pass
tests/test_store.py::test_list_namespaces_metacharacter_labels[file],8,pass
tests/test_store.py::test_list_namespaces_metacharacter_labels[file],9,pass
tests/test_store.py::test_list_namespaces_metacharacter_labels[file],10,pass
tests/test_store.py::test_list_namespaces_metacharacter_labels[file],11,pass
tests/test_store.py::test_list_namespaces_metacharacter_labels[file],12,pass
tests/test_store.py::test_list_namespaces_metacharacter_labels[file],13,pass
tests/test_store.py::test_list_namespaces_metacharacter_labels[file],14,pass
tests/test_store.py::test_list_namespaces_metacharacter_labels[file],15,pass
tests/test_store.py::test_list_namespaces_metacharacter_labels[file],16,pass
tests/test_store.py::test_list_namespaces_metacharacter_labels[file],17,pass
tests/test_store.py::test_list_namespaces_metacharacter_labels[file],18,pass
tests/test_store.py::test_list_namespaces_metacharacter_labels[file],19,pass
tests/test_store.py::test_list_namespaces_metacharacter_labels[file],20,pass
tests/test_store.py::test_list_namespaces_metacharacter_labels[file],21,pass
tests/test_store.py::test_list_namespaces_metacharacter_labels[file],22,pass
tests/test_store.py::test_list_namespaces_metacharacter_labels[file],23,pass
tests/test_store.py::test_list_namespaces_metacharacter_labels[file],24,pass
tests/test_store.py::test_list_namespaces_metacharacter_labels[file],25,pass
tests/test_store.py::test_list_namespaces_metacharacter_labels[file],26,pass
tests/test_store.py::test_list_namespaces_metacharacter_labels[file],27,pass
tests/test_store.py::test_list_namespaces_metacharacter_labels[file],28,pass
tests/test_store.py::test_list_namespaces_metacharacter_labels[file],29,pass
tests/test_store.py::test_list_namespaces_metacharacter_labels[file],30,pass
tests/test_store.py::test_list_namespaces_metacharacter_labels[file],31,pass
tests/test_store.py::test_list_namespaces_metacharacter_labels[file],32,pass
tests/test_store.py::test_list_namespaces_metacharacter_labels[file],33,pass
tests/test_store.py::test_list_namespaces_metacharacter_labels[file],34,pass
tests/test_store.py::test_list_namespaces_metacharacter_labels[file],35,pass
tests/test_store.py::test_list_namespaces_metacharacter_labels[file],36,pass
tests/test_store.py::test_list_namespaces_metacharacter_labels[file],37,pass
tests/test_store.py::test_list_namespaces_metacharacter_labels[file],38,pass
tests/test_store.py::test_list_namespaces_metacharacter_labels[file],39,pass
tests/test_store.py::test_list_namespaces_metacharacter_labels[file],40,pass
tests/test_store.py::test_list_namespaces_metacharacter_labels[file],41,pass
tests/test_store.py::test_list_namespaces_metacharacter_labels[file],42,pass
tests/test_store.py::test_list_namespaces_metacharacter_labels[file],43,pass
tests/test_store.py::test_list_namespaces_metacharacter_labels[file],44,pass
tests/test_store.py::test_list_namespaces_metacharacter_labels[file],45,pass
tests/test_store.py::test_list_namespaces_metacharacter_labels[file],46,pass
tests/test_store.py::test_list_namespaces_metacharacter_labels[file],47,pass
tests/test_store.py::test_list_namespaces_metacharacter_labels[file],48,pass
tests/test_store.py::test_list_namespaces_metacharacter_labels[file],49,pass
tests/test_store.py::test_list_namespaces_metacharacter_labels[file],50,pass
tests/test_store.py::test_list_namespaces_metacharacter_labels[memory],1,pass
tests/test_store.py::test_list_namespaces_metacharacter_labels[memory],2,pass
tests/test_store.py::test_list_namespaces_metacharacter_labels[memory],3,pass
tests/test_store.py::test_list_namespaces_metacharacter_labels[memory],4,pass
tests/test_store.py::test_list_namespaces_metacharacter_labels[memory],5,pass
tests/test_store.py::test_list_namespaces_metacharacter_labels[memory],6,pass
tests/test_store.py::test_list_namespaces_metacharacter_labels[memory],7,pass
tests/test_store.py::test_list_namespaces_metacharacter_labels[memory],8,pass
tests/test_store.py::test_list_namespaces_metacharacter_labels[memory],9,pass
tests/test_store.py::test_list_namespaces_metacharacter_labels[memory],10,pass
tests/test_store.py::test_list_namespaces_metacharacter_labels[memory],11,pass
tests/test_store.py::test_list_namespaces_metacharacter_labels[memory],12,pass
tests/test_store.py::test_list_namespaces_metacharacter_labels[memory],13,pass
tests/test_store.py::test_list_namespaces_metacharacter_labels[memory],14,pass
tests/test_store.py::test_list_namespaces_metacharacter_labels[memory],15,pass
tests/test_store.py::test_list_namespaces_metacharacter_labels[memory],16,pass
tests/test_store.py::test_list_namespaces_metacharacter_labels[memory],17,pass
tests/test_store.py::test_list_namespaces_metacharacter_labels[memory],18,pass
tests/test_store.py::test_list_namespaces_metacharacter_labels[memory],19,pass
tests/test_store.py::test_list_namespaces_metacharacter_labels[memory],20,pass
tests/test_store.py::test_list_namespaces_metacharacter_labels[memory],21,pass
tests/test_store.py::test_list_namespaces_metacharacter_labels[memory],22,pass
tests/test_store.py::test_list_namespaces_metacharacter_labels[memory],23,pass
tests/test_store.py::test_list_namespaces_metacharacter_labels[memory],24,pass
tests/test_store.py::test_list_namespaces_metacharacter_labels[memory],25,pass
tests/test_store.py::test_list_namespaces_metacharacter_labels[memory],26,pass
tests/test_store.py::test_list_namespaces_metacharacter_labels[memory],27,pass
tests/test_store.py::test_list_namespaces_metacharacter_labels[memory],28,pass
tests/test_store.py::test_list_namespaces_metacharacter_labels[memory],29,pass
tests/test_store.py::test_list_namespaces_metacharacter_labels[memory],30,pass
tests/test_store.py::test_list_namespaces_metacharacter_labels[memory],31,pass
tests/test_store.py::test_list_namespaces_metacharacter_labels[memory],32,pass
tests/test_store.py::test_list_namespaces_metacharacter_labels[memory],33,pass
tests/test_store.py::test_list_namespaces_metacharacter_labels[memory],34,pass
tests/test_store.py::test_list_namespaces_metacharacter_labels[memory],35,pass
tests/test_store.py::test_list_namespaces_metacharacter_labels[memory],36,pass
tests/test_store.py::test_list_namespaces_metacharacter_labels[memory],37,pass
tests/test_store.py::test_list_namespaces_metacharacter_labels[memory],38,pass
tests/test_store.py::test_list_namespaces_metacharacter_labels[memory],39,pass
tests/test_store.py::test_list_namespaces_metacharacter_labels[memory],40,pass
tests/test_store.py::test_list_namespaces_metacharacter_labels[memory],41,pass
tests/test_store.py::test_list_namespaces_metacharacter_labels[memory],42,pass
tests/test_store.py::test_list_namespaces_metacharacter_labels[memory],43,pass
tests/test_store.py::test_list_namespaces_metacharacter_labels[memory],44,pass
tests/test_store.py::test_list_namespaces_metacharacter_labels[memory],45,pass
tests/test_store.py::test_list_namespaces_metacharacter_labels[memory],46,pass
tests/test_store.py::test_list_namespaces_metacharacter_labels[memory],47,pass
tests/test_store.py::test_list_namespaces_metacharacter_labels[memory],48,pass
tests/test_store.py::test_list_namespaces_metacharacter_labels[memory],49,pass
tests/test_store.py::test_list_namespaces_metacharacter_labels[memory],50,pass
tests/test_store.py::test_list_namespaces_operations,1,pass
tests/test_store.py::test_list_namespaces_operations,2,pass
tests/test_store.py::test_list_namespaces_operations,3,pass
tests/test_store.py::test_list_namespaces_operations,4,pass
tests/test_store.py::test_list_namespaces_operations,5,pass
tests/test_store.py::test_list_namespaces_operations,6,pass
tests/test_store.py::test_list_namespaces_operations,7,pass
tests/test_store.py::test_list_namespaces_operations,8,pass
tests/test_store.py::test_list_namespaces_operations,9,pass
tests/test_store.py::test_list_namespaces_operations,10,pass
tests/test_store.py::test_list_namespaces_operations,11,pass
tests/test_store.py::test_list_namespaces_operations,12,pass
tests/test_store.py::test_list_namespaces_operations,13,pass
tests/test_store.py::test_list_namespaces_operations,14,pass
tests/test_store.py::test_list_namespaces_operations,15,pass
tests/test_store.py::test_list_namespaces_operations,16,pass
tests/test_store.py::test_list_namespaces_operations,17,pass
tests/test_store.py::test_list_namespaces_operations,18,pass
tests/test_store.py::test_list_namespaces_operations,19,pass
tests/test_store.py::test_list_namespaces_operations,20,pass
tests/test_store.py::test_list_namespaces_operations,21,pass
tests/test_store.py::test_list_namespaces_operations,22,pass
tests/test_store.py::test_list_namespaces_operations,23,pass
tests/test_store.py::test_list_namespaces_operations,24,pass
tests/test_store.py::test_list_namespaces_operations,25,pass
tests/test_store.py::test_list_namespaces_operations,26,pass
tests/test_store.py::test_list_namespaces_operations,27,pass
tests/test_store.py::test_list_namespaces_operations,28,pass
tests/test_store.py::test_list_namespaces_operations,29,pass
tests/test_store.py::test_list_namespaces_operations,30,pass
tests/test_store.py::test_list_namespaces_operations,31,pass
tests/test_store.py::test_list_namespaces_operations,32,pass
tests/test_store.py::test_list_namespaces_operations,33,pass
tests/test_store.py::test_list_namespaces_operations,34,pass
tests/test_store.py::test_list_namespaces_operations,35,pass
tests/test_store.py::test_list_namespaces_operations,36,pass
tests/test_store.py::test_list_namespaces_operations,37,pass
tests/test_store.py::test_list_namespaces_operations,38,pass
tests/test_store.py::test_list_namespaces_operations,39,pass
tests/test_store.py::test_list_namespaces_operations,40,pass
tests/test_store.py::test_list_namespaces_operations,41,pass
tests/test_store.py::test_list_namespaces_operations,42,pass
tests/test_store.py::test_list_namespaces_operations,43,pass
tests/test_store.py::test_list_namespaces_operations,44,pass
tests/test_store.py::test_list_namespaces_operations,45,pass
tests/test_store.py::test_list_namespaces_operations,46,pass
tests/test_store.py::test_list_namespaces_operations,47,pass
tests/test_store.py::test_list_namespaces_operations,48,pass
tests/test_store.py::test_list_namespaces_operations,49,pass
tests/test_store.py::test_list_namespaces_operations,50,pass
tests/test_store.py::test_list_namespaces_prefix_uses_indexable_condition,1,pass
tests/test_store.py::test_list_namespaces_prefix_uses_indexable_condition,2,pass
tests/test_store.py::test_list_namespaces_prefix_uses_indexable_condition,3,pass
tests/test_store.py::test_list_namespaces_prefix_uses_indexable_condition,4,pass
tests/test_store.py::test_list_namespaces_prefix_uses_indexable_condition,5,pass
tests/test_store.py::test_list_namespaces_prefix_uses_indexable_condition,6,pass
tests/test_store.py::test_list_namespaces_prefix_uses_indexable_condition,7,pass
tests/test_store.py::test_list_namespaces_prefix_uses_indexable_condition,8,pass
tests/test_store.py::test_list_namespaces_prefix_uses_indexable_condition,9,pass
tests/test_store.py::test_list_namespaces_prefix_uses_indexable_condition,10,pass
tests/test_store.py::test_list_namespaces_prefix_uses_indexable_condition,11,pass
tests/test_store.py::test_list_namespaces_prefix_uses_indexable_condition,12,pass
tests/test_store.py::test_list_namespaces_prefix_uses_indexable_condition,13,pass
tests/test_store.py::test_list_namespaces_prefix_uses_indexable_condition,14,pass
tests/test_store.py::test_list_namespaces_prefix_uses_indexable_condition,15,pass
tests/test_store.py::test_list_namespaces_prefix_uses_indexable_condition,16,pass
tests/test_store.py::test_list_namespaces_prefix_uses_indexable_condition,17,pass
tests/test_store.py::test_list_namespaces_prefix_uses_indexable_condition,18,pass
tests/test_store.py::test_list_namespaces_prefix_uses_indexable_condition,19,pass
tests/test_store.py::test_list_namespaces_prefix_uses_indexable_condition,20,pass
tests/test_store.py::test_list_namespaces_prefix_uses_indexable_condition,21,pass
tests/test_store.py::test_list_namespaces_prefix_uses_indexable_condition,22,pass
tests/test_store.py::test_list_namespaces_prefix_uses_indexable_condition,23,pass
tests/test_store.py::test_list_namespaces_prefix_uses_indexable_condition,24,pass
tests/test_store.py::test_list_namespaces_prefix_uses_indexable_condition,25,pass
tests/test_store.py::test_list_namespaces_prefix_uses_indexable_condition,26,pass
tests/test_store.py::test_list_namespaces_prefix_uses_indexable_condition,27,pass
tests/test_store.py::test_list_namespaces_prefix_uses_indexable_condition,28,pass
tests/test_store.py::test_list_namespaces_prefix_uses_indexable_condition,29,pass
tests/test_store.py::test_list_namespaces_prefix_uses_indexable_condition,30,pass
tests/test_store.py::test_list_namespaces_prefix_uses_indexable_condition,31,pass
tests/test_store.py::test_list_namespaces_prefix_uses_indexable_condition,32,pass
tests/test_store.py::test_list_namespaces_prefix_uses_indexable_condition,33,pass
tests/test_store.py::test_list_namespaces_prefix_uses_indexable_condition,34,pass
tests/test_store.py::test_list_namespaces_prefix_uses_indexable_condition,35,pass
tests/test_store.py::test_list_namespaces_prefix_uses_indexable_condition,36,pass
tests/test_store.py::test_list_namespaces_prefix_uses_indexable_condition,37,pass
tests/test_store.py::test_list_namespaces_prefix_uses_indexable_condition,38,pass
tests/test_store.py::test_list_namespaces_prefix_uses_indexable_condition,39,pass
tests/test_store.py::test_list_namespaces_prefix_uses_indexable_condition,40,pass
tests/test_store.py::test_list_namespaces_prefix_uses_indexable_condition,41,pass
tests/test_store.py::test_list_namespaces_prefix_uses_indexable_condition,42,pass
tests/test_store.py::test_list_namespaces_prefix_uses_indexable_condition,43,pass
tests/test_store.py::test_list_namespaces_prefix_uses_indexable_condition,44,pass
tests/test_store.py::test_list_namespaces_prefix_uses_indexable_condition,45,pass
tests/test_store.py::test_list_namespaces_prefix_uses_indexable_condition,46,pass
tests/test_store.py::test_list_namespaces_prefix_uses_indexable_condition,47,pass
tests/test_store.py::test_list_namespaces_prefix_uses_indexable_condition,48,pass
tests/test_store.py::test_list_namespaces_prefix_uses_indexable_condition,49,pass
tests/test_store.py::test_list_namespaces_prefix_uses_indexable_condition,50,pass
tests/test_store.py::test_list_namespaces_segment_boundary[file],1,pass
tests/test_store.py::test_list_namespaces_segment_boundary[file],2,pass
tests/test_store.py::test_list_namespaces_segment_boundary[file],3,pass
tests/test_store.py::test_list_namespaces_segment_boundary[file],4,pass
tests/test_store.py::test_list_namespaces_segment_boundary[file],5,pass
tests/test_store.py::test_list_namespaces_segment_boundary[file],6,pass
tests/test_store.py::test_list_namespaces_segment_boundary[file],7,pass
tests/test_store.py::test_list_namespaces_segment_boundary[file],8,pass
tests/test_store.py::test_list_namespaces_segment_boundary[file],9,pass
tests/test_store.py::test_list_namespaces_segment_boundary[file],10,pass
tests/test_store.py::test_list_namespaces_segment_boundary[file],11,pass
tests/test_store.py::test_list_namespaces_segment_boundary[file],12,pass
tests/test_store.py::test_list_namespaces_segment_boundary[file],13,pass
tests/test_store.py::test_list_namespaces_segment_boundary[file],14,pass
tests/test_store.py::test_list_namespaces_segment_boundary[file],15,pass
tests/test_store.py::test_list_namespaces_segment_boundary[file],16,pass
tests/test_store.py::test_list_namespaces_segment_boundary[file],17,pass
tests/test_store.py::test_list_namespaces_segment_boundary[file],18,pass
tests/test_store.py::test_list_namespaces_segment_boundary[file],19,pass
tests/test_store.py::test_list_namespaces_segment_boundary[file],20,pass
tests/test_store.py::test_list_namespaces_segment_boundary[file],21,pass
tests/test_store.py::test_list_namespaces_segment_boundary[file],22,pass
tests/test_store.py::test_list_namespaces_segment_boundary[file],23,pass
tests/test_store.py::test_list_namespaces_segment_boundary[file],24,pass
tests/test_store.py::test_list_namespaces_segment_boundary[file],25,pass
tests/test_store.py::test_list_namespaces_segment_boundary[file],26,pass
tests/test_store.py::test_list_namespaces_segment_boundary[file],27,pass
tests/test_store.py::test_list_namespaces_segment_boundary[file],28,pass
tests/test_store.py::test_list_namespaces_segment_boundary[file],29,pass
tests/test_store.py::test_list_namespaces_segment_boundary[file],30,pass
tests/test_store.py::test_list_namespaces_segment_boundary[file],31,pass
tests/test_store.py::test_list_namespaces_segment_boundary[file],32,pass
tests/test_store.py::test_list_namespaces_segment_boundary[file],33,pass
tests/test_store.py::test_list_namespaces_segment_boundary[file],34,pass
tests/test_store.py::test_list_namespaces_segment_boundary[file],35,pass
tests/test_store.py::test_list_namespaces_segment_boundary[file],36,pass
tests/test_store.py::test_list_namespaces_segment_boundary[file],37,pass
tests/test_store.py::test_list_namespaces_segment_boundary[file],38,pass
tests/test_store.py::test_list_namespaces_segment_boundary[file],39,pass
tests/test_store.py::test_list_namespaces_segment_boundary[file],40,pass
tests/test_store.py::test_list_namespaces_segment_boundary[file],41,pass
tests/test_store.py::test_list_namespaces_segment_boundary[file],42,pass
tests/test_store.py::test_list_namespaces_segment_boundary[file],43,pass
tests/test_store.py::test_list_namespaces_segment_boundary[file],44,pass
tests/test_store.py::test_list_namespaces_segment_boundary[file],45,pass
tests/test_store.py::test_list_namespaces_segment_boundary[file],46,pass
tests/test_store.py::test_list_namespaces_segment_boundary[file],47,pass
tests/test_store.py::test_list_namespaces_segment_boundary[file],48,pass
tests/test_store.py::test_list_namespaces_segment_boundary[file],49,pass
tests/test_store.py::test_list_namespaces_segment_boundary[file],50,pass
tests/test_store.py::test_list_namespaces_segment_boundary[memory],1,pass
tests/test_store.py::test_list_namespaces_segment_boundary[memory],2,pass
tests/test_store.py::test_list_namespaces_segment_boundary[memory],3,pass
tests/test_store.py::test_list_namespaces_segment_boundary[memory],4,pass
tests/test_store.py::test_list_namespaces_segment_boundary[memory],5,pass
tests/test_store.py::test_list_namespaces_segment_boundary[memory],6,pass
tests/test_store.py::test_list_namespaces_segment_boundary[memory],7,pass
tests/test_store.py::test_list_namespaces_segment_boundary[memory],8,pass
tests/test_store.py::test_list_namespaces_segment_boundary[memory],9,pass
tests/test_store.py::test_list_namespaces_segment_boundary[memory],10,pass
tests/test_store.py::test_list_namespaces_segment_boundary[memory],11,pass
tests/test_store.py::test_list_namespaces_segment_boundary[memory],12,pass
tests/test_store.py::test_list_namespaces_segment_boundary[memory],13,pass
tests/test_store.py::test_list_namespaces_segment_boundary[memory],14,pass
tests/test_store.py::test_list_namespaces_segment_boundary[memory],15,pass
tests/test_store.py::test_list_namespaces_segment_boundary[memory],16,pass
tests/test_store.py::test_list_namespaces_segment_boundary[memory],17,pass
tests/test_store.py::test_list_namespaces_segment_boundary[memory],18,pass
tests/test_store.py::test_list_namespaces_segment_boundary[memory],19,pass
tests/test_store.py::test_list_namespaces_segment_boundary[memory],20,pass
tests/test_store.py::test_list_namespaces_segment_boundary[memory],21,pass
tests/test_store.py::test_list_namespaces_segment_boundary[memory],22,pass
tests/test_store.py::test_list_namespaces_segment_boundary[memory],23,pass
tests/test_store.py::test_list_namespaces_segment_boundary[memory],24,pass
tests/test_store.py::test_list_namespaces_segment_boundary[memory],25,pass
tests/test_store.py::test_list_namespaces_segment_boundary[memory],26,pass
tests/test_store.py::test_list_namespaces_segment_boundary[memory],27,pass
tests/test_store.py::test_list_namespaces_segment_boundary[memory],28,pass
tests/test_store.py::test_list_namespaces_segment_boundary[memory],29,pass
tests/test_store.py::test_list_namespaces_segment_boundary[memory],30,pass
tests/test_store.py::test_list_namespaces_segment_boundary[memory],31,pass
tests/test_store.py::test_list_namespaces_segment_boundary[memory],32,pass
tests/test_store.py::test_list_namespaces_segment_boundary[memory],33,pass
tests/test_store.py::test_list_namespaces_segment_boundary[memory],34,pass
tests/test_store.py::test_list_namespaces_segment_boundary[memory],35,pass
tests/test_store.py::test_list_namespaces_segment_boundary[memory],36,pass
tests/test_store.py::test_list_namespaces_segment_boundary[memory],37,pass
tests/test_store.py::test_list_namespaces_segment_boundary[memory],38,pass
tests/test_store.py::test_list_namespaces_segment_boundary[memory],39,pass
tests/test_store.py::test_list_namespaces_segment_boundary[memory],40,pass
tests/test_store.py::test_list_namespaces_segment_boundary[memory],41,pass
tests/test_store.py::test_list_namespaces_segment_boundary[memory],42,pass
tests/test_store.py::test_list_namespaces_segment_boundary[memory],43,pass
tests/test_store.py::test_list_namespaces_segment_boundary[memory],44,pass
tests/test_store.py::test_list_namespaces_segment_boundary[memory],45,pass
tests/test_store.py::test_list_namespaces_segment_boundary[memory],46,pass
tests/test_store.py::test_list_namespaces_segment_boundary[memory],47,pass
tests/test_store.py::test_list_namespaces_segment_boundary[memory],48,pass
tests/test_store.py::test_list_namespaces_segment_boundary[memory],49,pass
tests/test_store.py::test_list_namespaces_segment_boundary[memory],50,pass
tests/test_store.py::test_namespace_labels_with_trailing_newline[file],1,pass
tests/test_store.py::test_namespace_labels_with_trailing_newline[file],2,pass
tests/test_store.py::test_namespace_labels_with_trailing_newline[file],3,pass
tests/test_store.py::test_namespace_labels_with_trailing_newline[file],4,pass
tests/test_store.py::test_namespace_labels_with_trailing_newline[file],5,pass
tests/test_store.py::test_namespace_labels_with_trailing_newline[file],6,pass
tests/test_store.py::test_namespace_labels_with_trailing_newline[file],7,pass
tests/test_store.py::test_namespace_labels_with_trailing_newline[file],8,pass
tests/test_store.py::test_namespace_labels_with_trailing_newline[file],9,pass
tests/test_store.py::test_namespace_labels_with_trailing_newline[file],10,pass
tests/test_store.py::test_namespace_labels_with_trailing_newline[file],11,pass
tests/test_store.py::test_namespace_labels_with_trailing_newline[file],12,pass
tests/test_store.py::test_namespace_labels_with_trailing_newline[file],13,pass
tests/test_store.py::test_namespace_labels_with_trailing_newline[file],14,pass
tests/test_store.py::test_namespace_labels_with_trailing_newline[file],15,pass
tests/test_store.py::test_namespace_labels_with_trailing_newline[file],16,pass
tests/test_store.py::test_namespace_labels_with_trailing_newline[file],17,pass
tests/test_store.py::test_namespace_labels_with_trailing_newline[file],18,pass
tests/test_store.py::test_namespace_labels_with_trailing_newline[file],19,pass
tests/test_store.py::test_namespace_labels_with_trailing_newline[file],20,pass
tests/test_store.py::test_namespace_labels_with_trailing_newline[file],21,pass
tests/test_store.py::test_namespace_labels_with_trailing_newline[file],22,pass
tests/test_store.py::test_namespace_labels_with_trailing_newline[file],23,pass
tests/test_store.py::test_namespace_labels_with_trailing_newline[file],24,pass
tests/test_store.py::test_namespace_labels_with_trailing_newline[file],25,pass
tests/test_store.py::test_namespace_labels_with_trailing_newline[file],26,pass
tests/test_store.py::test_namespace_labels_with_trailing_newline[file],27,pass
tests/test_store.py::test_namespace_labels_with_trailing_newline[file],28,pass
tests/test_store.py::test_namespace_labels_with_trailing_newline[file],29,pass
tests/test_store.py::test_namespace_labels_with_trailing_newline[file],30,pass
tests/test_store.py::test_namespace_labels_with_trailing_newline[file],31,pass
tests/test_store.py::test_namespace_labels_with_trailing_newline[file],32,pass
tests/test_store.py::test_namespace_labels_with_trailing_newline[file],33,pass
tests/test_store.py::test_namespace_labels_with_trailing_newline[file],34,pass
tests/test_store.py::test_namespace_labels_with_trailing_newline[file],35,pass
tests/test_store.py::test_namespace_labels_with_trailing_newline[file],36,pass
tests/test_store.py::test_namespace_labels_with_trailing_newline[file],37,pass
tests/test_store.py::test_namespace_labels_with_trailing_newline[file],38,pass
tests/test_store.py::test_namespace_labels_with_trailing_newline[file],39,pass
tests/test_store.py::test_namespace_labels_with_trailing_newline[file],40,pass
tests/test_store.py::test_namespace_labels_with_trailing_newline[file],41,pass
tests/test_store.py::test_namespace_labels_with_trailing_newline[file],42,pass
tests/test_store.py::test_namespace_labels_with_trailing_newline[file],43,pass
tests/test_store.py::test_namespace_labels_with_trailing_newline[file],44,pass
tests/test_store.py::test_namespace_labels_with_trailing_newline[file],45,pass
tests/test_store.py::test_namespace_labels_with_trailing_newline[file],46,pass
tests/test_store.py::test_namespace_labels_with_trailing_newline[file],47,pass
tests/test_store.py::test_namespace_labels_with_trailing_newline[file],48,pass
tests/test_store.py::test_namespace_labels_with_trailing_newline[file],49,pass
tests/test_store.py::test_namespace_labels_with_trailing_newline[file],50,pass
tests/test_store.py::test_namespace_labels_with_trailing_newline[memory],1,pass
tests/test_store.py::test_namespace_labels_with_trailing_newline[memory],2,pass
tests/test_store.py::test_namespace_labels_with_trailing_newline[memory],3,pass
tests/test_store.py::test_namespace_labels_with_trailing_newline[memory],4,pass
tests/test_store.py::test_namespace_labels_with_trailing_newline[memory],5,pass
tests/test_store.py::test_namespace_labels_with_trailing_newline[memory],6,pass
tests/test_store.py::test_namespace_labels_with_trailing_newline[memory],7,pass
tests/test_store.py::test_namespace_labels_with_trailing_newline[memory],8,pass
tests/test_store.py::test_namespace_labels_with_trailing_newline[memory],9,pass
tests/test_store.py::test_namespace_labels_with_trailing_newline[memory],10,pass
tests/test_store.py::test_namespace_labels_with_trailing_newline[memory],11,pass
tests/test_store.py::test_namespace_labels_with_trailing_newline[memory],12,pass
tests/test_store.py::test_namespace_labels_with_trailing_newline[memory],13,pass
tests/test_store.py::test_namespace_labels_with_trailing_newline[memory],14,pass
tests/test_store.py::test_namespace_labels_with_trailing_newline[memory],15,pass
tests/test_store.py::test_namespace_labels_with_trailing_newline[memory],16,pass
tests/test_store.py::test_namespace_labels_with_trailing_newline[memory],17,pass
tests/test_store.py::test_namespace_labels_with_trailing_newline[memory],18,pass
tests/test_store.py::test_namespace_labels_with_trailing_newline[memory],19,pass
tests/test_store.py::test_namespace_labels_with_trailing_newline[memory],20,pass
tests/test_store.py::test_namespace_labels_with_trailing_newline[memory],21,pass
tests/test_store.py::test_namespace_labels_with_trailing_newline[memory],22,pass
tests/test_store.py::test_namespace_labels_with_trailing_newline[memory],23,pass
tests/test_store.py::test_namespace_labels_with_trailing_newline[memory],24,pass
tests/test_store.py::test_namespace_labels_with_trailing_newline[memory],25,pass
tests/test_store.py::test_namespace_labels_with_trailing_newline[memory],26,pass
tests/test_store.py::test_namespace_labels_with_trailing_newline[memory],27,pass
tests/test_store.py::test_namespace_labels_with_trailing_newline[memory],28,pass
tests/test_store.py::test_namespace_labels_with_trailing_newline[memory],29,pass
tests/test_store.py::test_namespace_labels_with_trailing_newline[memory],30,pass
tests/test_store.py::test_namespace_labels_with_trailing_newline[memory],31,pass
tests/test_store.py::test_namespace_labels_with_trailing_newline[memory],32,pass
tests/test_store.py::test_namespace_labels_with_trailing_newline[memory],33,pass
tests/test_store.py::test_namespace_labels_with_trailing_newline[memory],34,pass
tests/test_store.py::test_namespace_labels_with_trailing_newline[memory],35,pass
tests/test_store.py::test_namespace_labels_with_trailing_newline[memory],36,pass
tests/test_store.py::test_namespace_labels_with_trailing_newline[memory],37,pass
tests/test_store.py::test_namespace_labels_with_trailing_newline[memory],38,pass
tests/test_store.py::test_namespace_labels_with_trailing_newline[memory],39,pass
tests/test_store.py::test_namespace_labels_with_trailing_newline[memory],40,pass
tests/test_store.py::test_namespace_labels_with_trailing_newline[memory],41,pass
tests/test_store.py::test_namespace_labels_with_trailing_newline[memory],42,pass
tests/test_store.py::test_namespace_labels_with_trailing_newline[memory],43,pass
tests/test_store.py::test_namespace_labels_with_trailing_newline[memory],44,pass
tests/test_store.py::test_namespace_labels_with_trailing_newline[memory],45,pass
tests/test_store.py::test_namespace_labels_with_trailing_newline[memory],46,pass
tests/test_store.py::test_namespace_labels_with_trailing_newline[memory],47,pass
tests/test_store.py::test_namespace_labels_with_trailing_newline[memory],48,pass
tests/test_store.py::test_namespace_labels_with_trailing_newline[memory],49,pass
tests/test_store.py::test_namespace_labels_with_trailing_newline[memory],50,pass
tests/test_store.py::test_namespace_match_pattern,1,pass
tests/test_store.py::test_namespace_match_pattern,2,pass
tests/test_store.py::test_namespace_match_pattern,3,pass
tests/test_store.py::test_namespace_match_pattern,4,pass
tests/test_store.py::test_namespace_match_pattern,5,pass
tests/test_store.py::test_namespace_match_pattern,6,pass
tests/test_store.py::test_namespace_match_pattern,7,pass
tests/test_store.py::test_namespace_match_pattern,8,pass
tests/test_store.py::test_namespace_match_pattern,9,pass
tests/test_store.py::test_namespace_match_pattern,10,pass
tests/test_store.py::test_namespace_match_pattern,11,pass
tests/test_store.py::test_namespace_match_pattern,12,pass
tests/test_store.py::test_namespace_match_pattern,13,pass
tests/test_store.py::test_namespace_match_pattern,14,pass
tests/test_store.py::test_namespace_match_pattern,15,pass
tests/test_store.py::test_namespace_match_pattern,16,pass
tests/test_store.py::test_namespace_match_pattern,17,pass
tests/test_store.py::test_namespace_match_pattern,18,pass
tests/test_store.py::test_namespace_match_pattern,19,pass
tests/test_store.py::test_namespace_match_pattern,20,pass
tests/test_store.py::test_namespace_match_pattern,21,pass
tests/test_store.py::test_namespace_match_pattern,22,pass
tests/test_store.py::test_namespace_match_pattern,23,pass
tests/test_store.py::test_namespace_match_pattern,24,pass
tests/test_store.py::test_namespace_match_pattern,25,pass
tests/test_store.py::test_namespace_match_pattern,26,pass
tests/test_store.py::test_namespace_match_pattern,27,pass
tests/test_store.py::test_namespace_match_pattern,28,pass
tests/test_store.py::test_namespace_match_pattern,29,pass
tests/test_store.py::test_namespace_match_pattern,30,pass
tests/test_store.py::test_namespace_match_pattern,31,pass
tests/test_store.py::test_namespace_match_pattern,32,pass
tests/test_store.py::test_namespace_match_pattern,33,pass
tests/test_store.py::test_namespace_match_pattern,34,pass
tests/test_store.py::test_namespace_match_pattern,35,pass
tests/test_store.py::test_namespace_match_pattern,36,pass
tests/test_store.py::test_namespace_match_pattern,37,pass
tests/test_store.py::test_namespace_match_pattern,38,pass
tests/test_store.py::test_namespace_match_pattern,39,pass
tests/test_store.py::test_namespace_match_pattern,40,pass
tests/test_store.py::test_namespace_match_pattern,41,pass
tests/test_store.py::test_namespace_match_pattern,42,pass
tests/test_store.py::test_namespace_match_pattern,43,pass
tests/test_store.py::test_namespace_match_pattern,44,pass
tests/test_store.py::test_namespace_match_pattern,45,pass
tests/test_store.py::test_namespace_match_pattern,46,pass
tests/test_store.py::test_namespace_match_pattern,47,pass
tests/test_store.py::test_namespace_match_pattern,48,pass
tests/test_store.py::test_namespace_match_pattern,49,pass
tests/test_store.py::test_namespace_match_pattern,50,pass
tests/test_store.py::test_non_ascii[cosine],1,pass
tests/test_store.py::test_non_ascii[cosine],2,pass
tests/test_store.py::test_non_ascii[cosine],3,pass
tests/test_store.py::test_non_ascii[cosine],4,pass
tests/test_store.py::test_non_ascii[cosine],5,pass
tests/test_store.py::test_non_ascii[cosine],6,pass
tests/test_store.py::test_non_ascii[cosine],7,pass
tests/test_store.py::test_non_ascii[cosine],8,pass
tests/test_store.py::test_non_ascii[cosine],9,pass
tests/test_store.py::test_non_ascii[cosine],10,pass
tests/test_store.py::test_non_ascii[cosine],11,pass
tests/test_store.py::test_non_ascii[cosine],12,pass
tests/test_store.py::test_non_ascii[cosine],13,pass
tests/test_store.py::test_non_ascii[cosine],14,pass
tests/test_store.py::test_non_ascii[cosine],15,pass
tests/test_store.py::test_non_ascii[cosine],16,pass
tests/test_store.py::test_non_ascii[cosine],17,pass
tests/test_store.py::test_non_ascii[cosine],18,pass
tests/test_store.py::test_non_ascii[cosine],19,pass
tests/test_store.py::test_non_ascii[cosine],20,pass
tests/test_store.py::test_non_ascii[cosine],21,pass
tests/test_store.py::test_non_ascii[cosine],22,pass
tests/test_store.py::test_non_ascii[cosine],23,pass
tests/test_store.py::test_non_ascii[cosine],24,pass
tests/test_store.py::test_non_ascii[cosine],25,pass
tests/test_store.py::test_non_ascii[cosine],26,pass
tests/test_store.py::test_non_ascii[cosine],27,pass
tests/test_store.py::test_non_ascii[cosine],28,pass
tests/test_store.py::test_non_ascii[cosine],29,pass
tests/test_store.py::test_non_ascii[cosine],30,pass
tests/test_store.py::test_non_ascii[cosine],31,pass
tests/test_store.py::test_non_ascii[cosine],32,pass
tests/test_store.py::test_non_ascii[cosine],33,pass
tests/test_store.py::test_non_ascii[cosine],34,pass
tests/test_store.py::test_non_ascii[cosine],35,pass
tests/test_store.py::test_non_ascii[cosine],36,pass
tests/test_store.py::test_non_ascii[cosine],37,pass
tests/test_store.py::test_non_ascii[cosine],38,pass
tests/test_store.py::test_non_ascii[cosine],39,pass
tests/test_store.py::test_non_ascii[cosine],40,pass
tests/test_store.py::test_non_ascii[cosine],41,pass
tests/test_store.py::test_non_ascii[cosine],42,pass
tests/test_store.py::test_non_ascii[cosine],43,pass
tests/test_store.py::test_non_ascii[cosine],44,pass
tests/test_store.py::test_non_ascii[cosine],45,pass
tests/test_store.py::test_non_ascii[cosine],46,pass
tests/test_store.py::test_non_ascii[cosine],47,pass
tests/test_store.py::test_non_ascii[cosine],48,pass
tests/test_store.py::test_non_ascii[cosine],49,pass
tests/test_store.py::test_non_ascii[cosine],50,pass
tests/test_store.py::test_nonnull_migrations,1,pass
tests/test_store.py::test_nonnull_migrations,2,pass
tests/test_store.py::test_nonnull_migrations,3,pass
tests/test_store.py::test_nonnull_migrations,4,pass
tests/test_store.py::test_nonnull_migrations,5,pass
tests/test_store.py::test_nonnull_migrations,6,pass
tests/test_store.py::test_nonnull_migrations,7,pass
tests/test_store.py::test_nonnull_migrations,8,pass
tests/test_store.py::test_nonnull_migrations,9,pass
tests/test_store.py::test_nonnull_migrations,10,pass
tests/test_store.py::test_nonnull_migrations,11,pass
tests/test_store.py::test_nonnull_migrations,12,pass
tests/test_store.py::test_nonnull_migrations,13,pass
tests/test_store.py::test_nonnull_migrations,14,pass
tests/test_store.py::test_nonnull_migrations,15,pass
tests/test_store.py::test_nonnull_migrations,16,pass
tests/test_store.py::test_nonnull_migrations,17,pass
tests/test_store.py::test_nonnull_migrations,18,pass
tests/test_store.py::test_nonnull_migrations,19,pass
tests/test_store.py::test_nonnull_migrations,20,pass
tests/test_store.py::test_nonnull_migrations,21,pass
tests/test_store.py::test_nonnull_migrations,22,pass
tests/test_store.py::test_nonnull_migrations,23,pass
tests/test_store.py::test_nonnull_migrations,24,pass
tests/test_store.py::test_nonnull_migrations,25,pass
tests/test_store.py::test_nonnull_migrations,26,pass
tests/test_store.py::test_nonnull_migrations,27,pass
tests/test_store.py::test_nonnull_migrations,28,pass
tests/test_store.py::test_nonnull_migrations,29,pass
tests/test_store.py::test_nonnull_migrations,30,pass
tests/test_store.py::test_nonnull_migrations,31,pass
tests/test_store.py::test_nonnull_migrations,32,pass
tests/test_store.py::test_nonnull_migrations,33,pass
tests/test_store.py::test_nonnull_migrations,34,pass
tests/test_store.py::test_nonnull_migrations,35,pass
tests/test_store.py::test_nonnull_migrations,36,pass
tests/test_store.py::test_nonnull_migrations,37,pass
tests/test_store.py::test_nonnull_migrations,38,pass
tests/test_store.py::test_nonnull_migrations,39,pass
tests/test_store.py::test_nonnull_migrations,40,pass
tests/test_store.py::test_nonnull_migrations,41,pass
tests/test_store.py::test_nonnull_migrations,42,pass
tests/test_store.py::test_nonnull_migrations,43,pass
tests/test_store.py::test_nonnull_migrations,44,pass
tests/test_store.py::test_nonnull_migrations,45,pass
tests/test_store.py::test_nonnull_migrations,46,pass
tests/test_store.py::test_nonnull_migrations,47,pass
tests/test_store.py::test_nonnull_migrations,48,pass
tests/test_store.py::test_nonnull_migrations,49,pass
tests/test_store.py::test_nonnull_migrations,50,pass
tests/test_store.py::test_numeric_filter_safety[file],1,pass
tests/test_store.py::test_numeric_filter_safety[file],2,pass
tests/test_store.py::test_numeric_filter_safety[file],3,pass
tests/test_store.py::test_numeric_filter_safety[file],4,pass
tests/test_store.py::test_numeric_filter_safety[file],5,pass
tests/test_store.py::test_numeric_filter_safety[file],6,pass
tests/test_store.py::test_numeric_filter_safety[file],7,pass
tests/test_store.py::test_numeric_filter_safety[file],8,pass
tests/test_store.py::test_numeric_filter_safety[file],9,pass
tests/test_store.py::test_numeric_filter_safety[file],10,pass
tests/test_store.py::test_numeric_filter_safety[file],11,pass
tests/test_store.py::test_numeric_filter_safety[file],12,pass
tests/test_store.py::test_numeric_filter_safety[file],13,pass
tests/test_store.py::test_numeric_filter_safety[file],14,pass
tests/test_store.py::test_numeric_filter_safety[file],15,pass
tests/test_store.py::test_numeric_filter_safety[file],16,pass
tests/test_store.py::test_numeric_filter_safety[file],17,pass
tests/test_store.py::test_numeric_filter_safety[file],18,pass
tests/test_store.py::test_numeric_filter_safety[file],19,pass
tests/test_store.py::test_numeric_filter_safety[file],20,pass
tests/test_store.py::test_numeric_filter_safety[file],21,pass
tests/test_store.py::test_numeric_filter_safety[file],22,pass
tests/test_store.py::test_numeric_filter_safety[file],23,pass
tests/test_store.py::test_numeric_filter_safety[file],24,pass
tests/test_store.py::test_numeric_filter_safety[file],25,pass
tests/test_store.py::test_numeric_filter_safety[file],26,pass
tests/test_store.py::test_numeric_filter_safety[file],27,pass
tests/test_store.py::test_numeric_filter_safety[file],28,pass
tests/test_store.py::test_numeric_filter_safety[file],29,pass
tests/test_store.py::test_numeric_filter_safety[file],30,pass
tests/test_store.py::test_numeric_filter_safety[file],31,pass
tests/test_store.py::test_numeric_filter_safety[file],32,pass
tests/test_store.py::test_numeric_filter_safety[file],33,pass
tests/test_store.py::test_numeric_filter_safety[file],34,pass
tests/test_store.py::test_numeric_filter_safety[file],35,pass
tests/test_store.py::test_numeric_filter_safety[file],36,pass
tests/test_store.py::test_numeric_filter_safety[file],37,pass
tests/test_store.py::test_numeric_filter_safety[file],38,pass
tests/test_store.py::test_numeric_filter_safety[file],39,pass
tests/test_store.py::test_numeric_filter_safety[file],40,pass
tests/test_store.py::test_numeric_filter_safety[file],41,pass
tests/test_store.py::test_numeric_filter_safety[file],42,pass
tests/test_store.py::test_numeric_filter_safety[file],43,pass
tests/test_store.py::test_numeric_filter_safety[file],44,pass
tests/test_store.py::test_numeric_filter_safety[file],45,pass
tests/test_store.py::test_numeric_filter_safety[file],46,pass
tests/test_store.py::test_numeric_filter_safety[file],47,pass
tests/test_store.py::test_numeric_filter_safety[file],48,pass
tests/test_store.py::test_numeric_filter_safety[file],49,pass
tests/test_store.py::test_numeric_filter_safety[file],50,pass
tests/test_store.py::test_numeric_filter_safety[memory],1,pass
tests/test_store.py::test_numeric_filter_safety[memory],2,pass
tests/test_store.py::test_numeric_filter_safety[memory],3,pass
tests/test_store.py::test_numeric_filter_safety[memory],4,pass
tests/test_store.py::test_numeric_filter_safety[memory],5,pass
tests/test_store.py::test_numeric_filter_safety[memory],6,pass
tests/test_store.py::test_numeric_filter_safety[memory],7,pass
tests/test_store.py::test_numeric_filter_safety[memory],8,pass
tests/test_store.py::test_numeric_filter_safety[memory],9,pass
tests/test_store.py::test_numeric_filter_safety[memory],10,pass
tests/test_store.py::test_numeric_filter_safety[memory],11,pass
tests/test_store.py::test_numeric_filter_safety[memory],12,pass
tests/test_store.py::test_numeric_filter_safety[memory],13,pass
tests/test_store.py::test_numeric_filter_safety[memory],14,pass
tests/test_store.py::test_numeric_filter_safety[memory],15,pass
tests/test_store.py::test_numeric_filter_safety[memory],16,pass
tests/test_store.py::test_numeric_filter_safety[memory],17,pass
tests/test_store.py::test_numeric_filter_safety[memory],18,pass
tests/test_store.py::test_numeric_filter_safety[memory],19,pass
tests/test_store.py::test_numeric_filter_safety[memory],20,pass
tests/test_store.py::test_numeric_filter_safety[memory],21,pass
tests/test_store.py::test_numeric_filter_safety[memory],22,pass
tests/test_store.py::test_numeric_filter_safety[memory],23,pass
tests/test_store.py::test_numeric_filter_safety[memory],24,pass
tests/test_store.py::test_numeric_filter_safety[memory],25,pass
tests/test_store.py::test_numeric_filter_safety[memory],26,pass
tests/test_store.py::test_numeric_filter_safety[memory],27,pass
tests/test_store.py::test_numeric_filter_safety[memory],28,pass
tests/test_store.py::test_numeric_filter_safety[memory],29,pass
tests/test_store.py::test_numeric_filter_safety[memory],30,pass
tests/test_store.py::test_numeric_filter_safety[memory],31,pass
tests/test_store.py::test_numeric_filter_safety[memory],32,pass
tests/test_store.py::test_numeric_filter_safety[memory],33,pass
tests/test_store.py::test_numeric_filter_safety[memory],34,pass
tests/test_store.py::test_numeric_filter_safety[memory],35,pass
tests/test_store.py::test_numeric_filter_safety[memory],36,pass
tests/test_store.py::test_numeric_filter_safety[memory],37,pass
tests/test_store.py::test_numeric_filter_safety[memory],38,pass
tests/test_store.py::test_numeric_filter_safety[memory],39,pass
tests/test_store.py::test_numeric_filter_safety[memory],40,pass
tests/test_store.py::test_numeric_filter_safety[memory],41,pass
tests/test_store.py::test_numeric_filter_safety[memory],42,pass
tests/test_store.py::test_numeric_filter_safety[memory],43,pass
tests/test_store.py::test_numeric_filter_safety[memory],44,pass
tests/test_store.py::test_numeric_filter_safety[memory],45,pass
tests/test_store.py::test_numeric_filter_safety[memory],46,pass
tests/test_store.py::test_numeric_filter_safety[memory],47,pass
tests/test_store.py::test_numeric_filter_safety[memory],48,pass
tests/test_store.py::test_numeric_filter_safety[memory],49,pass
tests/test_store.py::test_numeric_filter_safety[memory],50,pass
tests/test_store.py::test_scores[file-aaa],1,pass
tests/test_store.py::test_scores[file-aaa],2,pass
tests/test_store.py::test_scores[file-aaa],3,pass
tests/test_store.py::test_scores[file-aaa],4,pass
tests/test_store.py::test_scores[file-aaa],5,pass
tests/test_store.py::test_scores[file-aaa],6,pass
tests/test_store.py::test_scores[file-aaa],7,pass
tests/test_store.py::test_scores[file-aaa],8,pass
tests/test_store.py::test_scores[file-aaa],9,pass
tests/test_store.py::test_scores[file-aaa],10,pass
tests/test_store.py::test_scores[file-aaa],11,pass
tests/test_store.py::test_scores[file-aaa],12,pass
tests/test_store.py::test_scores[file-aaa],13,pass
tests/test_store.py::test_scores[file-aaa],14,pass
tests/test_store.py::test_scores[file-aaa],15,pass
tests/test_store.py::test_scores[file-aaa],16,pass
tests/test_store.py::test_scores[file-aaa],17,pass
tests/test_store.py::test_scores[file-aaa],18,pass
tests/test_store.py::test_scores[file-aaa],19,pass
tests/test_store.py::test_scores[file-aaa],20,pass
tests/test_store.py::test_scores[file-aaa],21,pass
tests/test_store.py::test_scores[file-aaa],22,pass
tests/test_store.py::test_scores[file-aaa],23,pass
tests/test_store.py::test_scores[file-aaa],24,pass
tests/test_store.py::test_scores[file-aaa],25,pass
tests/test_store.py::test_scores[file-aaa],26,pass
tests/test_store.py::test_scores[file-aaa],27,pass
tests/test_store.py::test_scores[file-aaa],28,pass
tests/test_store.py::test_scores[file-aaa],29,pass
tests/test_store.py::test_scores[file-aaa],30,pass
tests/test_store.py::test_scores[file-aaa],31,pass
tests/test_store.py::test_scores[file-aaa],32,pass
tests/test_store.py::test_scores[file-aaa],33,pass
tests/test_store.py::test_scores[file-aaa],34,pass
tests/test_store.py::test_scores[file-aaa],35,pass
tests/test_store.py::test_scores[file-aaa],36,pass
tests/test_store.py::test_scores[file-aaa],37,pass
tests/test_store.py::test_scores[file-aaa],38,pass
tests/test_store.py::test_scores[file-aaa],39,pass
tests/test_store.py::test_scores[file-aaa],40,pass
tests/test_store.py::test_scores[file-aaa],41,pass
tests/test_store.py::test_scores[file-aaa],42,pass
tests/test_store.py::test_scores[file-aaa],43,pass
tests/test_store.py::test_scores[file-aaa],44,pass
tests/test_store.py::test_scores[file-aaa],45,pass
tests/test_store.py::test_scores[file-aaa],46,pass
tests/test_store.py::test_scores[file-aaa],47,pass
tests/test_store.py::test_scores[file-aaa],48,pass
tests/test_store.py::test_scores[file-aaa],49,pass
tests/test_store.py::test_scores[file-aaa],50,pass
tests/test_store.py::test_scores[file-abcd],1,pass
tests/test_store.py::test_scores[file-abcd],2,pass
tests/test_store.py::test_scores[file-abcd],3,pass
tests/test_store.py::test_scores[file-abcd],4,pass
tests/test_store.py::test_scores[file-abcd],5,pass
tests/test_store.py::test_scores[file-abcd],6,pass
tests/test_store.py::test_scores[file-abcd],7,pass
tests/test_store.py::test_scores[file-abcd],8,pass
tests/test_store.py::test_scores[file-abcd],9,pass
tests/test_store.py::test_scores[file-abcd],10,pass
tests/test_store.py::test_scores[file-abcd],11,pass
tests/test_store.py::test_scores[file-abcd],12,pass
tests/test_store.py::test_scores[file-abcd],13,pass
tests/test_store.py::test_scores[file-abcd],14,pass
tests/test_store.py::test_scores[file-abcd],15,pass
tests/test_store.py::test_scores[file-abcd],16,pass
tests/test_store.py::test_scores[file-abcd],17,pass
tests/test_store.py::test_scores[file-abcd],18,pass
tests/test_store.py::test_scores[file-abcd],19,pass
tests/test_store.py::test_scores[file-abcd],20,pass
tests/test_store.py::test_scores[file-abcd],21,pass
tests/test_store.py::test_scores[file-abcd],22,pass
tests/test_store.py::test_scores[file-abcd],23,pass
tests/test_store.py::test_scores[file-abcd],24,pass
tests/test_store.py::test_scores[file-abcd],25,pass
tests/test_store.py::test_scores[file-abcd],26,pass
tests/test_store.py::test_scores[file-abcd],27,pass
tests/test_store.py::test_scores[file-abcd],28,pass
tests/test_store.py::test_scores[file-abcd],29,pass
tests/test_store.py::test_scores[file-abcd],30,pass
tests/test_store.py::test_scores[file-abcd],31,pass
tests/test_store.py::test_scores[file-abcd],32,pass
tests/test_store.py::test_scores[file-abcd],33,pass
tests/test_store.py::test_scores[file-abcd],34,pass
tests/test_store.py::test_scores[file-abcd],35,pass
tests/test_store.py::test_scores[file-abcd],36,pass
tests/test_store.py::test_scores[file-abcd],37,pass
tests/test_store.py::test_scores[file-abcd],38,pass
tests/test_store.py::test_scores[file-abcd],39,pass
tests/test_store.py::test_scores[file-abcd],40,pass
tests/test_store.py::test_scores[file-abcd],41,pass
tests/test_store.py::test_scores[file-abcd],42,pass
tests/test_store.py::test_scores[file-abcd],43,pass
tests/test_store.py::test_scores[file-abcd],44,pass
tests/test_store.py::test_scores[file-abcd],45,pass
tests/test_store.py::test_scores[file-abcd],46,pass
tests/test_store.py::test_scores[file-abcd],47,pass
tests/test_store.py::test_scores[file-abcd],48,pass
tests/test_store.py::test_scores[file-abcd],49,pass
tests/test_store.py::test_scores[file-abcd],50,pass
tests/test_store.py::test_scores[file-bbb],1,pass
tests/test_store.py::test_scores[file-bbb],2,pass
tests/test_store.py::test_scores[file-bbb],3,pass
tests/test_store.py::test_scores[file-bbb],4,pass
tests/test_store.py::test_scores[file-bbb],5,pass
tests/test_store.py::test_scores[file-bbb],6,pass
tests/test_store.py::test_scores[file-bbb],7,pass
tests/test_store.py::test_scores[file-bbb],8,pass
tests/test_store.py::test_scores[file-bbb],9,pass
tests/test_store.py::test_scores[file-bbb],10,pass
tests/test_store.py::test_scores[file-bbb],11,pass
tests/test_store.py::test_scores[file-bbb],12,pass
tests/test_store.py::test_scores[file-bbb],13,pass
tests/test_store.py::test_scores[file-bbb],14,pass
tests/test_store.py::test_scores[file-bbb],15,pass
tests/test_store.py::test_scores[file-bbb],16,pass
tests/test_store.py::test_scores[file-bbb],17,pass
tests/test_store.py::test_scores[file-bbb],18,pass
tests/test_store.py::test_scores[file-bbb],19,pass
tests/test_store.py::test_scores[file-bbb],20,pass
tests/test_store.py::test_scores[file-bbb],21,pass
tests/test_store.py::test_scores[file-bbb],22,pass
tests/test_store.py::test_scores[file-bbb],23,pass
tests/test_store.py::test_scores[file-bbb],24,pass
tests/test_store.py::test_scores[file-bbb],25,pass
tests/test_store.py::test_scores[file-bbb],26,pass
tests/test_store.py::test_scores[file-bbb],27,pass
tests/test_store.py::test_scores[file-bbb],28,pass
tests/test_store.py::test_scores[file-bbb],29,pass
tests/test_store.py::test_scores[file-bbb],30,pass
tests/test_store.py::test_scores[file-bbb],31,pass
tests/test_store.py::test_scores[file-bbb],32,pass
tests/test_store.py::test_scores[file-bbb],33,pass
tests/test_store.py::test_scores[file-bbb],34,pass
tests/test_store.py::test_scores[file-bbb],35,pass
tests/test_store.py::test_scores[file-bbb],36,pass
tests/test_store.py::test_scores[file-bbb],37,pass
tests/test_store.py::test_scores[file-bbb],38,pass
tests/test_store.py::test_scores[file-bbb],39,pass
tests/test_store.py::test_scores[file-bbb],40,pass
tests/test_store.py::test_scores[file-bbb],41,pass
tests/test_store.py::test_scores[file-bbb],42,pass
tests/test_store.py::test_scores[file-bbb],43,pass
tests/test_store.py::test_scores[file-bbb],44,pass
tests/test_store.py::test_scores[file-bbb],45,pass
tests/test_store.py::test_scores[file-bbb],46,pass
tests/test_store.py::test_scores[file-bbb],47,pass
tests/test_store.py::test_scores[file-bbb],48,pass
tests/test_store.py::test_scores[file-bbb],49,pass
tests/test_store.py::test_scores[file-bbb],50,pass
tests/test_store.py::test_scores[file-ccc],1,pass
tests/test_store.py::test_scores[file-ccc],2,pass
tests/test_store.py::test_scores[file-ccc],3,pass
tests/test_store.py::test_scores[file-ccc],4,pass
tests/test_store.py::test_scores[file-ccc],5,pass
tests/test_store.py::test_scores[file-ccc],6,pass
tests/test_store.py::test_scores[file-ccc],7,pass
tests/test_store.py::test_scores[file-ccc],8,pass
tests/test_store.py::test_scores[file-ccc],9,pass
tests/test_store.py::test_scores[file-ccc],10,pass
tests/test_store.py::test_scores[file-ccc],11,pass
tests/test_store.py::test_scores[file-ccc],12,pass
tests/test_store.py::test_scores[file-ccc],13,pass
tests/test_store.py::test_scores[file-ccc],14,pass
tests/test_store.py::test_scores[file-ccc],15,pass
tests/test_store.py::test_scores[file-ccc],16,pass
tests/test_store.py::test_scores[file-ccc],17,pass
tests/test_store.py::test_scores[file-ccc],18,pass
tests/test_store.py::test_scores[file-ccc],19,pass
tests/test_store.py::test_scores[file-ccc],20,pass
tests/test_store.py::test_scores[file-ccc],21,pass
tests/test_store.py::test_scores[file-ccc],22,pass
tests/test_store.py::test_scores[file-ccc],23,pass
tests/test_store.py::test_scores[file-ccc],24,pass
tests/test_store.py::test_scores[file-ccc],25,pass
tests/test_store.py::test_scores[file-ccc],26,pass
tests/test_store.py::test_scores[file-ccc],27,pass
tests/test_store.py::test_scores[file-ccc],28,pass
tests/test_store.py::test_scores[file-ccc],29,pass
tests/test_store.py::test_scores[file-ccc],30,pass
tests/test_store.py::test_scores[file-ccc],31,pass
tests/test_store.py::test_scores[file-ccc],32,pass
tests/test_store.py::test_scores[file-ccc],33,pass
tests/test_store.py::test_scores[file-ccc],34,pass
tests/test_store.py::test_scores[file-ccc],35,pass
tests/test_store.py::test_scores[file-ccc],36,pass
tests/test_store.py::test_scores[file-ccc],37,pass
tests/test_store.py::test_scores[file-ccc],38,pass
tests/test_store.py::test_scores[file-ccc],39,pass
tests/test_store.py::test_scores[file-ccc],40,pass
tests/test_store.py::test_scores[file-ccc],41,pass
tests/test_store.py::test_scores[file-ccc],42,pass
tests/test_store.py::test_scores[file-ccc],43,pass
tests/test_store.py::test_scores[file-ccc],44,pass
tests/test_store.py::test_scores[file-ccc],45,pass
tests/test_store.py::test_scores[file-ccc],46,pass
tests/test_store.py::test_scores[file-ccc],47,pass
tests/test_store.py::test_scores[file-ccc],48,pass
tests/test_store.py::test_scores[file-ccc],49,pass
tests/test_store.py::test_scores[file-ccc],50,pass
tests/test_store.py::test_scores[file-poisson],1,pass
tests/test_store.py::test_scores[file-poisson],2,pass
tests/test_store.py::test_scores[file-poisson],3,pass
tests/test_store.py::test_scores[file-poisson],4,pass
tests/test_store.py::test_scores[file-poisson],5,pass
tests/test_store.py::test_scores[file-poisson],6,pass
tests/test_store.py::test_scores[file-poisson],7,pass
tests/test_store.py::test_scores[file-poisson],8,pass
tests/test_store.py::test_scores[file-poisson],9,pass
tests/test_store.py::test_scores[file-poisson],10,pass
tests/test_store.py::test_scores[file-poisson],11,pass
tests/test_store.py::test_scores[file-poisson],12,pass
tests/test_store.py::test_scores[file-poisson],13,pass
tests/test_store.py::test_scores[file-poisson],14,pass
tests/test_store.py::test_scores[file-poisson],15,pass
tests/test_store.py::test_scores[file-poisson],16,pass
tests/test_store.py::test_scores[file-poisson],17,pass
tests/test_store.py::test_scores[file-poisson],18,pass
tests/test_store.py::test_scores[file-poisson],19,pass
tests/test_store.py::test_scores[file-poisson],20,pass
tests/test_store.py::test_scores[file-poisson],21,pass
tests/test_store.py::test_scores[file-poisson],22,pass
tests/test_store.py::test_scores[file-poisson],23,pass
tests/test_store.py::test_scores[file-poisson],24,pass
tests/test_store.py::test_scores[file-poisson],25,pass
tests/test_store.py::test_scores[file-poisson],26,pass
tests/test_store.py::test_scores[file-poisson],27,pass
tests/test_store.py::test_scores[file-poisson],28,pass
tests/test_store.py::test_scores[file-poisson],29,pass
tests/test_store.py::test_scores[file-poisson],30,pass
tests/test_store.py::test_scores[file-poisson],31,pass
tests/test_store.py::test_scores[file-poisson],32,pass
tests/test_store.py::test_scores[file-poisson],33,pass
tests/test_store.py::test_scores[file-poisson],34,pass
tests/test_store.py::test_scores[file-poisson],35,pass
tests/test_store.py::test_scores[file-poisson],36,pass
tests/test_store.py::test_scores[file-poisson],37,pass
tests/test_store.py::test_scores[file-poisson],38,pass
tests/test_store.py::test_scores[file-poisson],39,pass
tests/test_store.py::test_scores[file-poisson],40,pass
tests/test_store.py::test_scores[file-poisson],41,pass
tests/test_store.py::test_scores[file-poisson],42,pass
tests/test_store.py::test_scores[file-poisson],43,pass
tests/test_store.py::test_scores[file-poisson],44,pass
tests/test_store.py::test_scores[file-poisson],45,pass
tests/test_store.py::test_scores[file-poisson],46,pass
tests/test_store.py::test_scores[file-poisson],47,pass
tests/test_store.py::test_scores[file-poisson],48,pass
tests/test_store.py::test_scores[file-poisson],49,pass
tests/test_store.py::test_scores[file-poisson],50,pass
tests/test_store.py::test_scores[memory-aaa],1,pass
tests/test_store.py::test_scores[memory-aaa],2,pass
tests/test_store.py::test_scores[memory-aaa],3,pass
tests/test_store.py::test_scores[memory-aaa],4,pass
tests/test_store.py::test_scores[memory-aaa],5,pass
tests/test_store.py::test_scores[memory-aaa],6,pass
tests/test_store.py::test_scores[memory-aaa],7,pass
tests/test_store.py::test_scores[memory-aaa],8,pass
tests/test_store.py::test_scores[memory-aaa],9,pass
tests/test_store.py::test_scores[memory-aaa],10,pass
tests/test_store.py::test_scores[memory-aaa],11,pass
tests/test_store.py::test_scores[memory-aaa],12,pass
tests/test_store.py::test_scores[memory-aaa],13,pass
tests/test_store.py::test_scores[memory-aaa],14,pass
tests/test_store.py::test_scores[memory-aaa],15,pass
tests/test_store.py::test_scores[memory-aaa],16,pass
tests/test_store.py::test_scores[memory-aaa],17,pass
tests/test_store.py::test_scores[memory-aaa],18,pass
tests/test_store.py::test_scores[memory-aaa],19,pass
tests/test_store.py::test_scores[memory-aaa],20,pass
tests/test_store.py::test_scores[memory-aaa],21,pass
tests/test_store.py::test_scores[memory-aaa],22,pass
tests/test_store.py::test_scores[memory-aaa],23,pass
tests/test_store.py::test_scores[memory-aaa],24,pass
tests/test_store.py::test_scores[memory-aaa],25,pass
tests/test_store.py::test_scores[memory-aaa],26,pass
tests/test_store.py::test_scores[memory-aaa],27,pass
tests/test_store.py::test_scores[memory-aaa],28,pass
tests/test_store.py::test_scores[memory-aaa],29,pass
tests/test_store.py::test_scores[memory-aaa],30,pass
tests/test_store.py::test_scores[memory-aaa],31,pass
tests/test_store.py::test_scores[memory-aaa],32,pass
tests/test_store.py::test_scores[memory-aaa],33,pass
tests/test_store.py::test_scores[memory-aaa],34,pass
tests/test_store.py::test_scores[memory-aaa],35,pass
tests/test_store.py::test_scores[memory-aaa],36,pass
tests/test_store.py::test_scores[memory-aaa],37,pass
tests/test_store.py::test_scores[memory-aaa],38,pass
tests/test_store.py::test_scores[memory-aaa],39,pass
tests/test_store.py::test_scores[memory-aaa],40,pass
tests/test_store.py::test_scores[memory-aaa],41,pass
tests/test_store.py::test_scores[memory-aaa],42,pass
tests/test_store.py::test_scores[memory-aaa],43,pass
tests/test_store.py::test_scores[memory-aaa],44,pass
tests/test_store.py::test_scores[memory-aaa],45,pass
tests/test_store.py::test_scores[memory-aaa],46,pass
tests/test_store.py::test_scores[memory-aaa],47,pass
tests/test_store.py::test_scores[memory-aaa],48,pass
tests/test_store.py::test_scores[memory-aaa],49,pass
tests/test_store.py::test_scores[memory-aaa],50,pass
tests/test_store.py::test_scores[memory-abcd],1,pass
tests/test_store.py::test_scores[memory-abcd],2,pass
tests/test_store.py::test_scores[memory-abcd],3,pass
tests/test_store.py::test_scores[memory-abcd],4,pass
tests/test_store.py::test_scores[memory-abcd],5,pass
tests/test_store.py::test_scores[memory-abcd],6,pass
tests/test_store.py::test_scores[memory-abcd],7,pass
tests/test_store.py::test_scores[memory-abcd],8,pass
tests/test_store.py::test_scores[memory-abcd],9,pass
tests/test_store.py::test_scores[memory-abcd],10,pass
tests/test_store.py::test_scores[memory-abcd],11,pass
tests/test_store.py::test_scores[memory-abcd],12,pass
tests/test_store.py::test_scores[memory-abcd],13,pass
tests/test_store.py::test_scores[memory-abcd],14,pass
tests/test_store.py::test_scores[memory-abcd],15,pass
tests/test_store.py::test_scores[memory-abcd],16,pass
tests/test_store.py::test_scores[memory-abcd],17,pass
tests/test_store.py::test_scores[memory-abcd],18,pass
tests/test_store.py::test_scores[memory-abcd],19,pass
tests/test_store.py::test_scores[memory-abcd],20,pass
tests/test_store.py::test_scores[memory-abcd],21,pass
tests/test_store.py::test_scores[memory-abcd],22,pass
tests/test_store.py::test_scores[memory-abcd],23,pass
tests/test_store.py::test_scores[memory-abcd],24,pass
tests/test_store.py::test_scores[memory-abcd],25,pass
tests/test_store.py::test_scores[memory-abcd],26,pass
tests/test_store.py::test_scores[memory-abcd],27,pass
tests/test_store.py::test_scores[memory-abcd],28,pass
tests/test_store.py::test_scores[memory-abcd],29,pass
tests/test_store.py::test_scores[memory-abcd],30,pass
tests/test_store.py::test_scores[memory-abcd],31,pass
tests/test_store.py::test_scores[memory-abcd],32,pass
tests/test_store.py::test_scores[memory-abcd],33,pass
tests/test_store.py::test_scores[memory-abcd],34,pass
tests/test_store.py::test_scores[memory-abcd],35,pass
tests/test_store.py::test_scores[memory-abcd],36,pass
tests/test_store.py::test_scores[memory-abcd],37,pass
tests/test_store.py::test_scores[memory-abcd],38,pass
tests/test_store.py::test_scores[memory-abcd],39,pass
tests/test_store.py::test_scores[memory-abcd],40,pass
tests/test_store.py::test_scores[memory-abcd],41,pass
tests/test_store.py::test_scores[memory-abcd],42,pass
tests/test_store.py::test_scores[memory-abcd],43,pass
tests/test_store.py::test_scores[memory-abcd],44,pass
tests/test_store.py::test_scores[memory-abcd],45,pass
tests/test_store.py::test_scores[memory-abcd],46,pass
tests/test_store.py::test_scores[memory-abcd],47,pass
tests/test_store.py::test_scores[memory-abcd],48,pass
tests/test_store.py::test_scores[memory-abcd],49,pass
tests/test_store.py::test_scores[memory-abcd],50,pass
tests/test_store.py::test_scores[memory-bbb],1,pass
tests/test_store.py::test_scores[memory-bbb],2,pass
tests/test_store.py::test_scores[memory-bbb],3,pass
tests/test_store.py::test_scores[memory-bbb],4,pass
tests/test_store.py::test_scores[memory-bbb],5,pass
tests/test_store.py::test_scores[memory-bbb],6,pass
tests/test_store.py::test_scores[memory-bbb],7,pass
tests/test_store.py::test_scores[memory-bbb],8,pass
tests/test_store.py::test_scores[memory-bbb],9,pass
tests/test_store.py::test_scores[memory-bbb],10,pass
tests/test_store.py::test_scores[memory-bbb],11,pass
tests/test_store.py::test_scores[memory-bbb],12,pass
tests/test_store.py::test_scores[memory-bbb],13,pass
tests/test_store.py::test_scores[memory-bbb],14,pass
tests/test_store.py::test_scores[memory-bbb],15,pass
tests/test_store.py::test_scores[memory-bbb],16,pass
tests/test_store.py::test_scores[memory-bbb],17,pass
tests/test_store.py::test_scores[memory-bbb],18,pass
tests/test_store.py::test_scores[memory-bbb],19,pass
tests/test_store.py::test_scores[memory-bbb],20,pass
tests/test_store.py::test_scores[memory-bbb],21,pass
tests/test_store.py::test_scores[memory-bbb],22,pass
tests/test_store.py::test_scores[memory-bbb],23,pass
tests/test_store.py::test_scores[memory-bbb],24,pass
tests/test_store.py::test_scores[memory-bbb],25,pass
tests/test_store.py::test_scores[memory-bbb],26,pass
tests/test_store.py::test_scores[memory-bbb],27,pass
tests/test_store.py::test_scores[memory-bbb],28,pass
tests/test_store.py::test_scores[memory-bbb],29,pass
tests/test_store.py::test_scores[memory-bbb],30,pass
tests/test_store.py::test_scores[memory-bbb],31,pass
tests/test_store.py::test_scores[memory-bbb],32,pass
tests/test_store.py::test_scores[memory-bbb],33,pass
tests/test_store.py::test_scores[memory-bbb],34,pass
tests/test_store.py::test_scores[memory-bbb],35,pass
tests/test_store.py::test_scores[memory-bbb],36,pass
tests/test_store.py::test_scores[memory-bbb],37,pass
tests/test_store.py::test_scores[memory-bbb],38,pass
tests/test_store.py::test_scores[memory-bbb],39,pass
tests/test_store.py::test_scores[memory-bbb],40,pass
tests/test_store.py::test_scores[memory-bbb],41,pass
tests/test_store.py::test_scores[memory-bbb],42,pass
tests/test_store.py::test_scores[memory-bbb],43,pass
tests/test_store.py::test_scores[memory-bbb],44,pass
tests/test_store.py::test_scores[memory-bbb],45,pass
tests/test_store.py::test_scores[memory-bbb],46,pass
tests/test_store.py::test_scores[memory-bbb],47,pass
tests/test_store.py::test_scores[memory-bbb],48,pass
tests/test_store.py::test_scores[memory-bbb],49,pass
tests/test_store.py::test_scores[memory-bbb],50,pass
tests/test_store.py::test_scores[memory-ccc],1,pass
tests/test_store.py::test_scores[memory-ccc],2,pass
tests/test_store.py::test_scores[memory-ccc],3,pass
tests/test_store.py::test_scores[memory-ccc],4,pass
tests/test_store.py::test_scores[memory-ccc],5,pass
tests/test_store.py::test_scores[memory-ccc],6,pass
tests/test_store.py::test_scores[memory-ccc],7,pass
tests/test_store.py::test_scores[memory-ccc],8,pass
tests/test_store.py::test_scores[memory-ccc],9,pass
tests/test_store.py::test_scores[memory-ccc],10,pass
tests/test_store.py::test_scores[memory-ccc],11,pass
tests/test_store.py::test_scores[memory-ccc],12,pass
tests/test_store.py::test_scores[memory-ccc],13,pass
tests/test_store.py::test_scores[memory-ccc],14,pass
tests/test_store.py::test_scores[memory-ccc],15,pass
tests/test_store.py::test_scores[memory-ccc],16,pass
tests/test_store.py::test_scores[memory-ccc],17,pass
tests/test_store.py::test_scores[memory-ccc],18,pass
tests/test_store.py::test_scores[memory-ccc],19,pass
tests/test_store.py::test_scores[memory-ccc],20,pass
tests/test_store.py::test_scores[memory-ccc],21,pass
tests/test_store.py::test_scores[memory-ccc],22,pass
tests/test_store.py::test_scores[memory-ccc],23,pass
tests/test_store.py::test_scores[memory-ccc],24,pass
tests/test_store.py::test_scores[memory-ccc],25,pass
tests/test_store.py::test_scores[memory-ccc],26,pass
tests/test_store.py::test_scores[memory-ccc],27,pass
tests/test_store.py::test_scores[memory-ccc],28,pass
tests/test_store.py::test_scores[memory-ccc],29,pass
tests/test_store.py::test_scores[memory-ccc],30,pass
tests/test_store.py::test_scores[memory-ccc],31,pass
tests/test_store.py::test_scores[memory-ccc],32,pass
tests/test_store.py::test_scores[memory-ccc],33,pass
tests/test_store.py::test_scores[memory-ccc],34,pass
tests/test_store.py::test_scores[memory-ccc],35,pass
tests/test_store.py::test_scores[memory-ccc],36,pass
tests/test_store.py::test_scores[memory-ccc],37,pass
tests/test_store.py::test_scores[memory-ccc],38,pass
tests/test_store.py::test_scores[memory-ccc],39,pass
tests/test_store.py::test_scores[memory-ccc],40,pass
tests/test_store.py::test_scores[memory-ccc],41,pass
tests/test_store.py::test_scores[memory-ccc],42,pass
tests/test_store.py::test_scores[memory-ccc],43,pass
tests/test_store.py::test_scores[memory-ccc],44,pass
tests/test_store.py::test_scores[memory-ccc],45,pass
tests/test_store.py::test_scores[memory-ccc],46,pass
tests/test_store.py::test_scores[memory-ccc],47,pass
tests/test_store.py::test_scores[memory-ccc],48,pass
tests/test_store.py::test_scores[memory-ccc],49,pass
tests/test_store.py::test_scores[memory-ccc],50,pass
tests/test_store.py::test_scores[memory-poisson],1,pass
tests/test_store.py::test_scores[memory-poisson],2,pass
tests/test_store.py::test_scores[memory-poisson],3,pass
tests/test_store.py::test_scores[memory-poisson],4,pass
tests/test_store.py::test_scores[memory-poisson],5,pass
tests/test_store.py::test_scores[memory-poisson],6,pass
tests/test_store.py::test_scores[memory-poisson],7,pass
tests/test_store.py::test_scores[memory-poisson],8,pass
tests/test_store.py::test_scores[memory-poisson],9,pass
tests/test_store.py::test_scores[memory-poisson],10,pass
tests/test_store.py::test_scores[memory-poisson],11,pass
tests/test_store.py::test_scores[memory-poisson],12,pass
tests/test_store.py::test_scores[memory-poisson],13,pass
tests/test_store.py::test_scores[memory-poisson],14,pass
tests/test_store.py::test_scores[memory-poisson],15,pass
tests/test_store.py::test_scores[memory-poisson],16,pass
tests/test_store.py::test_scores[memory-poisson],17,pass
tests/test_store.py::test_scores[memory-poisson],18,pass
tests/test_store.py::test_scores[memory-poisson],19,pass
tests/test_store.py::test_scores[memory-poisson],20,pass
tests/test_store.py::test_scores[memory-poisson],21,pass
tests/test_store.py::test_scores[memory-poisson],22,pass
tests/test_store.py::test_scores[memory-poisson],23,pass
tests/test_store.py::test_scores[memory-poisson],24,pass
tests/test_store.py::test_scores[memory-poisson],25,pass
tests/test_store.py::test_scores[memory-poisson],26,pass
tests/test_store.py::test_scores[memory-poisson],27,pass
tests/test_store.py::test_scores[memory-poisson],28,pass
tests/test_store.py::test_scores[memory-poisson],29,pass
tests/test_store.py::test_scores[memory-poisson],30,pass
tests/test_store.py::test_scores[memory-poisson],31,pass
tests/test_store.py::test_scores[memory-poisson],32,pass
tests/test_store.py::test_scores[memory-poisson],33,pass
tests/test_store.py::test_scores[memory-poisson],34,pass
tests/test_store.py::test_scores[memory-poisson],35,pass
tests/test_store.py::test_scores[memory-poisson],36,pass
tests/test_store.py::test_scores[memory-poisson],37,pass
tests/test_store.py::test_scores[memory-poisson],38,pass
tests/test_store.py::test_scores[memory-poisson],39,pass
tests/test_store.py::test_scores[memory-poisson],40,pass
tests/test_store.py::test_scores[memory-poisson],41,pass
tests/test_store.py::test_scores[memory-poisson],42,pass
tests/test_store.py::test_scores[memory-poisson],43,pass
tests/test_store.py::test_scores[memory-poisson],44,pass
tests/test_store.py::test_scores[memory-poisson],45,pass
tests/test_store.py::test_scores[memory-poisson],46,pass
tests/test_store.py::test_scores[memory-poisson],47,pass
tests/test_store.py::test_scores[memory-poisson],48,pass
tests/test_store.py::test_scores[memory-poisson],49,pass
tests/test_store.py::test_scores[memory-poisson],50,pass
tests/test_store.py::test_search_empty_prefix_is_unconstrained[file],1,pass
tests/test_store.py::test_search_empty_prefix_is_unconstrained[file],2,pass
tests/test_store.py::test_search_empty_prefix_is_unconstrained[file],3,pass
tests/test_store.py::test_search_empty_prefix_is_unconstrained[file],4,pass
tests/test_store.py::test_search_empty_prefix_is_unconstrained[file],5,pass
tests/test_store.py::test_search_empty_prefix_is_unconstrained[file],6,pass
tests/test_store.py::test_search_empty_prefix_is_unconstrained[file],7,pass
tests/test_store.py::test_search_empty_prefix_is_unconstrained[file],8,pass
tests/test_store.py::test_search_empty_prefix_is_unconstrained[file],9,pass
tests/test_store.py::test_search_empty_prefix_is_unconstrained[file],10,pass
tests/test_store.py::test_search_empty_prefix_is_unconstrained[file],11,pass
tests/test_store.py::test_search_empty_prefix_is_unconstrained[file],12,pass
tests/test_store.py::test_search_empty_prefix_is_unconstrained[file],13,pass
tests/test_store.py::test_search_empty_prefix_is_unconstrained[file],14,pass
tests/test_store.py::test_search_empty_prefix_is_unconstrained[file],15,pass
tests/test_store.py::test_search_empty_prefix_is_unconstrained[file],16,pass
tests/test_store.py::test_search_empty_prefix_is_unconstrained[file],17,pass
tests/test_store.py::test_search_empty_prefix_is_unconstrained[file],18,pass
tests/test_store.py::test_search_empty_prefix_is_unconstrained[file],19,pass
tests/test_store.py::test_search_empty_prefix_is_unconstrained[file],20,pass
tests/test_store.py::test_search_empty_prefix_is_unconstrained[file],21,pass
tests/test_store.py::test_search_empty_prefix_is_unconstrained[file],22,pass
tests/test_store.py::test_search_empty_prefix_is_unconstrained[file],23,pass
tests/test_store.py::test_search_empty_prefix_is_unconstrained[file],24,pass
tests/test_store.py::test_search_empty_prefix_is_unconstrained[file],25,pass
tests/test_store.py::test_search_empty_prefix_is_unconstrained[file],26,pass
tests/test_store.py::test_search_empty_prefix_is_unconstrained[file],27,pass
tests/test_store.py::test_search_empty_prefix_is_unconstrained[file],28,pass
tests/test_store.py::test_search_empty_prefix_is_unconstrained[file],29,pass
tests/test_store.py::test_search_empty_prefix_is_unconstrained[file],30,pass
tests/test_store.py::test_search_empty_prefix_is_unconstrained[file],31,pass
tests/test_store.py::test_search_empty_prefix_is_unconstrained[file],32,pass
tests/test_store.py::test_search_empty_prefix_is_unconstrained[file],33,pass
tests/test_store.py::test_search_empty_prefix_is_unconstrained[file],34,pass
tests/test_store.py::test_search_empty_prefix_is_unconstrained[file],35,pass
tests/test_store.py::test_search_empty_prefix_is_unconstrained[file],36,pass
tests/test_store.py::test_search_empty_prefix_is_unconstrained[file],37,pass
tests/test_store.py::test_search_empty_prefix_is_unconstrained[file],38,pass
tests/test_store.py::test_search_empty_prefix_is_unconstrained[file],39,pass
tests/test_store.py::test_search_empty_prefix_is_unconstrained[file],40,pass
tests/test_store.py::test_search_empty_prefix_is_unconstrained[file],41,pass
tests/test_store.py::test_search_empty_prefix_is_unconstrained[file],42,pass
tests/test_store.py::test_search_empty_prefix_is_unconstrained[file],43,pass
tests/test_store.py::test_search_empty_prefix_is_unconstrained[file],44,pass
tests/test_store.py::test_search_empty_prefix_is_unconstrained[file],45,pass
tests/test_store.py::test_search_empty_prefix_is_unconstrained[file],46,pass
tests/test_store.py::test_search_empty_prefix_is_unconstrained[file],47,pass
tests/test_store.py::test_search_empty_prefix_is_unconstrained[file],48,pass
tests/test_store.py::test_search_empty_prefix_is_unconstrained[file],49,pass
tests/test_store.py::test_search_empty_prefix_is_unconstrained[file],50,pass
tests/test_store.py::test_search_empty_prefix_is_unconstrained[memory],1,pass
tests/test_store.py::test_search_empty_prefix_is_unconstrained[memory],2,pass
tests/test_store.py::test_search_empty_prefix_is_unconstrained[memory],3,pass
tests/test_store.py::test_search_empty_prefix_is_unconstrained[memory],4,pass
tests/test_store.py::test_search_empty_prefix_is_unconstrained[memory],5,pass
tests/test_store.py::test_search_empty_prefix_is_unconstrained[memory],6,pass
tests/test_store.py::test_search_empty_prefix_is_unconstrained[memory],7,pass
tests/test_store.py::test_search_empty_prefix_is_unconstrained[memory],8,pass
tests/test_store.py::test_search_empty_prefix_is_unconstrained[memory],9,pass
tests/test_store.py::test_search_empty_prefix_is_unconstrained[memory],10,pass
tests/test_store.py::test_search_empty_prefix_is_unconstrained[memory],11,pass
tests/test_store.py::test_search_empty_prefix_is_unconstrained[memory],12,pass
tests/test_store.py::test_search_empty_prefix_is_unconstrained[memory],13,pass
tests/test_store.py::test_search_empty_prefix_is_unconstrained[memory],14,pass
tests/test_store.py::test_search_empty_prefix_is_unconstrained[memory],15,pass
tests/test_store.py::test_search_empty_prefix_is_unconstrained[memory],16,pass
tests/test_store.py::test_search_empty_prefix_is_unconstrained[memory],17,pass
tests/test_store.py::test_search_empty_prefix_is_unconstrained[memory],18,pass
tests/test_store.py::test_search_empty_prefix_is_unconstrained[memory],19,pass
tests/test_store.py::test_search_empty_prefix_is_unconstrained[memory],20,pass
tests/test_store.py::test_search_empty_prefix_is_unconstrained[memory],21,pass
tests/test_store.py::test_search_empty_prefix_is_unconstrained[memory],22,pass
tests/test_store.py::test_search_empty_prefix_is_unconstrained[memory],23,pass
tests/test_store.py::test_search_empty_prefix_is_unconstrained[memory],24,pass
tests/test_store.py::test_search_empty_prefix_is_unconstrained[memory],25,pass
tests/test_store.py::test_search_empty_prefix_is_unconstrained[memory],26,pass
tests/test_store.py::test_search_empty_prefix_is_unconstrained[memory],27,pass
tests/test_store.py::test_search_empty_prefix_is_unconstrained[memory],28,pass
tests/test_store.py::test_search_empty_prefix_is_unconstrained[memory],29,pass
tests/test_store.py::test_search_empty_prefix_is_unconstrained[memory],30,pass
tests/test_store.py::test_search_empty_prefix_is_unconstrained[memory],31,pass
tests/test_store.py::test_search_empty_prefix_is_unconstrained[memory],32,pass
tests/test_store.py::test_search_empty_prefix_is_unconstrained[memory],33,pass
tests/test_store.py::test_search_empty_prefix_is_unconstrained[memory],34,pass
tests/test_store.py::test_search_empty_prefix_is_unconstrained[memory],35,pass
tests/test_store.py::test_search_empty_prefix_is_unconstrained[memory],36,pass
tests/test_store.py::test_search_empty_prefix_is_unconstrained[memory],37,pass
tests/test_store.py::test_search_empty_prefix_is_unconstrained[memory],38,pass
tests/test_store.py::test_search_empty_prefix_is_unconstrained[memory],39,pass
tests/test_store.py::test_search_empty_prefix_is_unconstrained[memory],40,pass
tests/test_store.py::test_search_empty_prefix_is_unconstrained[memory],41,pass
tests/test_store.py::test_search_empty_prefix_is_unconstrained[memory],42,pass
tests/test_store.py::test_search_empty_prefix_is_unconstrained[memory],43,pass
tests/test_store.py::test_search_empty_prefix_is_unconstrained[memory],44,pass
tests/test_store.py::test_search_empty_prefix_is_unconstrained[memory],45,pass
tests/test_store.py::test_search_empty_prefix_is_unconstrained[memory],46,pass
tests/test_store.py::test_search_empty_prefix_is_unconstrained[memory],47,pass
tests/test_store.py::test_search_empty_prefix_is_unconstrained[memory],48,pass
tests/test_store.py::test_search_empty_prefix_is_unconstrained[memory],49,pass
tests/test_store.py::test_search_empty_prefix_is_unconstrained[memory],50,pass
tests/test_store.py::test_search_items,1,pass
tests/test_store.py::test_search_items,2,pass
tests/test_store.py::test_search_items,3,pass
tests/test_store.py::test_search_items,4,pass
tests/test_store.py::test_search_items,5,pass
tests/test_store.py::test_search_items,6,pass
tests/test_store.py::test_search_items,7,pass
tests/test_store.py::test_search_items,8,pass
tests/test_store.py::test_search_items,9,pass
tests/test_store.py::test_search_items,10,pass
tests/test_store.py::test_search_items,11,pass
tests/test_store.py::test_search_items,12,pass
tests/test_store.py::test_search_items,13,pass
tests/test_store.py::test_search_items,14,pass
tests/test_store.py::test_search_items,15,pass
tests/test_store.py::test_search_items,16,pass
tests/test_store.py::test_search_items,17,pass
tests/test_store.py::test_search_items,18,pass
tests/test_store.py::test_search_items,19,pass
tests/test_store.py::test_search_items,20,pass
tests/test_store.py::test_search_items,21,pass
tests/test_store.py::test_search_items,22,pass
tests/test_store.py::test_search_items,23,pass
tests/test_store.py::test_search_items,24,pass
tests/test_store.py::test_search_items,25,pass
tests/test_store.py::test_search_items,26,pass
tests/test_store.py::test_search_items,27,pass
tests/test_store.py::test_search_items,28,pass
tests/test_store.py::test_search_items,29,pass
tests/test_store.py::test_search_items,30,pass
tests/test_store.py::test_search_items,31,pass
tests/test_store.py::test_search_items,32,pass
tests/test_store.py::test_search_items,33,pass
tests/test_store.py::test_search_items,34,pass
tests/test_store.py::test_search_items,35,pass
tests/test_store.py::test_search_items,36,pass
tests/test_store.py::test_search_items,37,pass
tests/test_store.py::test_search_items,38,pass
tests/test_store.py::test_search_items,39,pass
tests/test_store.py::test_search_items,40,pass
tests/test_store.py::test_search_items,41,pass
tests/test_store.py::test_search_items,42,pass
tests/test_store.py::test_search_items,43,pass
tests/test_store.py::test_search_items,44,pass
tests/test_store.py::test_search_items,45,pass
tests/test_store.py::test_search_items,46,pass
tests/test_store.py::test_search_items,47,pass
tests/test_store.py::test_search_items,48,pass
tests/test_store.py::test_search_items,49,pass
tests/test_store.py::test_search_items,50,pass
tests/test_store.py::test_search_namespace_is_case_sensitive[file],1,pass
tests/test_store.py::test_search_namespace_is_case_sensitive[file],2,pass
tests/test_store.py::test_search_namespace_is_case_sensitive[file],3,pass
tests/test_store.py::test_search_namespace_is_case_sensitive[file],4,pass
tests/test_store.py::test_search_namespace_is_case_sensitive[file],5,pass
tests/test_store.py::test_search_namespace_is_case_sensitive[file],6,pass
tests/test_store.py::test_search_namespace_is_case_sensitive[file],7,pass
tests/test_store.py::test_search_namespace_is_case_sensitive[file],8,pass
tests/test_store.py::test_search_namespace_is_case_sensitive[file],9,pass
tests/test_store.py::test_search_namespace_is_case_sensitive[file],10,pass
tests/test_store.py::test_search_namespace_is_case_sensitive[file],11,pass
tests/test_store.py::test_search_namespace_is_case_sensitive[file],12,pass
tests/test_store.py::test_search_namespace_is_case_sensitive[file],13,pass
tests/test_store.py::test_search_namespace_is_case_sensitive[file],14,pass
tests/test_store.py::test_search_namespace_is_case_sensitive[file],15,pass
tests/test_store.py::test_search_namespace_is_case_sensitive[file],16,pass
tests/test_store.py::test_search_namespace_is_case_sensitive[file],17,pass
tests/test_store.py::test_search_namespace_is_case_sensitive[file],18,pass
tests/test_store.py::test_search_namespace_is_case_sensitive[file],19,pass
tests/test_store.py::test_search_namespace_is_case_sensitive[file],20,pass
tests/test_store.py::test_search_namespace_is_case_sensitive[file],21,pass
tests/test_store.py::test_search_namespace_is_case_sensitive[file],22,pass
tests/test_store.py::test_search_namespace_is_case_sensitive[file],23,pass
tests/test_store.py::test_search_namespace_is_case_sensitive[file],24,pass
tests/test_store.py::test_search_namespace_is_case_sensitive[file],25,pass
tests/test_store.py::test_search_namespace_is_case_sensitive[file],26,pass
tests/test_store.py::test_search_namespace_is_case_sensitive[file],27,pass
tests/test_store.py::test_search_namespace_is_case_sensitive[file],28,pass
tests/test_store.py::test_search_namespace_is_case_sensitive[file],29,pass
tests/test_store.py::test_search_namespace_is_case_sensitive[file],30,pass
tests/test_store.py::test_search_namespace_is_case_sensitive[file],31,pass
tests/test_store.py::test_search_namespace_is_case_sensitive[file],32,pass
tests/test_store.py::test_search_namespace_is_case_sensitive[file],33,pass
tests/test_store.py::test_search_namespace_is_case_sensitive[file],34,pass
tests/test_store.py::test_search_namespace_is_case_sensitive[file],35,pass
tests/test_store.py::test_search_namespace_is_case_sensitive[file],36,pass
tests/test_store.py::test_search_namespace_is_case_sensitive[file],37,pass
tests/test_store.py::test_search_namespace_is_case_sensitive[file],38,pass
tests/test_store.py::test_search_namespace_is_case_sensitive[file],39,pass
tests/test_store.py::test_search_namespace_is_case_sensitive[file],40,pass
tests/test_store.py::test_search_namespace_is_case_sensitive[file],41,pass
tests/test_store.py::test_search_namespace_is_case_sensitive[file],42,pass
tests/test_store.py::test_search_namespace_is_case_sensitive[file],43,pass
tests/test_store.py::test_search_namespace_is_case_sensitive[file],44,pass
tests/test_store.py::test_search_namespace_is_case_sensitive[file],45,pass
tests/test_store.py::test_search_namespace_is_case_sensitive[file],46,pass
tests/test_store.py::test_search_namespace_is_case_sensitive[file],47,pass
tests/test_store.py::test_search_namespace_is_case_sensitive[file],48,pass
tests/test_store.py::test_search_namespace_is_case_sensitive[file],49,pass
tests/test_store.py::test_search_namespace_is_case_sensitive[file],50,pass
tests/test_store.py::test_search_namespace_is_case_sensitive[memory],1,pass
tests/test_store.py::test_search_namespace_is_case_sensitive[memory],2,pass
tests/test_store.py::test_search_namespace_is_case_sensitive[memory],3,pass
tests/test_store.py::test_search_namespace_is_case_sensitive[memory],4,pass
tests/test_store.py::test_search_namespace_is_case_sensitive[memory],5,pass
tests/test_store.py::test_search_namespace_is_case_sensitive[memory],6,pass
tests/test_store.py::test_search_namespace_is_case_sensitive[memory],7,pass
tests/test_store.py::test_search_namespace_is_case_sensitive[memory],8,pass
tests/test_store.py::test_search_namespace_is_case_sensitive[memory],9,pass
tests/test_store.py::test_search_namespace_is_case_sensitive[memory],10,pass
tests/test_store.py::test_search_namespace_is_case_sensitive[memory],11,pass
tests/test_store.py::test_search_namespace_is_case_sensitive[memory],12,pass
tests/test_store.py::test_search_namespace_is_case_sensitive[memory],13,pass
tests/test_store.py::test_search_namespace_is_case_sensitive[memory],14,pass
tests/test_store.py::test_search_namespace_is_case_sensitive[memory],15,pass
tests/test_store.py::test_search_namespace_is_case_sensitive[memory],16,pass
tests/test_store.py::test_search_namespace_is_case_sensitive[memory],17,pass
tests/test_store.py::test_search_namespace_is_case_sensitive[memory],18,pass
tests/test_store.py::test_search_namespace_is_case_sensitive[memory],19,pass
tests/test_store.py::test_search_namespace_is_case_sensitive[memory],20,pass
tests/test_store.py::test_search_namespace_is_case_sensitive[memory],21,pass
tests/test_store.py::test_search_namespace_is_case_sensitive[memory],22,pass
tests/test_store.py::test_search_namespace_is_case_sensitive[memory],23,pass
tests/test_store.py::test_search_namespace_is_case_sensitive[memory],24,pass
tests/test_store.py::test_search_namespace_is_case_sensitive[memory],25,pass
tests/test_store.py::test_search_namespace_is_case_sensitive[memory],26,pass
tests/test_store.py::test_search_namespace_is_case_sensitive[memory],27,pass
tests/test_store.py::test_search_namespace_is_case_sensitive[memory],28,pass
tests/test_store.py::test_search_namespace_is_case_sensitive[memory],29,pass
tests/test_store.py::test_search_namespace_is_case_sensitive[memory],30,pass
tests/test_store.py::test_search_namespace_is_case_sensitive[memory],31,pass
tests/test_store.py::test_search_namespace_is_case_sensitive[memory],32,pass
tests/test_store.py::test_search_namespace_is_case_sensitive[memory],33,pass
tests/test_store.py::test_search_namespace_is_case_sensitive[memory],34,pass
tests/test_store.py::test_search_namespace_is_case_sensitive[memory],35,pass
tests/test_store.py::test_search_namespace_is_case_sensitive[memory],36,pass
tests/test_store.py::test_search_namespace_is_case_sensitive[memory],37,pass
tests/test_store.py::test_search_namespace_is_case_sensitive[memory],38,pass
tests/test_store.py::test_search_namespace_is_case_sensitive[memory],39,pass
tests/test_store.py::test_search_namespace_is_case_sensitive[memory],40,pass
tests/test_store.py::test_search_namespace_is_case_sensitive[memory],41,pass
tests/test_store.py::test_search_namespace_is_case_sensitive[memory],42,pass
tests/test_store.py::test_search_namespace_is_case_sensitive[memory],43,pass
tests/test_store.py::test_search_namespace_is_case_sensitive[memory],44,pass
tests/test_store.py::test_search_namespace_is_case_sensitive[memory],45,pass
tests/test_store.py::test_search_namespace_is_case_sensitive[memory],46,pass
tests/test_store.py::test_search_namespace_is_case_sensitive[memory],47,pass
tests/test_store.py::test_search_namespace_is_case_sensitive[memory],48,pass
tests/test_store.py::test_search_namespace_is_case_sensitive[memory],49,pass
tests/test_store.py::test_search_namespace_is_case_sensitive[memory],50,pass
tests/test_store.py::test_search_namespace_segment_boundary[file],1,pass
tests/test_store.py::test_search_namespace_segment_boundary[file],2,pass
tests/test_store.py::test_search_namespace_segment_boundary[file],3,pass
tests/test_store.py::test_search_namespace_segment_boundary[file],4,pass
tests/test_store.py::test_search_namespace_segment_boundary[file],5,pass
tests/test_store.py::test_search_namespace_segment_boundary[file],6,pass
tests/test_store.py::test_search_namespace_segment_boundary[file],7,pass
tests/test_store.py::test_search_namespace_segment_boundary[file],8,pass
tests/test_store.py::test_search_namespace_segment_boundary[file],9,pass
tests/test_store.py::test_search_namespace_segment_boundary[file],10,pass
tests/test_store.py::test_search_namespace_segment_boundary[file],11,pass
tests/test_store.py::test_search_namespace_segment_boundary[file],12,pass
tests/test_store.py::test_search_namespace_segment_boundary[file],13,pass
tests/test_store.py::test_search_namespace_segment_boundary[file],14,pass
tests/test_store.py::test_search_namespace_segment_boundary[file],15,pass
tests/test_store.py::test_search_namespace_segment_boundary[file],16,pass
tests/test_store.py::test_search_namespace_segment_boundary[file],17,pass
tests/test_store.py::test_search_namespace_segment_boundary[file],18,pass
tests/test_store.py::test_search_namespace_segment_boundary[file],19,pass
tests/test_store.py::test_search_namespace_segment_boundary[file],20,pass
tests/test_store.py::test_search_namespace_segment_boundary[file],21,pass
tests/test_store.py::test_search_namespace_segment_boundary[file],22,pass
tests/test_store.py::test_search_namespace_segment_boundary[file],23,pass
tests/test_store.py::test_search_namespace_segment_boundary[file],24,pass
tests/test_store.py::test_search_namespace_segment_boundary[file],25,pass
tests/test_store.py::test_search_namespace_segment_boundary[file],26,pass
tests/test_store.py::test_search_namespace_segment_boundary[file],27,pass
tests/test_store.py::test_search_namespace_segment_boundary[file],28,pass
tests/test_store.py::test_search_namespace_segment_boundary[file],29,pass
tests/test_store.py::test_search_namespace_segment_boundary[file],30,pass
tests/test_store.py::test_search_namespace_segment_boundary[file],31,pass
tests/test_store.py::test_search_namespace_segment_boundary[file],32,pass
tests/test_store.py::test_search_namespace_segment_boundary[file],33,pass
tests/test_store.py::test_search_namespace_segment_boundary[file],34,pass
tests/test_store.py::test_search_namespace_segment_boundary[file],35,pass
tests/test_store.py::test_search_namespace_segment_boundary[file],36,pass
tests/test_store.py::test_search_namespace_segment_boundary[file],37,pass
tests/test_store.py::test_search_namespace_segment_boundary[file],38,pass
tests/test_store.py::test_search_namespace_segment_boundary[file],39,pass
tests/test_store.py::test_search_namespace_segment_boundary[file],40,pass
tests/test_store.py::test_search_namespace_segment_boundary[file],41,pass
tests/test_store.py::test_search_namespace_segment_boundary[file],42,pass
tests/test_store.py::test_search_namespace_segment_boundary[file],43,pass
tests/test_store.py::test_search_namespace_segment_boundary[file],44,pass
tests/test_store.py::test_search_namespace_segment_boundary[file],45,pass
tests/test_store.py::test_search_namespace_segment_boundary[file],46,pass
tests/test_store.py::test_search_namespace_segment_boundary[file],47,pass
tests/test_store.py::test_search_namespace_segment_boundary[file],48,pass
tests/test_store.py::test_search_namespace_segment_boundary[file],49,pass
tests/test_store.py::test_search_namespace_segment_boundary[file],50,pass
tests/test_store.py::test_search_namespace_segment_boundary[memory],1,pass
tests/test_store.py::test_search_namespace_segment_boundary[memory],2,pass
tests/test_store.py::test_search_namespace_segment_boundary[memory],3,pass
tests/test_store.py::test_search_namespace_segment_boundary[memory],4,pass
tests/test_store.py::test_search_namespace_segment_boundary[memory],5,pass
tests/test_store.py::test_search_namespace_segment_boundary[memory],6,pass
tests/test_store.py::test_search_namespace_segment_boundary[memory],7,pass
tests/test_store.py::test_search_namespace_segment_boundary[memory],8,pass
tests/test_store.py::test_search_namespace_segment_boundary[memory],9,pass
tests/test_store.py::test_search_namespace_segment_boundary[memory],10,pass
tests/test_store.py::test_search_namespace_segment_boundary[memory],11,pass
tests/test_store.py::test_search_namespace_segment_boundary[memory],12,pass
tests/test_store.py::test_search_namespace_segment_boundary[memory],13,pass
tests/test_store.py::test_search_namespace_segment_boundary[memory],14,pass
tests/test_store.py::test_search_namespace_segment_boundary[memory],15,pass
tests/test_store.py::test_search_namespace_segment_boundary[memory],16,pass
tests/test_store.py::test_search_namespace_segment_boundary[memory],17,pass
tests/test_store.py::test_search_namespace_segment_boundary[memory],18,pass
tests/test_store.py::test_search_namespace_segment_boundary[memory],19,pass
tests/test_store.py::test_search_namespace_segment_boundary[memory],20,pass
tests/test_store.py::test_search_namespace_segment_boundary[memory],21,pass
tests/test_store.py::test_search_namespace_segment_boundary[memory],22,pass
tests/test_store.py::test_search_namespace_segment_boundary[memory],23,pass
tests/test_store.py::test_search_namespace_segment_boundary[memory],24,pass
tests/test_store.py::test_search_namespace_segment_boundary[memory],25,pass
tests/test_store.py::test_search_namespace_segment_boundary[memory],26,pass
tests/test_store.py::test_search_namespace_segment_boundary[memory],27,pass
tests/test_store.py::test_search_namespace_segment_boundary[memory],28,pass
tests/test_store.py::test_search_namespace_segment_boundary[memory],29,pass
tests/test_store.py::test_search_namespace_segment_boundary[memory],30,pass
tests/test_store.py::test_search_namespace_segment_boundary[memory],31,pass
tests/test_store.py::test_search_namespace_segment_boundary[memory],32,pass
tests/test_store.py::test_search_namespace_segment_boundary[memory],33,pass
tests/test_store.py::test_search_namespace_segment_boundary[memory],34,pass
tests/test_store.py::test_search_namespace_segment_boundary[memory],35,pass
tests/test_store.py::test_search_namespace_segment_boundary[memory],36,pass
tests/test_store.py::test_search_namespace_segment_boundary[memory],37,pass
tests/test_store.py::test_search_namespace_segment_boundary[memory],38,pass
tests/test_store.py::test_search_namespace_segment_boundary[memory],39,pass
tests/test_store.py::test_search_namespace_segment_boundary[memory],40,pass
tests/test_store.py::test_search_namespace_segment_boundary[memory],41,pass
tests/test_store.py::test_search_namespace_segment_boundary[memory],42,pass
tests/test_store.py::test_search_namespace_segment_boundary[memory],43,pass
tests/test_store.py::test_search_namespace_segment_boundary[memory],44,pass
tests/test_store.py::test_search_namespace_segment_boundary[memory],45,pass
tests/test_store.py::test_search_namespace_segment_boundary[memory],46,pass
tests/test_store.py::test_search_namespace_segment_boundary[memory],47,pass
tests/test_store.py::test_search_namespace_segment_boundary[memory],48,pass
tests/test_store.py::test_search_namespace_segment_boundary[memory],49,pass
tests/test_store.py::test_search_namespace_segment_boundary[memory],50,pass
tests/test_store.py::test_search_namespace_wildcard_chars_are_literal[file],1,pass
tests/test_store.py::test_search_namespace_wildcard_chars_are_literal[file],2,pass
tests/test_store.py::test_search_namespace_wildcard_chars_are_literal[file],3,pass
tests/test_store.py::test_search_namespace_wildcard_chars_are_literal[file],4,pass
tests/test_store.py::test_search_namespace_wildcard_chars_are_literal[file],5,pass
tests/test_store.py::test_search_namespace_wildcard_chars_are_literal[file],6,pass
tests/test_store.py::test_search_namespace_wildcard_chars_are_literal[file],7,pass
tests/test_store.py::test_search_namespace_wildcard_chars_are_literal[file],8,pass
tests/test_store.py::test_search_namespace_wildcard_chars_are_literal[file],9,pass
tests/test_store.py::test_search_namespace_wildcard_chars_are_literal[file],10,pass
tests/test_store.py::test_search_namespace_wildcard_chars_are_literal[file],11,pass
tests/test_store.py::test_search_namespace_wildcard_chars_are_literal[file],12,pass
tests/test_store.py::test_search_namespace_wildcard_chars_are_literal[file],13,pass
tests/test_store.py::test_search_namespace_wildcard_chars_are_literal[file],14,pass
tests/test_store.py::test_search_namespace_wildcard_chars_are_literal[file],15,pass
tests/test_store.py::test_search_namespace_wildcard_chars_are_literal[file],16,pass
tests/test_store.py::test_search_namespace_wildcard_chars_are_literal[file],17,pass
tests/test_store.py::test_search_namespace_wildcard_chars_are_literal[file],18,pass
tests/test_store.py::test_search_namespace_wildcard_chars_are_literal[file],19,pass
tests/test_store.py::test_search_namespace_wildcard_chars_are_literal[file],20,pass
tests/test_store.py::test_search_namespace_wildcard_chars_are_literal[file],21,pass
tests/test_store.py::test_search_namespace_wildcard_chars_are_literal[file],22,pass
tests/test_store.py::test_search_namespace_wildcard_chars_are_literal[file],23,pass
tests/test_store.py::test_search_namespace_wildcard_chars_are_literal[file],24,pass
tests/test_store.py::test_search_namespace_wildcard_chars_are_literal[file],25,pass
tests/test_store.py::test_search_namespace_wildcard_chars_are_literal[file],26,pass
tests/test_store.py::test_search_namespace_wildcard_chars_are_literal[file],27,pass
tests/test_store.py::test_search_namespace_wildcard_chars_are_literal[file],28,pass
tests/test_store.py::test_search_namespace_wildcard_chars_are_literal[file],29,pass
tests/test_store.py::test_search_namespace_wildcard_chars_are_literal[file],30,pass
tests/test_store.py::test_search_namespace_wildcard_chars_are_literal[file],31,pass
tests/test_store.py::test_search_namespace_wildcard_chars_are_literal[file],32,pass
tests/test_store.py::test_search_namespace_wildcard_chars_are_literal[file],33,pass
tests/test_store.py::test_search_namespace_wildcard_chars_are_literal[file],34,pass
tests/test_store.py::test_search_namespace_wildcard_chars_are_literal[file],35,pass
tests/test_store.py::test_search_namespace_wildcard_chars_are_literal[file],36,pass
tests/test_store.py::test_search_namespace_wildcard_chars_are_literal[file],37,pass
tests/test_store.py::test_search_namespace_wildcard_chars_are_literal[file],38,pass
tests/test_store.py::test_search_namespace_wildcard_chars_are_literal[file],39,pass
tests/test_store.py::test_search_namespace_wildcard_chars_are_literal[file],40,pass
tests/test_store.py::test_search_namespace_wildcard_chars_are_literal[file],41,pass
tests/test_store.py::test_search_namespace_wildcard_chars_are_literal[file],42,pass
tests/test_store.py::test_search_namespace_wildcard_chars_are_literal[file],43,pass
tests/test_store.py::test_search_namespace_wildcard_chars_are_literal[file],44,pass
tests/test_store.py::test_search_namespace_wildcard_chars_are_literal[file],45,pass
tests/test_store.py::test_search_namespace_wildcard_chars_are_literal[file],46,pass
tests/test_store.py::test_search_namespace_wildcard_chars_are_literal[file],47,pass
tests/test_store.py::test_search_namespace_wildcard_chars_are_literal[file],48,pass
tests/test_store.py::test_search_namespace_wildcard_chars_are_literal[file],49,pass
tests/test_store.py::test_search_namespace_wildcard_chars_are_literal[file],50,pass
tests/test_store.py::test_search_namespace_wildcard_chars_are_literal[memory],1,pass
tests/test_store.py::test_search_namespace_wildcard_chars_are_literal[memory],2,pass
tests/test_store.py::test_search_namespace_wildcard_chars_are_literal[memory],3,pass
tests/test_store.py::test_search_namespace_wildcard_chars_are_literal[memory],4,pass
tests/test_store.py::test_search_namespace_wildcard_chars_are_literal[memory],5,pass
tests/test_store.py::test_search_namespace_wildcard_chars_are_literal[memory],6,pass
tests/test_store.py::test_search_namespace_wildcard_chars_are_literal[memory],7,pass
tests/test_store.py::test_search_namespace_wildcard_chars_are_literal[memory],8,pass
tests/test_store.py::test_search_namespace_wildcard_chars_are_literal[memory],9,pass
tests/test_store.py::test_search_namespace_wildcard_chars_are_literal[memory],10,pass
tests/test_store.py::test_search_namespace_wildcard_chars_are_literal[memory],11,pass
tests/test_store.py::test_search_namespace_wildcard_chars_are_literal[memory],12,pass
tests/test_store.py::test_search_namespace_wildcard_chars_are_literal[memory],13,pass
tests/test_store.py::test_search_namespace_wildcard_chars_are_literal[memory],14,pass
tests/test_store.py::test_search_namespace_wildcard_chars_are_literal[memory],15,pass
tests/test_store.py::test_search_namespace_wildcard_chars_are_literal[memory],16,pass
tests/test_store.py::test_search_namespace_wildcard_chars_are_literal[memory],17,pass
tests/test_store.py::test_search_namespace_wildcard_chars_are_literal[memory],18,pass
tests/test_store.py::test_search_namespace_wildcard_chars_are_literal[memory],19,pass
tests/test_store.py::test_search_namespace_wildcard_chars_are_literal[memory],20,pass
tests/test_store.py::test_search_namespace_wildcard_chars_are_literal[memory],21,pass
tests/test_store.py::test_search_namespace_wildcard_chars_are_literal[memory],22,pass
tests/test_store.py::test_search_namespace_wildcard_chars_are_literal[memory],23,pass
tests/test_store.py::test_search_namespace_wildcard_chars_are_literal[memory],24,pass
tests/test_store.py::test_search_namespace_wildcard_chars_are_literal[memory],25,pass
tests/test_store.py::test_search_namespace_wildcard_chars_are_literal[memory],26,pass
tests/test_store.py::test_search_namespace_wildcard_chars_are_literal[memory],27,pass
tests/test_store.py::test_search_namespace_wildcard_chars_are_literal[memory],28,pass
tests/test_store.py::test_search_namespace_wildcard_chars_are_literal[memory],29,pass
tests/test_store.py::test_search_namespace_wildcard_chars_are_literal[memory],30,pass
tests/test_store.py::test_search_namespace_wildcard_chars_are_literal[memory],31,pass
tests/test_store.py::test_search_namespace_wildcard_chars_are_literal[memory],32,pass
tests/test_store.py::test_search_namespace_wildcard_chars_are_literal[memory],33,pass
tests/test_store.py::test_search_namespace_wildcard_chars_are_literal[memory],34,pass
tests/test_store.py::test_search_namespace_wildcard_chars_are_literal[memory],35,pass
tests/test_store.py::test_search_namespace_wildcard_chars_are_literal[memory],36,pass
tests/test_store.py::test_search_namespace_wildcard_chars_are_literal[memory],37,pass
tests/test_store.py::test_search_namespace_wildcard_chars_are_literal[memory],38,pass
tests/test_store.py::test_search_namespace_wildcard_chars_are_literal[memory],39,pass
tests/test_store.py::test_search_namespace_wildcard_chars_are_literal[memory],40,pass
tests/test_store.py::test_search_namespace_wildcard_chars_are_literal[memory],41,pass
tests/test_store.py::test_search_namespace_wildcard_chars_are_literal[memory],42,pass
tests/test_store.py::test_search_namespace_wildcard_chars_are_literal[memory],43,pass
tests/test_store.py::test_search_namespace_wildcard_chars_are_literal[memory],44,pass
tests/test_store.py::test_search_namespace_wildcard_chars_are_literal[memory],45,pass
tests/test_store.py::test_search_namespace_wildcard_chars_are_literal[memory],46,pass
tests/test_store.py::test_search_namespace_wildcard_chars_are_literal[memory],47,pass
tests/test_store.py::test_search_namespace_wildcard_chars_are_literal[memory],48,pass
tests/test_store.py::test_search_namespace_wildcard_chars_are_literal[memory],49,pass
tests/test_store.py::test_search_namespace_wildcard_chars_are_literal[memory],50,pass
tests/test_store.py::test_sql_injection_filter_values[file],1,pass
tests/test_store.py::test_sql_injection_filter_values[file],2,pass
tests/test_store.py::test_sql_injection_filter_values[file],3,pass
tests/test_store.py::test_sql_injection_filter_values[file],4,pass
tests/test_store.py::test_sql_injection_filter_values[file],5,pass
tests/test_store.py::test_sql_injection_filter_values[file],6,pass
tests/test_store.py::test_sql_injection_filter_values[file],7,pass
tests/test_store.py::test_sql_injection_filter_values[file],8,pass
tests/test_store.py::test_sql_injection_filter_values[file],9,pass
tests/test_store.py::test_sql_injection_filter_values[file],10,pass
tests/test_store.py::test_sql_injection_filter_values[file],11,pass
tests/test_store.py::test_sql_injection_filter_values[file],12,pass
tests/test_store.py::test_sql_injection_filter_values[file],13,pass
tests/test_store.py::test_sql_injection_filter_values[file],14,pass
tests/test_store.py::test_sql_injection_filter_values[file],15,pass
tests/test_store.py::test_sql_injection_filter_values[file],16,pass
tests/test_store.py::test_sql_injection_filter_values[file],17,pass
tests/test_store.py::test_sql_injection_filter_values[file],18,pass
tests/test_store.py::test_sql_injection_filter_values[file],19,pass
tests/test_store.py::test_sql_injection_filter_values[file],20,pass
tests/test_store.py::test_sql_injection_filter_values[file],21,pass
tests/test_store.py::test_sql_injection_filter_values[file],22,pass
tests/test_store.py::test_sql_injection_filter_values[file],23,pass
tests/test_store.py::test_sql_injection_filter_values[file],24,pass
tests/test_store.py::test_sql_injection_filter_values[file],25,pass
tests/test_store.py::test_sql_injection_filter_values[file],26,pass
tests/test_store.py::test_sql_injection_filter_values[file],27,pass
tests/test_store.py::test_sql_injection_filter_values[file],28,pass
tests/test_store.py::test_sql_injection_filter_values[file],29,pass
tests/test_store.py::test_sql_injection_filter_values[file],30,pass
tests/test_store.py::test_sql_injection_filter_values[file],31,pass
tests/test_store.py::test_sql_injection_filter_values[file],32,pass
tests/test_store.py::test_sql_injection_filter_values[file],33,pass
tests/test_store.py::test_sql_injection_filter_values[file],34,pass
tests/test_store.py::test_sql_injection_filter_values[file],35,pass
tests/test_store.py::test_sql_injection_filter_values[file],36,pass
tests/test_store.py::test_sql_injection_filter_values[file],37,pass
tests/test_store.py::test_sql_injection_filter_values[file],38,pass
tests/test_store.py::test_sql_injection_filter_values[file],39,pass
tests/test_store.py::test_sql_injection_filter_values[file],40,pass
tests/test_store.py::test_sql_injection_filter_values[file],41,pass
tests/test_store.py::test_sql_injection_filter_values[file],42,pass
tests/test_store.py::test_sql_injection_filter_values[file],43,pass
tests/test_store.py::test_sql_injection_filter_values[file],44,pass
tests/test_store.py::test_sql_injection_filter_values[file],45,pass
tests/test_store.py::test_sql_injection_filter_values[file],46,pass
tests/test_store.py::test_sql_injection_filter_values[file],47,pass
tests/test_store.py::test_sql_injection_filter_values[file],48,pass
tests/test_store.py::test_sql_injection_filter_values[file],49,pass
tests/test_store.py::test_sql_injection_filter_values[file],50,pass
tests/test_store.py::test_sql_injection_filter_values[memory],1,pass
tests/test_store.py::test_sql_injection_filter_values[memory],2,pass
tests/test_store.py::test_sql_injection_filter_values[memory],3,pass
tests/test_store.py::test_sql_injection_filter_values[memory],4,pass
tests/test_store.py::test_sql_injection_filter_values[memory],5,pass
tests/test_store.py::test_sql_injection_filter_values[memory],6,pass
tests/test_store.py::test_sql_injection_filter_values[memory],7,pass
tests/test_store.py::test_sql_injection_filter_values[memory],8,pass
tests/test_store.py::test_sql_injection_filter_values[memory],9,pass
tests/test_store.py::test_sql_injection_filter_values[memory],10,pass
tests/test_store.py::test_sql_injection_filter_values[memory],11,pass
tests/test_store.py::test_sql_injection_filter_values[memory],12,pass
tests/test_store.py::test_sql_injection_filter_values[memory],13,pass
tests/test_store.py::test_sql_injection_filter_values[memory],14,pass
tests/test_store.py::test_sql_injection_filter_values[memory],15,pass
tests/test_store.py::test_sql_injection_filter_values[memory],16,pass
tests/test_store.py::test_sql_injection_filter_values[memory],17,pass
tests/test_store.py::test_sql_injection_filter_values[memory],18,pass
tests/test_store.py::test_sql_injection_filter_values[memory],19,pass
tests/test_store.py::test_sql_injection_filter_values[memory],20,pass
tests/test_store.py::test_sql_injection_filter_values[memory],21,pass
tests/test_store.py::test_sql_injection_filter_values[memory],22,pass
tests/test_store.py::test_sql_injection_filter_values[memory],23,pass
tests/test_store.py::test_sql_injection_filter_values[memory],24,pass
tests/test_store.py::test_sql_injection_filter_values[memory],25,pass
tests/test_store.py::test_sql_injection_filter_values[memory],26,pass
tests/test_store.py::test_sql_injection_filter_values[memory],27,pass
tests/test_store.py::test_sql_injection_filter_values[memory],28,pass
tests/test_store.py::test_sql_injection_filter_values[memory],29,pass
tests/test_store.py::test_sql_injection_filter_values[memory],30,pass
tests/test_store.py::test_sql_injection_filter_values[memory],31,pass
tests/test_store.py::test_sql_injection_filter_values[memory],32,pass
tests/test_store.py::test_sql_injection_filter_values[memory],33,pass
tests/test_store.py::test_sql_injection_filter_values[memory],34,pass
tests/test_store.py::test_sql_injection_filter_values[memory],35,pass
tests/test_store.py::test_sql_injection_filter_values[memory],36,pass
tests/test_store.py::test_sql_injection_filter_values[memory],37,pass
tests/test_store.py::test_sql_injection_filter_values[memory],38,pass
tests/test_store.py::test_sql_injection_filter_values[memory],39,pass
tests/test_store.py::test_sql_injection_filter_values[memory],40,pass
tests/test_store.py::test_sql_injection_filter_values[memory],41,pass
tests/test_store.py::test_sql_injection_filter_values[memory],42,pass
tests/test_store.py::test_sql_injection_filter_values[memory],43,pass
tests/test_store.py::test_sql_injection_filter_values[memory],44,pass
tests/test_store.py::test_sql_injection_filter_values[memory],45,pass
tests/test_store.py::test_sql_injection_filter_values[memory],46,pass
tests/test_store.py::test_sql_injection_filter_values[memory],47,pass
tests/test_store.py::test_sql_injection_filter_values[memory],48,pass
tests/test_store.py::test_sql_injection_filter_values[memory],49,pass
tests/test_store.py::test_sql_injection_filter_values[memory],50,pass
tests/test_store.py::test_sql_injection_vulnerability[file],1,pass
tests/test_store.py::test_sql_injection_vulnerability[file],2,pass
tests/test_store.py::test_sql_injection_vulnerability[file],3,pass
tests/test_store.py::test_sql_injection_vulnerability[file],4,pass
tests/test_store.py::test_sql_injection_vulnerability[file],5,pass
tests/test_store.py::test_sql_injection_vulnerability[file],6,pass
tests/test_store.py::test_sql_injection_vulnerability[file],7,pass
tests/test_store.py::test_sql_injection_vulnerability[file],8,pass
tests/test_store.py::test_sql_injection_vulnerability[file],9,pass
tests/test_store.py::test_sql_injection_vulnerability[file],10,pass
tests/test_store.py::test_sql_injection_vulnerability[file],11,pass
tests/test_store.py::test_sql_injection_vulnerability[file],12,pass
tests/test_store.py::test_sql_injection_vulnerability[file],13,pass
tests/test_store.py::test_sql_injection_vulnerability[file],14,pass
tests/test_store.py::test_sql_injection_vulnerability[file],15,pass
tests/test_store.py::test_sql_injection_vulnerability[file],16,pass
tests/test_store.py::test_sql_injection_vulnerability[file],17,pass
tests/test_store.py::test_sql_injection_vulnerability[file],18,pass
tests/test_store.py::test_sql_injection_vulnerability[file],19,pass
tests/test_store.py::test_sql_injection_vulnerability[file],20,pass
tests/test_store.py::test_sql_injection_vulnerability[file],21,pass
tests/test_store.py::test_sql_injection_vulnerability[file],22,pass
tests/test_store.py::test_sql_injection_vulnerability[file],23,pass
tests/test_store.py::test_sql_injection_vulnerability[file],24,pass
tests/test_store.py::test_sql_injection_vulnerability[file],25,pass
tests/test_store.py::test_sql_injection_vulnerability[file],26,pass
tests/test_store.py::test_sql_injection_vulnerability[file],27,pass
tests/test_store.py::test_sql_injection_vulnerability[file],28,pass
tests/test_store.py::test_sql_injection_vulnerability[file],29,pass
tests/test_store.py::test_sql_injection_vulnerability[file],30,pass
tests/test_store.py::test_sql_injection_vulnerability[file],31,pass
tests/test_store.py::test_sql_injection_vulnerability[file],32,pass
tests/test_store.py::test_sql_injection_vulnerability[file],33,pass
tests/test_store.py::test_sql_injection_vulnerability[file],34,pass
tests/test_store.py::test_sql_injection_vulnerability[file],35,pass
tests/test_store.py::test_sql_injection_vulnerability[file],36,pass
tests/test_store.py::test_sql_injection_vulnerability[file],37,pass
tests/test_store.py::test_sql_injection_vulnerability[file],38,pass
tests/test_store.py::test_sql_injection_vulnerability[file],39,pass
tests/test_store.py::test_sql_injection_vulnerability[file],40,pass
tests/test_store.py::test_sql_injection_vulnerability[file],41,pass
tests/test_store.py::test_sql_injection_vulnerability[file],42,pass
tests/test_store.py::test_sql_injection_vulnerability[file],43,pass
tests/test_store.py::test_sql_injection_vulnerability[file],44,pass
tests/test_store.py::test_sql_injection_vulnerability[file],45,pass
tests/test_store.py::test_sql_injection_vulnerability[file],46,pass
tests/test_store.py::test_sql_injection_vulnerability[file],47,pass
tests/test_store.py::test_sql_injection_vulnerability[file],48,pass
tests/test_store.py::test_sql_injection_vulnerability[file],49,pass
tests/test_store.py::test_sql_injection_vulnerability[file],50,pass
tests/test_store.py::test_sql_injection_vulnerability[memory],1,pass
tests/test_store.py::test_sql_injection_vulnerability[memory],2,pass
tests/test_store.py::test_sql_injection_vulnerability[memory],3,pass
tests/test_store.py::test_sql_injection_vulnerability[memory],4,pass
tests/test_store.py::test_sql_injection_vulnerability[memory],5,pass
tests/test_store.py::test_sql_injection_vulnerability[memory],6,pass
tests/test_store.py::test_sql_injection_vulnerability[memory],7,pass
tests/test_store.py::test_sql_injection_vulnerability[memory],8,pass
tests/test_store.py::test_sql_injection_vulnerability[memory],9,pass
tests/test_store.py::test_sql_injection_vulnerability[memory],10,pass
tests/test_store.py::test_sql_injection_vulnerability[memory],11,pass
tests/test_store.py::test_sql_injection_vulnerability[memory],12,pass
tests/test_store.py::test_sql_injection_vulnerability[memory],13,pass
tests/test_store.py::test_sql_injection_vulnerability[memory],14,pass
tests/test_store.py::test_sql_injection_vulnerability[memory],15,pass
tests/test_store.py::test_sql_injection_vulnerability[memory],16,pass
tests/test_store.py::test_sql_injection_vulnerability[memory],17,pass
tests/test_store.py::test_sql_injection_vulnerability[memory],18,pass
tests/test_store.py::test_sql_injection_vulnerability[memory],19,pass
tests/test_store.py::test_sql_injection_vulnerability[memory],20,pass
tests/test_store.py::test_sql_injection_vulnerability[memory],21,pass
tests/test_store.py::test_sql_injection_vulnerability[memory],22,pass
tests/test_store.py::test_sql_injection_vulnerability[memory],23,pass
tests/test_store.py::test_sql_injection_vulnerability[memory],24,pass
tests/test_store.py::test_sql_injection_vulnerability[memory],25,pass
tests/test_store.py::test_sql_injection_vulnerability[memory],26,pass
tests/test_store.py::test_sql_injection_vulnerability[memory],27,pass
tests/test_store.py::test_sql_injection_vulnerability[memory],28,pass
tests/test_store.py::test_sql_injection_vulnerability[memory],29,pass
tests/test_store.py::test_sql_injection_vulnerability[memory],30,pass
tests/test_store.py::test_sql_injection_vulnerability[memory],31,pass
tests/test_store.py::test_sql_injection_vulnerability[memory],32,pass
tests/test_store.py::test_sql_injection_vulnerability[memory],33,pass
tests/test_store.py::test_sql_injection_vulnerability[memory],34,pass
tests/test_store.py::test_sql_injection_vulnerability[memory],35,pass
tests/test_store.py::test_sql_injection_vulnerability[memory],36,pass
tests/test_store.py::test_sql_injection_vulnerability[memory],37,pass
tests/test_store.py::test_sql_injection_vulnerability[memory],38,pass
tests/test_store.py::test_sql_injection_vulnerability[memory],39,pass
tests/test_store.py::test_sql_injection_vulnerability[memory],40,pass
tests/test_store.py::test_sql_injection_vulnerability[memory],41,pass
tests/test_store.py::test_sql_injection_vulnerability[memory],42,pass
tests/test_store.py::test_sql_injection_vulnerability[memory],43,pass
tests/test_store.py::test_sql_injection_vulnerability[memory],44,pass
tests/test_store.py::test_sql_injection_vulnerability[memory],45,pass
tests/test_store.py::test_sql_injection_vulnerability[memory],46,pass
tests/test_store.py::test_sql_injection_vulnerability[memory],47,pass
tests/test_store.py::test_sql_injection_vulnerability[memory],48,pass
tests/test_store.py::test_sql_injection_vulnerability[memory],49,pass
tests/test_store.py::test_sql_injection_vulnerability[memory],50,pass
tests/test_store.py::test_vector_insert_with_auto_embedding[file-cosine],1,pass
tests/test_store.py::test_vector_insert_with_auto_embedding[file-cosine],2,pass
tests/test_store.py::test_vector_insert_with_auto_embedding[file-cosine],3,pass
tests/test_store.py::test_vector_insert_with_auto_embedding[file-cosine],4,pass
tests/test_store.py::test_vector_insert_with_auto_embedding[file-cosine],5,pass
tests/test_store.py::test_vector_insert_with_auto_embedding[file-cosine],6,pass
tests/test_store.py::test_vector_insert_with_auto_embedding[file-cosine],7,pass
tests/test_store.py::test_vector_insert_with_auto_embedding[file-cosine],8,pass
tests/test_store.py::test_vector_insert_with_auto_embedding[file-cosine],9,pass
tests/test_store.py::test_vector_insert_with_auto_embedding[file-cosine],10,pass
tests/test_store.py::test_vector_insert_with_auto_embedding[file-cosine],11,pass
tests/test_store.py::test_vector_insert_with_auto_embedding[file-cosine],12,pass
tests/test_store.py::test_vector_insert_with_auto_embedding[file-cosine],13,pass
tests/test_store.py::test_vector_insert_with_auto_embedding[file-cosine],14,pass
tests/test_store.py::test_vector_insert_with_auto_embedding[file-cosine],15,pass
tests/test_store.py::test_vector_insert_with_auto_embedding[file-cosine],16,pass
tests/test_store.py::test_vector_insert_with_auto_embedding[file-cosine],17,pass
tests/test_store.py::test_vector_insert_with_auto_embedding[file-cosine],18,pass
tests/test_store.py::test_vector_insert_with_auto_embedding[file-cosine],19,pass
tests/test_store.py::test_vector_insert_with_auto_embedding[file-cosine],20,pass
tests/test_store.py::test_vector_insert_with_auto_embedding[file-cosine],21,pass
tests/test_store.py::test_vector_insert_with_auto_embedding[file-cosine],22,pass
tests/test_store.py::test_vector_insert_with_auto_embedding[file-cosine],23,pass
tests/test_store.py::test_vector_insert_with_auto_embedding[file-cosine],24,pass
tests/test_store.py::test_vector_insert_with_auto_embedding[file-cosine],25,pass
tests/test_store.py::test_vector_insert_with_auto_embedding[file-cosine],26,pass
tests/test_store.py::test_vector_insert_with_auto_embedding[file-cosine],27,pass
tests/test_store.py::test_vector_insert_with_auto_embedding[file-cosine],28,pass
tests/test_store.py::test_vector_insert_with_auto_embedding[file-cosine],29,pass
tests/test_store.py::test_vector_insert_with_auto_embedding[file-cosine],30,pass
tests/test_store.py::test_vector_insert_with_auto_embedding[file-cosine],31,pass
tests/test_store.py::test_vector_insert_with_auto_embedding[file-cosine],32,pass
tests/test_store.py::test_vector_insert_with_auto_embedding[file-cosine],33,pass
tests/test_store.py::test_vector_insert_with_auto_embedding[file-cosine],34,pass
tests/test_store.py::test_vector_insert_with_auto_embedding[file-cosine],35,pass
tests/test_store.py::test_vector_insert_with_auto_embedding[file-cosine],36,pass
tests/test_store.py::test_vector_insert_with_auto_embedding[file-cosine],37,pass
tests/test_store.py::test_vector_insert_with_auto_embedding[file-cosine],38,pass
tests/test_store.py::test_vector_insert_with_auto_embedding[file-cosine],39,pass
tests/test_store.py::test_vector_insert_with_auto_embedding[file-cosine],40,pass
tests/test_store.py::test_vector_insert_with_auto_embedding[file-cosine],41,pass
tests/test_store.py::test_vector_insert_with_auto_embedding[file-cosine],42,pass
tests/test_store.py::test_vector_insert_with_auto_embedding[file-cosine],43,pass
tests/test_store.py::test_vector_insert_with_auto_embedding[file-cosine],44,pass
tests/test_store.py::test_vector_insert_with_auto_embedding[file-cosine],45,pass
tests/test_store.py::test_vector_insert_with_auto_embedding[file-cosine],46,pass
tests/test_store.py::test_vector_insert_with_auto_embedding[file-cosine],47,pass
tests/test_store.py::test_vector_insert_with_auto_embedding[file-cosine],48,pass
tests/test_store.py::test_vector_insert_with_auto_embedding[file-cosine],49,pass
tests/test_store.py::test_vector_insert_with_auto_embedding[file-cosine],50,pass
tests/test_store.py::test_vector_insert_with_auto_embedding[memory-cosine],1,pass
tests/test_store.py::test_vector_insert_with_auto_embedding[memory-cosine],2,pass
tests/test_store.py::test_vector_insert_with_auto_embedding[memory-cosine],3,pass
tests/test_store.py::test_vector_insert_with_auto_embedding[memory-cosine],4,pass
tests/test_store.py::test_vector_insert_with_auto_embedding[memory-cosine],5,pass
tests/test_store.py::test_vector_insert_with_auto_embedding[memory-cosine],6,pass
tests/test_store.py::test_vector_insert_with_auto_embedding[memory-cosine],7,pass
tests/test_store.py::test_vector_insert_with_auto_embedding[memory-cosine],8,pass
tests/test_store.py::test_vector_insert_with_auto_embedding[memory-cosine],9,pass
tests/test_store.py::test_vector_insert_with_auto_embedding[memory-cosine],10,pass
tests/test_store.py::test_vector_insert_with_auto_embedding[memory-cosine],11,pass
tests/test_store.py::test_vector_insert_with_auto_embedding[memory-cosine],12,pass
tests/test_store.py::test_vector_insert_with_auto_embedding[memory-cosine],13,pass
tests/test_store.py::test_vector_insert_with_auto_embedding[memory-cosine],14,pass
tests/test_store.py::test_vector_insert_with_auto_embedding[memory-cosine],15,pass
tests/test_store.py::test_vector_insert_with_auto_embedding[memory-cosine],16,pass
tests/test_store.py::test_vector_insert_with_auto_embedding[memory-cosine],17,pass
tests/test_store.py::test_vector_insert_with_auto_embedding[memory-cosine],18,pass
tests/test_store.py::test_vector_insert_with_auto_embedding[memory-cosine],19,pass
tests/test_store.py::test_vector_insert_with_auto_embedding[memory-cosine],20,pass
tests/test_store.py::test_vector_insert_with_auto_embedding[memory-cosine],21,pass
tests/test_store.py::test_vector_insert_with_auto_embedding[memory-cosine],22,pass
tests/test_store.py::test_vector_insert_with_auto_embedding[memory-cosine],23,pass
tests/test_store.py::test_vector_insert_with_auto_embedding[memory-cosine],24,pass
tests/test_store.py::test_vector_insert_with_auto_embedding[memory-cosine],25,pass
tests/test_store.py::test_vector_insert_with_auto_embedding[memory-cosine],26,pass
tests/test_store.py::test_vector_insert_with_auto_embedding[memory-cosine],27,pass
tests/test_store.py::test_vector_insert_with_auto_embedding[memory-cosine],28,pass
tests/test_store.py::test_vector_insert_with_auto_embedding[memory-cosine],29,pass
tests/test_store.py::test_vector_insert_with_auto_embedding[memory-cosine],30,pass
tests/test_store.py::test_vector_insert_with_auto_embedding[memory-cosine],31,pass
tests/test_store.py::test_vector_insert_with_auto_embedding[memory-cosine],32,pass
tests/test_store.py::test_vector_insert_with_auto_embedding[memory-cosine],33,pass
tests/test_store.py::test_vector_insert_with_auto_embedding[memory-cosine],34,pass
tests/test_store.py::test_vector_insert_with_auto_embedding[memory-cosine],35,pass
tests/test_store.py::test_vector_insert_with_auto_embedding[memory-cosine],36,pass
tests/test_store.py::test_vector_insert_with_auto_embedding[memory-cosine],37,pass
tests/test_store.py::test_vector_insert_with_auto_embedding[memory-cosine],38,pass
tests/test_store.py::test_vector_insert_with_auto_embedding[memory-cosine],39,pass
tests/test_store.py::test_vector_insert_with_auto_embedding[memory-cosine],40,pass
tests/test_store.py::test_vector_insert_with_auto_embedding[memory-cosine],41,pass
tests/test_store.py::test_vector_insert_with_auto_embedding[memory-cosine],42,pass
tests/test_store.py::test_vector_insert_with_auto_embedding[memory-cosine],43,pass
tests/test_store.py::test_vector_insert_with_auto_embedding[memory-cosine],44,pass
tests/test_store.py::test_vector_insert_with_auto_embedding[memory-cosine],45,pass
tests/test_store.py::test_vector_insert_with_auto_embedding[memory-cosine],46,pass
tests/test_store.py::test_vector_insert_with_auto_embedding[memory-cosine],47,pass
tests/test_store.py::test_vector_insert_with_auto_embedding[memory-cosine],48,pass
tests/test_store.py::test_vector_insert_with_auto_embedding[memory-cosine],49,pass
tests/test_store.py::test_vector_insert_with_auto_embedding[memory-cosine],50,pass
tests/test_store.py::test_vector_search_edge_cases[cosine],1,pass
tests/test_store.py::test_vector_search_edge_cases[cosine],2,pass
tests/test_store.py::test_vector_search_edge_cases[cosine],3,pass
tests/test_store.py::test_vector_search_edge_cases[cosine],4,pass
tests/test_store.py::test_vector_search_edge_cases[cosine],5,pass
tests/test_store.py::test_vector_search_edge_cases[cosine],6,pass
tests/test_store.py::test_vector_search_edge_cases[cosine],7,pass
tests/test_store.py::test_vector_search_edge_cases[cosine],8,pass
tests/test_store.py::test_vector_search_edge_cases[cosine],9,pass
tests/test_store.py::test_vector_search_edge_cases[cosine],10,pass
tests/test_store.py::test_vector_search_edge_cases[cosine],11,pass
tests/test_store.py::test_vector_search_edge_cases[cosine],12,pass
tests/test_store.py::test_vector_search_edge_cases[cosine],13,pass
tests/test_store.py::test_vector_search_edge_cases[cosine],14,pass
tests/test_store.py::test_vector_search_edge_cases[cosine],15,pass
tests/test_store.py::test_vector_search_edge_cases[cosine],16,pass
tests/test_store.py::test_vector_search_edge_cases[cosine],17,pass
tests/test_store.py::test_vector_search_edge_cases[cosine],18,pass
tests/test_store.py::test_vector_search_edge_cases[cosine],19,pass
tests/test_store.py::test_vector_search_edge_cases[cosine],20,pass
tests/test_store.py::test_vector_search_edge_cases[cosine],21,pass
tests/test_store.py::test_vector_search_edge_cases[cosine],22,pass
tests/test_store.py::test_vector_search_edge_cases[cosine],23,pass
tests/test_store.py::test_vector_search_edge_cases[cosine],24,pass
tests/test_store.py::test_vector_search_edge_cases[cosine],25,pass
tests/test_store.py::test_vector_search_edge_cases[cosine],26,pass
tests/test_store.py::test_vector_search_edge_cases[cosine],27,pass
tests/test_store.py::test_vector_search_edge_cases[cosine],28,pass
tests/test_store.py::test_vector_search_edge_cases[cosine],29,pass
tests/test_store.py::test_vector_search_edge_cases[cosine],30,pass
tests/test_store.py::test_vector_search_edge_cases[cosine],31,pass
tests/test_store.py::test_vector_search_edge_cases[cosine],32,pass
tests/test_store.py::test_vector_search_edge_cases[cosine],33,pass
tests/test_store.py::test_vector_search_edge_cases[cosine],34,pass
tests/test_store.py::test_vector_search_edge_cases[cosine],35,pass
tests/test_store.py::test_vector_search_edge_cases[cosine],36,pass
tests/test_store.py::test_vector_search_edge_cases[cosine],37,pass
tests/test_store.py::test_vector_search_edge_cases[cosine],38,pass
tests/test_store.py::test_vector_search_edge_cases[cosine],39,pass
tests/test_store.py::test_vector_search_edge_cases[cosine],40,pass
tests/test_store.py::test_vector_search_edge_cases[cosine],41,pass
tests/test_store.py::test_vector_search_edge_cases[cosine],42,pass
tests/test_store.py::test_vector_search_edge_cases[cosine],43,pass
tests/test_store.py::test_vector_search_edge_cases[cosine],44,pass
tests/test_store.py::test_vector_search_edge_cases[cosine],45,pass
tests/test_store.py::test_vector_search_edge_cases[cosine],46,pass
tests/test_store.py::test_vector_search_edge_cases[cosine],47,pass
tests/test_store.py::test_vector_search_edge_cases[cosine],48,pass
tests/test_store.py::test_vector_search_edge_cases[cosine],49,pass
tests/test_store.py::test_vector_search_edge_cases[cosine],50,pass
tests/test_store.py::test_vector_search_pagination[cosine],1,pass
tests/test_store.py::test_vector_search_pagination[cosine],2,pass
tests/test_store.py::test_vector_search_pagination[cosine],3,pass
tests/test_store.py::test_vector_search_pagination[cosine],4,pass
tests/test_store.py::test_vector_search_pagination[cosine],5,pass
tests/test_store.py::test_vector_search_pagination[cosine],6,pass
tests/test_store.py::test_vector_search_pagination[cosine],7,pass
tests/test_store.py::test_vector_search_pagination[cosine],8,pass
tests/test_store.py::test_vector_search_pagination[cosine],9,pass
tests/test_store.py::test_vector_search_pagination[cosine],10,pass
tests/test_store.py::test_vector_search_pagination[cosine],11,pass
tests/test_store.py::test_vector_search_pagination[cosine],12,pass
tests/test_store.py::test_vector_search_pagination[cosine],13,pass
tests/test_store.py::test_vector_search_pagination[cosine],14,pass
tests/test_store.py::test_vector_search_pagination[cosine],15,pass
tests/test_store.py::test_vector_search_pagination[cosine],16,pass
tests/test_store.py::test_vector_search_pagination[cosine],17,pass
tests/test_store.py::test_vector_search_pagination[cosine],18,pass
tests/test_store.py::test_vector_search_pagination[cosine],19,pass
tests/test_store.py::test_vector_search_pagination[cosine],20,pass
tests/test_store.py::test_vector_search_pagination[cosine],21,pass
tests/test_store.py::test_vector_search_pagination[cosine],22,pass
tests/test_store.py::test_vector_search_pagination[cosine],23,pass
tests/test_store.py::test_vector_search_pagination[cosine],24,pass
tests/test_store.py::test_vector_search_pagination[cosine],25,pass
tests/test_store.py::test_vector_search_pagination[cosine],26,pass
tests/test_store.py::test_vector_search_pagination[cosine],27,pass
tests/test_store.py::test_vector_search_pagination[cosine],28,pass
tests/test_store.py::test_vector_search_pagination[cosine],29,pass
tests/test_store.py::test_vector_search_pagination[cosine],30,pass
tests/test_store.py::test_vector_search_pagination[cosine],31,pass
tests/test_store.py::test_vector_search_pagination[cosine],32,pass
tests/test_store.py::test_vector_search_pagination[cosine],33,pass
tests/test_store.py::test_vector_search_pagination[cosine],34,pass
tests/test_store.py::test_vector_search_pagination[cosine],35,pass
tests/test_store.py::test_vector_search_pagination[cosine],36,pass
tests/test_store.py::test_vector_search_pagination[cosine],37,pass
tests/test_store.py::test_vector_search_pagination[cosine],38,pass
tests/test_store.py::test_vector_search_pagination[cosine],39,pass
tests/test_store.py::test_vector_search_pagination[cosine],40,pass
tests/test_store.py::test_vector_search_pagination[cosine],41,pass
tests/test_store.py::test_vector_search_pagination[cosine],42,pass
tests/test_store.py::test_vector_search_pagination[cosine],43,pass
tests/test_store.py::test_vector_search_pagination[cosine],44,pass
tests/test_store.py::test_vector_search_pagination[cosine],45,pass
tests/test_store.py::test_vector_search_pagination[cosine],46,pass
tests/test_store.py::test_vector_search_pagination[cosine],47,pass
tests/test_store.py::test_vector_search_pagination[cosine],48,pass
tests/test_store.py::test_vector_search_pagination[cosine],49,pass
tests/test_store.py::test_vector_search_pagination[cosine],50,pass
tests/test_store.py::test_vector_search_with_filters[cosine],1,pass
tests/test_store.py::test_vector_search_with_filters[cosine],2,pass
tests/test_store.py::test_vector_search_with_filters[cosine],3,pass
tests/test_store.py::test_vector_search_with_filters[cosine],4,pass
tests/test_store.py::test_vector_search_with_filters[cosine],5,pass
tests/test_store.py::test_vector_search_with_filters[cosine],6,pass
tests/test_store.py::test_vector_search_with_filters[cosine],7,pass
tests/test_store.py::test_vector_search_with_filters[cosine],8,pass
tests/test_store.py::test_vector_search_with_filters[cosine],9,pass
tests/test_store.py::test_vector_search_with_filters[cosine],10,pass
tests/test_store.py::test_vector_search_with_filters[cosine],11,pass
tests/test_store.py::test_vector_search_with_filters[cosine],12,pass
tests/test_store.py::test_vector_search_with_filters[cosine],13,pass
tests/test_store.py::test_vector_search_with_filters[cosine],14,pass
tests/test_store.py::test_vector_search_with_filters[cosine],15,pass
tests/test_store.py::test_vector_search_with_filters[cosine],16,pass
tests/test_store.py::test_vector_search_with_filters[cosine],17,pass
tests/test_store.py::test_vector_search_with_filters[cosine],18,pass
tests/test_store.py::test_vector_search_with_filters[cosine],19,pass
tests/test_store.py::test_vector_search_with_filters[cosine],20,pass
tests/test_store.py::test_vector_search_with_filters[cosine],21,pass
tests/test_store.py::test_vector_search_with_filters[cosine],22,pass
tests/test_store.py::test_vector_search_with_filters[cosine],23,pass
tests/test_store.py::test_vector_search_with_filters[cosine],24,pass
tests/test_store.py::test_vector_search_with_filters[cosine],25,pass
tests/test_store.py::test_vector_search_with_filters[cosine],26,pass
tests/test_store.py::test_vector_search_with_filters[cosine],27,pass
tests/test_store.py::test_vector_search_with_filters[cosine],28,pass
tests/test_store.py::test_vector_search_with_filters[cosine],29,pass
tests/test_store.py::test_vector_search_with_filters[cosine],30,pass
tests/test_store.py::test_vector_search_with_filters[cosine],31,pass
tests/test_store.py::test_vector_search_with_filters[cosine],32,pass
tests/test_store.py::test_vector_search_with_filters[cosine],33,pass
tests/test_store.py::test_vector_search_with_filters[cosine],34,pass
tests/test_store.py::test_vector_search_with_filters[cosine],35,pass
tests/test_store.py::test_vector_search_with_filters[cosine],36,pass
tests/test_store.py::test_vector_search_with_filters[cosine],37,pass
tests/test_store.py::test_vector_search_with_filters[cosine],38,pass
tests/test_store.py::test_vector_search_with_filters[cosine],39,pass
tests/test_store.py::test_vector_search_with_filters[cosine],40,pass
tests/test_store.py::test_vector_search_with_filters[cosine],41,pass
tests/test_store.py::test_vector_search_with_filters[cosine],42,pass
tests/test_store.py::test_vector_search_with_filters[cosine],43,pass
tests/test_store.py::test_vector_search_with_filters[cosine],44,pass
tests/test_store.py::test_vector_search_with_filters[cosine],45,pass
tests/test_store.py::test_vector_search_with_filters[cosine],46,pass
tests/test_store.py::test_vector_search_with_filters[cosine],47,pass
tests/test_store.py::test_vector_search_with_filters[cosine],48,pass
tests/test_store.py::test_vector_search_with_filters[cosine],49,pass
tests/test_store.py::test_vector_search_with_filters[cosine],50,pass
tests/test_store.py::test_vector_store_initialization,1,pass
tests/test_store.py::test_vector_store_initialization,2,pass
tests/test_store.py::test_vector_store_initialization,3,pass
tests/test_store.py::test_vector_store_initialization,4,pass
tests/test_store.py::test_vector_store_initialization,5,pass
tests/test_store.py::test_vector_store_initialization,6,pass
tests/test_store.py::test_vector_store_initialization,7,pass
tests/test_store.py::test_vector_store_initialization,8,pass
tests/test_store.py::test_vector_store_initialization,9,pass
tests/test_store.py::test_vector_store_initialization,10,pass
tests/test_store.py::test_vector_store_initialization,11,pass
tests/test_store.py::test_vector_store_initialization,12,pass
tests/test_store.py::test_vector_store_initialization,13,pass
tests/test_store.py::test_vector_store_initialization,14,pass
tests/test_store.py::test_vector_store_initialization,15,pass
tests/test_store.py::test_vector_store_initialization,16,pass
tests/test_store.py::test_vector_store_initialization,17,pass
tests/test_store.py::test_vector_store_initialization,18,pass
tests/test_store.py::test_vector_store_initialization,19,pass
tests/test_store.py::test_vector_store_initialization,20,pass
tests/test_store.py::test_vector_store_initialization,21,pass
tests/test_store.py::test_vector_store_initialization,22,pass
tests/test_store.py::test_vector_store_initialization,23,pass
tests/test_store.py::test_vector_store_initialization,24,pass
tests/test_store.py::test_vector_store_initialization,25,pass
tests/test_store.py::test_vector_store_initialization,26,pass
tests/test_store.py::test_vector_store_initialization,27,pass
tests/test_store.py::test_vector_store_initialization,28,pass
tests/test_store.py::test_vector_store_initialization,29,pass
tests/test_store.py::test_vector_store_initialization,30,pass
tests/test_store.py::test_vector_store_initialization,31,pass
tests/test_store.py::test_vector_store_initialization,32,pass
tests/test_store.py::test_vector_store_initialization,33,pass
tests/test_store.py::test_vector_store_initialization,34,pass
tests/test_store.py::test_vector_store_initialization,35,pass
tests/test_store.py::test_vector_store_initialization,36,pass
tests/test_store.py::test_vector_store_initialization,37,pass
tests/test_store.py::test_vector_store_initialization,38,pass
tests/test_store.py::test_vector_store_initialization,39,pass
tests/test_store.py::test_vector_store_initialization,40,pass
tests/test_store.py::test_vector_store_initialization,41,pass
tests/test_store.py::test_vector_store_initialization,42,pass
tests/test_store.py::test_vector_store_initialization,43,pass
tests/test_store.py::test_vector_store_initialization,44,pass
tests/test_store.py::test_vector_store_initialization,45,pass
tests/test_store.py::test_vector_store_initialization,46,pass
tests/test_store.py::test_vector_store_initialization,47,pass
tests/test_store.py::test_vector_store_initialization,48,pass
tests/test_store.py::test_vector_store_initialization,49,pass
tests/test_store.py::test_vector_store_initialization,50,pass
tests/test_store.py::test_vector_update_with_embedding[file-cosine],1,pass
tests/test_store.py::test_vector_update_with_embedding[file-cosine],2,pass
tests/test_store.py::test_vector_update_with_embedding[file-cosine],3,pass
tests/test_store.py::test_vector_update_with_embedding[file-cosine],4,pass
tests/test_store.py::test_vector_update_with_embedding[file-cosine],5,pass
tests/test_store.py::test_vector_update_with_embedding[file-cosine],6,pass
tests/test_store.py::test_vector_update_with_embedding[file-cosine],7,pass
tests/test_store.py::test_vector_update_with_embedding[file-cosine],8,pass
tests/test_store.py::test_vector_update_with_embedding[file-cosine],9,pass
tests/test_store.py::test_vector_update_with_embedding[file-cosine],10,pass
tests/test_store.py::test_vector_update_with_embedding[file-cosine],11,pass
tests/test_store.py::test_vector_update_with_embedding[file-cosine],12,pass
tests/test_store.py::test_vector_update_with_embedding[file-cosine],13,pass
tests/test_store.py::test_vector_update_with_embedding[file-cosine],14,pass
tests/test_store.py::test_vector_update_with_embedding[file-cosine],15,pass
tests/test_store.py::test_vector_update_with_embedding[file-cosine],16,pass
tests/test_store.py::test_vector_update_with_embedding[file-cosine],17,pass
tests/test_store.py::test_vector_update_with_embedding[file-cosine],18,pass
tests/test_store.py::test_vector_update_with_embedding[file-cosine],19,pass
tests/test_store.py::test_vector_update_with_embedding[file-cosine],20,pass
tests/test_store.py::test_vector_update_with_embedding[file-cosine],21,pass
tests/test_store.py::test_vector_update_with_embedding[file-cosine],22,pass
tests/test_store.py::test_vector_update_with_embedding[file-cosine],23,pass
tests/test_store.py::test_vector_update_with_embedding[file-cosine],24,pass
tests/test_store.py::test_vector_update_with_embedding[file-cosine],25,pass
tests/test_store.py::test_vector_update_with_embedding[file-cosine],26,pass
tests/test_store.py::test_vector_update_with_embedding[file-cosine],27,pass
tests/test_store.py::test_vector_update_with_embedding[file-cosine],28,pass
tests/test_store.py::test_vector_update_with_embedding[file-cosine],29,pass
tests/test_store.py::test_vector_update_with_embedding[file-cosine],30,pass
tests/test_store.py::test_vector_update_with_embedding[file-cosine],31,pass
tests/test_store.py::test_vector_update_with_embedding[file-cosine],32,pass
tests/test_store.py::test_vector_update_with_embedding[file-cosine],33,pass
tests/test_store.py::test_vector_update_with_embedding[file-cosine],34,pass
tests/test_store.py::test_vector_update_with_embedding[file-cosine],35,pass
tests/test_store.py::test_vector_update_with_embedding[file-cosine],36,pass
tests/test_store.py::test_vector_update_with_embedding[file-cosine],37,pass
tests/test_store.py::test_vector_update_with_embedding[file-cosine],38,pass
tests/test_store.py::test_vector_update_with_embedding[file-cosine],39,pass
tests/test_store.py::test_vector_update_with_embedding[file-cosine],40,pass
tests/test_store.py::test_vector_update_with_embedding[file-cosine],41,pass
tests/test_store.py::test_vector_update_with_embedding[file-cosine],42,pass
tests/test_store.py::test_vector_update_with_embedding[file-cosine],43,pass
tests/test_store.py::test_vector_update_with_embedding[file-cosine],44,pass
tests/test_store.py::test_vector_update_with_embedding[file-cosine],45,pass
tests/test_store.py::test_vector_update_with_embedding[file-cosine],46,pass
tests/test_store.py::test_vector_update_with_embedding[file-cosine],47,pass
tests/test_store.py::test_vector_update_with_embedding[file-cosine],48,pass
tests/test_store.py::test_vector_update_with_embedding[file-cosine],49,pass
tests/test_store.py::test_vector_update_with_embedding[file-cosine],50,pass
tests/test_store.py::test_vector_update_with_embedding[memory-cosine],1,pass
tests/test_store.py::test_vector_update_with_embedding[memory-cosine],2,pass
tests/test_store.py::test_vector_update_with_embedding[memory-cosine],3,pass
tests/test_store.py::test_vector_update_with_embedding[memory-cosine],4,pass
tests/test_store.py::test_vector_update_with_embedding[memory-cosine],5,pass
tests/test_store.py::test_vector_update_with_embedding[memory-cosine],6,pass
tests/test_store.py::test_vector_update_with_embedding[memory-cosine],7,pass
tests/test_store.py::test_vector_update_with_embedding[memory-cosine],8,pass
tests/test_store.py::test_vector_update_with_embedding[memory-cosine],9,pass
tests/test_store.py::test_vector_update_with_embedding[memory-cosine],10,pass
tests/test_store.py::test_vector_update_with_embedding[memory-cosine],11,pass
tests/test_store.py::test_vector_update_with_embedding[memory-cosine],12,pass
tests/test_store.py::test_vector_update_with_embedding[memory-cosine],13,pass
tests/test_store.py::test_vector_update_with_embedding[memory-cosine],14,pass
tests/test_store.py::test_vector_update_with_embedding[memory-cosine],15,pass
tests/test_store.py::test_vector_update_with_embedding[memory-cosine],16,pass
tests/test_store.py::test_vector_update_with_embedding[memory-cosine],17,pass
tests/test_store.py::test_vector_update_with_embedding[memory-cosine],18,pass
tests/test_store.py::test_vector_update_with_embedding[memory-cosine],19,pass
tests/test_store.py::test_vector_update_with_embedding[memory-cosine],20,pass
tests/test_store.py::test_vector_update_with_embedding[memory-cosine],21,pass
tests/test_store.py::test_vector_update_with_embedding[memory-cosine],22,pass
tests/test_store.py::test_vector_update_with_embedding[memory-cosine],23,pass
tests/test_store.py::test_vector_update_with_embedding[memory-cosine],24,pass
tests/test_store.py::test_vector_update_with_embedding[memory-cosine],25,pass
tests/test_store.py::test_vector_update_with_embedding[memory-cosine],26,pass
tests/test_store.py::test_vector_update_with_embedding[memory-cosine],27,pass
tests/test_store.py::test_vector_update_with_embedding[memory-cosine],28,pass
tests/test_store.py::test_vector_update_with_embedding[memory-cosine],29,pass
tests/test_store.py::test_vector_update_with_embedding[memory-cosine],30,pass
tests/test_store.py::test_vector_update_with_embedding[memory-cosine],31,pass
tests/test_store.py::test_vector_update_with_embedding[memory-cosine],32,pass
tests/test_store.py::test_vector_update_with_embedding[memory-cosine],33,pass
tests/test_store.py::test_vector_update_with_embedding[memory-cosine],34,pass
tests/test_store.py::test_vector_update_with_embedding[memory-cosine],35,pass
tests/test_store.py::test_vector_update_with_embedding[memory-cosine],36,pass
tests/test_store.py::test_vector_update_with_embedding[memory-cosine],37,pass
tests/test_store.py::test_vector_update_with_embedding[memory-cosine],38,pass
tests/test_store.py::test_vector_update_with_embedding[memory-cosine],39,pass
tests/test_store.py::test_vector_update_with_embedding[memory-cosine],40,pass
tests/test_store.py::test_vector_update_with_embedding[memory-cosine],41,pass
tests/test_store.py::test_vector_update_with_embedding[memory-cosine],42,pass
tests/test_store.py::test_vector_update_with_embedding[memory-cosine],43,pass
tests/test_store.py::test_vector_update_with_embedding[memory-cosine],44,pass
tests/test_store.py::test_vector_update_with_embedding[memory-cosine],45,pass
tests/test_store.py::test_vector_update_with_embedding[memory-cosine],46,pass
tests/test_store.py::test_vector_update_with_embedding[memory-cosine],47,pass
tests/test_store.py::test_vector_update_with_embedding[memory-cosine],48,pass
tests/test_store.py::test_vector_update_with_embedding[memory-cosine],49,pass
tests/test_store.py::test_vector_update_with_embedding[memory-cosine],50,pass
tests/test_ttl.py::test_search_with_ttl,1,pass
tests/test_ttl.py::test_search_with_ttl,2,pass
tests/test_ttl.py::test_search_with_ttl,3,pass
tests/test_ttl.py::test_search_with_ttl,4,pass
tests/test_ttl.py::test_search_with_ttl,5,pass
tests/test_ttl.py::test_search_with_ttl,6,pass
tests/test_ttl.py::test_search_with_ttl,7,pass
tests/test_ttl.py::test_search_with_ttl,8,pass
tests/test_ttl.py::test_search_with_ttl,9,pass
tests/test_ttl.py::test_search_with_ttl,10,pass
tests/test_ttl.py::test_search_with_ttl,11,pass
tests/test_ttl.py::test_search_with_ttl,12,pass
tests/test_ttl.py::test_search_with_ttl,13,pass
tests/test_ttl.py::test_search_with_ttl,14,pass
tests/test_ttl.py::test_search_with_ttl,15,pass
tests/test_ttl.py::test_search_with_ttl,16,pass
tests/test_ttl.py::test_search_with_ttl,17,pass
tests/test_ttl.py::test_search_with_ttl,18,pass
tests/test_ttl.py::test_search_with_ttl,19,pass
tests/test_ttl.py::test_search_with_ttl,20,pass
tests/test_ttl.py::test_search_with_ttl,21,pass
tests/test_ttl.py::test_search_with_ttl,22,pass
tests/test_ttl.py::test_search_with_ttl,23,pass
tests/test_ttl.py::test_search_with_ttl,24,pass
tests/test_ttl.py::test_search_with_ttl,25,pass
tests/test_ttl.py::test_search_with_ttl,26,pass
tests/test_ttl.py::test_search_with_ttl,27,pass
tests/test_ttl.py::test_search_with_ttl,28,pass
tests/test_ttl.py::test_search_with_ttl,29,pass
tests/test_ttl.py::test_search_with_ttl,30,pass
tests/test_ttl.py::test_search_with_ttl,31,pass
tests/test_ttl.py::test_search_with_ttl,32,pass
tests/test_ttl.py::test_search_with_ttl,33,pass
tests/test_ttl.py::test_search_with_ttl,34,pass
tests/test_ttl.py::test_search_with_ttl,35,pass
tests/test_ttl.py::test_search_with_ttl,36,pass
tests/test_ttl.py::test_search_with_ttl,37,pass
tests/test_ttl.py::test_search_with_ttl,38,pass
tests/test_ttl.py::test_search_with_ttl,39,pass
tests/test_ttl.py::test_search_with_ttl,40,pass
tests/test_ttl.py::test_search_with_ttl,41,pass
tests/test_ttl.py::test_search_with_ttl,42,pass
tests/test_ttl.py::test_search_with_ttl,43,pass
tests/test_ttl.py::test_search_with_ttl,44,pass
tests/test_ttl.py::test_search_with_ttl,45,pass
tests/test_ttl.py::test_search_with_ttl,46,pass
tests/test_ttl.py::test_search_with_ttl,47,pass
tests/test_ttl.py::test_search_with_ttl,48,pass
tests/test_ttl.py::test_search_with_ttl,49,pass
tests/test_ttl.py::test_search_with_ttl,50,pass
tests/test_ttl.py::test_ttl_basic,1,pass
tests/test_ttl.py::test_ttl_basic,2,pass
tests/test_ttl.py::test_ttl_basic,3,pass
tests/test_ttl.py::test_ttl_basic,4,pass
tests/test_ttl.py::test_ttl_basic,5,pass
tests/test_ttl.py::test_ttl_basic,6,pass
tests/test_ttl.py::test_ttl_basic,7,pass
tests/test_ttl.py::test_ttl_basic,8,pass
tests/test_ttl.py::test_ttl_basic,9,pass
tests/test_ttl.py::test_ttl_basic,10,pass
tests/test_ttl.py::test_ttl_basic,11,pass
tests/test_ttl.py::test_ttl_basic,12,pass
tests/test_ttl.py::test_ttl_basic,13,pass
tests/test_ttl.py::test_ttl_basic,14,pass
tests/test_ttl.py::test_ttl_basic,15,pass
tests/test_ttl.py::test_ttl_basic,16,pass
tests/test_ttl.py::test_ttl_basic,17,pass
tests/test_ttl.py::test_ttl_basic,18,pass
tests/test_ttl.py::test_ttl_basic,19,pass
tests/test_ttl.py::test_ttl_basic,20,pass
tests/test_ttl.py::test_ttl_basic,21,pass
tests/test_ttl.py::test_ttl_basic,22,pass
tests/test_ttl.py::test_ttl_basic,23,pass
tests/test_ttl.py::test_ttl_basic,24,pass
tests/test_ttl.py::test_ttl_basic,25,pass
tests/test_ttl.py::test_ttl_basic,26,pass
tests/test_ttl.py::test_ttl_basic,27,pass
tests/test_ttl.py::test_ttl_basic,28,pass
tests/test_ttl.py::test_ttl_basic,29,pass
tests/test_ttl.py::test_ttl_basic,30,pass
tests/test_ttl.py::test_ttl_basic,31,pass
tests/test_ttl.py::test_ttl_basic,32,pass
tests/test_ttl.py::test_ttl_basic,33,pass
tests/test_ttl.py::test_ttl_basic,34,pass
tests/test_ttl.py::test_ttl_basic,35,pass
tests/test_ttl.py::test_ttl_basic,36,pass
tests/test_ttl.py::test_ttl_basic,37,pass
tests/test_ttl.py::test_ttl_basic,38,pass
tests/test_ttl.py::test_ttl_basic,39,pass
tests/test_ttl.py::test_ttl_basic,40,pass
tests/test_ttl.py::test_ttl_basic,41,pass
tests/test_ttl.py::test_ttl_basic,42,pass
tests/test_ttl.py::test_ttl_basic,43,pass
tests/test_ttl.py::test_ttl_basic,44,pass
tests/test_ttl.py::test_ttl_basic,45,pass
tests/test_ttl.py::test_ttl_basic,46,pass
tests/test_ttl.py::test_ttl_basic,47,pass
tests/test_ttl.py::test_ttl_basic,48,pass
tests/test_ttl.py::test_ttl_basic,49,pass
tests/test_ttl.py::test_ttl_basic,50,pass
tests/test_ttl.py::test_ttl_custom_value,1,pass
tests/test_ttl.py::test_ttl_custom_value,2,pass
tests/test_ttl.py::test_ttl_custom_value,3,pass
tests/test_ttl.py::test_ttl_custom_value,4,pass
tests/test_ttl.py::test_ttl_custom_value,5,pass
tests/test_ttl.py::test_ttl_custom_value,6,pass
tests/test_ttl.py::test_ttl_custom_value,7,pass
tests/test_ttl.py::test_ttl_custom_value,8,pass
tests/test_ttl.py::test_ttl_custom_value,9,pass
tests/test_ttl.py::test_ttl_custom_value,10,pass
tests/test_ttl.py::test_ttl_custom_value,11,pass
tests/test_ttl.py::test_ttl_custom_value,12,pass
tests/test_ttl.py::test_ttl_custom_value,13,pass
tests/test_ttl.py::test_ttl_custom_value,14,pass
tests/test_ttl.py::test_ttl_custom_value,15,pass
tests/test_ttl.py::test_ttl_custom_value,16,pass
tests/test_ttl.py::test_ttl_custom_value,17,pass
tests/test_ttl.py::test_ttl_custom_value,18,pass
tests/test_ttl.py::test_ttl_custom_value,19,pass
tests/test_ttl.py::test_ttl_custom_value,20,pass
tests/test_ttl.py::test_ttl_custom_value,21,pass
tests/test_ttl.py::test_ttl_custom_value,22,pass
tests/test_ttl.py::test_ttl_custom_value,23,pass
tests/test_ttl.py::test_ttl_custom_value,24,pass
tests/test_ttl.py::test_ttl_custom_value,25,pass
tests/test_ttl.py::test_ttl_custom_value,26,pass
tests/test_ttl.py::test_ttl_custom_value,27,pass
tests/test_ttl.py::test_ttl_custom_value,28,pass
tests/test_ttl.py::test_ttl_custom_value,29,pass
tests/test_ttl.py::test_ttl_custom_value,30,pass
tests/test_ttl.py::test_ttl_custom_value,31,pass
tests/test_ttl.py::test_ttl_custom_value,32,pass
tests/test_ttl.py::test_ttl_custom_value,33,pass
tests/test_ttl.py::test_ttl_custom_value,34,pass
tests/test_ttl.py::test_ttl_custom_value,35,pass
tests/test_ttl.py::test_ttl_custom_value,36,pass
tests/test_ttl.py::test_ttl_custom_value,37,pass
tests/test_ttl.py::test_ttl_custom_value,38,pass
tests/test_ttl.py::test_ttl_custom_value,39,pass
tests/test_ttl.py::test_ttl_custom_value,40,pass
tests/test_ttl.py::test_ttl_custom_value,41,pass
tests/test_ttl.py::test_ttl_custom_value,42,pass
tests/test_ttl.py::test_ttl_custom_value,43,pass
tests/test_ttl.py::test_ttl_custom_value,44,pass
tests/test_ttl.py::test_ttl_custom_value,45,pass
tests/test_ttl.py::test_ttl_custom_value,46,pass
tests/test_ttl.py::test_ttl_custom_value,47,pass
tests/test_ttl.py::test_ttl_custom_value,48,pass
tests/test_ttl.py::test_ttl_custom_value,49,pass
tests/test_ttl.py::test_ttl_custom_value,50,pass
tests/test_ttl.py::test_ttl_override_default,1,pass
tests/test_ttl.py::test_ttl_override_default,2,pass
tests/test_ttl.py::test_ttl_override_default,3,pass
tests/test_ttl.py::test_ttl_override_default,4,pass
tests/test_ttl.py::test_ttl_override_default,5,pass
tests/test_ttl.py::test_ttl_override_default,6,pass
tests/test_ttl.py::test_ttl_override_default,7,pass
tests/test_ttl.py::test_ttl_override_default,8,pass
tests/test_ttl.py::test_ttl_override_default,9,pass
tests/test_ttl.py::test_ttl_override_default,10,pass
tests/test_ttl.py::test_ttl_override_default,11,pass
tests/test_ttl.py::test_ttl_override_default,12,pass
tests/test_ttl.py::test_ttl_override_default,13,pass
tests/test_ttl.py::test_ttl_override_default,14,pass
tests/test_ttl.py::test_ttl_override_default,15,pass
tests/test_ttl.py::test_ttl_override_default,16,pass
tests/test_ttl.py::test_ttl_override_default,17,pass
tests/test_ttl.py::test_ttl_override_default,18,pass
tests/test_ttl.py::test_ttl_override_default,19,pass
tests/test_ttl.py::test_ttl_override_default,20,pass
tests/test_ttl.py::test_ttl_override_default,21,pass
tests/test_ttl.py::test_ttl_override_default,22,pass
tests/test_ttl.py::test_ttl_override_default,23,pass
tests/test_ttl.py::test_ttl_override_default,24,pass
tests/test_ttl.py::test_ttl_override_default,25,pass
tests/test_ttl.py::test_ttl_override_default,26,pass
tests/test_ttl.py::test_ttl_override_default,27,pass
tests/test_ttl.py::test_ttl_override_default,28,pass
tests/test_ttl.py::test_ttl_override_default,29,pass
tests/test_ttl.py::test_ttl_override_default,30,pass
tests/test_ttl.py::test_ttl_override_default,31,pass
tests/test_ttl.py::test_ttl_override_default,32,pass
tests/test_ttl.py::test_ttl_override_default,33,pass
tests/test_ttl.py::test_ttl_override_default,34,pass
tests/test_ttl.py::test_ttl_override_default,35,pass
tests/test_ttl.py::test_ttl_override_default,36,pass
tests/test_ttl.py::test_ttl_override_default,37,pass
tests/test_ttl.py::test_ttl_override_default,38,pass
tests/test_ttl.py::test_ttl_override_default,39,pass
tests/test_ttl.py::test_ttl_override_default,40,pass
tests/test_ttl.py::test_ttl_override_default,41,pass
tests/test_ttl.py::test_ttl_override_default,42,pass
tests/test_ttl.py::test_ttl_override_default,43,pass
tests/test_ttl.py::test_ttl_override_default,44,pass
tests/test_ttl.py::test_ttl_override_default,45,pass
tests/test_ttl.py::test_ttl_override_default,46,pass
tests/test_ttl.py::test_ttl_override_default,47,pass
tests/test_ttl.py::test_ttl_override_default,48,pass
tests/test_ttl.py::test_ttl_override_default,49,pass
tests/test_ttl.py::test_ttl_override_default,50,pass
tests/test_ttl.py::test_ttl_refresh,1,pass
tests/test_ttl.py::test_ttl_refresh,2,pass
tests/test_ttl.py::test_ttl_refresh,3,pass
tests/test_ttl.py::test_ttl_refresh,4,pass
tests/test_ttl.py::test_ttl_refresh,5,pass
tests/test_ttl.py::test_ttl_refresh,6,pass
tests/test_ttl.py::test_ttl_refresh,7,pass
tests/test_ttl.py::test_ttl_refresh,8,pass
tests/test_ttl.py::test_ttl_refresh,9,pass
tests/test_ttl.py::test_ttl_refresh,10,pass
tests/test_ttl.py::test_ttl_refresh,11,pass
tests/test_ttl.py::test_ttl_refresh,12,pass
tests/test_ttl.py::test_ttl_refresh,13,pass
tests/test_ttl.py::test_ttl_refresh,14,pass
tests/test_ttl.py::test_ttl_refresh,15,pass
tests/test_ttl.py::test_ttl_refresh,16,pass
tests/test_ttl.py::test_ttl_refresh,17,pass
tests/test_ttl.py::test_ttl_refresh,18,pass
tests/test_ttl.py::test_ttl_refresh,19,pass
tests/test_ttl.py::test_ttl_refresh,20,pass
tests/test_ttl.py::test_ttl_refresh,21,pass
tests/test_ttl.py::test_ttl_refresh,22,pass
tests/test_ttl.py::test_ttl_refresh,23,pass
tests/test_ttl.py::test_ttl_refresh,24,pass
tests/test_ttl.py::test_ttl_refresh,25,pass
tests/test_ttl.py::test_ttl_refresh,26,pass
tests/test_ttl.py::test_ttl_refresh,27,pass
tests/test_ttl.py::test_ttl_refresh,28,pass
tests/test_ttl.py::test_ttl_refresh,29,pass
tests/test_ttl.py::test_ttl_refresh,30,pass
tests/test_ttl.py::test_ttl_refresh,31,pass
tests/test_ttl.py::test_ttl_refresh,32,pass
tests/test_ttl.py::test_ttl_refresh,33,pass
tests/test_ttl.py::test_ttl_refresh,34,pass
tests/test_ttl.py::test_ttl_refresh,35,pass
tests/test_ttl.py::test_ttl_refresh,36,pass
tests/test_ttl.py::test_ttl_refresh,37,pass
tests/test_ttl.py::test_ttl_refresh,38,pass
tests/test_ttl.py::test_ttl_refresh,39,pass
tests/test_ttl.py::test_ttl_refresh,40,pass
tests/test_ttl.py::test_ttl_refresh,41,pass
tests/test_ttl.py::test_ttl_refresh,42,pass
tests/test_ttl.py::test_ttl_refresh,43,pass
tests/test_ttl.py::test_ttl_refresh,44,pass
tests/test_ttl.py::test_ttl_refresh,45,pass
tests/test_ttl.py::test_ttl_refresh,46,pass
tests/test_ttl.py::test_ttl_refresh,47,pass
tests/test_ttl.py::test_ttl_refresh,48,pass
tests/test_ttl.py::test_ttl_refresh,49,pass
tests/test_ttl.py::test_ttl_refresh,50,pass
tests/test_ttl.py::test_ttl_sweeper,1,pass
tests/test_ttl.py::test_ttl_sweeper,2,pass
tests/test_ttl.py::test_ttl_sweeper,3,pass
tests/test_ttl.py::test_ttl_sweeper,4,pass
tests/test_ttl.py::test_ttl_sweeper,5,pass
tests/test_ttl.py::test_ttl_sweeper,6,pass
tests/test_ttl.py::test_ttl_sweeper,7,pass
tests/test_ttl.py::test_ttl_sweeper,8,pass
tests/test_ttl.py::test_ttl_sweeper,9,pass
tests/test_ttl.py::test_ttl_sweeper,10,pass
tests/test_ttl.py::test_ttl_sweeper,11,pass
tests/test_ttl.py::test_ttl_sweeper,12,pass
tests/test_ttl.py::test_ttl_sweeper,13,pass
tests/test_ttl.py::test_ttl_sweeper,14,pass
tests/test_ttl.py::test_ttl_sweeper,15,pass
tests/test_ttl.py::test_ttl_sweeper,16,pass
tests/test_ttl.py::test_ttl_sweeper,17,pass
tests/test_ttl.py::test_ttl_sweeper,18,pass
tests/test_ttl.py::test_ttl_sweeper,19,pass
tests/test_ttl.py::test_ttl_sweeper,20,pass
tests/test_ttl.py::test_ttl_sweeper,21,pass
tests/test_ttl.py::test_ttl_sweeper,22,pass
tests/test_ttl.py::test_ttl_sweeper,23,pass
tests/test_ttl.py::test_ttl_sweeper,24,pass
tests/test_ttl.py::test_ttl_sweeper,25,pass
tests/test_ttl.py::test_ttl_sweeper,26,pass
tests/test_ttl.py::test_ttl_sweeper,27,pass
tests/test_ttl.py::test_ttl_sweeper,28,pass
tests/test_ttl.py::test_ttl_sweeper,29,pass
tests/test_ttl.py::test_ttl_sweeper,30,pass
tests/test_ttl.py::test_ttl_sweeper,31,pass
tests/test_ttl.py::test_ttl_sweeper,32,pass
tests/test_ttl.py::test_ttl_sweeper,33,pass
tests/test_ttl.py::test_ttl_sweeper,34,pass
tests/test_ttl.py::test_ttl_sweeper,35,pass
tests/test_ttl.py::test_ttl_sweeper,36,pass
tests/test_ttl.py::test_ttl_sweeper,37,pass
tests/test_ttl.py::test_ttl_sweeper,38,pass
tests/test_ttl.py::test_ttl_sweeper,39,pass
tests/test_ttl.py::test_ttl_sweeper,40,pass
tests/test_ttl.py::test_ttl_sweeper,41,pass
tests/test_ttl.py::test_ttl_sweeper,42,pass
tests/test_ttl.py::test_ttl_sweeper,43,pass
tests/test_ttl.py::test_ttl_sweeper,44,pass
tests/test_ttl.py::test_ttl_sweeper,45,pass
tests/test_ttl.py::test_ttl_sweeper,46,pass
tests/test_ttl.py::test_ttl_sweeper,47,pass
tests/test_ttl.py::test_ttl_sweeper,48,pass
tests/test_ttl.py::test_ttl_sweeper,49,pass
tests/test_ttl.py::test_ttl_sweeper,50,pass
tests/test_conformance_delta.py::test_delta_channel_conformance,1,pass
tests/test_conformance_delta.py::test_delta_channel_conformance,2,pass
tests/test_conformance_delta.py::test_delta_channel_conformance,3,pass
tests/test_conformance_delta.py::test_delta_channel_conformance,4,pass
tests/test_conformance_delta.py::test_delta_channel_conformance,5,pass
tests/test_conformance_delta.py::test_delta_channel_conformance,6,pass
tests/test_conformance_delta.py::test_delta_channel_conformance,7,pass
tests/test_conformance_delta.py::test_delta_channel_conformance,8,pass
tests/test_conformance_delta.py::test_delta_channel_conformance,9,pass
tests/test_conformance_delta.py::test_delta_channel_conformance,10,pass
tests/test_conformance_delta.py::test_delta_channel_conformance,11,pass
tests/test_conformance_delta.py::test_delta_channel_conformance,12,pass
tests/test_conformance_delta.py::test_delta_channel_conformance,13,pass
tests/test_conformance_delta.py::test_delta_channel_conformance,14,pass
tests/test_conformance_delta.py::test_delta_channel_conformance,15,pass
tests/test_conformance_delta.py::test_delta_channel_conformance,16,pass
tests/test_conformance_delta.py::test_delta_channel_conformance,17,pass
tests/test_conformance_delta.py::test_delta_channel_conformance,18,pass
tests/test_conformance_delta.py::test_delta_channel_conformance,19,pass
tests/test_conformance_delta.py::test_delta_channel_conformance,20,pass
tests/test_conformance_delta.py::test_delta_channel_conformance,21,pass
tests/test_conformance_delta.py::test_delta_channel_conformance,22,pass
tests/test_conformance_delta.py::test_delta_channel_conformance,23,pass
tests/test_conformance_delta.py::test_delta_channel_conformance,24,pass
tests/test_conformance_delta.py::test_delta_channel_conformance,25,pass
tests/test_conformance_delta.py::test_delta_channel_conformance,26,pass
tests/test_conformance_delta.py::test_delta_channel_conformance,27,pass
tests/test_conformance_delta.py::test_delta_channel_conformance,28,pass
tests/test_conformance_delta.py::test_delta_channel_conformance,29,pass
tests/test_conformance_delta.py::test_delta_channel_conformance,30,pass
tests/test_conformance_delta.py::test_delta_channel_conformance,31,pass
tests/test_conformance_delta.py::test_delta_channel_conformance,32,pass
tests/test_conformance_delta.py::test_delta_channel_conformance,33,pass
tests/test_conformance_delta.py::test_delta_channel_conformance,34,pass
tests/test_conformance_delta.py::test_delta_channel_conformance,35,pass
tests/test_conformance_delta.py::test_delta_channel_conformance,36,pass
tests/test_conformance_delta.py::test_delta_channel_conformance,37,pass
tests/test_conformance_delta.py::test_delta_channel_conformance,38,pass
tests/test_conformance_delta.py::test_delta_channel_conformance,39,pass
tests/test_conformance_delta.py::test_delta_channel_conformance,40,pass
tests/test_conformance_delta.py::test_delta_channel_conformance,41,pass
tests/test_conformance_delta.py::test_delta_channel_conformance,42,pass
tests/test_conformance_delta.py::test_delta_channel_conformance,43,pass
tests/test_conformance_delta.py::test_delta_channel_conformance,44,pass
tests/test_conformance_delta.py::test_delta_channel_conformance,45,pass
tests/test_conformance_delta.py::test_delta_channel_conformance,46,pass
tests/test_conformance_delta.py::test_delta_channel_conformance,47,pass
tests/test_conformance_delta.py::test_delta_channel_conformance,48,pass
tests/test_conformance_delta.py::test_delta_channel_conformance,49,pass
tests/test_conformance_delta.py::test_delta_channel_conformance,50,pass
