test_id,run,result
tests/test_memory.py::TestBaseFallbackGetChannelWrites::test_async_fallback_concurrent_tasks_do_not_interfere,1,pass
tests/test_memory.py::TestBaseFallbackGetChannelWrites::test_async_fallback_concurrent_tasks_do_not_interfere,2,pass
tests/test_memory.py::TestBaseFallbackGetChannelWrites::test_async_fallback_concurrent_tasks_do_not_interfere,3,pass
tests/test_memory.py::TestBaseFallbackGetChannelWrites::test_async_fallback_concurrent_tasks_do_not_interfere,4,pass
tests/test_memory.py::TestBaseFallbackGetChannelWrites::test_async_fallback_concurrent_tasks_do_not_interfere,5,pass
tests/test_memory.py::TestBaseFallbackGetChannelWrites::test_async_fallback_concurrent_tasks_do_not_interfere,6,pass
tests/test_memory.py::TestBaseFallbackGetChannelWrites::test_async_fallback_concurrent_tasks_do_not_interfere,7,pass
tests/test_memory.py::TestBaseFallbackGetChannelWrites::test_async_fallback_concurrent_tasks_do_not_interfere,8,pass
tests/test_memory.py::TestBaseFallbackGetChannelWrites::test_async_fallback_concurrent_tasks_do_not_interfere,9,pass
tests/test_memory.py::TestBaseFallbackGetChannelWrites::test_async_fallback_concurrent_tasks_do_not_interfere,10,pass
tests/test_memory.py::TestBaseFallbackGetChannelWrites::test_async_fallback_concurrent_tasks_do_not_interfere,11,pass
tests/test_memory.py::TestBaseFallbackGetChannelWrites::test_async_fallback_concurrent_tasks_do_not_interfere,12,pass
tests/test_memory.py::TestBaseFallbackGetChannelWrites::test_async_fallback_concurrent_tasks_do_not_interfere,13,pass
tests/test_memory.py::TestBaseFallbackGetChannelWrites::test_async_fallback_concurrent_tasks_do_not_interfere,14,pass
tests/test_memory.py::TestBaseFallbackGetChannelWrites::test_async_fallback_concurrent_tasks_do_not_interfere,15,pass
tests/test_memory.py::TestBaseFallbackGetChannelWrites::test_async_fallback_concurrent_tasks_do_not_interfere,16,pass
tests/test_memory.py::TestBaseFallbackGetChannelWrites::test_async_fallback_concurrent_tasks_do_not_interfere,17,pass
tests/test_memory.py::TestBaseFallbackGetChannelWrites::test_async_fallback_concurrent_tasks_do_not_interfere,18,pass
tests/test_memory.py::TestBaseFallbackGetChannelWrites::test_async_fallback_concurrent_tasks_do_not_interfere,19,pass
tests/test_memory.py::TestBaseFallbackGetChannelWrites::test_async_fallback_concurrent_tasks_do_not_interfere,20,pass
tests/test_memory.py::TestBaseFallbackGetChannelWrites::test_async_fallback_concurrent_tasks_do_not_interfere,21,pass
tests/test_memory.py::TestBaseFallbackGetChannelWrites::test_async_fallback_concurrent_tasks_do_not_interfere,22,pass
tests/test_memory.py::TestBaseFallbackGetChannelWrites::test_async_fallback_concurrent_tasks_do_not_interfere,23,pass
tests/test_memory.py::TestBaseFallbackGetChannelWrites::test_async_fallback_concurrent_tasks_do_not_interfere,24,pass
tests/test_memory.py::TestBaseFallbackGetChannelWrites::test_async_fallback_concurrent_tasks_do_not_interfere,25,pass
tests/test_memory.py::TestBaseFallbackGetChannelWrites::test_async_fallback_concurrent_tasks_do_not_interfere,26,pass
tests/test_memory.py::TestBaseFallbackGetChannelWrites::test_async_fallback_concurrent_tasks_do_not_interfere,27,pass
tests/test_memory.py::TestBaseFallbackGetChannelWrites::test_async_fallback_concurrent_tasks_do_not_interfere,28,pass
tests/test_memory.py::TestBaseFallbackGetChannelWrites::test_async_fallback_concurrent_tasks_do_not_interfere,29,pass
tests/test_memory.py::TestBaseFallbackGetChannelWrites::test_async_fallback_concurrent_tasks_do_not_interfere,30,pass
tests/test_memory.py::TestBaseFallbackGetChannelWrites::test_async_fallback_concurrent_tasks_do_not_interfere,31,pass
tests/test_memory.py::TestBaseFallbackGetChannelWrites::test_async_fallback_concurrent_tasks_do_not_interfere,32,pass
tests/test_memory.py::TestBaseFallbackGetChannelWrites::test_async_fallback_concurrent_tasks_do_not_interfere,33,pass
tests/test_memory.py::TestBaseFallbackGetChannelWrites::test_async_fallback_concurrent_tasks_do_not_interfere,34,pass
tests/test_memory.py::TestBaseFallbackGetChannelWrites::test_async_fallback_concurrent_tasks_do_not_interfere,35,pass
tests/test_memory.py::TestBaseFallbackGetChannelWrites::test_async_fallback_concurrent_tasks_do_not_interfere,36,pass
tests/test_memory.py::TestBaseFallbackGetChannelWrites::test_async_fallback_concurrent_tasks_do_not_interfere,37,pass
tests/test_memory.py::TestBaseFallbackGetChannelWrites::test_async_fallback_concurrent_tasks_do_not_interfere,38,pass
tests/test_memory.py::TestBaseFallbackGetChannelWrites::test_async_fallback_concurrent_tasks_do_not_interfere,39,pass
tests/test_memory.py::TestBaseFallbackGetChannelWrites::test_async_fallback_concurrent_tasks_do_not_interfere,40,pass
tests/test_memory.py::TestBaseFallbackGetChannelWrites::test_async_fallback_concurrent_tasks_do_not_interfere,41,pass
tests/test_memory.py::TestBaseFallbackGetChannelWrites::test_async_fallback_concurrent_tasks_do_not_interfere,42,pass
tests/test_memory.py::TestBaseFallbackGetChannelWrites::test_async_fallback_concurrent_tasks_do_not_interfere,43,pass
tests/test_memory.py::TestBaseFallbackGetChannelWrites::test_async_fallback_concurrent_tasks_do_not_interfere,44,pass
tests/test_memory.py::TestBaseFallbackGetChannelWrites::test_async_fallback_concurrent_tasks_do_not_interfere,45,pass
tests/test_memory.py::TestBaseFallbackGetChannelWrites::test_async_fallback_concurrent_tasks_do_not_interfere,46,pass
tests/test_memory.py::TestBaseFallbackGetChannelWrites::test_async_fallback_concurrent_tasks_do_not_interfere,47,pass
tests/test_memory.py::TestBaseFallbackGetChannelWrites::test_async_fallback_concurrent_tasks_do_not_interfere,48,pass
tests/test_memory.py::TestBaseFallbackGetChannelWrites::test_async_fallback_concurrent_tasks_do_not_interfere,49,pass
tests/test_memory.py::TestBaseFallbackGetChannelWrites::test_async_fallback_concurrent_tasks_do_not_interfere,50,pass
tests/test_memory.py::TestBaseFallbackGetChannelWrites::test_async_fallback_returns_ancestor_writes_oldest_first,1,pass
tests/test_memory.py::TestBaseFallbackGetChannelWrites::test_async_fallback_returns_ancestor_writes_oldest_first,2,pass
tests/test_memory.py::TestBaseFallbackGetChannelWrites::test_async_fallback_returns_ancestor_writes_oldest_first,3,pass
tests/test_memory.py::TestBaseFallbackGetChannelWrites::test_async_fallback_returns_ancestor_writes_oldest_first,4,pass
tests/test_memory.py::TestBaseFallbackGetChannelWrites::test_async_fallback_returns_ancestor_writes_oldest_first,5,pass
tests/test_memory.py::TestBaseFallbackGetChannelWrites::test_async_fallback_returns_ancestor_writes_oldest_first,6,pass
tests/test_memory.py::TestBaseFallbackGetChannelWrites::test_async_fallback_returns_ancestor_writes_oldest_first,7,pass
tests/test_memory.py::TestBaseFallbackGetChannelWrites::test_async_fallback_returns_ancestor_writes_oldest_first,8,pass
tests/test_memory.py::TestBaseFallbackGetChannelWrites::test_async_fallback_returns_ancestor_writes_oldest_first,9,pass
tests/test_memory.py::TestBaseFallbackGetChannelWrites::test_async_fallback_returns_ancestor_writes_oldest_first,10,pass
tests/test_memory.py::TestBaseFallbackGetChannelWrites::test_async_fallback_returns_ancestor_writes_oldest_first,11,pass
tests/test_memory.py::TestBaseFallbackGetChannelWrites::test_async_fallback_returns_ancestor_writes_oldest_first,12,pass
tests/test_memory.py::TestBaseFallbackGetChannelWrites::test_async_fallback_returns_ancestor_writes_oldest_first,13,pass
tests/test_memory.py::TestBaseFallbackGetChannelWrites::test_async_fallback_returns_ancestor_writes_oldest_first,14,pass
tests/test_memory.py::TestBaseFallbackGetChannelWrites::test_async_fallback_returns_ancestor_writes_oldest_first,15,pass
tests/test_memory.py::TestBaseFallbackGetChannelWrites::test_async_fallback_returns_ancestor_writes_oldest_first,16,pass
tests/test_memory.py::TestBaseFallbackGetChannelWrites::test_async_fallback_returns_ancestor_writes_oldest_first,17,pass
tests/test_memory.py::TestBaseFallbackGetChannelWrites::test_async_fallback_returns_ancestor_writes_oldest_first,18,pass
tests/test_memory.py::TestBaseFallbackGetChannelWrites::test_async_fallback_returns_ancestor_writes_oldest_first,19,pass
tests/test_memory.py::TestBaseFallbackGetChannelWrites::test_async_fallback_returns_ancestor_writes_oldest_first,20,pass
tests/test_memory.py::TestBaseFallbackGetChannelWrites::test_async_fallback_returns_ancestor_writes_oldest_first,21,pass
tests/test_memory.py::TestBaseFallbackGetChannelWrites::test_async_fallback_returns_ancestor_writes_oldest_first,22,pass
tests/test_memory.py::TestBaseFallbackGetChannelWrites::test_async_fallback_returns_ancestor_writes_oldest_first,23,pass
tests/test_memory.py::TestBaseFallbackGetChannelWrites::test_async_fallback_returns_ancestor_writes_oldest_first,24,pass
tests/test_memory.py::TestBaseFallbackGetChannelWrites::test_async_fallback_returns_ancestor_writes_oldest_first,25,pass
tests/test_memory.py::TestBaseFallbackGetChannelWrites::test_async_fallback_returns_ancestor_writes_oldest_first,26,pass
tests/test_memory.py::TestBaseFallbackGetChannelWrites::test_async_fallback_returns_ancestor_writes_oldest_first,27,pass
tests/test_memory.py::TestBaseFallbackGetChannelWrites::test_async_fallback_returns_ancestor_writes_oldest_first,28,pass
tests/test_memory.py::TestBaseFallbackGetChannelWrites::test_async_fallback_returns_ancestor_writes_oldest_first,29,pass
tests/test_memory.py::TestBaseFallbackGetChannelWrites::test_async_fallback_returns_ancestor_writes_oldest_first,30,pass
tests/test_memory.py::TestBaseFallbackGetChannelWrites::test_async_fallback_returns_ancestor_writes_oldest_first,31,pass
tests/test_memory.py::TestBaseFallbackGetChannelWrites::test_async_fallback_returns_ancestor_writes_oldest_first,32,pass
tests/test_memory.py::TestBaseFallbackGetChannelWrites::test_async_fallback_returns_ancestor_writes_oldest_first,33,pass
tests/test_memory.py::TestBaseFallbackGetChannelWrites::test_async_fallback_returns_ancestor_writes_oldest_first,34,pass
tests/test_memory.py::TestBaseFallbackGetChannelWrites::test_async_fallback_returns_ancestor_writes_oldest_first,35,pass
tests/test_memory.py::TestBaseFallbackGetChannelWrites::test_async_fallback_returns_ancestor_writes_oldest_first,36,pass
tests/test_memory.py::TestBaseFallbackGetChannelWrites::test_async_fallback_returns_ancestor_writes_oldest_first,37,pass
tests/test_memory.py::TestBaseFallbackGetChannelWrites::test_async_fallback_returns_ancestor_writes_oldest_first,38,pass
tests/test_memory.py::TestBaseFallbackGetChannelWrites::test_async_fallback_returns_ancestor_writes_oldest_first,39,pass
tests/test_memory.py::TestBaseFallbackGetChannelWrites::test_async_fallback_returns_ancestor_writes_oldest_first,40,pass
tests/test_memory.py::TestBaseFallbackGetChannelWrites::test_async_fallback_returns_ancestor_writes_oldest_first,41,pass
tests/test_memory.py::TestBaseFallbackGetChannelWrites::test_async_fallback_returns_ancestor_writes_oldest_first,42,pass
tests/test_memory.py::TestBaseFallbackGetChannelWrites::test_async_fallback_returns_ancestor_writes_oldest_first,43,pass
tests/test_memory.py::TestBaseFallbackGetChannelWrites::test_async_fallback_returns_ancestor_writes_oldest_first,44,pass
tests/test_memory.py::TestBaseFallbackGetChannelWrites::test_async_fallback_returns_ancestor_writes_oldest_first,45,pass
tests/test_memory.py::TestBaseFallbackGetChannelWrites::test_async_fallback_returns_ancestor_writes_oldest_first,46,pass
tests/test_memory.py::TestBaseFallbackGetChannelWrites::test_async_fallback_returns_ancestor_writes_oldest_first,47,pass
tests/test_memory.py::TestBaseFallbackGetChannelWrites::test_async_fallback_returns_ancestor_writes_oldest_first,48,pass
tests/test_memory.py::TestBaseFallbackGetChannelWrites::test_async_fallback_returns_ancestor_writes_oldest_first,49,pass
tests/test_memory.py::TestBaseFallbackGetChannelWrites::test_async_fallback_returns_ancestor_writes_oldest_first,50,pass
tests/test_redis_cache.py::TestRedisCache::test_async_clear,1,pass
tests/test_redis_cache.py::TestRedisCache::test_async_clear,2,pass
tests/test_redis_cache.py::TestRedisCache::test_async_clear,3,pass
tests/test_redis_cache.py::TestRedisCache::test_async_clear,4,pass
tests/test_redis_cache.py::TestRedisCache::test_async_clear,5,pass
tests/test_redis_cache.py::TestRedisCache::test_async_clear,6,pass
tests/test_redis_cache.py::TestRedisCache::test_async_clear,7,pass
tests/test_redis_cache.py::TestRedisCache::test_async_clear,8,pass
tests/test_redis_cache.py::TestRedisCache::test_async_clear,9,pass
tests/test_redis_cache.py::TestRedisCache::test_async_clear,10,pass
tests/test_redis_cache.py::TestRedisCache::test_async_clear,11,pass
tests/test_redis_cache.py::TestRedisCache::test_async_clear,12,pass
tests/test_redis_cache.py::TestRedisCache::test_async_clear,13,pass
tests/test_redis_cache.py::TestRedisCache::test_async_clear,14,pass
tests/test_redis_cache.py::TestRedisCache::test_async_clear,15,pass
tests/test_redis_cache.py::TestRedisCache::test_async_clear,16,pass
tests/test_redis_cache.py::TestRedisCache::test_async_clear,17,pass
tests/test_redis_cache.py::TestRedisCache::test_async_clear,18,pass
tests/test_redis_cache.py::TestRedisCache::test_async_clear,19,pass
tests/test_redis_cache.py::TestRedisCache::test_async_clear,20,pass
tests/test_redis_cache.py::TestRedisCache::test_async_clear,21,pass
tests/test_redis_cache.py::TestRedisCache::test_async_clear,22,pass
tests/test_redis_cache.py::TestRedisCache::test_async_clear,23,pass
tests/test_redis_cache.py::TestRedisCache::test_async_clear,24,pass
tests/test_redis_cache.py::TestRedisCache::test_async_clear,25,pass
tests/test_redis_cache.py::TestRedisCache::test_async_clear,26,pass
tests/test_redis_cache.py::TestRedisCache::test_async_clear,27,pass
tests/test_redis_cache.py::TestRedisCache::test_async_clear,28,pass
tests/test_redis_cache.py::TestRedisCache::test_async_clear,29,pass
tests/test_redis_cache.py::TestRedisCache::test_async_clear,30,pass
tests/test_redis_cache.py::TestRedisCache::test_async_clear,31,pass
tests/test_redis_cache.py::TestRedisCache::test_async_clear,32,pass
tests/test_redis_cache.py::TestRedisCache::test_async_clear,33,pass
tests/test_redis_cache.py::TestRedisCache::test_async_clear,34,pass
tests/test_redis_cache.py::TestRedisCache::test_async_clear,35,pass
tests/test_redis_cache.py::TestRedisCache::test_async_clear,36,pass
tests/test_redis_cache.py::TestRedisCache::test_async_clear,37,pass
tests/test_redis_cache.py::TestRedisCache::test_async_clear,38,pass
tests/test_redis_cache.py::TestRedisCache::test_async_clear,39,pass
tests/test_redis_cache.py::TestRedisCache::test_async_clear,40,pass
tests/test_redis_cache.py::TestRedisCache::test_async_clear,41,pass
tests/test_redis_cache.py::TestRedisCache::test_async_clear,42,pass
tests/test_redis_cache.py::TestRedisCache::test_async_clear,43,pass
tests/test_redis_cache.py::TestRedisCache::test_async_clear,44,pass
tests/test_redis_cache.py::TestRedisCache::test_async_clear,45,pass
tests/test_redis_cache.py::TestRedisCache::test_async_clear,46,pass
tests/test_redis_cache.py::TestRedisCache::test_async_clear,47,pass
tests/test_redis_cache.py::TestRedisCache::test_async_clear,48,pass
tests/test_redis_cache.py::TestRedisCache::test_async_clear,49,pass
tests/test_redis_cache.py::TestRedisCache::test_async_clear,50,pass
tests/test_redis_cache.py::TestRedisCache::test_async_operations,1,pass
tests/test_redis_cache.py::TestRedisCache::test_async_operations,2,pass
tests/test_redis_cache.py::TestRedisCache::test_async_operations,3,pass
tests/test_redis_cache.py::TestRedisCache::test_async_operations,4,pass
tests/test_redis_cache.py::TestRedisCache::test_async_operations,5,pass
tests/test_redis_cache.py::TestRedisCache::test_async_operations,6,pass
tests/test_redis_cache.py::TestRedisCache::test_async_operations,7,pass
tests/test_redis_cache.py::TestRedisCache::test_async_operations,8,pass
tests/test_redis_cache.py::TestRedisCache::test_async_operations,9,pass
tests/test_redis_cache.py::TestRedisCache::test_async_operations,10,pass
tests/test_redis_cache.py::TestRedisCache::test_async_operations,11,pass
tests/test_redis_cache.py::TestRedisCache::test_async_operations,12,pass
tests/test_redis_cache.py::TestRedisCache::test_async_operations,13,pass
tests/test_redis_cache.py::TestRedisCache::test_async_operations,14,pass
tests/test_redis_cache.py::TestRedisCache::test_async_operations,15,pass
tests/test_redis_cache.py::TestRedisCache::test_async_operations,16,pass
tests/test_redis_cache.py::TestRedisCache::test_async_operations,17,pass
tests/test_redis_cache.py::TestRedisCache::test_async_operations,18,pass
tests/test_redis_cache.py::TestRedisCache::test_async_operations,19,pass
tests/test_redis_cache.py::TestRedisCache::test_async_operations,20,pass
tests/test_redis_cache.py::TestRedisCache::test_async_operations,21,pass
tests/test_redis_cache.py::TestRedisCache::test_async_operations,22,pass
tests/test_redis_cache.py::TestRedisCache::test_async_operations,23,pass
tests/test_redis_cache.py::TestRedisCache::test_async_operations,24,pass
tests/test_redis_cache.py::TestRedisCache::test_async_operations,25,pass
tests/test_redis_cache.py::TestRedisCache::test_async_operations,26,pass
tests/test_redis_cache.py::TestRedisCache::test_async_operations,27,pass
tests/test_redis_cache.py::TestRedisCache::test_async_operations,28,pass
tests/test_redis_cache.py::TestRedisCache::test_async_operations,29,pass
tests/test_redis_cache.py::TestRedisCache::test_async_operations,30,pass
tests/test_redis_cache.py::TestRedisCache::test_async_operations,31,pass
tests/test_redis_cache.py::TestRedisCache::test_async_operations,32,pass
tests/test_redis_cache.py::TestRedisCache::test_async_operations,33,pass
tests/test_redis_cache.py::TestRedisCache::test_async_operations,34,pass
tests/test_redis_cache.py::TestRedisCache::test_async_operations,35,pass
tests/test_redis_cache.py::TestRedisCache::test_async_operations,36,pass
tests/test_redis_cache.py::TestRedisCache::test_async_operations,37,pass
tests/test_redis_cache.py::TestRedisCache::test_async_operations,38,pass
tests/test_redis_cache.py::TestRedisCache::test_async_operations,39,pass
tests/test_redis_cache.py::TestRedisCache::test_async_operations,40,pass
tests/test_redis_cache.py::TestRedisCache::test_async_operations,41,pass
tests/test_redis_cache.py::TestRedisCache::test_async_operations,42,pass
tests/test_redis_cache.py::TestRedisCache::test_async_operations,43,pass
tests/test_redis_cache.py::TestRedisCache::test_async_operations,44,pass
tests/test_redis_cache.py::TestRedisCache::test_async_operations,45,pass
tests/test_redis_cache.py::TestRedisCache::test_async_operations,46,pass
tests/test_redis_cache.py::TestRedisCache::test_async_operations,47,pass
tests/test_redis_cache.py::TestRedisCache::test_async_operations,48,pass
tests/test_redis_cache.py::TestRedisCache::test_async_operations,49,pass
tests/test_redis_cache.py::TestRedisCache::test_async_operations,50,pass
tests/test_redis_cache.py::TestRedisCache::test_redis_unavailable_async,1,pass
tests/test_redis_cache.py::TestRedisCache::test_redis_unavailable_async,2,pass
tests/test_redis_cache.py::TestRedisCache::test_redis_unavailable_async,3,pass
tests/test_redis_cache.py::TestRedisCache::test_redis_unavailable_async,4,pass
tests/test_redis_cache.py::TestRedisCache::test_redis_unavailable_async,5,pass
tests/test_redis_cache.py::TestRedisCache::test_redis_unavailable_async,6,pass
tests/test_redis_cache.py::TestRedisCache::test_redis_unavailable_async,7,pass
tests/test_redis_cache.py::TestRedisCache::test_redis_unavailable_async,8,pass
tests/test_redis_cache.py::TestRedisCache::test_redis_unavailable_async,9,pass
tests/test_redis_cache.py::TestRedisCache::test_redis_unavailable_async,10,pass
tests/test_redis_cache.py::TestRedisCache::test_redis_unavailable_async,11,pass
tests/test_redis_cache.py::TestRedisCache::test_redis_unavailable_async,12,pass
tests/test_redis_cache.py::TestRedisCache::test_redis_unavailable_async,13,pass
tests/test_redis_cache.py::TestRedisCache::test_redis_unavailable_async,14,pass
tests/test_redis_cache.py::TestRedisCache::test_redis_unavailable_async,15,pass
tests/test_redis_cache.py::TestRedisCache::test_redis_unavailable_async,16,pass
tests/test_redis_cache.py::TestRedisCache::test_redis_unavailable_async,17,pass
tests/test_redis_cache.py::TestRedisCache::test_redis_unavailable_async,18,pass
tests/test_redis_cache.py::TestRedisCache::test_redis_unavailable_async,19,pass
tests/test_redis_cache.py::TestRedisCache::test_redis_unavailable_async,20,pass
tests/test_redis_cache.py::TestRedisCache::test_redis_unavailable_async,21,pass
tests/test_redis_cache.py::TestRedisCache::test_redis_unavailable_async,22,pass
tests/test_redis_cache.py::TestRedisCache::test_redis_unavailable_async,23,pass
tests/test_redis_cache.py::TestRedisCache::test_redis_unavailable_async,24,pass
tests/test_redis_cache.py::TestRedisCache::test_redis_unavailable_async,25,pass
tests/test_redis_cache.py::TestRedisCache::test_redis_unavailable_async,26,pass
tests/test_redis_cache.py::TestRedisCache::test_redis_unavailable_async,27,pass
tests/test_redis_cache.py::TestRedisCache::test_redis_unavailable_async,28,pass
tests/test_redis_cache.py::TestRedisCache::test_redis_unavailable_async,29,pass
tests/test_redis_cache.py::TestRedisCache::test_redis_unavailable_async,30,pass
tests/test_redis_cache.py::TestRedisCache::test_redis_unavailable_async,31,pass
tests/test_redis_cache.py::TestRedisCache::test_redis_unavailable_async,32,pass
tests/test_redis_cache.py::TestRedisCache::test_redis_unavailable_async,33,pass
tests/test_redis_cache.py::TestRedisCache::test_redis_unavailable_async,34,pass
tests/test_redis_cache.py::TestRedisCache::test_redis_unavailable_async,35,pass
tests/test_redis_cache.py::TestRedisCache::test_redis_unavailable_async,36,pass
tests/test_redis_cache.py::TestRedisCache::test_redis_unavailable_async,37,pass
tests/test_redis_cache.py::TestRedisCache::test_redis_unavailable_async,38,pass
tests/test_redis_cache.py::TestRedisCache::test_redis_unavailable_async,39,pass
tests/test_redis_cache.py::TestRedisCache::test_redis_unavailable_async,40,pass
tests/test_redis_cache.py::TestRedisCache::test_redis_unavailable_async,41,pass
tests/test_redis_cache.py::TestRedisCache::test_redis_unavailable_async,42,pass
tests/test_redis_cache.py::TestRedisCache::test_redis_unavailable_async,43,pass
tests/test_redis_cache.py::TestRedisCache::test_redis_unavailable_async,44,pass
tests/test_redis_cache.py::TestRedisCache::test_redis_unavailable_async,45,pass
tests/test_redis_cache.py::TestRedisCache::test_redis_unavailable_async,46,pass
tests/test_redis_cache.py::TestRedisCache::test_redis_unavailable_async,47,pass
tests/test_redis_cache.py::TestRedisCache::test_redis_unavailable_async,48,pass
tests/test_redis_cache.py::TestRedisCache::test_redis_unavailable_async,49,pass
tests/test_redis_cache.py::TestRedisCache::test_redis_unavailable_async,50,pass
tests/test_store.py::test_async_batch_store,1,pass
tests/test_store.py::test_async_batch_store,2,pass
tests/test_store.py::test_async_batch_store,3,pass
tests/test_store.py::test_async_batch_store,4,pass
tests/test_store.py::test_async_batch_store,5,pass
tests/test_store.py::test_async_batch_store,6,pass
tests/test_store.py::test_async_batch_store,7,pass
tests/test_store.py::test_async_batch_store,8,pass
tests/test_store.py::test_async_batch_store,9,pass
tests/test_store.py::test_async_batch_store,10,pass
tests/test_store.py::test_async_batch_store,11,pass
tests/test_store.py::test_async_batch_store,12,pass
tests/test_store.py::test_async_batch_store,13,pass
tests/test_store.py::test_async_batch_store,14,pass
tests/test_store.py::test_async_batch_store,15,pass
tests/test_store.py::test_async_batch_store,16,pass
tests/test_store.py::test_async_batch_store,17,pass
tests/test_store.py::test_async_batch_store,18,pass
tests/test_store.py::test_async_batch_store,19,pass
tests/test_store.py::test_async_batch_store,20,pass
tests/test_store.py::test_async_batch_store,21,pass
tests/test_store.py::test_async_batch_store,22,pass
tests/test_store.py::test_async_batch_store,23,pass
tests/test_store.py::test_async_batch_store,24,pass
tests/test_store.py::test_async_batch_store,25,pass
tests/test_store.py::test_async_batch_store,26,pass
tests/test_store.py::test_async_batch_store,27,pass
tests/test_store.py::test_async_batch_store,28,pass
tests/test_store.py::test_async_batch_store,29,pass
tests/test_store.py::test_async_batch_store,30,pass
tests/test_store.py::test_async_batch_store,31,pass
tests/test_store.py::test_async_batch_store,32,pass
tests/test_store.py::test_async_batch_store,33,pass
tests/test_store.py::test_async_batch_store,34,pass
tests/test_store.py::test_async_batch_store,35,pass
tests/test_store.py::test_async_batch_store,36,pass
tests/test_store.py::test_async_batch_store,37,pass
tests/test_store.py::test_async_batch_store,38,pass
tests/test_store.py::test_async_batch_store,39,pass
tests/test_store.py::test_async_batch_store,40,pass
tests/test_store.py::test_async_batch_store,41,pass
tests/test_store.py::test_async_batch_store,42,pass
tests/test_store.py::test_async_batch_store,43,pass
tests/test_store.py::test_async_batch_store,44,pass
tests/test_store.py::test_async_batch_store,45,pass
tests/test_store.py::test_async_batch_store,46,pass
tests/test_store.py::test_async_batch_store,47,pass
tests/test_store.py::test_async_batch_store,48,pass
tests/test_store.py::test_async_batch_store,49,pass
tests/test_store.py::test_async_batch_store,50,pass
tests/test_store.py::test_async_batch_store_deduplication,1,pass
tests/test_store.py::test_async_batch_store_deduplication,2,pass
tests/test_store.py::test_async_batch_store_deduplication,3,pass
tests/test_store.py::test_async_batch_store_deduplication,4,pass
tests/test_store.py::test_async_batch_store_deduplication,5,pass
tests/test_store.py::test_async_batch_store_deduplication,6,pass
tests/test_store.py::test_async_batch_store_deduplication,7,pass
tests/test_store.py::test_async_batch_store_deduplication,8,pass
tests/test_store.py::test_async_batch_store_deduplication,9,pass
tests/test_store.py::test_async_batch_store_deduplication,10,pass
tests/test_store.py::test_async_batch_store_deduplication,11,pass
tests/test_store.py::test_async_batch_store_deduplication,12,pass
tests/test_store.py::test_async_batch_store_deduplication,13,pass
tests/test_store.py::test_async_batch_store_deduplication,14,pass
tests/test_store.py::test_async_batch_store_deduplication,15,pass
tests/test_store.py::test_async_batch_store_deduplication,16,pass
tests/test_store.py::test_async_batch_store_deduplication,17,pass
tests/test_store.py::test_async_batch_store_deduplication,18,pass
tests/test_store.py::test_async_batch_store_deduplication,19,pass
tests/test_store.py::test_async_batch_store_deduplication,20,pass
tests/test_store.py::test_async_batch_store_deduplication,21,pass
tests/test_store.py::test_async_batch_store_deduplication,22,pass
tests/test_store.py::test_async_batch_store_deduplication,23,pass
tests/test_store.py::test_async_batch_store_deduplication,24,pass
tests/test_store.py::test_async_batch_store_deduplication,25,pass
tests/test_store.py::test_async_batch_store_deduplication,26,pass
tests/test_store.py::test_async_batch_store_deduplication,27,pass
tests/test_store.py::test_async_batch_store_deduplication,28,pass
tests/test_store.py::test_async_batch_store_deduplication,29,pass
tests/test_store.py::test_async_batch_store_deduplication,30,pass
tests/test_store.py::test_async_batch_store_deduplication,31,pass
tests/test_store.py::test_async_batch_store_deduplication,32,pass
tests/test_store.py::test_async_batch_store_deduplication,33,pass
tests/test_store.py::test_async_batch_store_deduplication,34,pass
tests/test_store.py::test_async_batch_store_deduplication,35,pass
tests/test_store.py::test_async_batch_store_deduplication,36,pass
tests/test_store.py::test_async_batch_store_deduplication,37,pass
tests/test_store.py::test_async_batch_store_deduplication,38,pass
tests/test_store.py::test_async_batch_store_deduplication,39,pass
tests/test_store.py::test_async_batch_store_deduplication,40,pass
tests/test_store.py::test_async_batch_store_deduplication,41,pass
tests/test_store.py::test_async_batch_store_deduplication,42,pass
tests/test_store.py::test_async_batch_store_deduplication,43,pass
tests/test_store.py::test_async_batch_store_deduplication,44,pass
tests/test_store.py::test_async_batch_store_deduplication,45,pass
tests/test_store.py::test_async_batch_store_deduplication,46,pass
tests/test_store.py::test_async_batch_store_deduplication,47,pass
tests/test_store.py::test_async_batch_store_deduplication,48,pass
tests/test_store.py::test_async_batch_store_deduplication,49,pass
tests/test_store.py::test_async_batch_store_deduplication,50,pass
tests/test_store.py::test_async_batch_store_handles_cancellation,1,pass
tests/test_store.py::test_async_batch_store_handles_cancellation,2,pass
tests/test_store.py::test_async_batch_store_handles_cancellation,3,pass
tests/test_store.py::test_async_batch_store_handles_cancellation,4,pass
tests/test_store.py::test_async_batch_store_handles_cancellation,5,pass
tests/test_store.py::test_async_batch_store_handles_cancellation,6,pass
tests/test_store.py::test_async_batch_store_handles_cancellation,7,pass
tests/test_store.py::test_async_batch_store_handles_cancellation,8,pass
tests/test_store.py::test_async_batch_store_handles_cancellation,9,pass
tests/test_store.py::test_async_batch_store_handles_cancellation,10,pass
tests/test_store.py::test_async_batch_store_handles_cancellation,11,pass
tests/test_store.py::test_async_batch_store_handles_cancellation,12,pass
tests/test_store.py::test_async_batch_store_handles_cancellation,13,pass
tests/test_store.py::test_async_batch_store_handles_cancellation,14,pass
tests/test_store.py::test_async_batch_store_handles_cancellation,15,pass
tests/test_store.py::test_async_batch_store_handles_cancellation,16,pass
tests/test_store.py::test_async_batch_store_handles_cancellation,17,pass
tests/test_store.py::test_async_batch_store_handles_cancellation,18,pass
tests/test_store.py::test_async_batch_store_handles_cancellation,19,pass
tests/test_store.py::test_async_batch_store_handles_cancellation,20,pass
tests/test_store.py::test_async_batch_store_handles_cancellation,21,pass
tests/test_store.py::test_async_batch_store_handles_cancellation,22,pass
tests/test_store.py::test_async_batch_store_handles_cancellation,23,pass
tests/test_store.py::test_async_batch_store_handles_cancellation,24,pass
tests/test_store.py::test_async_batch_store_handles_cancellation,25,pass
tests/test_store.py::test_async_batch_store_handles_cancellation,26,pass
tests/test_store.py::test_async_batch_store_handles_cancellation,27,pass
tests/test_store.py::test_async_batch_store_handles_cancellation,28,pass
tests/test_store.py::test_async_batch_store_handles_cancellation,29,pass
tests/test_store.py::test_async_batch_store_handles_cancellation,30,pass
tests/test_store.py::test_async_batch_store_handles_cancellation,31,pass
tests/test_store.py::test_async_batch_store_handles_cancellation,32,pass
tests/test_store.py::test_async_batch_store_handles_cancellation,33,pass
tests/test_store.py::test_async_batch_store_handles_cancellation,34,pass
tests/test_store.py::test_async_batch_store_handles_cancellation,35,pass
tests/test_store.py::test_async_batch_store_handles_cancellation,36,pass
tests/test_store.py::test_async_batch_store_handles_cancellation,37,pass
tests/test_store.py::test_async_batch_store_handles_cancellation,38,pass
tests/test_store.py::test_async_batch_store_handles_cancellation,39,pass
tests/test_store.py::test_async_batch_store_handles_cancellation,40,pass
tests/test_store.py::test_async_batch_store_handles_cancellation,41,pass
tests/test_store.py::test_async_batch_store_handles_cancellation,42,pass
tests/test_store.py::test_async_batch_store_handles_cancellation,43,pass
tests/test_store.py::test_async_batch_store_handles_cancellation,44,pass
tests/test_store.py::test_async_batch_store_handles_cancellation,45,pass
tests/test_store.py::test_async_batch_store_handles_cancellation,46,pass
tests/test_store.py::test_async_batch_store_handles_cancellation,47,pass
tests/test_store.py::test_async_batch_store_handles_cancellation,48,pass
tests/test_store.py::test_async_batch_store_handles_cancellation,49,pass
tests/test_store.py::test_async_batch_store_handles_cancellation,50,pass
tests/test_store.py::test_async_batch_store_resilience,1,pass
tests/test_store.py::test_async_batch_store_resilience,2,pass
tests/test_store.py::test_async_batch_store_resilience,3,pass
tests/test_store.py::test_async_batch_store_resilience,4,pass
tests/test_store.py::test_async_batch_store_resilience,5,pass
tests/test_store.py::test_async_batch_store_resilience,6,pass
tests/test_store.py::test_async_batch_store_resilience,7,pass
tests/test_store.py::test_async_batch_store_resilience,8,pass
tests/test_store.py::test_async_batch_store_resilience,9,pass
tests/test_store.py::test_async_batch_store_resilience,10,pass
tests/test_store.py::test_async_batch_store_resilience,11,pass
tests/test_store.py::test_async_batch_store_resilience,12,pass
tests/test_store.py::test_async_batch_store_resilience,13,pass
tests/test_store.py::test_async_batch_store_resilience,14,pass
tests/test_store.py::test_async_batch_store_resilience,15,pass
tests/test_store.py::test_async_batch_store_resilience,16,pass
tests/test_store.py::test_async_batch_store_resilience,17,pass
tests/test_store.py::test_async_batch_store_resilience,18,pass
tests/test_store.py::test_async_batch_store_resilience,19,pass
tests/test_store.py::test_async_batch_store_resilience,20,pass
tests/test_store.py::test_async_batch_store_resilience,21,pass
tests/test_store.py::test_async_batch_store_resilience,22,pass
tests/test_store.py::test_async_batch_store_resilience,23,pass
tests/test_store.py::test_async_batch_store_resilience,24,pass
tests/test_store.py::test_async_batch_store_resilience,25,pass
tests/test_store.py::test_async_batch_store_resilience,26,pass
tests/test_store.py::test_async_batch_store_resilience,27,pass
tests/test_store.py::test_async_batch_store_resilience,28,pass
tests/test_store.py::test_async_batch_store_resilience,29,pass
tests/test_store.py::test_async_batch_store_resilience,30,pass
tests/test_store.py::test_async_batch_store_resilience,31,pass
tests/test_store.py::test_async_batch_store_resilience,32,pass
tests/test_store.py::test_async_batch_store_resilience,33,pass
tests/test_store.py::test_async_batch_store_resilience,34,pass
tests/test_store.py::test_async_batch_store_resilience,35,pass
tests/test_store.py::test_async_batch_store_resilience,36,pass
tests/test_store.py::test_async_batch_store_resilience,37,pass
tests/test_store.py::test_async_batch_store_resilience,38,pass
tests/test_store.py::test_async_batch_store_resilience,39,pass
tests/test_store.py::test_async_batch_store_resilience,40,pass
tests/test_store.py::test_async_batch_store_resilience,41,pass
tests/test_store.py::test_async_batch_store_resilience,42,pass
tests/test_store.py::test_async_batch_store_resilience,43,pass
tests/test_store.py::test_async_batch_store_resilience,44,pass
tests/test_store.py::test_async_batch_store_resilience,45,pass
tests/test_store.py::test_async_batch_store_resilience,46,pass
tests/test_store.py::test_async_batch_store_resilience,47,pass
tests/test_store.py::test_async_batch_store_resilience,48,pass
tests/test_store.py::test_async_batch_store_resilience,49,pass
tests/test_store.py::test_async_batch_store_resilience,50,pass
tests/test_store.py::test_async_batched_vector_search_concurrent,1,pass
tests/test_store.py::test_async_batched_vector_search_concurrent,2,pass
tests/test_store.py::test_async_batched_vector_search_concurrent,3,pass
tests/test_store.py::test_async_batched_vector_search_concurrent,4,pass
tests/test_store.py::test_async_batched_vector_search_concurrent,5,pass
tests/test_store.py::test_async_batched_vector_search_concurrent,6,pass
tests/test_store.py::test_async_batched_vector_search_concurrent,7,pass
tests/test_store.py::test_async_batched_vector_search_concurrent,8,pass
tests/test_store.py::test_async_batched_vector_search_concurrent,9,pass
tests/test_store.py::test_async_batched_vector_search_concurrent,10,pass
tests/test_store.py::test_async_batched_vector_search_concurrent,11,pass
tests/test_store.py::test_async_batched_vector_search_concurrent,12,pass
tests/test_store.py::test_async_batched_vector_search_concurrent,13,pass
tests/test_store.py::test_async_batched_vector_search_concurrent,14,pass
tests/test_store.py::test_async_batched_vector_search_concurrent,15,pass
tests/test_store.py::test_async_batched_vector_search_concurrent,16,pass
tests/test_store.py::test_async_batched_vector_search_concurrent,17,pass
tests/test_store.py::test_async_batched_vector_search_concurrent,18,pass
tests/test_store.py::test_async_batched_vector_search_concurrent,19,pass
tests/test_store.py::test_async_batched_vector_search_concurrent,20,pass
tests/test_store.py::test_async_batched_vector_search_concurrent,21,pass
tests/test_store.py::test_async_batched_vector_search_concurrent,22,pass
tests/test_store.py::test_async_batched_vector_search_concurrent,23,pass
tests/test_store.py::test_async_batched_vector_search_concurrent,24,pass
tests/test_store.py::test_async_batched_vector_search_concurrent,25,pass
tests/test_store.py::test_async_batched_vector_search_concurrent,26,pass
tests/test_store.py::test_async_batched_vector_search_concurrent,27,pass
tests/test_store.py::test_async_batched_vector_search_concurrent,28,pass
tests/test_store.py::test_async_batched_vector_search_concurrent,29,pass
tests/test_store.py::test_async_batched_vector_search_concurrent,30,pass
tests/test_store.py::test_async_batched_vector_search_concurrent,31,pass
tests/test_store.py::test_async_batched_vector_search_concurrent,32,pass
tests/test_store.py::test_async_batched_vector_search_concurrent,33,pass
tests/test_store.py::test_async_batched_vector_search_concurrent,34,pass
tests/test_store.py::test_async_batched_vector_search_concurrent,35,pass
tests/test_store.py::test_async_batched_vector_search_concurrent,36,pass
tests/test_store.py::test_async_batched_vector_search_concurrent,37,pass
tests/test_store.py::test_async_batched_vector_search_concurrent,38,pass
tests/test_store.py::test_async_batched_vector_search_concurrent,39,pass
tests/test_store.py::test_async_batched_vector_search_concurrent,40,pass
tests/test_store.py::test_async_batched_vector_search_concurrent,41,pass
tests/test_store.py::test_async_batched_vector_search_concurrent,42,pass
tests/test_store.py::test_async_batched_vector_search_concurrent,43,pass
tests/test_store.py::test_async_batched_vector_search_concurrent,44,pass
tests/test_store.py::test_async_batched_vector_search_concurrent,45,pass
tests/test_store.py::test_async_batched_vector_search_concurrent,46,pass
tests/test_store.py::test_async_batched_vector_search_concurrent,47,pass
tests/test_store.py::test_async_batched_vector_search_concurrent,48,pass
tests/test_store.py::test_async_batched_vector_search_concurrent,49,pass
tests/test_store.py::test_async_batched_vector_search_concurrent,50,pass
tests/test_store.py::test_async_vector_insert_with_auto_embedding,1,pass
tests/test_store.py::test_async_vector_insert_with_auto_embedding,2,pass
tests/test_store.py::test_async_vector_insert_with_auto_embedding,3,pass
tests/test_store.py::test_async_vector_insert_with_auto_embedding,4,pass
tests/test_store.py::test_async_vector_insert_with_auto_embedding,5,pass
tests/test_store.py::test_async_vector_insert_with_auto_embedding,6,pass
tests/test_store.py::test_async_vector_insert_with_auto_embedding,7,pass
tests/test_store.py::test_async_vector_insert_with_auto_embedding,8,pass
tests/test_store.py::test_async_vector_insert_with_auto_embedding,9,pass
tests/test_store.py::test_async_vector_insert_with_auto_embedding,10,pass
tests/test_store.py::test_async_vector_insert_with_auto_embedding,11,pass
tests/test_store.py::test_async_vector_insert_with_auto_embedding,12,pass
tests/test_store.py::test_async_vector_insert_with_auto_embedding,13,pass
tests/test_store.py::test_async_vector_insert_with_auto_embedding,14,pass
tests/test_store.py::test_async_vector_insert_with_auto_embedding,15,pass
tests/test_store.py::test_async_vector_insert_with_auto_embedding,16,pass
tests/test_store.py::test_async_vector_insert_with_auto_embedding,17,pass
tests/test_store.py::test_async_vector_insert_with_auto_embedding,18,pass
tests/test_store.py::test_async_vector_insert_with_auto_embedding,19,pass
tests/test_store.py::test_async_vector_insert_with_auto_embedding,20,pass
tests/test_store.py::test_async_vector_insert_with_auto_embedding,21,pass
tests/test_store.py::test_async_vector_insert_with_auto_embedding,22,pass
tests/test_store.py::test_async_vector_insert_with_auto_embedding,23,pass
tests/test_store.py::test_async_vector_insert_with_auto_embedding,24,pass
tests/test_store.py::test_async_vector_insert_with_auto_embedding,25,pass
tests/test_store.py::test_async_vector_insert_with_auto_embedding,26,pass
tests/test_store.py::test_async_vector_insert_with_auto_embedding,27,pass
tests/test_store.py::test_async_vector_insert_with_auto_embedding,28,pass
tests/test_store.py::test_async_vector_insert_with_auto_embedding,29,pass
tests/test_store.py::test_async_vector_insert_with_auto_embedding,30,pass
tests/test_store.py::test_async_vector_insert_with_auto_embedding,31,pass
tests/test_store.py::test_async_vector_insert_with_auto_embedding,32,pass
tests/test_store.py::test_async_vector_insert_with_auto_embedding,33,pass
tests/test_store.py::test_async_vector_insert_with_auto_embedding,34,pass
tests/test_store.py::test_async_vector_insert_with_auto_embedding,35,pass
tests/test_store.py::test_async_vector_insert_with_auto_embedding,36,pass
tests/test_store.py::test_async_vector_insert_with_auto_embedding,37,pass
tests/test_store.py::test_async_vector_insert_with_auto_embedding,38,pass
tests/test_store.py::test_async_vector_insert_with_auto_embedding,39,pass
tests/test_store.py::test_async_vector_insert_with_auto_embedding,40,pass
tests/test_store.py::test_async_vector_insert_with_auto_embedding,41,pass
tests/test_store.py::test_async_vector_insert_with_auto_embedding,42,pass
tests/test_store.py::test_async_vector_insert_with_auto_embedding,43,pass
tests/test_store.py::test_async_vector_insert_with_auto_embedding,44,pass
tests/test_store.py::test_async_vector_insert_with_auto_embedding,45,pass
tests/test_store.py::test_async_vector_insert_with_auto_embedding,46,pass
tests/test_store.py::test_async_vector_insert_with_auto_embedding,47,pass
tests/test_store.py::test_async_vector_insert_with_auto_embedding,48,pass
tests/test_store.py::test_async_vector_insert_with_auto_embedding,49,pass
tests/test_store.py::test_async_vector_insert_with_auto_embedding,50,pass
tests/test_store.py::test_async_vector_search_pagination,1,pass
tests/test_store.py::test_async_vector_search_pagination,2,pass
tests/test_store.py::test_async_vector_search_pagination,3,pass
tests/test_store.py::test_async_vector_search_pagination,4,pass
tests/test_store.py::test_async_vector_search_pagination,5,pass
tests/test_store.py::test_async_vector_search_pagination,6,pass
tests/test_store.py::test_async_vector_search_pagination,7,pass
tests/test_store.py::test_async_vector_search_pagination,8,pass
tests/test_store.py::test_async_vector_search_pagination,9,pass
tests/test_store.py::test_async_vector_search_pagination,10,pass
tests/test_store.py::test_async_vector_search_pagination,11,pass
tests/test_store.py::test_async_vector_search_pagination,12,pass
tests/test_store.py::test_async_vector_search_pagination,13,pass
tests/test_store.py::test_async_vector_search_pagination,14,pass
tests/test_store.py::test_async_vector_search_pagination,15,pass
tests/test_store.py::test_async_vector_search_pagination,16,pass
tests/test_store.py::test_async_vector_search_pagination,17,pass
tests/test_store.py::test_async_vector_search_pagination,18,pass
tests/test_store.py::test_async_vector_search_pagination,19,pass
tests/test_store.py::test_async_vector_search_pagination,20,pass
tests/test_store.py::test_async_vector_search_pagination,21,pass
tests/test_store.py::test_async_vector_search_pagination,22,pass
tests/test_store.py::test_async_vector_search_pagination,23,pass
tests/test_store.py::test_async_vector_search_pagination,24,pass
tests/test_store.py::test_async_vector_search_pagination,25,pass
tests/test_store.py::test_async_vector_search_pagination,26,pass
tests/test_store.py::test_async_vector_search_pagination,27,pass
tests/test_store.py::test_async_vector_search_pagination,28,pass
tests/test_store.py::test_async_vector_search_pagination,29,pass
tests/test_store.py::test_async_vector_search_pagination,30,pass
tests/test_store.py::test_async_vector_search_pagination,31,pass
tests/test_store.py::test_async_vector_search_pagination,32,pass
tests/test_store.py::test_async_vector_search_pagination,33,pass
tests/test_store.py::test_async_vector_search_pagination,34,pass
tests/test_store.py::test_async_vector_search_pagination,35,pass
tests/test_store.py::test_async_vector_search_pagination,36,pass
tests/test_store.py::test_async_vector_search_pagination,37,pass
tests/test_store.py::test_async_vector_search_pagination,38,pass
tests/test_store.py::test_async_vector_search_pagination,39,pass
tests/test_store.py::test_async_vector_search_pagination,40,pass
tests/test_store.py::test_async_vector_search_pagination,41,pass
tests/test_store.py::test_async_vector_search_pagination,42,pass
tests/test_store.py::test_async_vector_search_pagination,43,pass
tests/test_store.py::test_async_vector_search_pagination,44,pass
tests/test_store.py::test_async_vector_search_pagination,45,pass
tests/test_store.py::test_async_vector_search_pagination,46,pass
tests/test_store.py::test_async_vector_search_pagination,47,pass
tests/test_store.py::test_async_vector_search_pagination,48,pass
tests/test_store.py::test_async_vector_search_pagination,49,pass
tests/test_store.py::test_async_vector_search_pagination,50,pass
tests/test_store.py::test_async_vector_search_with_filters,1,pass
tests/test_store.py::test_async_vector_search_with_filters,2,pass
tests/test_store.py::test_async_vector_search_with_filters,3,pass
tests/test_store.py::test_async_vector_search_with_filters,4,pass
tests/test_store.py::test_async_vector_search_with_filters,5,pass
tests/test_store.py::test_async_vector_search_with_filters,6,pass
tests/test_store.py::test_async_vector_search_with_filters,7,pass
tests/test_store.py::test_async_vector_search_with_filters,8,pass
tests/test_store.py::test_async_vector_search_with_filters,9,pass
tests/test_store.py::test_async_vector_search_with_filters,10,pass
tests/test_store.py::test_async_vector_search_with_filters,11,pass
tests/test_store.py::test_async_vector_search_with_filters,12,pass
tests/test_store.py::test_async_vector_search_with_filters,13,pass
tests/test_store.py::test_async_vector_search_with_filters,14,pass
tests/test_store.py::test_async_vector_search_with_filters,15,pass
tests/test_store.py::test_async_vector_search_with_filters,16,pass
tests/test_store.py::test_async_vector_search_with_filters,17,pass
tests/test_store.py::test_async_vector_search_with_filters,18,pass
tests/test_store.py::test_async_vector_search_with_filters,19,pass
tests/test_store.py::test_async_vector_search_with_filters,20,pass
tests/test_store.py::test_async_vector_search_with_filters,21,pass
tests/test_store.py::test_async_vector_search_with_filters,22,pass
tests/test_store.py::test_async_vector_search_with_filters,23,pass
tests/test_store.py::test_async_vector_search_with_filters,24,pass
tests/test_store.py::test_async_vector_search_with_filters,25,pass
tests/test_store.py::test_async_vector_search_with_filters,26,pass
tests/test_store.py::test_async_vector_search_with_filters,27,pass
tests/test_store.py::test_async_vector_search_with_filters,28,pass
tests/test_store.py::test_async_vector_search_with_filters,29,pass
tests/test_store.py::test_async_vector_search_with_filters,30,pass
tests/test_store.py::test_async_vector_search_with_filters,31,pass
tests/test_store.py::test_async_vector_search_with_filters,32,pass
tests/test_store.py::test_async_vector_search_with_filters,33,pass
tests/test_store.py::test_async_vector_search_with_filters,34,pass
tests/test_store.py::test_async_vector_search_with_filters,35,pass
tests/test_store.py::test_async_vector_search_with_filters,36,pass
tests/test_store.py::test_async_vector_search_with_filters,37,pass
tests/test_store.py::test_async_vector_search_with_filters,38,pass
tests/test_store.py::test_async_vector_search_with_filters,39,pass
tests/test_store.py::test_async_vector_search_with_filters,40,pass
tests/test_store.py::test_async_vector_search_with_filters,41,pass
tests/test_store.py::test_async_vector_search_with_filters,42,pass
tests/test_store.py::test_async_vector_search_with_filters,43,pass
tests/test_store.py::test_async_vector_search_with_filters,44,pass
tests/test_store.py::test_async_vector_search_with_filters,45,pass
tests/test_store.py::test_async_vector_search_with_filters,46,pass
tests/test_store.py::test_async_vector_search_with_filters,47,pass
tests/test_store.py::test_async_vector_search_with_filters,48,pass
tests/test_store.py::test_async_vector_search_with_filters,49,pass
tests/test_store.py::test_async_vector_search_with_filters,50,pass
tests/test_store.py::test_async_vector_update_with_embedding,1,pass
tests/test_store.py::test_async_vector_update_with_embedding,2,pass
tests/test_store.py::test_async_vector_update_with_embedding,3,pass
tests/test_store.py::test_async_vector_update_with_embedding,4,pass
tests/test_store.py::test_async_vector_update_with_embedding,5,pass
tests/test_store.py::test_async_vector_update_with_embedding,6,pass
tests/test_store.py::test_async_vector_update_with_embedding,7,pass
tests/test_store.py::test_async_vector_update_with_embedding,8,pass
tests/test_store.py::test_async_vector_update_with_embedding,9,pass
tests/test_store.py::test_async_vector_update_with_embedding,10,pass
tests/test_store.py::test_async_vector_update_with_embedding,11,pass
tests/test_store.py::test_async_vector_update_with_embedding,12,pass
tests/test_store.py::test_async_vector_update_with_embedding,13,pass
tests/test_store.py::test_async_vector_update_with_embedding,14,pass
tests/test_store.py::test_async_vector_update_with_embedding,15,pass
tests/test_store.py::test_async_vector_update_with_embedding,16,pass
tests/test_store.py::test_async_vector_update_with_embedding,17,pass
tests/test_store.py::test_async_vector_update_with_embedding,18,pass
tests/test_store.py::test_async_vector_update_with_embedding,19,pass
tests/test_store.py::test_async_vector_update_with_embedding,20,pass
tests/test_store.py::test_async_vector_update_with_embedding,21,pass
tests/test_store.py::test_async_vector_update_with_embedding,22,pass
tests/test_store.py::test_async_vector_update_with_embedding,23,pass
tests/test_store.py::test_async_vector_update_with_embedding,24,pass
tests/test_store.py::test_async_vector_update_with_embedding,25,pass
tests/test_store.py::test_async_vector_update_with_embedding,26,pass
tests/test_store.py::test_async_vector_update_with_embedding,27,pass
tests/test_store.py::test_async_vector_update_with_embedding,28,pass
tests/test_store.py::test_async_vector_update_with_embedding,29,pass
tests/test_store.py::test_async_vector_update_with_embedding,30,pass
tests/test_store.py::test_async_vector_update_with_embedding,31,pass
tests/test_store.py::test_async_vector_update_with_embedding,32,pass
tests/test_store.py::test_async_vector_update_with_embedding,33,pass
tests/test_store.py::test_async_vector_update_with_embedding,34,pass
tests/test_store.py::test_async_vector_update_with_embedding,35,pass
tests/test_store.py::test_async_vector_update_with_embedding,36,pass
tests/test_store.py::test_async_vector_update_with_embedding,37,pass
tests/test_store.py::test_async_vector_update_with_embedding,38,pass
tests/test_store.py::test_async_vector_update_with_embedding,39,pass
tests/test_store.py::test_async_vector_update_with_embedding,40,pass
tests/test_store.py::test_async_vector_update_with_embedding,41,pass
tests/test_store.py::test_async_vector_update_with_embedding,42,pass
tests/test_store.py::test_async_vector_update_with_embedding,43,pass
tests/test_store.py::test_async_vector_update_with_embedding,44,pass
tests/test_store.py::test_async_vector_update_with_embedding,45,pass
tests/test_store.py::test_async_vector_update_with_embedding,46,pass
tests/test_store.py::test_async_vector_update_with_embedding,47,pass
tests/test_store.py::test_async_vector_update_with_embedding,48,pass
tests/test_store.py::test_async_vector_update_with_embedding,49,pass
tests/test_store.py::test_async_vector_update_with_embedding,50,pass
tests/test_redis_cache.py::TestRedisCache::test_basic_set_and_get,1,pass
tests/test_redis_cache.py::TestRedisCache::test_basic_set_and_get,2,pass
tests/test_redis_cache.py::TestRedisCache::test_basic_set_and_get,3,pass
tests/test_redis_cache.py::TestRedisCache::test_basic_set_and_get,4,pass
tests/test_redis_cache.py::TestRedisCache::test_basic_set_and_get,5,pass
tests/test_redis_cache.py::TestRedisCache::test_basic_set_and_get,6,pass
tests/test_redis_cache.py::TestRedisCache::test_basic_set_and_get,7,pass
tests/test_redis_cache.py::TestRedisCache::test_basic_set_and_get,8,pass
tests/test_redis_cache.py::TestRedisCache::test_basic_set_and_get,9,pass
tests/test_redis_cache.py::TestRedisCache::test_basic_set_and_get,10,pass
tests/test_redis_cache.py::TestRedisCache::test_basic_set_and_get,11,pass
tests/test_redis_cache.py::TestRedisCache::test_basic_set_and_get,12,pass
tests/test_redis_cache.py::TestRedisCache::test_basic_set_and_get,13,pass
tests/test_redis_cache.py::TestRedisCache::test_basic_set_and_get,14,pass
tests/test_redis_cache.py::TestRedisCache::test_basic_set_and_get,15,pass
tests/test_redis_cache.py::TestRedisCache::test_basic_set_and_get,16,pass
tests/test_redis_cache.py::TestRedisCache::test_basic_set_and_get,17,pass
tests/test_redis_cache.py::TestRedisCache::test_basic_set_and_get,18,pass
tests/test_redis_cache.py::TestRedisCache::test_basic_set_and_get,19,pass
tests/test_redis_cache.py::TestRedisCache::test_basic_set_and_get,20,pass
tests/test_redis_cache.py::TestRedisCache::test_basic_set_and_get,21,pass
tests/test_redis_cache.py::TestRedisCache::test_basic_set_and_get,22,pass
tests/test_redis_cache.py::TestRedisCache::test_basic_set_and_get,23,pass
tests/test_redis_cache.py::TestRedisCache::test_basic_set_and_get,24,pass
tests/test_redis_cache.py::TestRedisCache::test_basic_set_and_get,25,pass
tests/test_redis_cache.py::TestRedisCache::test_basic_set_and_get,26,pass
tests/test_redis_cache.py::TestRedisCache::test_basic_set_and_get,27,pass
tests/test_redis_cache.py::TestRedisCache::test_basic_set_and_get,28,pass
tests/test_redis_cache.py::TestRedisCache::test_basic_set_and_get,29,pass
tests/test_redis_cache.py::TestRedisCache::test_basic_set_and_get,30,pass
tests/test_redis_cache.py::TestRedisCache::test_basic_set_and_get,31,pass
tests/test_redis_cache.py::TestRedisCache::test_basic_set_and_get,32,pass
tests/test_redis_cache.py::TestRedisCache::test_basic_set_and_get,33,pass
tests/test_redis_cache.py::TestRedisCache::test_basic_set_and_get,34,pass
tests/test_redis_cache.py::TestRedisCache::test_basic_set_and_get,35,pass
tests/test_redis_cache.py::TestRedisCache::test_basic_set_and_get,36,pass
tests/test_redis_cache.py::TestRedisCache::test_basic_set_and_get,37,pass
tests/test_redis_cache.py::TestRedisCache::test_basic_set_and_get,38,pass
tests/test_redis_cache.py::TestRedisCache::test_basic_set_and_get,39,pass
tests/test_redis_cache.py::TestRedisCache::test_basic_set_and_get,40,pass
tests/test_redis_cache.py::TestRedisCache::test_basic_set_and_get,41,pass
tests/test_redis_cache.py::TestRedisCache::test_basic_set_and_get,42,pass
tests/test_redis_cache.py::TestRedisCache::test_basic_set_and_get,43,pass
tests/test_redis_cache.py::TestRedisCache::test_basic_set_and_get,44,pass
tests/test_redis_cache.py::TestRedisCache::test_basic_set_and_get,45,pass
tests/test_redis_cache.py::TestRedisCache::test_basic_set_and_get,46,pass
tests/test_redis_cache.py::TestRedisCache::test_basic_set_and_get,47,pass
tests/test_redis_cache.py::TestRedisCache::test_basic_set_and_get,48,pass
tests/test_redis_cache.py::TestRedisCache::test_basic_set_and_get,49,pass
tests/test_redis_cache.py::TestRedisCache::test_basic_set_and_get,50,pass
tests/test_redis_cache.py::TestRedisCache::test_batch_operations,1,pass
tests/test_redis_cache.py::TestRedisCache::test_batch_operations,2,pass
tests/test_redis_cache.py::TestRedisCache::test_batch_operations,3,pass
tests/test_redis_cache.py::TestRedisCache::test_batch_operations,4,pass
tests/test_redis_cache.py::TestRedisCache::test_batch_operations,5,pass
tests/test_redis_cache.py::TestRedisCache::test_batch_operations,6,pass
tests/test_redis_cache.py::TestRedisCache::test_batch_operations,7,pass
tests/test_redis_cache.py::TestRedisCache::test_batch_operations,8,pass
tests/test_redis_cache.py::TestRedisCache::test_batch_operations,9,pass
tests/test_redis_cache.py::TestRedisCache::test_batch_operations,10,pass
tests/test_redis_cache.py::TestRedisCache::test_batch_operations,11,pass
tests/test_redis_cache.py::TestRedisCache::test_batch_operations,12,pass
tests/test_redis_cache.py::TestRedisCache::test_batch_operations,13,pass
tests/test_redis_cache.py::TestRedisCache::test_batch_operations,14,pass
tests/test_redis_cache.py::TestRedisCache::test_batch_operations,15,pass
tests/test_redis_cache.py::TestRedisCache::test_batch_operations,16,pass
tests/test_redis_cache.py::TestRedisCache::test_batch_operations,17,pass
tests/test_redis_cache.py::TestRedisCache::test_batch_operations,18,pass
tests/test_redis_cache.py::TestRedisCache::test_batch_operations,19,pass
tests/test_redis_cache.py::TestRedisCache::test_batch_operations,20,pass
tests/test_redis_cache.py::TestRedisCache::test_batch_operations,21,pass
tests/test_redis_cache.py::TestRedisCache::test_batch_operations,22,pass
tests/test_redis_cache.py::TestRedisCache::test_batch_operations,23,pass
tests/test_redis_cache.py::TestRedisCache::test_batch_operations,24,pass
tests/test_redis_cache.py::TestRedisCache::test_batch_operations,25,pass
tests/test_redis_cache.py::TestRedisCache::test_batch_operations,26,pass
tests/test_redis_cache.py::TestRedisCache::test_batch_operations,27,pass
tests/test_redis_cache.py::TestRedisCache::test_batch_operations,28,pass
tests/test_redis_cache.py::TestRedisCache::test_batch_operations,29,pass
tests/test_redis_cache.py::TestRedisCache::test_batch_operations,30,pass
tests/test_redis_cache.py::TestRedisCache::test_batch_operations,31,pass
tests/test_redis_cache.py::TestRedisCache::test_batch_operations,32,pass
tests/test_redis_cache.py::TestRedisCache::test_batch_operations,33,pass
tests/test_redis_cache.py::TestRedisCache::test_batch_operations,34,pass
tests/test_redis_cache.py::TestRedisCache::test_batch_operations,35,pass
tests/test_redis_cache.py::TestRedisCache::test_batch_operations,36,pass
tests/test_redis_cache.py::TestRedisCache::test_batch_operations,37,pass
tests/test_redis_cache.py::TestRedisCache::test_batch_operations,38,pass
tests/test_redis_cache.py::TestRedisCache::test_batch_operations,39,pass
tests/test_redis_cache.py::TestRedisCache::test_batch_operations,40,pass
tests/test_redis_cache.py::TestRedisCache::test_batch_operations,41,pass
tests/test_redis_cache.py::TestRedisCache::test_batch_operations,42,pass
tests/test_redis_cache.py::TestRedisCache::test_batch_operations,43,pass
tests/test_redis_cache.py::TestRedisCache::test_batch_operations,44,pass
tests/test_redis_cache.py::TestRedisCache::test_batch_operations,45,pass
tests/test_redis_cache.py::TestRedisCache::test_batch_operations,46,pass
tests/test_redis_cache.py::TestRedisCache::test_batch_operations,47,pass
tests/test_redis_cache.py::TestRedisCache::test_batch_operations,48,pass
tests/test_redis_cache.py::TestRedisCache::test_batch_operations,49,pass
tests/test_redis_cache.py::TestRedisCache::test_batch_operations,50,pass
tests/test_redis_cache.py::TestRedisCache::test_clear_all,1,pass
tests/test_redis_cache.py::TestRedisCache::test_clear_all,2,pass
tests/test_redis_cache.py::TestRedisCache::test_clear_all,3,pass
tests/test_redis_cache.py::TestRedisCache::test_clear_all,4,pass
tests/test_redis_cache.py::TestRedisCache::test_clear_all,5,pass
tests/test_redis_cache.py::TestRedisCache::test_clear_all,6,pass
tests/test_redis_cache.py::TestRedisCache::test_clear_all,7,pass
tests/test_redis_cache.py::TestRedisCache::test_clear_all,8,pass
tests/test_redis_cache.py::TestRedisCache::test_clear_all,9,pass
tests/test_redis_cache.py::TestRedisCache::test_clear_all,10,pass
tests/test_redis_cache.py::TestRedisCache::test_clear_all,11,pass
tests/test_redis_cache.py::TestRedisCache::test_clear_all,12,pass
tests/test_redis_cache.py::TestRedisCache::test_clear_all,13,pass
tests/test_redis_cache.py::TestRedisCache::test_clear_all,14,pass
tests/test_redis_cache.py::TestRedisCache::test_clear_all,15,pass
tests/test_redis_cache.py::TestRedisCache::test_clear_all,16,pass
tests/test_redis_cache.py::TestRedisCache::test_clear_all,17,pass
tests/test_redis_cache.py::TestRedisCache::test_clear_all,18,pass
tests/test_redis_cache.py::TestRedisCache::test_clear_all,19,pass
tests/test_redis_cache.py::TestRedisCache::test_clear_all,20,pass
tests/test_redis_cache.py::TestRedisCache::test_clear_all,21,pass
tests/test_redis_cache.py::TestRedisCache::test_clear_all,22,pass
tests/test_redis_cache.py::TestRedisCache::test_clear_all,23,pass
tests/test_redis_cache.py::TestRedisCache::test_clear_all,24,pass
tests/test_redis_cache.py::TestRedisCache::test_clear_all,25,pass
tests/test_redis_cache.py::TestRedisCache::test_clear_all,26,pass
tests/test_redis_cache.py::TestRedisCache::test_clear_all,27,pass
tests/test_redis_cache.py::TestRedisCache::test_clear_all,28,pass
tests/test_redis_cache.py::TestRedisCache::test_clear_all,29,pass
tests/test_redis_cache.py::TestRedisCache::test_clear_all,30,pass
tests/test_redis_cache.py::TestRedisCache::test_clear_all,31,pass
tests/test_redis_cache.py::TestRedisCache::test_clear_all,32,pass
tests/test_redis_cache.py::TestRedisCache::test_clear_all,33,pass
tests/test_redis_cache.py::TestRedisCache::test_clear_all,34,pass
tests/test_redis_cache.py::TestRedisCache::test_clear_all,35,pass
tests/test_redis_cache.py::TestRedisCache::test_clear_all,36,pass
tests/test_redis_cache.py::TestRedisCache::test_clear_all,37,pass
tests/test_redis_cache.py::TestRedisCache::test_clear_all,38,pass
tests/test_redis_cache.py::TestRedisCache::test_clear_all,39,pass
tests/test_redis_cache.py::TestRedisCache::test_clear_all,40,pass
tests/test_redis_cache.py::TestRedisCache::test_clear_all,41,pass
tests/test_redis_cache.py::TestRedisCache::test_clear_all,42,pass
tests/test_redis_cache.py::TestRedisCache::test_clear_all,43,pass
tests/test_redis_cache.py::TestRedisCache::test_clear_all,44,pass
tests/test_redis_cache.py::TestRedisCache::test_clear_all,45,pass
tests/test_redis_cache.py::TestRedisCache::test_clear_all,46,pass
tests/test_redis_cache.py::TestRedisCache::test_clear_all,47,pass
tests/test_redis_cache.py::TestRedisCache::test_clear_all,48,pass
tests/test_redis_cache.py::TestRedisCache::test_clear_all,49,pass
tests/test_redis_cache.py::TestRedisCache::test_clear_all,50,pass
tests/test_redis_cache.py::TestRedisCache::test_clear_by_namespace,1,pass
tests/test_redis_cache.py::TestRedisCache::test_clear_by_namespace,2,pass
tests/test_redis_cache.py::TestRedisCache::test_clear_by_namespace,3,pass
tests/test_redis_cache.py::TestRedisCache::test_clear_by_namespace,4,pass
tests/test_redis_cache.py::TestRedisCache::test_clear_by_namespace,5,pass
tests/test_redis_cache.py::TestRedisCache::test_clear_by_namespace,6,pass
tests/test_redis_cache.py::TestRedisCache::test_clear_by_namespace,7,pass
tests/test_redis_cache.py::TestRedisCache::test_clear_by_namespace,8,pass
tests/test_redis_cache.py::TestRedisCache::test_clear_by_namespace,9,pass
tests/test_redis_cache.py::TestRedisCache::test_clear_by_namespace,10,pass
tests/test_redis_cache.py::TestRedisCache::test_clear_by_namespace,11,pass
tests/test_redis_cache.py::TestRedisCache::test_clear_by_namespace,12,pass
tests/test_redis_cache.py::TestRedisCache::test_clear_by_namespace,13,pass
tests/test_redis_cache.py::TestRedisCache::test_clear_by_namespace,14,pass
tests/test_redis_cache.py::TestRedisCache::test_clear_by_namespace,15,pass
tests/test_redis_cache.py::TestRedisCache::test_clear_by_namespace,16,pass
tests/test_redis_cache.py::TestRedisCache::test_clear_by_namespace,17,pass
tests/test_redis_cache.py::TestRedisCache::test_clear_by_namespace,18,pass
tests/test_redis_cache.py::TestRedisCache::test_clear_by_namespace,19,pass
tests/test_redis_cache.py::TestRedisCache::test_clear_by_namespace,20,pass
tests/test_redis_cache.py::TestRedisCache::test_clear_by_namespace,21,pass
tests/test_redis_cache.py::TestRedisCache::test_clear_by_namespace,22,pass
tests/test_redis_cache.py::TestRedisCache::test_clear_by_namespace,23,pass
tests/test_redis_cache.py::TestRedisCache::test_clear_by_namespace,24,pass
tests/test_redis_cache.py::TestRedisCache::test_clear_by_namespace,25,pass
tests/test_redis_cache.py::TestRedisCache::test_clear_by_namespace,26,pass
tests/test_redis_cache.py::TestRedisCache::test_clear_by_namespace,27,pass
tests/test_redis_cache.py::TestRedisCache::test_clear_by_namespace,28,pass
tests/test_redis_cache.py::TestRedisCache::test_clear_by_namespace,29,pass
tests/test_redis_cache.py::TestRedisCache::test_clear_by_namespace,30,pass
tests/test_redis_cache.py::TestRedisCache::test_clear_by_namespace,31,pass
tests/test_redis_cache.py::TestRedisCache::test_clear_by_namespace,32,pass
tests/test_redis_cache.py::TestRedisCache::test_clear_by_namespace,33,pass
tests/test_redis_cache.py::TestRedisCache::test_clear_by_namespace,34,pass
tests/test_redis_cache.py::TestRedisCache::test_clear_by_namespace,35,pass
tests/test_redis_cache.py::TestRedisCache::test_clear_by_namespace,36,pass
tests/test_redis_cache.py::TestRedisCache::test_clear_by_namespace,37,pass
tests/test_redis_cache.py::TestRedisCache::test_clear_by_namespace,38,pass
tests/test_redis_cache.py::TestRedisCache::test_clear_by_namespace,39,pass
tests/test_redis_cache.py::TestRedisCache::test_clear_by_namespace,40,pass
tests/test_redis_cache.py::TestRedisCache::test_clear_by_namespace,41,pass
tests/test_redis_cache.py::TestRedisCache::test_clear_by_namespace,42,pass
tests/test_redis_cache.py::TestRedisCache::test_clear_by_namespace,43,pass
tests/test_redis_cache.py::TestRedisCache::test_clear_by_namespace,44,pass
tests/test_redis_cache.py::TestRedisCache::test_clear_by_namespace,45,pass
tests/test_redis_cache.py::TestRedisCache::test_clear_by_namespace,46,pass
tests/test_redis_cache.py::TestRedisCache::test_clear_by_namespace,47,pass
tests/test_redis_cache.py::TestRedisCache::test_clear_by_namespace,48,pass
tests/test_redis_cache.py::TestRedisCache::test_clear_by_namespace,49,pass
tests/test_redis_cache.py::TestRedisCache::test_clear_by_namespace,50,pass
tests/test_redis_cache.py::TestRedisCache::test_corrupted_data_handling,1,pass
tests/test_redis_cache.py::TestRedisCache::test_corrupted_data_handling,2,pass
tests/test_redis_cache.py::TestRedisCache::test_corrupted_data_handling,3,pass
tests/test_redis_cache.py::TestRedisCache::test_corrupted_data_handling,4,pass
tests/test_redis_cache.py::TestRedisCache::test_corrupted_data_handling,5,pass
tests/test_redis_cache.py::TestRedisCache::test_corrupted_data_handling,6,pass
tests/test_redis_cache.py::TestRedisCache::test_corrupted_data_handling,7,pass
tests/test_redis_cache.py::TestRedisCache::test_corrupted_data_handling,8,pass
tests/test_redis_cache.py::TestRedisCache::test_corrupted_data_handling,9,pass
tests/test_redis_cache.py::TestRedisCache::test_corrupted_data_handling,10,pass
tests/test_redis_cache.py::TestRedisCache::test_corrupted_data_handling,11,pass
tests/test_redis_cache.py::TestRedisCache::test_corrupted_data_handling,12,pass
tests/test_redis_cache.py::TestRedisCache::test_corrupted_data_handling,13,pass
tests/test_redis_cache.py::TestRedisCache::test_corrupted_data_handling,14,pass
tests/test_redis_cache.py::TestRedisCache::test_corrupted_data_handling,15,pass
tests/test_redis_cache.py::TestRedisCache::test_corrupted_data_handling,16,pass
tests/test_redis_cache.py::TestRedisCache::test_corrupted_data_handling,17,pass
tests/test_redis_cache.py::TestRedisCache::test_corrupted_data_handling,18,pass
tests/test_redis_cache.py::TestRedisCache::test_corrupted_data_handling,19,pass
tests/test_redis_cache.py::TestRedisCache::test_corrupted_data_handling,20,pass
tests/test_redis_cache.py::TestRedisCache::test_corrupted_data_handling,21,pass
tests/test_redis_cache.py::TestRedisCache::test_corrupted_data_handling,22,pass
tests/test_redis_cache.py::TestRedisCache::test_corrupted_data_handling,23,pass
tests/test_redis_cache.py::TestRedisCache::test_corrupted_data_handling,24,pass
tests/test_redis_cache.py::TestRedisCache::test_corrupted_data_handling,25,pass
tests/test_redis_cache.py::TestRedisCache::test_corrupted_data_handling,26,pass
tests/test_redis_cache.py::TestRedisCache::test_corrupted_data_handling,27,pass
tests/test_redis_cache.py::TestRedisCache::test_corrupted_data_handling,28,pass
tests/test_redis_cache.py::TestRedisCache::test_corrupted_data_handling,29,pass
tests/test_redis_cache.py::TestRedisCache::test_corrupted_data_handling,30,pass
tests/test_redis_cache.py::TestRedisCache::test_corrupted_data_handling,31,pass
tests/test_redis_cache.py::TestRedisCache::test_corrupted_data_handling,32,pass
tests/test_redis_cache.py::TestRedisCache::test_corrupted_data_handling,33,pass
tests/test_redis_cache.py::TestRedisCache::test_corrupted_data_handling,34,pass
tests/test_redis_cache.py::TestRedisCache::test_corrupted_data_handling,35,pass
tests/test_redis_cache.py::TestRedisCache::test_corrupted_data_handling,36,pass
tests/test_redis_cache.py::TestRedisCache::test_corrupted_data_handling,37,pass
tests/test_redis_cache.py::TestRedisCache::test_corrupted_data_handling,38,pass
tests/test_redis_cache.py::TestRedisCache::test_corrupted_data_handling,39,pass
tests/test_redis_cache.py::TestRedisCache::test_corrupted_data_handling,40,pass
tests/test_redis_cache.py::TestRedisCache::test_corrupted_data_handling,41,pass
tests/test_redis_cache.py::TestRedisCache::test_corrupted_data_handling,42,pass
tests/test_redis_cache.py::TestRedisCache::test_corrupted_data_handling,43,pass
tests/test_redis_cache.py::TestRedisCache::test_corrupted_data_handling,44,pass
tests/test_redis_cache.py::TestRedisCache::test_corrupted_data_handling,45,pass
tests/test_redis_cache.py::TestRedisCache::test_corrupted_data_handling,46,pass
tests/test_redis_cache.py::TestRedisCache::test_corrupted_data_handling,47,pass
tests/test_redis_cache.py::TestRedisCache::test_corrupted_data_handling,48,pass
tests/test_redis_cache.py::TestRedisCache::test_corrupted_data_handling,49,pass
tests/test_redis_cache.py::TestRedisCache::test_corrupted_data_handling,50,pass
tests/test_redis_cache.py::TestRedisCache::test_empty_operations,1,pass
tests/test_redis_cache.py::TestRedisCache::test_empty_operations,2,pass
tests/test_redis_cache.py::TestRedisCache::test_empty_operations,3,pass
tests/test_redis_cache.py::TestRedisCache::test_empty_operations,4,pass
tests/test_redis_cache.py::TestRedisCache::test_empty_operations,5,pass
tests/test_redis_cache.py::TestRedisCache::test_empty_operations,6,pass
tests/test_redis_cache.py::TestRedisCache::test_empty_operations,7,pass
tests/test_redis_cache.py::TestRedisCache::test_empty_operations,8,pass
tests/test_redis_cache.py::TestRedisCache::test_empty_operations,9,pass
tests/test_redis_cache.py::TestRedisCache::test_empty_operations,10,pass
tests/test_redis_cache.py::TestRedisCache::test_empty_operations,11,pass
tests/test_redis_cache.py::TestRedisCache::test_empty_operations,12,pass
tests/test_redis_cache.py::TestRedisCache::test_empty_operations,13,pass
tests/test_redis_cache.py::TestRedisCache::test_empty_operations,14,pass
tests/test_redis_cache.py::TestRedisCache::test_empty_operations,15,pass
tests/test_redis_cache.py::TestRedisCache::test_empty_operations,16,pass
tests/test_redis_cache.py::TestRedisCache::test_empty_operations,17,pass
tests/test_redis_cache.py::TestRedisCache::test_empty_operations,18,pass
tests/test_redis_cache.py::TestRedisCache::test_empty_operations,19,pass
tests/test_redis_cache.py::TestRedisCache::test_empty_operations,20,pass
tests/test_redis_cache.py::TestRedisCache::test_empty_operations,21,pass
tests/test_redis_cache.py::TestRedisCache::test_empty_operations,22,pass
tests/test_redis_cache.py::TestRedisCache::test_empty_operations,23,pass
tests/test_redis_cache.py::TestRedisCache::test_empty_operations,24,pass
tests/test_redis_cache.py::TestRedisCache::test_empty_operations,25,pass
tests/test_redis_cache.py::TestRedisCache::test_empty_operations,26,pass
tests/test_redis_cache.py::TestRedisCache::test_empty_operations,27,pass
tests/test_redis_cache.py::TestRedisCache::test_empty_operations,28,pass
tests/test_redis_cache.py::TestRedisCache::test_empty_operations,29,pass
tests/test_redis_cache.py::TestRedisCache::test_empty_operations,30,pass
tests/test_redis_cache.py::TestRedisCache::test_empty_operations,31,pass
tests/test_redis_cache.py::TestRedisCache::test_empty_operations,32,pass
tests/test_redis_cache.py::TestRedisCache::test_empty_operations,33,pass
tests/test_redis_cache.py::TestRedisCache::test_empty_operations,34,pass
tests/test_redis_cache.py::TestRedisCache::test_empty_operations,35,pass
tests/test_redis_cache.py::TestRedisCache::test_empty_operations,36,pass
tests/test_redis_cache.py::TestRedisCache::test_empty_operations,37,pass
tests/test_redis_cache.py::TestRedisCache::test_empty_operations,38,pass
tests/test_redis_cache.py::TestRedisCache::test_empty_operations,39,pass
tests/test_redis_cache.py::TestRedisCache::test_empty_operations,40,pass
tests/test_redis_cache.py::TestRedisCache::test_empty_operations,41,pass
tests/test_redis_cache.py::TestRedisCache::test_empty_operations,42,pass
tests/test_redis_cache.py::TestRedisCache::test_empty_operations,43,pass
tests/test_redis_cache.py::TestRedisCache::test_empty_operations,44,pass
tests/test_redis_cache.py::TestRedisCache::test_empty_operations,45,pass
tests/test_redis_cache.py::TestRedisCache::test_empty_operations,46,pass
tests/test_redis_cache.py::TestRedisCache::test_empty_operations,47,pass
tests/test_redis_cache.py::TestRedisCache::test_empty_operations,48,pass
tests/test_redis_cache.py::TestRedisCache::test_empty_operations,49,pass
tests/test_redis_cache.py::TestRedisCache::test_empty_operations,50,pass
tests/test_redis_cache.py::TestRedisCache::test_key_parsing_edge_cases,1,pass
tests/test_redis_cache.py::TestRedisCache::test_key_parsing_edge_cases,2,pass
tests/test_redis_cache.py::TestRedisCache::test_key_parsing_edge_cases,3,pass
tests/test_redis_cache.py::TestRedisCache::test_key_parsing_edge_cases,4,pass
tests/test_redis_cache.py::TestRedisCache::test_key_parsing_edge_cases,5,pass
tests/test_redis_cache.py::TestRedisCache::test_key_parsing_edge_cases,6,pass
tests/test_redis_cache.py::TestRedisCache::test_key_parsing_edge_cases,7,pass
tests/test_redis_cache.py::TestRedisCache::test_key_parsing_edge_cases,8,pass
tests/test_redis_cache.py::TestRedisCache::test_key_parsing_edge_cases,9,pass
tests/test_redis_cache.py::TestRedisCache::test_key_parsing_edge_cases,10,pass
tests/test_redis_cache.py::TestRedisCache::test_key_parsing_edge_cases,11,pass
tests/test_redis_cache.py::TestRedisCache::test_key_parsing_edge_cases,12,pass
tests/test_redis_cache.py::TestRedisCache::test_key_parsing_edge_cases,13,pass
tests/test_redis_cache.py::TestRedisCache::test_key_parsing_edge_cases,14,pass
tests/test_redis_cache.py::TestRedisCache::test_key_parsing_edge_cases,15,pass
tests/test_redis_cache.py::TestRedisCache::test_key_parsing_edge_cases,16,pass
tests/test_redis_cache.py::TestRedisCache::test_key_parsing_edge_cases,17,pass
tests/test_redis_cache.py::TestRedisCache::test_key_parsing_edge_cases,18,pass
tests/test_redis_cache.py::TestRedisCache::test_key_parsing_edge_cases,19,pass
tests/test_redis_cache.py::TestRedisCache::test_key_parsing_edge_cases,20,pass
tests/test_redis_cache.py::TestRedisCache::test_key_parsing_edge_cases,21,pass
tests/test_redis_cache.py::TestRedisCache::test_key_parsing_edge_cases,22,pass
tests/test_redis_cache.py::TestRedisCache::test_key_parsing_edge_cases,23,pass
tests/test_redis_cache.py::TestRedisCache::test_key_parsing_edge_cases,24,pass
tests/test_redis_cache.py::TestRedisCache::test_key_parsing_edge_cases,25,pass
tests/test_redis_cache.py::TestRedisCache::test_key_parsing_edge_cases,26,pass
tests/test_redis_cache.py::TestRedisCache::test_key_parsing_edge_cases,27,pass
tests/test_redis_cache.py::TestRedisCache::test_key_parsing_edge_cases,28,pass
tests/test_redis_cache.py::TestRedisCache::test_key_parsing_edge_cases,29,pass
tests/test_redis_cache.py::TestRedisCache::test_key_parsing_edge_cases,30,pass
tests/test_redis_cache.py::TestRedisCache::test_key_parsing_edge_cases,31,pass
tests/test_redis_cache.py::TestRedisCache::test_key_parsing_edge_cases,32,pass
tests/test_redis_cache.py::TestRedisCache::test_key_parsing_edge_cases,33,pass
tests/test_redis_cache.py::TestRedisCache::test_key_parsing_edge_cases,34,pass
tests/test_redis_cache.py::TestRedisCache::test_key_parsing_edge_cases,35,pass
tests/test_redis_cache.py::TestRedisCache::test_key_parsing_edge_cases,36,pass
tests/test_redis_cache.py::TestRedisCache::test_key_parsing_edge_cases,37,pass
tests/test_redis_cache.py::TestRedisCache::test_key_parsing_edge_cases,38,pass
tests/test_redis_cache.py::TestRedisCache::test_key_parsing_edge_cases,39,pass
tests/test_redis_cache.py::TestRedisCache::test_key_parsing_edge_cases,40,pass
tests/test_redis_cache.py::TestRedisCache::test_key_parsing_edge_cases,41,pass
tests/test_redis_cache.py::TestRedisCache::test_key_parsing_edge_cases,42,pass
tests/test_redis_cache.py::TestRedisCache::test_key_parsing_edge_cases,43,pass
tests/test_redis_cache.py::TestRedisCache::test_key_parsing_edge_cases,44,pass
tests/test_redis_cache.py::TestRedisCache::test_key_parsing_edge_cases,45,pass
tests/test_redis_cache.py::TestRedisCache::test_key_parsing_edge_cases,46,pass
tests/test_redis_cache.py::TestRedisCache::test_key_parsing_edge_cases,47,pass
tests/test_redis_cache.py::TestRedisCache::test_key_parsing_edge_cases,48,pass
tests/test_redis_cache.py::TestRedisCache::test_key_parsing_edge_cases,49,pass
tests/test_redis_cache.py::TestRedisCache::test_key_parsing_edge_cases,50,pass
tests/test_redis_cache.py::TestRedisCache::test_large_data_serialization,1,pass
tests/test_redis_cache.py::TestRedisCache::test_large_data_serialization,2,pass
tests/test_redis_cache.py::TestRedisCache::test_large_data_serialization,3,pass
tests/test_redis_cache.py::TestRedisCache::test_large_data_serialization,4,pass
tests/test_redis_cache.py::TestRedisCache::test_large_data_serialization,5,pass
tests/test_redis_cache.py::TestRedisCache::test_large_data_serialization,6,pass
tests/test_redis_cache.py::TestRedisCache::test_large_data_serialization,7,pass
tests/test_redis_cache.py::TestRedisCache::test_large_data_serialization,8,pass
tests/test_redis_cache.py::TestRedisCache::test_large_data_serialization,9,pass
tests/test_redis_cache.py::TestRedisCache::test_large_data_serialization,10,pass
tests/test_redis_cache.py::TestRedisCache::test_large_data_serialization,11,pass
tests/test_redis_cache.py::TestRedisCache::test_large_data_serialization,12,pass
tests/test_redis_cache.py::TestRedisCache::test_large_data_serialization,13,pass
tests/test_redis_cache.py::TestRedisCache::test_large_data_serialization,14,pass
tests/test_redis_cache.py::TestRedisCache::test_large_data_serialization,15,pass
tests/test_redis_cache.py::TestRedisCache::test_large_data_serialization,16,pass
tests/test_redis_cache.py::TestRedisCache::test_large_data_serialization,17,pass
tests/test_redis_cache.py::TestRedisCache::test_large_data_serialization,18,pass
tests/test_redis_cache.py::TestRedisCache::test_large_data_serialization,19,pass
tests/test_redis_cache.py::TestRedisCache::test_large_data_serialization,20,pass
tests/test_redis_cache.py::TestRedisCache::test_large_data_serialization,21,pass
tests/test_redis_cache.py::TestRedisCache::test_large_data_serialization,22,pass
tests/test_redis_cache.py::TestRedisCache::test_large_data_serialization,23,pass
tests/test_redis_cache.py::TestRedisCache::test_large_data_serialization,24,pass
tests/test_redis_cache.py::TestRedisCache::test_large_data_serialization,25,pass
tests/test_redis_cache.py::TestRedisCache::test_large_data_serialization,26,pass
tests/test_redis_cache.py::TestRedisCache::test_large_data_serialization,27,pass
tests/test_redis_cache.py::TestRedisCache::test_large_data_serialization,28,pass
tests/test_redis_cache.py::TestRedisCache::test_large_data_serialization,29,pass
tests/test_redis_cache.py::TestRedisCache::test_large_data_serialization,30,pass
tests/test_redis_cache.py::TestRedisCache::test_large_data_serialization,31,pass
tests/test_redis_cache.py::TestRedisCache::test_large_data_serialization,32,pass
tests/test_redis_cache.py::TestRedisCache::test_large_data_serialization,33,pass
tests/test_redis_cache.py::TestRedisCache::test_large_data_serialization,34,pass
tests/test_redis_cache.py::TestRedisCache::test_large_data_serialization,35,pass
tests/test_redis_cache.py::TestRedisCache::test_large_data_serialization,36,pass
tests/test_redis_cache.py::TestRedisCache::test_large_data_serialization,37,pass
tests/test_redis_cache.py::TestRedisCache::test_large_data_serialization,38,pass
tests/test_redis_cache.py::TestRedisCache::test_large_data_serialization,39,pass
tests/test_redis_cache.py::TestRedisCache::test_large_data_serialization,40,pass
tests/test_redis_cache.py::TestRedisCache::test_large_data_serialization,41,pass
tests/test_redis_cache.py::TestRedisCache::test_large_data_serialization,42,pass
tests/test_redis_cache.py::TestRedisCache::test_large_data_serialization,43,pass
tests/test_redis_cache.py::TestRedisCache::test_large_data_serialization,44,pass
tests/test_redis_cache.py::TestRedisCache::test_large_data_serialization,45,pass
tests/test_redis_cache.py::TestRedisCache::test_large_data_serialization,46,pass
tests/test_redis_cache.py::TestRedisCache::test_large_data_serialization,47,pass
tests/test_redis_cache.py::TestRedisCache::test_large_data_serialization,48,pass
tests/test_redis_cache.py::TestRedisCache::test_large_data_serialization,49,pass
tests/test_redis_cache.py::TestRedisCache::test_large_data_serialization,50,pass
tests/test_redis_cache.py::TestRedisCache::test_namespace_isolation,1,pass
tests/test_redis_cache.py::TestRedisCache::test_namespace_isolation,2,pass
tests/test_redis_cache.py::TestRedisCache::test_namespace_isolation,3,pass
tests/test_redis_cache.py::TestRedisCache::test_namespace_isolation,4,pass
tests/test_redis_cache.py::TestRedisCache::test_namespace_isolation,5,pass
tests/test_redis_cache.py::TestRedisCache::test_namespace_isolation,6,pass
tests/test_redis_cache.py::TestRedisCache::test_namespace_isolation,7,pass
tests/test_redis_cache.py::TestRedisCache::test_namespace_isolation,8,pass
tests/test_redis_cache.py::TestRedisCache::test_namespace_isolation,9,pass
tests/test_redis_cache.py::TestRedisCache::test_namespace_isolation,10,pass
tests/test_redis_cache.py::TestRedisCache::test_namespace_isolation,11,pass
tests/test_redis_cache.py::TestRedisCache::test_namespace_isolation,12,pass
tests/test_redis_cache.py::TestRedisCache::test_namespace_isolation,13,pass
tests/test_redis_cache.py::TestRedisCache::test_namespace_isolation,14,pass
tests/test_redis_cache.py::TestRedisCache::test_namespace_isolation,15,pass
tests/test_redis_cache.py::TestRedisCache::test_namespace_isolation,16,pass
tests/test_redis_cache.py::TestRedisCache::test_namespace_isolation,17,pass
tests/test_redis_cache.py::TestRedisCache::test_namespace_isolation,18,pass
tests/test_redis_cache.py::TestRedisCache::test_namespace_isolation,19,pass
tests/test_redis_cache.py::TestRedisCache::test_namespace_isolation,20,pass
tests/test_redis_cache.py::TestRedisCache::test_namespace_isolation,21,pass
tests/test_redis_cache.py::TestRedisCache::test_namespace_isolation,22,pass
tests/test_redis_cache.py::TestRedisCache::test_namespace_isolation,23,pass
tests/test_redis_cache.py::TestRedisCache::test_namespace_isolation,24,pass
tests/test_redis_cache.py::TestRedisCache::test_namespace_isolation,25,pass
tests/test_redis_cache.py::TestRedisCache::test_namespace_isolation,26,pass
tests/test_redis_cache.py::TestRedisCache::test_namespace_isolation,27,pass
tests/test_redis_cache.py::TestRedisCache::test_namespace_isolation,28,pass
tests/test_redis_cache.py::TestRedisCache::test_namespace_isolation,29,pass
tests/test_redis_cache.py::TestRedisCache::test_namespace_isolation,30,pass
tests/test_redis_cache.py::TestRedisCache::test_namespace_isolation,31,pass
tests/test_redis_cache.py::TestRedisCache::test_namespace_isolation,32,pass
tests/test_redis_cache.py::TestRedisCache::test_namespace_isolation,33,pass
tests/test_redis_cache.py::TestRedisCache::test_namespace_isolation,34,pass
tests/test_redis_cache.py::TestRedisCache::test_namespace_isolation,35,pass
tests/test_redis_cache.py::TestRedisCache::test_namespace_isolation,36,pass
tests/test_redis_cache.py::TestRedisCache::test_namespace_isolation,37,pass
tests/test_redis_cache.py::TestRedisCache::test_namespace_isolation,38,pass
tests/test_redis_cache.py::TestRedisCache::test_namespace_isolation,39,pass
tests/test_redis_cache.py::TestRedisCache::test_namespace_isolation,40,pass
tests/test_redis_cache.py::TestRedisCache::test_namespace_isolation,41,pass
tests/test_redis_cache.py::TestRedisCache::test_namespace_isolation,42,pass
tests/test_redis_cache.py::TestRedisCache::test_namespace_isolation,43,pass
tests/test_redis_cache.py::TestRedisCache::test_namespace_isolation,44,pass
tests/test_redis_cache.py::TestRedisCache::test_namespace_isolation,45,pass
tests/test_redis_cache.py::TestRedisCache::test_namespace_isolation,46,pass
tests/test_redis_cache.py::TestRedisCache::test_namespace_isolation,47,pass
tests/test_redis_cache.py::TestRedisCache::test_namespace_isolation,48,pass
tests/test_redis_cache.py::TestRedisCache::test_namespace_isolation,49,pass
tests/test_redis_cache.py::TestRedisCache::test_namespace_isolation,50,pass
tests/test_redis_cache.py::TestRedisCache::test_nonexistent_keys,1,pass
tests/test_redis_cache.py::TestRedisCache::test_nonexistent_keys,2,pass
tests/test_redis_cache.py::TestRedisCache::test_nonexistent_keys,3,pass
tests/test_redis_cache.py::TestRedisCache::test_nonexistent_keys,4,pass
tests/test_redis_cache.py::TestRedisCache::test_nonexistent_keys,5,pass
tests/test_redis_cache.py::TestRedisCache::test_nonexistent_keys,6,pass
tests/test_redis_cache.py::TestRedisCache::test_nonexistent_keys,7,pass
tests/test_redis_cache.py::TestRedisCache::test_nonexistent_keys,8,pass
tests/test_redis_cache.py::TestRedisCache::test_nonexistent_keys,9,pass
tests/test_redis_cache.py::TestRedisCache::test_nonexistent_keys,10,pass
tests/test_redis_cache.py::TestRedisCache::test_nonexistent_keys,11,pass
tests/test_redis_cache.py::TestRedisCache::test_nonexistent_keys,12,pass
tests/test_redis_cache.py::TestRedisCache::test_nonexistent_keys,13,pass
tests/test_redis_cache.py::TestRedisCache::test_nonexistent_keys,14,pass
tests/test_redis_cache.py::TestRedisCache::test_nonexistent_keys,15,pass
tests/test_redis_cache.py::TestRedisCache::test_nonexistent_keys,16,pass
tests/test_redis_cache.py::TestRedisCache::test_nonexistent_keys,17,pass
tests/test_redis_cache.py::TestRedisCache::test_nonexistent_keys,18,pass
tests/test_redis_cache.py::TestRedisCache::test_nonexistent_keys,19,pass
tests/test_redis_cache.py::TestRedisCache::test_nonexistent_keys,20,pass
tests/test_redis_cache.py::TestRedisCache::test_nonexistent_keys,21,pass
tests/test_redis_cache.py::TestRedisCache::test_nonexistent_keys,22,pass
tests/test_redis_cache.py::TestRedisCache::test_nonexistent_keys,23,pass
tests/test_redis_cache.py::TestRedisCache::test_nonexistent_keys,24,pass
tests/test_redis_cache.py::TestRedisCache::test_nonexistent_keys,25,pass
tests/test_redis_cache.py::TestRedisCache::test_nonexistent_keys,26,pass
tests/test_redis_cache.py::TestRedisCache::test_nonexistent_keys,27,pass
tests/test_redis_cache.py::TestRedisCache::test_nonexistent_keys,28,pass
tests/test_redis_cache.py::TestRedisCache::test_nonexistent_keys,29,pass
tests/test_redis_cache.py::TestRedisCache::test_nonexistent_keys,30,pass
tests/test_redis_cache.py::TestRedisCache::test_nonexistent_keys,31,pass
tests/test_redis_cache.py::TestRedisCache::test_nonexistent_keys,32,pass
tests/test_redis_cache.py::TestRedisCache::test_nonexistent_keys,33,pass
tests/test_redis_cache.py::TestRedisCache::test_nonexistent_keys,34,pass
tests/test_redis_cache.py::TestRedisCache::test_nonexistent_keys,35,pass
tests/test_redis_cache.py::TestRedisCache::test_nonexistent_keys,36,pass
tests/test_redis_cache.py::TestRedisCache::test_nonexistent_keys,37,pass
tests/test_redis_cache.py::TestRedisCache::test_nonexistent_keys,38,pass
tests/test_redis_cache.py::TestRedisCache::test_nonexistent_keys,39,pass
tests/test_redis_cache.py::TestRedisCache::test_nonexistent_keys,40,pass
tests/test_redis_cache.py::TestRedisCache::test_nonexistent_keys,41,pass
tests/test_redis_cache.py::TestRedisCache::test_nonexistent_keys,42,pass
tests/test_redis_cache.py::TestRedisCache::test_nonexistent_keys,43,pass
tests/test_redis_cache.py::TestRedisCache::test_nonexistent_keys,44,pass
tests/test_redis_cache.py::TestRedisCache::test_nonexistent_keys,45,pass
tests/test_redis_cache.py::TestRedisCache::test_nonexistent_keys,46,pass
tests/test_redis_cache.py::TestRedisCache::test_nonexistent_keys,47,pass
tests/test_redis_cache.py::TestRedisCache::test_nonexistent_keys,48,pass
tests/test_redis_cache.py::TestRedisCache::test_nonexistent_keys,49,pass
tests/test_redis_cache.py::TestRedisCache::test_nonexistent_keys,50,pass
tests/test_redis_cache.py::TestRedisCache::test_redis_unavailable_get,1,pass
tests/test_redis_cache.py::TestRedisCache::test_redis_unavailable_get,2,pass
tests/test_redis_cache.py::TestRedisCache::test_redis_unavailable_get,3,pass
tests/test_redis_cache.py::TestRedisCache::test_redis_unavailable_get,4,pass
tests/test_redis_cache.py::TestRedisCache::test_redis_unavailable_get,5,pass
tests/test_redis_cache.py::TestRedisCache::test_redis_unavailable_get,6,pass
tests/test_redis_cache.py::TestRedisCache::test_redis_unavailable_get,7,pass
tests/test_redis_cache.py::TestRedisCache::test_redis_unavailable_get,8,pass
tests/test_redis_cache.py::TestRedisCache::test_redis_unavailable_get,9,pass
tests/test_redis_cache.py::TestRedisCache::test_redis_unavailable_get,10,pass
tests/test_redis_cache.py::TestRedisCache::test_redis_unavailable_get,11,pass
tests/test_redis_cache.py::TestRedisCache::test_redis_unavailable_get,12,pass
tests/test_redis_cache.py::TestRedisCache::test_redis_unavailable_get,13,pass
tests/test_redis_cache.py::TestRedisCache::test_redis_unavailable_get,14,pass
tests/test_redis_cache.py::TestRedisCache::test_redis_unavailable_get,15,pass
tests/test_redis_cache.py::TestRedisCache::test_redis_unavailable_get,16,pass
tests/test_redis_cache.py::TestRedisCache::test_redis_unavailable_get,17,pass
tests/test_redis_cache.py::TestRedisCache::test_redis_unavailable_get,18,pass
tests/test_redis_cache.py::TestRedisCache::test_redis_unavailable_get,19,pass
tests/test_redis_cache.py::TestRedisCache::test_redis_unavailable_get,20,pass
tests/test_redis_cache.py::TestRedisCache::test_redis_unavailable_get,21,pass
tests/test_redis_cache.py::TestRedisCache::test_redis_unavailable_get,22,pass
tests/test_redis_cache.py::TestRedisCache::test_redis_unavailable_get,23,pass
tests/test_redis_cache.py::TestRedisCache::test_redis_unavailable_get,24,pass
tests/test_redis_cache.py::TestRedisCache::test_redis_unavailable_get,25,pass
tests/test_redis_cache.py::TestRedisCache::test_redis_unavailable_get,26,pass
tests/test_redis_cache.py::TestRedisCache::test_redis_unavailable_get,27,pass
tests/test_redis_cache.py::TestRedisCache::test_redis_unavailable_get,28,pass
tests/test_redis_cache.py::TestRedisCache::test_redis_unavailable_get,29,pass
tests/test_redis_cache.py::TestRedisCache::test_redis_unavailable_get,30,pass
tests/test_redis_cache.py::TestRedisCache::test_redis_unavailable_get,31,pass
tests/test_redis_cache.py::TestRedisCache::test_redis_unavailable_get,32,pass
tests/test_redis_cache.py::TestRedisCache::test_redis_unavailable_get,33,pass
tests/test_redis_cache.py::TestRedisCache::test_redis_unavailable_get,34,pass
tests/test_redis_cache.py::TestRedisCache::test_redis_unavailable_get,35,pass
tests/test_redis_cache.py::TestRedisCache::test_redis_unavailable_get,36,pass
tests/test_redis_cache.py::TestRedisCache::test_redis_unavailable_get,37,pass
tests/test_redis_cache.py::TestRedisCache::test_redis_unavailable_get,38,pass
tests/test_redis_cache.py::TestRedisCache::test_redis_unavailable_get,39,pass
tests/test_redis_cache.py::TestRedisCache::test_redis_unavailable_get,40,pass
tests/test_redis_cache.py::TestRedisCache::test_redis_unavailable_get,41,pass
tests/test_redis_cache.py::TestRedisCache::test_redis_unavailable_get,42,pass
tests/test_redis_cache.py::TestRedisCache::test_redis_unavailable_get,43,pass
tests/test_redis_cache.py::TestRedisCache::test_redis_unavailable_get,44,pass
tests/test_redis_cache.py::TestRedisCache::test_redis_unavailable_get,45,pass
tests/test_redis_cache.py::TestRedisCache::test_redis_unavailable_get,46,pass
tests/test_redis_cache.py::TestRedisCache::test_redis_unavailable_get,47,pass
tests/test_redis_cache.py::TestRedisCache::test_redis_unavailable_get,48,pass
tests/test_redis_cache.py::TestRedisCache::test_redis_unavailable_get,49,pass
tests/test_redis_cache.py::TestRedisCache::test_redis_unavailable_get,50,pass
tests/test_redis_cache.py::TestRedisCache::test_redis_unavailable_set,1,pass
tests/test_redis_cache.py::TestRedisCache::test_redis_unavailable_set,2,pass
tests/test_redis_cache.py::TestRedisCache::test_redis_unavailable_set,3,pass
tests/test_redis_cache.py::TestRedisCache::test_redis_unavailable_set,4,pass
tests/test_redis_cache.py::TestRedisCache::test_redis_unavailable_set,5,pass
tests/test_redis_cache.py::TestRedisCache::test_redis_unavailable_set,6,pass
tests/test_redis_cache.py::TestRedisCache::test_redis_unavailable_set,7,pass
tests/test_redis_cache.py::TestRedisCache::test_redis_unavailable_set,8,pass
tests/test_redis_cache.py::TestRedisCache::test_redis_unavailable_set,9,pass
tests/test_redis_cache.py::TestRedisCache::test_redis_unavailable_set,10,pass
tests/test_redis_cache.py::TestRedisCache::test_redis_unavailable_set,11,pass
tests/test_redis_cache.py::TestRedisCache::test_redis_unavailable_set,12,pass
tests/test_redis_cache.py::TestRedisCache::test_redis_unavailable_set,13,pass
tests/test_redis_cache.py::TestRedisCache::test_redis_unavailable_set,14,pass
tests/test_redis_cache.py::TestRedisCache::test_redis_unavailable_set,15,pass
tests/test_redis_cache.py::TestRedisCache::test_redis_unavailable_set,16,pass
tests/test_redis_cache.py::TestRedisCache::test_redis_unavailable_set,17,pass
tests/test_redis_cache.py::TestRedisCache::test_redis_unavailable_set,18,pass
tests/test_redis_cache.py::TestRedisCache::test_redis_unavailable_set,19,pass
tests/test_redis_cache.py::TestRedisCache::test_redis_unavailable_set,20,pass
tests/test_redis_cache.py::TestRedisCache::test_redis_unavailable_set,21,pass
tests/test_redis_cache.py::TestRedisCache::test_redis_unavailable_set,22,pass
tests/test_redis_cache.py::TestRedisCache::test_redis_unavailable_set,23,pass
tests/test_redis_cache.py::TestRedisCache::test_redis_unavailable_set,24,pass
tests/test_redis_cache.py::TestRedisCache::test_redis_unavailable_set,25,pass
tests/test_redis_cache.py::TestRedisCache::test_redis_unavailable_set,26,pass
tests/test_redis_cache.py::TestRedisCache::test_redis_unavailable_set,27,pass
tests/test_redis_cache.py::TestRedisCache::test_redis_unavailable_set,28,pass
tests/test_redis_cache.py::TestRedisCache::test_redis_unavailable_set,29,pass
tests/test_redis_cache.py::TestRedisCache::test_redis_unavailable_set,30,pass
tests/test_redis_cache.py::TestRedisCache::test_redis_unavailable_set,31,pass
tests/test_redis_cache.py::TestRedisCache::test_redis_unavailable_set,32,pass
tests/test_redis_cache.py::TestRedisCache::test_redis_unavailable_set,33,pass
tests/test_redis_cache.py::TestRedisCache::test_redis_unavailable_set,34,pass
tests/test_redis_cache.py::TestRedisCache::test_redis_unavailable_set,35,pass
tests/test_redis_cache.py::TestRedisCache::test_redis_unavailable_set,36,pass
tests/test_redis_cache.py::TestRedisCache::test_redis_unavailable_set,37,pass
tests/test_redis_cache.py::TestRedisCache::test_redis_unavailable_set,38,pass
tests/test_redis_cache.py::TestRedisCache::test_redis_unavailable_set,39,pass
tests/test_redis_cache.py::TestRedisCache::test_redis_unavailable_set,40,pass
tests/test_redis_cache.py::TestRedisCache::test_redis_unavailable_set,41,pass
tests/test_redis_cache.py::TestRedisCache::test_redis_unavailable_set,42,pass
tests/test_redis_cache.py::TestRedisCache::test_redis_unavailable_set,43,pass
tests/test_redis_cache.py::TestRedisCache::test_redis_unavailable_set,44,pass
tests/test_redis_cache.py::TestRedisCache::test_redis_unavailable_set,45,pass
tests/test_redis_cache.py::TestRedisCache::test_redis_unavailable_set,46,pass
tests/test_redis_cache.py::TestRedisCache::test_redis_unavailable_set,47,pass
tests/test_redis_cache.py::TestRedisCache::test_redis_unavailable_set,48,pass
tests/test_redis_cache.py::TestRedisCache::test_redis_unavailable_set,49,pass
tests/test_redis_cache.py::TestRedisCache::test_redis_unavailable_set,50,pass
tests/test_redis_cache.py::TestRedisCache::test_ttl_behavior,1,pass
tests/test_redis_cache.py::TestRedisCache::test_ttl_behavior,2,pass
tests/test_redis_cache.py::TestRedisCache::test_ttl_behavior,3,pass
tests/test_redis_cache.py::TestRedisCache::test_ttl_behavior,4,pass
tests/test_redis_cache.py::TestRedisCache::test_ttl_behavior,5,pass
tests/test_redis_cache.py::TestRedisCache::test_ttl_behavior,6,pass
tests/test_redis_cache.py::TestRedisCache::test_ttl_behavior,7,pass
tests/test_redis_cache.py::TestRedisCache::test_ttl_behavior,8,pass
tests/test_redis_cache.py::TestRedisCache::test_ttl_behavior,9,pass
tests/test_redis_cache.py::TestRedisCache::test_ttl_behavior,10,pass
tests/test_redis_cache.py::TestRedisCache::test_ttl_behavior,11,pass
tests/test_redis_cache.py::TestRedisCache::test_ttl_behavior,12,pass
tests/test_redis_cache.py::TestRedisCache::test_ttl_behavior,13,pass
tests/test_redis_cache.py::TestRedisCache::test_ttl_behavior,14,pass
tests/test_redis_cache.py::TestRedisCache::test_ttl_behavior,15,pass
tests/test_redis_cache.py::TestRedisCache::test_ttl_behavior,16,pass
tests/test_redis_cache.py::TestRedisCache::test_ttl_behavior,17,pass
tests/test_redis_cache.py::TestRedisCache::test_ttl_behavior,18,pass
tests/test_redis_cache.py::TestRedisCache::test_ttl_behavior,19,pass
tests/test_redis_cache.py::TestRedisCache::test_ttl_behavior,20,pass
tests/test_redis_cache.py::TestRedisCache::test_ttl_behavior,21,pass
tests/test_redis_cache.py::TestRedisCache::test_ttl_behavior,22,pass
tests/test_redis_cache.py::TestRedisCache::test_ttl_behavior,23,pass
tests/test_redis_cache.py::TestRedisCache::test_ttl_behavior,24,pass
tests/test_redis_cache.py::TestRedisCache::test_ttl_behavior,25,pass
tests/test_redis_cache.py::TestRedisCache::test_ttl_behavior,26,pass
tests/test_redis_cache.py::TestRedisCache::test_ttl_behavior,27,pass
tests/test_redis_cache.py::TestRedisCache::test_ttl_behavior,28,pass
tests/test_redis_cache.py::TestRedisCache::test_ttl_behavior,29,pass
tests/test_redis_cache.py::TestRedisCache::test_ttl_behavior,30,pass
tests/test_redis_cache.py::TestRedisCache::test_ttl_behavior,31,pass
tests/test_redis_cache.py::TestRedisCache::test_ttl_behavior,32,pass
tests/test_redis_cache.py::TestRedisCache::test_ttl_behavior,33,pass
tests/test_redis_cache.py::TestRedisCache::test_ttl_behavior,34,pass
tests/test_redis_cache.py::TestRedisCache::test_ttl_behavior,35,pass
tests/test_redis_cache.py::TestRedisCache::test_ttl_behavior,36,pass
tests/test_redis_cache.py::TestRedisCache::test_ttl_behavior,37,pass
tests/test_redis_cache.py::TestRedisCache::test_ttl_behavior,38,pass
tests/test_redis_cache.py::TestRedisCache::test_ttl_behavior,39,pass
tests/test_redis_cache.py::TestRedisCache::test_ttl_behavior,40,pass
tests/test_redis_cache.py::TestRedisCache::test_ttl_behavior,41,pass
tests/test_redis_cache.py::TestRedisCache::test_ttl_behavior,42,pass
tests/test_redis_cache.py::TestRedisCache::test_ttl_behavior,43,pass
tests/test_redis_cache.py::TestRedisCache::test_ttl_behavior,44,pass
tests/test_redis_cache.py::TestRedisCache::test_ttl_behavior,45,pass
tests/test_redis_cache.py::TestRedisCache::test_ttl_behavior,46,pass
tests/test_redis_cache.py::TestRedisCache::test_ttl_behavior,47,pass
tests/test_redis_cache.py::TestRedisCache::test_ttl_behavior,48,pass
tests/test_redis_cache.py::TestRedisCache::test_ttl_behavior,49,pass
tests/test_redis_cache.py::TestRedisCache::test_ttl_behavior,50,pass
tests/test_store.py::test_cannot_put_empty_namespace,1,pass
tests/test_store.py::test_cannot_put_empty_namespace,2,pass
tests/test_store.py::test_cannot_put_empty_namespace,3,pass
tests/test_store.py::test_cannot_put_empty_namespace,4,pass
tests/test_store.py::test_cannot_put_empty_namespace,5,pass
tests/test_store.py::test_cannot_put_empty_namespace,6,pass
tests/test_store.py::test_cannot_put_empty_namespace,7,pass
tests/test_store.py::test_cannot_put_empty_namespace,8,pass
tests/test_store.py::test_cannot_put_empty_namespace,9,pass
tests/test_store.py::test_cannot_put_empty_namespace,10,pass
tests/test_store.py::test_cannot_put_empty_namespace,11,pass
tests/test_store.py::test_cannot_put_empty_namespace,12,pass
tests/test_store.py::test_cannot_put_empty_namespace,13,pass
tests/test_store.py::test_cannot_put_empty_namespace,14,pass
tests/test_store.py::test_cannot_put_empty_namespace,15,pass
tests/test_store.py::test_cannot_put_empty_namespace,16,pass
tests/test_store.py::test_cannot_put_empty_namespace,17,pass
tests/test_store.py::test_cannot_put_empty_namespace,18,pass
tests/test_store.py::test_cannot_put_empty_namespace,19,pass
tests/test_store.py::test_cannot_put_empty_namespace,20,pass
tests/test_store.py::test_cannot_put_empty_namespace,21,pass
tests/test_store.py::test_cannot_put_empty_namespace,22,pass
tests/test_store.py::test_cannot_put_empty_namespace,23,pass
tests/test_store.py::test_cannot_put_empty_namespace,24,pass
tests/test_store.py::test_cannot_put_empty_namespace,25,pass
tests/test_store.py::test_cannot_put_empty_namespace,26,pass
tests/test_store.py::test_cannot_put_empty_namespace,27,pass
tests/test_store.py::test_cannot_put_empty_namespace,28,pass
tests/test_store.py::test_cannot_put_empty_namespace,29,pass
tests/test_store.py::test_cannot_put_empty_namespace,30,pass
tests/test_store.py::test_cannot_put_empty_namespace,31,pass
tests/test_store.py::test_cannot_put_empty_namespace,32,pass
tests/test_store.py::test_cannot_put_empty_namespace,33,pass
tests/test_store.py::test_cannot_put_empty_namespace,34,pass
tests/test_store.py::test_cannot_put_empty_namespace,35,pass
tests/test_store.py::test_cannot_put_empty_namespace,36,pass
tests/test_store.py::test_cannot_put_empty_namespace,37,pass
tests/test_store.py::test_cannot_put_empty_namespace,38,pass
tests/test_store.py::test_cannot_put_empty_namespace,39,pass
tests/test_store.py::test_cannot_put_empty_namespace,40,pass
tests/test_store.py::test_cannot_put_empty_namespace,41,pass
tests/test_store.py::test_cannot_put_empty_namespace,42,pass
tests/test_store.py::test_cannot_put_empty_namespace,43,pass
tests/test_store.py::test_cannot_put_empty_namespace,44,pass
tests/test_store.py::test_cannot_put_empty_namespace,45,pass
tests/test_store.py::test_cannot_put_empty_namespace,46,pass
tests/test_store.py::test_cannot_put_empty_namespace,47,pass
tests/test_store.py::test_cannot_put_empty_namespace,48,pass
tests/test_store.py::test_cannot_put_empty_namespace,49,pass
tests/test_store.py::test_cannot_put_empty_namespace,50,pass
tests/test_store.py::test_embed_with_path,1,pass
tests/test_store.py::test_embed_with_path,2,pass
tests/test_store.py::test_embed_with_path,3,pass
tests/test_store.py::test_embed_with_path,4,pass
tests/test_store.py::test_embed_with_path,5,pass
tests/test_store.py::test_embed_with_path,6,pass
tests/test_store.py::test_embed_with_path,7,pass
tests/test_store.py::test_embed_with_path,8,pass
tests/test_store.py::test_embed_with_path,9,pass
tests/test_store.py::test_embed_with_path,10,pass
tests/test_store.py::test_embed_with_path,11,pass
tests/test_store.py::test_embed_with_path,12,pass
tests/test_store.py::test_embed_with_path,13,pass
tests/test_store.py::test_embed_with_path,14,pass
tests/test_store.py::test_embed_with_path,15,pass
tests/test_store.py::test_embed_with_path,16,pass
tests/test_store.py::test_embed_with_path,17,pass
tests/test_store.py::test_embed_with_path,18,pass
tests/test_store.py::test_embed_with_path,19,pass
tests/test_store.py::test_embed_with_path,20,pass
tests/test_store.py::test_embed_with_path,21,pass
tests/test_store.py::test_embed_with_path,22,pass
tests/test_store.py::test_embed_with_path,23,pass
tests/test_store.py::test_embed_with_path,24,pass
tests/test_store.py::test_embed_with_path,25,pass
tests/test_store.py::test_embed_with_path,26,pass
tests/test_store.py::test_embed_with_path,27,pass
tests/test_store.py::test_embed_with_path,28,pass
tests/test_store.py::test_embed_with_path,29,pass
tests/test_store.py::test_embed_with_path,30,pass
tests/test_store.py::test_embed_with_path,31,pass
tests/test_store.py::test_embed_with_path,32,pass
tests/test_store.py::test_embed_with_path,33,pass
tests/test_store.py::test_embed_with_path,34,pass
tests/test_store.py::test_embed_with_path,35,pass
tests/test_store.py::test_embed_with_path,36,pass
tests/test_store.py::test_embed_with_path,37,pass
tests/test_store.py::test_embed_with_path,38,pass
tests/test_store.py::test_embed_with_path,39,pass
tests/test_store.py::test_embed_with_path,40,pass
tests/test_store.py::test_embed_with_path,41,pass
tests/test_store.py::test_embed_with_path,42,pass
tests/test_store.py::test_embed_with_path,43,pass
tests/test_store.py::test_embed_with_path,44,pass
tests/test_store.py::test_embed_with_path,45,pass
tests/test_store.py::test_embed_with_path,46,pass
tests/test_store.py::test_embed_with_path,47,pass
tests/test_store.py::test_embed_with_path,48,pass
tests/test_store.py::test_embed_with_path,49,pass
tests/test_store.py::test_embed_with_path,50,pass
tests/test_store.py::test_get_text_at_path,1,pass
tests/test_store.py::test_get_text_at_path,2,pass
tests/test_store.py::test_get_text_at_path,3,pass
tests/test_store.py::test_get_text_at_path,4,pass
tests/test_store.py::test_get_text_at_path,5,pass
tests/test_store.py::test_get_text_at_path,6,pass
tests/test_store.py::test_get_text_at_path,7,pass
tests/test_store.py::test_get_text_at_path,8,pass
tests/test_store.py::test_get_text_at_path,9,pass
tests/test_store.py::test_get_text_at_path,10,pass
tests/test_store.py::test_get_text_at_path,11,pass
tests/test_store.py::test_get_text_at_path,12,pass
tests/test_store.py::test_get_text_at_path,13,pass
tests/test_store.py::test_get_text_at_path,14,pass
tests/test_store.py::test_get_text_at_path,15,pass
tests/test_store.py::test_get_text_at_path,16,pass
tests/test_store.py::test_get_text_at_path,17,pass
tests/test_store.py::test_get_text_at_path,18,pass
tests/test_store.py::test_get_text_at_path,19,pass
tests/test_store.py::test_get_text_at_path,20,pass
tests/test_store.py::test_get_text_at_path,21,pass
tests/test_store.py::test_get_text_at_path,22,pass
tests/test_store.py::test_get_text_at_path,23,pass
tests/test_store.py::test_get_text_at_path,24,pass
tests/test_store.py::test_get_text_at_path,25,pass
tests/test_store.py::test_get_text_at_path,26,pass
tests/test_store.py::test_get_text_at_path,27,pass
tests/test_store.py::test_get_text_at_path,28,pass
tests/test_store.py::test_get_text_at_path,29,pass
tests/test_store.py::test_get_text_at_path,30,pass
tests/test_store.py::test_get_text_at_path,31,pass
tests/test_store.py::test_get_text_at_path,32,pass
tests/test_store.py::test_get_text_at_path,33,pass
tests/test_store.py::test_get_text_at_path,34,pass
tests/test_store.py::test_get_text_at_path,35,pass
tests/test_store.py::test_get_text_at_path,36,pass
tests/test_store.py::test_get_text_at_path,37,pass
tests/test_store.py::test_get_text_at_path,38,pass
tests/test_store.py::test_get_text_at_path,39,pass
tests/test_store.py::test_get_text_at_path,40,pass
tests/test_store.py::test_get_text_at_path,41,pass
tests/test_store.py::test_get_text_at_path,42,pass
tests/test_store.py::test_get_text_at_path,43,pass
tests/test_store.py::test_get_text_at_path,44,pass
tests/test_store.py::test_get_text_at_path,45,pass
tests/test_store.py::test_get_text_at_path,46,pass
tests/test_store.py::test_get_text_at_path,47,pass
tests/test_store.py::test_get_text_at_path,48,pass
tests/test_store.py::test_get_text_at_path,49,pass
tests/test_store.py::test_get_text_at_path,50,pass
tests/test_store.py::test_get_text_at_path_with_non_dict_mapping[mapping0],1,pass
tests/test_store.py::test_get_text_at_path_with_non_dict_mapping[mapping0],2,pass
tests/test_store.py::test_get_text_at_path_with_non_dict_mapping[mapping0],3,pass
tests/test_store.py::test_get_text_at_path_with_non_dict_mapping[mapping0],4,pass
tests/test_store.py::test_get_text_at_path_with_non_dict_mapping[mapping0],5,pass
tests/test_store.py::test_get_text_at_path_with_non_dict_mapping[mapping0],6,pass
tests/test_store.py::test_get_text_at_path_with_non_dict_mapping[mapping0],7,pass
tests/test_store.py::test_get_text_at_path_with_non_dict_mapping[mapping0],8,pass
tests/test_store.py::test_get_text_at_path_with_non_dict_mapping[mapping0],9,pass
tests/test_store.py::test_get_text_at_path_with_non_dict_mapping[mapping0],10,pass
tests/test_store.py::test_get_text_at_path_with_non_dict_mapping[mapping0],11,pass
tests/test_store.py::test_get_text_at_path_with_non_dict_mapping[mapping0],12,pass
tests/test_store.py::test_get_text_at_path_with_non_dict_mapping[mapping0],13,pass
tests/test_store.py::test_get_text_at_path_with_non_dict_mapping[mapping0],14,pass
tests/test_store.py::test_get_text_at_path_with_non_dict_mapping[mapping0],15,pass
tests/test_store.py::test_get_text_at_path_with_non_dict_mapping[mapping0],16,pass
tests/test_store.py::test_get_text_at_path_with_non_dict_mapping[mapping0],17,pass
tests/test_store.py::test_get_text_at_path_with_non_dict_mapping[mapping0],18,pass
tests/test_store.py::test_get_text_at_path_with_non_dict_mapping[mapping0],19,pass
tests/test_store.py::test_get_text_at_path_with_non_dict_mapping[mapping0],20,pass
tests/test_store.py::test_get_text_at_path_with_non_dict_mapping[mapping0],21,pass
tests/test_store.py::test_get_text_at_path_with_non_dict_mapping[mapping0],22,pass
tests/test_store.py::test_get_text_at_path_with_non_dict_mapping[mapping0],23,pass
tests/test_store.py::test_get_text_at_path_with_non_dict_mapping[mapping0],24,pass
tests/test_store.py::test_get_text_at_path_with_non_dict_mapping[mapping0],25,pass
tests/test_store.py::test_get_text_at_path_with_non_dict_mapping[mapping0],26,pass
tests/test_store.py::test_get_text_at_path_with_non_dict_mapping[mapping0],27,pass
tests/test_store.py::test_get_text_at_path_with_non_dict_mapping[mapping0],28,pass
tests/test_store.py::test_get_text_at_path_with_non_dict_mapping[mapping0],29,pass
tests/test_store.py::test_get_text_at_path_with_non_dict_mapping[mapping0],30,pass
tests/test_store.py::test_get_text_at_path_with_non_dict_mapping[mapping0],31,pass
tests/test_store.py::test_get_text_at_path_with_non_dict_mapping[mapping0],32,pass
tests/test_store.py::test_get_text_at_path_with_non_dict_mapping[mapping0],33,pass
tests/test_store.py::test_get_text_at_path_with_non_dict_mapping[mapping0],34,pass
tests/test_store.py::test_get_text_at_path_with_non_dict_mapping[mapping0],35,pass
tests/test_store.py::test_get_text_at_path_with_non_dict_mapping[mapping0],36,pass
tests/test_store.py::test_get_text_at_path_with_non_dict_mapping[mapping0],37,pass
tests/test_store.py::test_get_text_at_path_with_non_dict_mapping[mapping0],38,pass
tests/test_store.py::test_get_text_at_path_with_non_dict_mapping[mapping0],39,pass
tests/test_store.py::test_get_text_at_path_with_non_dict_mapping[mapping0],40,pass
tests/test_store.py::test_get_text_at_path_with_non_dict_mapping[mapping0],41,pass
tests/test_store.py::test_get_text_at_path_with_non_dict_mapping[mapping0],42,pass
tests/test_store.py::test_get_text_at_path_with_non_dict_mapping[mapping0],43,pass
tests/test_store.py::test_get_text_at_path_with_non_dict_mapping[mapping0],44,pass
tests/test_store.py::test_get_text_at_path_with_non_dict_mapping[mapping0],45,pass
tests/test_store.py::test_get_text_at_path_with_non_dict_mapping[mapping0],46,pass
tests/test_store.py::test_get_text_at_path_with_non_dict_mapping[mapping0],47,pass
tests/test_store.py::test_get_text_at_path_with_non_dict_mapping[mapping0],48,pass
tests/test_store.py::test_get_text_at_path_with_non_dict_mapping[mapping0],49,pass
tests/test_store.py::test_get_text_at_path_with_non_dict_mapping[mapping0],50,pass
tests/test_store.py::test_get_text_at_path_with_non_dict_mapping[mapping1],1,pass
tests/test_store.py::test_get_text_at_path_with_non_dict_mapping[mapping1],2,pass
tests/test_store.py::test_get_text_at_path_with_non_dict_mapping[mapping1],3,pass
tests/test_store.py::test_get_text_at_path_with_non_dict_mapping[mapping1],4,pass
tests/test_store.py::test_get_text_at_path_with_non_dict_mapping[mapping1],5,pass
tests/test_store.py::test_get_text_at_path_with_non_dict_mapping[mapping1],6,pass
tests/test_store.py::test_get_text_at_path_with_non_dict_mapping[mapping1],7,pass
tests/test_store.py::test_get_text_at_path_with_non_dict_mapping[mapping1],8,pass
tests/test_store.py::test_get_text_at_path_with_non_dict_mapping[mapping1],9,pass
tests/test_store.py::test_get_text_at_path_with_non_dict_mapping[mapping1],10,pass
tests/test_store.py::test_get_text_at_path_with_non_dict_mapping[mapping1],11,pass
tests/test_store.py::test_get_text_at_path_with_non_dict_mapping[mapping1],12,pass
tests/test_store.py::test_get_text_at_path_with_non_dict_mapping[mapping1],13,pass
tests/test_store.py::test_get_text_at_path_with_non_dict_mapping[mapping1],14,pass
tests/test_store.py::test_get_text_at_path_with_non_dict_mapping[mapping1],15,pass
tests/test_store.py::test_get_text_at_path_with_non_dict_mapping[mapping1],16,pass
tests/test_store.py::test_get_text_at_path_with_non_dict_mapping[mapping1],17,pass
tests/test_store.py::test_get_text_at_path_with_non_dict_mapping[mapping1],18,pass
tests/test_store.py::test_get_text_at_path_with_non_dict_mapping[mapping1],19,pass
tests/test_store.py::test_get_text_at_path_with_non_dict_mapping[mapping1],20,pass
tests/test_store.py::test_get_text_at_path_with_non_dict_mapping[mapping1],21,pass
tests/test_store.py::test_get_text_at_path_with_non_dict_mapping[mapping1],22,pass
tests/test_store.py::test_get_text_at_path_with_non_dict_mapping[mapping1],23,pass
tests/test_store.py::test_get_text_at_path_with_non_dict_mapping[mapping1],24,pass
tests/test_store.py::test_get_text_at_path_with_non_dict_mapping[mapping1],25,pass
tests/test_store.py::test_get_text_at_path_with_non_dict_mapping[mapping1],26,pass
tests/test_store.py::test_get_text_at_path_with_non_dict_mapping[mapping1],27,pass
tests/test_store.py::test_get_text_at_path_with_non_dict_mapping[mapping1],28,pass
tests/test_store.py::test_get_text_at_path_with_non_dict_mapping[mapping1],29,pass
tests/test_store.py::test_get_text_at_path_with_non_dict_mapping[mapping1],30,pass
tests/test_store.py::test_get_text_at_path_with_non_dict_mapping[mapping1],31,pass
tests/test_store.py::test_get_text_at_path_with_non_dict_mapping[mapping1],32,pass
tests/test_store.py::test_get_text_at_path_with_non_dict_mapping[mapping1],33,pass
tests/test_store.py::test_get_text_at_path_with_non_dict_mapping[mapping1],34,pass
tests/test_store.py::test_get_text_at_path_with_non_dict_mapping[mapping1],35,pass
tests/test_store.py::test_get_text_at_path_with_non_dict_mapping[mapping1],36,pass
tests/test_store.py::test_get_text_at_path_with_non_dict_mapping[mapping1],37,pass
tests/test_store.py::test_get_text_at_path_with_non_dict_mapping[mapping1],38,pass
tests/test_store.py::test_get_text_at_path_with_non_dict_mapping[mapping1],39,pass
tests/test_store.py::test_get_text_at_path_with_non_dict_mapping[mapping1],40,pass
tests/test_store.py::test_get_text_at_path_with_non_dict_mapping[mapping1],41,pass
tests/test_store.py::test_get_text_at_path_with_non_dict_mapping[mapping1],42,pass
tests/test_store.py::test_get_text_at_path_with_non_dict_mapping[mapping1],43,pass
tests/test_store.py::test_get_text_at_path_with_non_dict_mapping[mapping1],44,pass
tests/test_store.py::test_get_text_at_path_with_non_dict_mapping[mapping1],45,pass
tests/test_store.py::test_get_text_at_path_with_non_dict_mapping[mapping1],46,pass
tests/test_store.py::test_get_text_at_path_with_non_dict_mapping[mapping1],47,pass
tests/test_store.py::test_get_text_at_path_with_non_dict_mapping[mapping1],48,pass
tests/test_store.py::test_get_text_at_path_with_non_dict_mapping[mapping1],49,pass
tests/test_store.py::test_get_text_at_path_with_non_dict_mapping[mapping1],50,pass
tests/test_store.py::test_list_namespaces_basic,1,pass
tests/test_store.py::test_list_namespaces_basic,2,pass
tests/test_store.py::test_list_namespaces_basic,3,pass
tests/test_store.py::test_list_namespaces_basic,4,pass
tests/test_store.py::test_list_namespaces_basic,5,pass
tests/test_store.py::test_list_namespaces_basic,6,pass
tests/test_store.py::test_list_namespaces_basic,7,pass
tests/test_store.py::test_list_namespaces_basic,8,pass
tests/test_store.py::test_list_namespaces_basic,9,pass
tests/test_store.py::test_list_namespaces_basic,10,pass
tests/test_store.py::test_list_namespaces_basic,11,pass
tests/test_store.py::test_list_namespaces_basic,12,pass
tests/test_store.py::test_list_namespaces_basic,13,pass
tests/test_store.py::test_list_namespaces_basic,14,pass
tests/test_store.py::test_list_namespaces_basic,15,pass
tests/test_store.py::test_list_namespaces_basic,16,pass
tests/test_store.py::test_list_namespaces_basic,17,pass
tests/test_store.py::test_list_namespaces_basic,18,pass
tests/test_store.py::test_list_namespaces_basic,19,pass
tests/test_store.py::test_list_namespaces_basic,20,pass
tests/test_store.py::test_list_namespaces_basic,21,pass
tests/test_store.py::test_list_namespaces_basic,22,pass
tests/test_store.py::test_list_namespaces_basic,23,pass
tests/test_store.py::test_list_namespaces_basic,24,pass
tests/test_store.py::test_list_namespaces_basic,25,pass
tests/test_store.py::test_list_namespaces_basic,26,pass
tests/test_store.py::test_list_namespaces_basic,27,pass
tests/test_store.py::test_list_namespaces_basic,28,pass
tests/test_store.py::test_list_namespaces_basic,29,pass
tests/test_store.py::test_list_namespaces_basic,30,pass
tests/test_store.py::test_list_namespaces_basic,31,pass
tests/test_store.py::test_list_namespaces_basic,32,pass
tests/test_store.py::test_list_namespaces_basic,33,pass
tests/test_store.py::test_list_namespaces_basic,34,pass
tests/test_store.py::test_list_namespaces_basic,35,pass
tests/test_store.py::test_list_namespaces_basic,36,pass
tests/test_store.py::test_list_namespaces_basic,37,pass
tests/test_store.py::test_list_namespaces_basic,38,pass
tests/test_store.py::test_list_namespaces_basic,39,pass
tests/test_store.py::test_list_namespaces_basic,40,pass
tests/test_store.py::test_list_namespaces_basic,41,pass
tests/test_store.py::test_list_namespaces_basic,42,pass
tests/test_store.py::test_list_namespaces_basic,43,pass
tests/test_store.py::test_list_namespaces_basic,44,pass
tests/test_store.py::test_list_namespaces_basic,45,pass
tests/test_store.py::test_list_namespaces_basic,46,pass
tests/test_store.py::test_list_namespaces_basic,47,pass
tests/test_store.py::test_list_namespaces_basic,48,pass
tests/test_store.py::test_list_namespaces_basic,49,pass
tests/test_store.py::test_list_namespaces_basic,50,pass
tests/test_store.py::test_list_namespaces_empty_store,1,pass
tests/test_store.py::test_list_namespaces_empty_store,2,pass
tests/test_store.py::test_list_namespaces_empty_store,3,pass
tests/test_store.py::test_list_namespaces_empty_store,4,pass
tests/test_store.py::test_list_namespaces_empty_store,5,pass
tests/test_store.py::test_list_namespaces_empty_store,6,pass
tests/test_store.py::test_list_namespaces_empty_store,7,pass
tests/test_store.py::test_list_namespaces_empty_store,8,pass
tests/test_store.py::test_list_namespaces_empty_store,9,pass
tests/test_store.py::test_list_namespaces_empty_store,10,pass
tests/test_store.py::test_list_namespaces_empty_store,11,pass
tests/test_store.py::test_list_namespaces_empty_store,12,pass
tests/test_store.py::test_list_namespaces_empty_store,13,pass
tests/test_store.py::test_list_namespaces_empty_store,14,pass
tests/test_store.py::test_list_namespaces_empty_store,15,pass
tests/test_store.py::test_list_namespaces_empty_store,16,pass
tests/test_store.py::test_list_namespaces_empty_store,17,pass
tests/test_store.py::test_list_namespaces_empty_store,18,pass
tests/test_store.py::test_list_namespaces_empty_store,19,pass
tests/test_store.py::test_list_namespaces_empty_store,20,pass
tests/test_store.py::test_list_namespaces_empty_store,21,pass
tests/test_store.py::test_list_namespaces_empty_store,22,pass
tests/test_store.py::test_list_namespaces_empty_store,23,pass
tests/test_store.py::test_list_namespaces_empty_store,24,pass
tests/test_store.py::test_list_namespaces_empty_store,25,pass
tests/test_store.py::test_list_namespaces_empty_store,26,pass
tests/test_store.py::test_list_namespaces_empty_store,27,pass
tests/test_store.py::test_list_namespaces_empty_store,28,pass
tests/test_store.py::test_list_namespaces_empty_store,29,pass
tests/test_store.py::test_list_namespaces_empty_store,30,pass
tests/test_store.py::test_list_namespaces_empty_store,31,pass
tests/test_store.py::test_list_namespaces_empty_store,32,pass
tests/test_store.py::test_list_namespaces_empty_store,33,pass
tests/test_store.py::test_list_namespaces_empty_store,34,pass
tests/test_store.py::test_list_namespaces_empty_store,35,pass
tests/test_store.py::test_list_namespaces_empty_store,36,pass
tests/test_store.py::test_list_namespaces_empty_store,37,pass
tests/test_store.py::test_list_namespaces_empty_store,38,pass
tests/test_store.py::test_list_namespaces_empty_store,39,pass
tests/test_store.py::test_list_namespaces_empty_store,40,pass
tests/test_store.py::test_list_namespaces_empty_store,41,pass
tests/test_store.py::test_list_namespaces_empty_store,42,pass
tests/test_store.py::test_list_namespaces_empty_store,43,pass
tests/test_store.py::test_list_namespaces_empty_store,44,pass
tests/test_store.py::test_list_namespaces_empty_store,45,pass
tests/test_store.py::test_list_namespaces_empty_store,46,pass
tests/test_store.py::test_list_namespaces_empty_store,47,pass
tests/test_store.py::test_list_namespaces_empty_store,48,pass
tests/test_store.py::test_list_namespaces_empty_store,49,pass
tests/test_store.py::test_list_namespaces_empty_store,50,pass
tests/test_store.py::test_list_namespaces_max_depth,1,pass
tests/test_store.py::test_list_namespaces_max_depth,2,pass
tests/test_store.py::test_list_namespaces_max_depth,3,pass
tests/test_store.py::test_list_namespaces_max_depth,4,pass
tests/test_store.py::test_list_namespaces_max_depth,5,pass
tests/test_store.py::test_list_namespaces_max_depth,6,pass
tests/test_store.py::test_list_namespaces_max_depth,7,pass
tests/test_store.py::test_list_namespaces_max_depth,8,pass
tests/test_store.py::test_list_namespaces_max_depth,9,pass
tests/test_store.py::test_list_namespaces_max_depth,10,pass
tests/test_store.py::test_list_namespaces_max_depth,11,pass
tests/test_store.py::test_list_namespaces_max_depth,12,pass
tests/test_store.py::test_list_namespaces_max_depth,13,pass
tests/test_store.py::test_list_namespaces_max_depth,14,pass
tests/test_store.py::test_list_namespaces_max_depth,15,pass
tests/test_store.py::test_list_namespaces_max_depth,16,pass
tests/test_store.py::test_list_namespaces_max_depth,17,pass
tests/test_store.py::test_list_namespaces_max_depth,18,pass
tests/test_store.py::test_list_namespaces_max_depth,19,pass
tests/test_store.py::test_list_namespaces_max_depth,20,pass
tests/test_store.py::test_list_namespaces_max_depth,21,pass
tests/test_store.py::test_list_namespaces_max_depth,22,pass
tests/test_store.py::test_list_namespaces_max_depth,23,pass
tests/test_store.py::test_list_namespaces_max_depth,24,pass
tests/test_store.py::test_list_namespaces_max_depth,25,pass
tests/test_store.py::test_list_namespaces_max_depth,26,pass
tests/test_store.py::test_list_namespaces_max_depth,27,pass
tests/test_store.py::test_list_namespaces_max_depth,28,pass
tests/test_store.py::test_list_namespaces_max_depth,29,pass
tests/test_store.py::test_list_namespaces_max_depth,30,pass
tests/test_store.py::test_list_namespaces_max_depth,31,pass
tests/test_store.py::test_list_namespaces_max_depth,32,pass
tests/test_store.py::test_list_namespaces_max_depth,33,pass
tests/test_store.py::test_list_namespaces_max_depth,34,pass
tests/test_store.py::test_list_namespaces_max_depth,35,pass
tests/test_store.py::test_list_namespaces_max_depth,36,pass
tests/test_store.py::test_list_namespaces_max_depth,37,pass
tests/test_store.py::test_list_namespaces_max_depth,38,pass
tests/test_store.py::test_list_namespaces_max_depth,39,pass
tests/test_store.py::test_list_namespaces_max_depth,40,pass
tests/test_store.py::test_list_namespaces_max_depth,41,pass
tests/test_store.py::test_list_namespaces_max_depth,42,pass
tests/test_store.py::test_list_namespaces_max_depth,43,pass
tests/test_store.py::test_list_namespaces_max_depth,44,pass
tests/test_store.py::test_list_namespaces_max_depth,45,pass
tests/test_store.py::test_list_namespaces_max_depth,46,pass
tests/test_store.py::test_list_namespaces_max_depth,47,pass
tests/test_store.py::test_list_namespaces_max_depth,48,pass
tests/test_store.py::test_list_namespaces_max_depth,49,pass
tests/test_store.py::test_list_namespaces_max_depth,50,pass
tests/test_store.py::test_list_namespaces_no_conditions,1,pass
tests/test_store.py::test_list_namespaces_no_conditions,2,pass
tests/test_store.py::test_list_namespaces_no_conditions,3,pass
tests/test_store.py::test_list_namespaces_no_conditions,4,pass
tests/test_store.py::test_list_namespaces_no_conditions,5,pass
tests/test_store.py::test_list_namespaces_no_conditions,6,pass
tests/test_store.py::test_list_namespaces_no_conditions,7,pass
tests/test_store.py::test_list_namespaces_no_conditions,8,pass
tests/test_store.py::test_list_namespaces_no_conditions,9,pass
tests/test_store.py::test_list_namespaces_no_conditions,10,pass
tests/test_store.py::test_list_namespaces_no_conditions,11,pass
tests/test_store.py::test_list_namespaces_no_conditions,12,pass
tests/test_store.py::test_list_namespaces_no_conditions,13,pass
tests/test_store.py::test_list_namespaces_no_conditions,14,pass
tests/test_store.py::test_list_namespaces_no_conditions,15,pass
tests/test_store.py::test_list_namespaces_no_conditions,16,pass
tests/test_store.py::test_list_namespaces_no_conditions,17,pass
tests/test_store.py::test_list_namespaces_no_conditions,18,pass
tests/test_store.py::test_list_namespaces_no_conditions,19,pass
tests/test_store.py::test_list_namespaces_no_conditions,20,pass
tests/test_store.py::test_list_namespaces_no_conditions,21,pass
tests/test_store.py::test_list_namespaces_no_conditions,22,pass
tests/test_store.py::test_list_namespaces_no_conditions,23,pass
tests/test_store.py::test_list_namespaces_no_conditions,24,pass
tests/test_store.py::test_list_namespaces_no_conditions,25,pass
tests/test_store.py::test_list_namespaces_no_conditions,26,pass
tests/test_store.py::test_list_namespaces_no_conditions,27,pass
tests/test_store.py::test_list_namespaces_no_conditions,28,pass
tests/test_store.py::test_list_namespaces_no_conditions,29,pass
tests/test_store.py::test_list_namespaces_no_conditions,30,pass
tests/test_store.py::test_list_namespaces_no_conditions,31,pass
tests/test_store.py::test_list_namespaces_no_conditions,32,pass
tests/test_store.py::test_list_namespaces_no_conditions,33,pass
tests/test_store.py::test_list_namespaces_no_conditions,34,pass
tests/test_store.py::test_list_namespaces_no_conditions,35,pass
tests/test_store.py::test_list_namespaces_no_conditions,36,pass
tests/test_store.py::test_list_namespaces_no_conditions,37,pass
tests/test_store.py::test_list_namespaces_no_conditions,38,pass
tests/test_store.py::test_list_namespaces_no_conditions,39,pass
tests/test_store.py::test_list_namespaces_no_conditions,40,pass
tests/test_store.py::test_list_namespaces_no_conditions,41,pass
tests/test_store.py::test_list_namespaces_no_conditions,42,pass
tests/test_store.py::test_list_namespaces_no_conditions,43,pass
tests/test_store.py::test_list_namespaces_no_conditions,44,pass
tests/test_store.py::test_list_namespaces_no_conditions,45,pass
tests/test_store.py::test_list_namespaces_no_conditions,46,pass
tests/test_store.py::test_list_namespaces_no_conditions,47,pass
tests/test_store.py::test_list_namespaces_no_conditions,48,pass
tests/test_store.py::test_list_namespaces_no_conditions,49,pass
tests/test_store.py::test_list_namespaces_no_conditions,50,pass
tests/test_store.py::test_list_namespaces_pagination,1,pass
tests/test_store.py::test_list_namespaces_pagination,2,pass
tests/test_store.py::test_list_namespaces_pagination,3,pass
tests/test_store.py::test_list_namespaces_pagination,4,pass
tests/test_store.py::test_list_namespaces_pagination,5,pass
tests/test_store.py::test_list_namespaces_pagination,6,pass
tests/test_store.py::test_list_namespaces_pagination,7,pass
tests/test_store.py::test_list_namespaces_pagination,8,pass
tests/test_store.py::test_list_namespaces_pagination,9,pass
tests/test_store.py::test_list_namespaces_pagination,10,pass
tests/test_store.py::test_list_namespaces_pagination,11,pass
tests/test_store.py::test_list_namespaces_pagination,12,pass
tests/test_store.py::test_list_namespaces_pagination,13,pass
tests/test_store.py::test_list_namespaces_pagination,14,pass
tests/test_store.py::test_list_namespaces_pagination,15,pass
tests/test_store.py::test_list_namespaces_pagination,16,pass
tests/test_store.py::test_list_namespaces_pagination,17,pass
tests/test_store.py::test_list_namespaces_pagination,18,pass
tests/test_store.py::test_list_namespaces_pagination,19,pass
tests/test_store.py::test_list_namespaces_pagination,20,pass
tests/test_store.py::test_list_namespaces_pagination,21,pass
tests/test_store.py::test_list_namespaces_pagination,22,pass
tests/test_store.py::test_list_namespaces_pagination,23,pass
tests/test_store.py::test_list_namespaces_pagination,24,pass
tests/test_store.py::test_list_namespaces_pagination,25,pass
tests/test_store.py::test_list_namespaces_pagination,26,pass
tests/test_store.py::test_list_namespaces_pagination,27,pass
tests/test_store.py::test_list_namespaces_pagination,28,pass
tests/test_store.py::test_list_namespaces_pagination,29,pass
tests/test_store.py::test_list_namespaces_pagination,30,pass
tests/test_store.py::test_list_namespaces_pagination,31,pass
tests/test_store.py::test_list_namespaces_pagination,32,pass
tests/test_store.py::test_list_namespaces_pagination,33,pass
tests/test_store.py::test_list_namespaces_pagination,34,pass
tests/test_store.py::test_list_namespaces_pagination,35,pass
tests/test_store.py::test_list_namespaces_pagination,36,pass
tests/test_store.py::test_list_namespaces_pagination,37,pass
tests/test_store.py::test_list_namespaces_pagination,38,pass
tests/test_store.py::test_list_namespaces_pagination,39,pass
tests/test_store.py::test_list_namespaces_pagination,40,pass
tests/test_store.py::test_list_namespaces_pagination,41,pass
tests/test_store.py::test_list_namespaces_pagination,42,pass
tests/test_store.py::test_list_namespaces_pagination,43,pass
tests/test_store.py::test_list_namespaces_pagination,44,pass
tests/test_store.py::test_list_namespaces_pagination,45,pass
tests/test_store.py::test_list_namespaces_pagination,46,pass
tests/test_store.py::test_list_namespaces_pagination,47,pass
tests/test_store.py::test_list_namespaces_pagination,48,pass
tests/test_store.py::test_list_namespaces_pagination,49,pass
tests/test_store.py::test_list_namespaces_pagination,50,pass
tests/test_store.py::test_list_namespaces_with_wildcards,1,pass
tests/test_store.py::test_list_namespaces_with_wildcards,2,pass
tests/test_store.py::test_list_namespaces_with_wildcards,3,pass
tests/test_store.py::test_list_namespaces_with_wildcards,4,pass
tests/test_store.py::test_list_namespaces_with_wildcards,5,pass
tests/test_store.py::test_list_namespaces_with_wildcards,6,pass
tests/test_store.py::test_list_namespaces_with_wildcards,7,pass
tests/test_store.py::test_list_namespaces_with_wildcards,8,pass
tests/test_store.py::test_list_namespaces_with_wildcards,9,pass
tests/test_store.py::test_list_namespaces_with_wildcards,10,pass
tests/test_store.py::test_list_namespaces_with_wildcards,11,pass
tests/test_store.py::test_list_namespaces_with_wildcards,12,pass
tests/test_store.py::test_list_namespaces_with_wildcards,13,pass
tests/test_store.py::test_list_namespaces_with_wildcards,14,pass
tests/test_store.py::test_list_namespaces_with_wildcards,15,pass
tests/test_store.py::test_list_namespaces_with_wildcards,16,pass
tests/test_store.py::test_list_namespaces_with_wildcards,17,pass
tests/test_store.py::test_list_namespaces_with_wildcards,18,pass
tests/test_store.py::test_list_namespaces_with_wildcards,19,pass
tests/test_store.py::test_list_namespaces_with_wildcards,20,pass
tests/test_store.py::test_list_namespaces_with_wildcards,21,pass
tests/test_store.py::test_list_namespaces_with_wildcards,22,pass
tests/test_store.py::test_list_namespaces_with_wildcards,23,pass
tests/test_store.py::test_list_namespaces_with_wildcards,24,pass
tests/test_store.py::test_list_namespaces_with_wildcards,25,pass
tests/test_store.py::test_list_namespaces_with_wildcards,26,pass
tests/test_store.py::test_list_namespaces_with_wildcards,27,pass
tests/test_store.py::test_list_namespaces_with_wildcards,28,pass
tests/test_store.py::test_list_namespaces_with_wildcards,29,pass
tests/test_store.py::test_list_namespaces_with_wildcards,30,pass
tests/test_store.py::test_list_namespaces_with_wildcards,31,pass
tests/test_store.py::test_list_namespaces_with_wildcards,32,pass
tests/test_store.py::test_list_namespaces_with_wildcards,33,pass
tests/test_store.py::test_list_namespaces_with_wildcards,34,pass
tests/test_store.py::test_list_namespaces_with_wildcards,35,pass
tests/test_store.py::test_list_namespaces_with_wildcards,36,pass
tests/test_store.py::test_list_namespaces_with_wildcards,37,pass
tests/test_store.py::test_list_namespaces_with_wildcards,38,pass
tests/test_store.py::test_list_namespaces_with_wildcards,39,pass
tests/test_store.py::test_list_namespaces_with_wildcards,40,pass
tests/test_store.py::test_list_namespaces_with_wildcards,41,pass
tests/test_store.py::test_list_namespaces_with_wildcards,42,pass
tests/test_store.py::test_list_namespaces_with_wildcards,43,pass
tests/test_store.py::test_list_namespaces_with_wildcards,44,pass
tests/test_store.py::test_list_namespaces_with_wildcards,45,pass
tests/test_store.py::test_list_namespaces_with_wildcards,46,pass
tests/test_store.py::test_list_namespaces_with_wildcards,47,pass
tests/test_store.py::test_list_namespaces_with_wildcards,48,pass
tests/test_store.py::test_list_namespaces_with_wildcards,49,pass
tests/test_store.py::test_list_namespaces_with_wildcards,50,pass
tests/test_store.py::test_non_ascii,1,pass
tests/test_store.py::test_non_ascii,2,pass
tests/test_store.py::test_non_ascii,3,pass
tests/test_store.py::test_non_ascii,4,pass
tests/test_store.py::test_non_ascii,5,pass
tests/test_store.py::test_non_ascii,6,pass
tests/test_store.py::test_non_ascii,7,pass
tests/test_store.py::test_non_ascii,8,pass
tests/test_store.py::test_non_ascii,9,pass
tests/test_store.py::test_non_ascii,10,pass
tests/test_store.py::test_non_ascii,11,pass
tests/test_store.py::test_non_ascii,12,pass
tests/test_store.py::test_non_ascii,13,pass
tests/test_store.py::test_non_ascii,14,pass
tests/test_store.py::test_non_ascii,15,pass
tests/test_store.py::test_non_ascii,16,pass
tests/test_store.py::test_non_ascii,17,pass
tests/test_store.py::test_non_ascii,18,pass
tests/test_store.py::test_non_ascii,19,pass
tests/test_store.py::test_non_ascii,20,pass
tests/test_store.py::test_non_ascii,21,pass
tests/test_store.py::test_non_ascii,22,pass
tests/test_store.py::test_non_ascii,23,pass
tests/test_store.py::test_non_ascii,24,pass
tests/test_store.py::test_non_ascii,25,pass
tests/test_store.py::test_non_ascii,26,pass
tests/test_store.py::test_non_ascii,27,pass
tests/test_store.py::test_non_ascii,28,pass
tests/test_store.py::test_non_ascii,29,pass
tests/test_store.py::test_non_ascii,30,pass
tests/test_store.py::test_non_ascii,31,pass
tests/test_store.py::test_non_ascii,32,pass
tests/test_store.py::test_non_ascii,33,pass
tests/test_store.py::test_non_ascii,34,pass
tests/test_store.py::test_non_ascii,35,pass
tests/test_store.py::test_non_ascii,36,pass
tests/test_store.py::test_non_ascii,37,pass
tests/test_store.py::test_non_ascii,38,pass
tests/test_store.py::test_non_ascii,39,pass
tests/test_store.py::test_non_ascii,40,pass
tests/test_store.py::test_non_ascii,41,pass
tests/test_store.py::test_non_ascii,42,pass
tests/test_store.py::test_non_ascii,43,pass
tests/test_store.py::test_non_ascii,44,pass
tests/test_store.py::test_non_ascii,45,pass
tests/test_store.py::test_non_ascii,46,pass
tests/test_store.py::test_non_ascii,47,pass
tests/test_store.py::test_non_ascii,48,pass
tests/test_store.py::test_non_ascii,49,pass
tests/test_store.py::test_non_ascii,50,pass
tests/test_store.py::test_vector_insert_with_auto_embedding,1,pass
tests/test_store.py::test_vector_insert_with_auto_embedding,2,pass
tests/test_store.py::test_vector_insert_with_auto_embedding,3,pass
tests/test_store.py::test_vector_insert_with_auto_embedding,4,pass
tests/test_store.py::test_vector_insert_with_auto_embedding,5,pass
tests/test_store.py::test_vector_insert_with_auto_embedding,6,pass
tests/test_store.py::test_vector_insert_with_auto_embedding,7,pass
tests/test_store.py::test_vector_insert_with_auto_embedding,8,pass
tests/test_store.py::test_vector_insert_with_auto_embedding,9,pass
tests/test_store.py::test_vector_insert_with_auto_embedding,10,pass
tests/test_store.py::test_vector_insert_with_auto_embedding,11,pass
tests/test_store.py::test_vector_insert_with_auto_embedding,12,pass
tests/test_store.py::test_vector_insert_with_auto_embedding,13,pass
tests/test_store.py::test_vector_insert_with_auto_embedding,14,pass
tests/test_store.py::test_vector_insert_with_auto_embedding,15,pass
tests/test_store.py::test_vector_insert_with_auto_embedding,16,pass
tests/test_store.py::test_vector_insert_with_auto_embedding,17,pass
tests/test_store.py::test_vector_insert_with_auto_embedding,18,pass
tests/test_store.py::test_vector_insert_with_auto_embedding,19,pass
tests/test_store.py::test_vector_insert_with_auto_embedding,20,pass
tests/test_store.py::test_vector_insert_with_auto_embedding,21,pass
tests/test_store.py::test_vector_insert_with_auto_embedding,22,pass
tests/test_store.py::test_vector_insert_with_auto_embedding,23,pass
tests/test_store.py::test_vector_insert_with_auto_embedding,24,pass
tests/test_store.py::test_vector_insert_with_auto_embedding,25,pass
tests/test_store.py::test_vector_insert_with_auto_embedding,26,pass
tests/test_store.py::test_vector_insert_with_auto_embedding,27,pass
tests/test_store.py::test_vector_insert_with_auto_embedding,28,pass
tests/test_store.py::test_vector_insert_with_auto_embedding,29,pass
tests/test_store.py::test_vector_insert_with_auto_embedding,30,pass
tests/test_store.py::test_vector_insert_with_auto_embedding,31,pass
tests/test_store.py::test_vector_insert_with_auto_embedding,32,pass
tests/test_store.py::test_vector_insert_with_auto_embedding,33,pass
tests/test_store.py::test_vector_insert_with_auto_embedding,34,pass
tests/test_store.py::test_vector_insert_with_auto_embedding,35,pass
tests/test_store.py::test_vector_insert_with_auto_embedding,36,pass
tests/test_store.py::test_vector_insert_with_auto_embedding,37,pass
tests/test_store.py::test_vector_insert_with_auto_embedding,38,pass
tests/test_store.py::test_vector_insert_with_auto_embedding,39,pass
tests/test_store.py::test_vector_insert_with_auto_embedding,40,pass
tests/test_store.py::test_vector_insert_with_auto_embedding,41,pass
tests/test_store.py::test_vector_insert_with_auto_embedding,42,pass
tests/test_store.py::test_vector_insert_with_auto_embedding,43,pass
tests/test_store.py::test_vector_insert_with_auto_embedding,44,pass
tests/test_store.py::test_vector_insert_with_auto_embedding,45,pass
tests/test_store.py::test_vector_insert_with_auto_embedding,46,pass
tests/test_store.py::test_vector_insert_with_auto_embedding,47,pass
tests/test_store.py::test_vector_insert_with_auto_embedding,48,pass
tests/test_store.py::test_vector_insert_with_auto_embedding,49,pass
tests/test_store.py::test_vector_insert_with_auto_embedding,50,pass
tests/test_store.py::test_vector_search_pagination,1,pass
tests/test_store.py::test_vector_search_pagination,2,pass
tests/test_store.py::test_vector_search_pagination,3,pass
tests/test_store.py::test_vector_search_pagination,4,pass
tests/test_store.py::test_vector_search_pagination,5,pass
tests/test_store.py::test_vector_search_pagination,6,pass
tests/test_store.py::test_vector_search_pagination,7,pass
tests/test_store.py::test_vector_search_pagination,8,pass
tests/test_store.py::test_vector_search_pagination,9,pass
tests/test_store.py::test_vector_search_pagination,10,pass
tests/test_store.py::test_vector_search_pagination,11,pass
tests/test_store.py::test_vector_search_pagination,12,pass
tests/test_store.py::test_vector_search_pagination,13,pass
tests/test_store.py::test_vector_search_pagination,14,pass
tests/test_store.py::test_vector_search_pagination,15,pass
tests/test_store.py::test_vector_search_pagination,16,pass
tests/test_store.py::test_vector_search_pagination,17,pass
tests/test_store.py::test_vector_search_pagination,18,pass
tests/test_store.py::test_vector_search_pagination,19,pass
tests/test_store.py::test_vector_search_pagination,20,pass
tests/test_store.py::test_vector_search_pagination,21,pass
tests/test_store.py::test_vector_search_pagination,22,pass
tests/test_store.py::test_vector_search_pagination,23,pass
tests/test_store.py::test_vector_search_pagination,24,pass
tests/test_store.py::test_vector_search_pagination,25,pass
tests/test_store.py::test_vector_search_pagination,26,pass
tests/test_store.py::test_vector_search_pagination,27,pass
tests/test_store.py::test_vector_search_pagination,28,pass
tests/test_store.py::test_vector_search_pagination,29,pass
tests/test_store.py::test_vector_search_pagination,30,pass
tests/test_store.py::test_vector_search_pagination,31,pass
tests/test_store.py::test_vector_search_pagination,32,pass
tests/test_store.py::test_vector_search_pagination,33,pass
tests/test_store.py::test_vector_search_pagination,34,pass
tests/test_store.py::test_vector_search_pagination,35,pass
tests/test_store.py::test_vector_search_pagination,36,pass
tests/test_store.py::test_vector_search_pagination,37,pass
tests/test_store.py::test_vector_search_pagination,38,pass
tests/test_store.py::test_vector_search_pagination,39,pass
tests/test_store.py::test_vector_search_pagination,40,pass
tests/test_store.py::test_vector_search_pagination,41,pass
tests/test_store.py::test_vector_search_pagination,42,pass
tests/test_store.py::test_vector_search_pagination,43,pass
tests/test_store.py::test_vector_search_pagination,44,pass
tests/test_store.py::test_vector_search_pagination,45,pass
tests/test_store.py::test_vector_search_pagination,46,pass
tests/test_store.py::test_vector_search_pagination,47,pass
tests/test_store.py::test_vector_search_pagination,48,pass
tests/test_store.py::test_vector_search_pagination,49,pass
tests/test_store.py::test_vector_search_pagination,50,pass
tests/test_store.py::test_vector_search_with_filters,1,pass
tests/test_store.py::test_vector_search_with_filters,2,pass
tests/test_store.py::test_vector_search_with_filters,3,pass
tests/test_store.py::test_vector_search_with_filters,4,pass
tests/test_store.py::test_vector_search_with_filters,5,pass
tests/test_store.py::test_vector_search_with_filters,6,pass
tests/test_store.py::test_vector_search_with_filters,7,pass
tests/test_store.py::test_vector_search_with_filters,8,pass
tests/test_store.py::test_vector_search_with_filters,9,pass
tests/test_store.py::test_vector_search_with_filters,10,pass
tests/test_store.py::test_vector_search_with_filters,11,pass
tests/test_store.py::test_vector_search_with_filters,12,pass
tests/test_store.py::test_vector_search_with_filters,13,pass
tests/test_store.py::test_vector_search_with_filters,14,pass
tests/test_store.py::test_vector_search_with_filters,15,pass
tests/test_store.py::test_vector_search_with_filters,16,pass
tests/test_store.py::test_vector_search_with_filters,17,pass
tests/test_store.py::test_vector_search_with_filters,18,pass
tests/test_store.py::test_vector_search_with_filters,19,pass
tests/test_store.py::test_vector_search_with_filters,20,pass
tests/test_store.py::test_vector_search_with_filters,21,pass
tests/test_store.py::test_vector_search_with_filters,22,pass
tests/test_store.py::test_vector_search_with_filters,23,pass
tests/test_store.py::test_vector_search_with_filters,24,pass
tests/test_store.py::test_vector_search_with_filters,25,pass
tests/test_store.py::test_vector_search_with_filters,26,pass
tests/test_store.py::test_vector_search_with_filters,27,pass
tests/test_store.py::test_vector_search_with_filters,28,pass
tests/test_store.py::test_vector_search_with_filters,29,pass
tests/test_store.py::test_vector_search_with_filters,30,pass
tests/test_store.py::test_vector_search_with_filters,31,pass
tests/test_store.py::test_vector_search_with_filters,32,pass
tests/test_store.py::test_vector_search_with_filters,33,pass
tests/test_store.py::test_vector_search_with_filters,34,pass
tests/test_store.py::test_vector_search_with_filters,35,pass
tests/test_store.py::test_vector_search_with_filters,36,pass
tests/test_store.py::test_vector_search_with_filters,37,pass
tests/test_store.py::test_vector_search_with_filters,38,pass
tests/test_store.py::test_vector_search_with_filters,39,pass
tests/test_store.py::test_vector_search_with_filters,40,pass
tests/test_store.py::test_vector_search_with_filters,41,pass
tests/test_store.py::test_vector_search_with_filters,42,pass
tests/test_store.py::test_vector_search_with_filters,43,pass
tests/test_store.py::test_vector_search_with_filters,44,pass
tests/test_store.py::test_vector_search_with_filters,45,pass
tests/test_store.py::test_vector_search_with_filters,46,pass
tests/test_store.py::test_vector_search_with_filters,47,pass
tests/test_store.py::test_vector_search_with_filters,48,pass
tests/test_store.py::test_vector_search_with_filters,49,pass
tests/test_store.py::test_vector_search_with_filters,50,pass
tests/test_store.py::test_vector_store_initialization,1,pass
tests/test_store.py::test_vector_store_initialization,2,pass
tests/test_store.py::test_vector_store_initialization,3,pass
tests/test_store.py::test_vector_store_initialization,4,pass
tests/test_store.py::test_vector_store_initialization,5,pass
tests/test_store.py::test_vector_store_initialization,6,pass
tests/test_store.py::test_vector_store_initialization,7,pass
tests/test_store.py::test_vector_store_initialization,8,pass
tests/test_store.py::test_vector_store_initialization,9,pass
tests/test_store.py::test_vector_store_initialization,10,pass
tests/test_store.py::test_vector_store_initialization,11,pass
tests/test_store.py::test_vector_store_initialization,12,pass
tests/test_store.py::test_vector_store_initialization,13,pass
tests/test_store.py::test_vector_store_initialization,14,pass
tests/test_store.py::test_vector_store_initialization,15,pass
tests/test_store.py::test_vector_store_initialization,16,pass
tests/test_store.py::test_vector_store_initialization,17,pass
tests/test_store.py::test_vector_store_initialization,18,pass
tests/test_store.py::test_vector_store_initialization,19,pass
tests/test_store.py::test_vector_store_initialization,20,pass
tests/test_store.py::test_vector_store_initialization,21,pass
tests/test_store.py::test_vector_store_initialization,22,pass
tests/test_store.py::test_vector_store_initialization,23,pass
tests/test_store.py::test_vector_store_initialization,24,pass
tests/test_store.py::test_vector_store_initialization,25,pass
tests/test_store.py::test_vector_store_initialization,26,pass
tests/test_store.py::test_vector_store_initialization,27,pass
tests/test_store.py::test_vector_store_initialization,28,pass
tests/test_store.py::test_vector_store_initialization,29,pass
tests/test_store.py::test_vector_store_initialization,30,pass
tests/test_store.py::test_vector_store_initialization,31,pass
tests/test_store.py::test_vector_store_initialization,32,pass
tests/test_store.py::test_vector_store_initialization,33,pass
tests/test_store.py::test_vector_store_initialization,34,pass
tests/test_store.py::test_vector_store_initialization,35,pass
tests/test_store.py::test_vector_store_initialization,36,pass
tests/test_store.py::test_vector_store_initialization,37,pass
tests/test_store.py::test_vector_store_initialization,38,pass
tests/test_store.py::test_vector_store_initialization,39,pass
tests/test_store.py::test_vector_store_initialization,40,pass
tests/test_store.py::test_vector_store_initialization,41,pass
tests/test_store.py::test_vector_store_initialization,42,pass
tests/test_store.py::test_vector_store_initialization,43,pass
tests/test_store.py::test_vector_store_initialization,44,pass
tests/test_store.py::test_vector_store_initialization,45,pass
tests/test_store.py::test_vector_store_initialization,46,pass
tests/test_store.py::test_vector_store_initialization,47,pass
tests/test_store.py::test_vector_store_initialization,48,pass
tests/test_store.py::test_vector_store_initialization,49,pass
tests/test_store.py::test_vector_store_initialization,50,pass
tests/test_store.py::test_vector_update_with_embedding,1,pass
tests/test_store.py::test_vector_update_with_embedding,2,pass
tests/test_store.py::test_vector_update_with_embedding,3,pass
tests/test_store.py::test_vector_update_with_embedding,4,pass
tests/test_store.py::test_vector_update_with_embedding,5,pass
tests/test_store.py::test_vector_update_with_embedding,6,pass
tests/test_store.py::test_vector_update_with_embedding,7,pass
tests/test_store.py::test_vector_update_with_embedding,8,pass
tests/test_store.py::test_vector_update_with_embedding,9,pass
tests/test_store.py::test_vector_update_with_embedding,10,pass
tests/test_store.py::test_vector_update_with_embedding,11,pass
tests/test_store.py::test_vector_update_with_embedding,12,pass
tests/test_store.py::test_vector_update_with_embedding,13,pass
tests/test_store.py::test_vector_update_with_embedding,14,pass
tests/test_store.py::test_vector_update_with_embedding,15,pass
tests/test_store.py::test_vector_update_with_embedding,16,pass
tests/test_store.py::test_vector_update_with_embedding,17,pass
tests/test_store.py::test_vector_update_with_embedding,18,pass
tests/test_store.py::test_vector_update_with_embedding,19,pass
tests/test_store.py::test_vector_update_with_embedding,20,pass
tests/test_store.py::test_vector_update_with_embedding,21,pass
tests/test_store.py::test_vector_update_with_embedding,22,pass
tests/test_store.py::test_vector_update_with_embedding,23,pass
tests/test_store.py::test_vector_update_with_embedding,24,pass
tests/test_store.py::test_vector_update_with_embedding,25,pass
tests/test_store.py::test_vector_update_with_embedding,26,pass
tests/test_store.py::test_vector_update_with_embedding,27,pass
tests/test_store.py::test_vector_update_with_embedding,28,pass
tests/test_store.py::test_vector_update_with_embedding,29,pass
tests/test_store.py::test_vector_update_with_embedding,30,pass
tests/test_store.py::test_vector_update_with_embedding,31,pass
tests/test_store.py::test_vector_update_with_embedding,32,pass
tests/test_store.py::test_vector_update_with_embedding,33,pass
tests/test_store.py::test_vector_update_with_embedding,34,pass
tests/test_store.py::test_vector_update_with_embedding,35,pass
tests/test_store.py::test_vector_update_with_embedding,36,pass
tests/test_store.py::test_vector_update_with_embedding,37,pass
tests/test_store.py::test_vector_update_with_embedding,38,pass
tests/test_store.py::test_vector_update_with_embedding,39,pass
tests/test_store.py::test_vector_update_with_embedding,40,pass
tests/test_store.py::test_vector_update_with_embedding,41,pass
tests/test_store.py::test_vector_update_with_embedding,42,pass
tests/test_store.py::test_vector_update_with_embedding,43,pass
tests/test_store.py::test_vector_update_with_embedding,44,pass
tests/test_store.py::test_vector_update_with_embedding,45,pass
tests/test_store.py::test_vector_update_with_embedding,46,pass
tests/test_store.py::test_vector_update_with_embedding,47,pass
tests/test_store.py::test_vector_update_with_embedding,48,pass
tests/test_store.py::test_vector_update_with_embedding,49,pass
tests/test_store.py::test_vector_update_with_embedding,50,pass
tests/test_encrypted.py::TestEncryptedSerializerMsgpackAllowlist::test_pydantic_warns_by_default,1,pass
tests/test_encrypted.py::TestEncryptedSerializerMsgpackAllowlist::test_pydantic_warns_by_default,2,pass
tests/test_encrypted.py::TestEncryptedSerializerMsgpackAllowlist::test_pydantic_warns_by_default,3,pass
tests/test_encrypted.py::TestEncryptedSerializerMsgpackAllowlist::test_pydantic_warns_by_default,4,pass
tests/test_encrypted.py::TestEncryptedSerializerMsgpackAllowlist::test_pydantic_warns_by_default,5,pass
tests/test_encrypted.py::TestEncryptedSerializerMsgpackAllowlist::test_pydantic_warns_by_default,6,pass
tests/test_encrypted.py::TestEncryptedSerializerMsgpackAllowlist::test_pydantic_warns_by_default,7,pass
tests/test_encrypted.py::TestEncryptedSerializerMsgpackAllowlist::test_pydantic_warns_by_default,8,pass
tests/test_encrypted.py::TestEncryptedSerializerMsgpackAllowlist::test_pydantic_warns_by_default,9,pass
tests/test_encrypted.py::TestEncryptedSerializerMsgpackAllowlist::test_pydantic_warns_by_default,10,pass
tests/test_encrypted.py::TestEncryptedSerializerMsgpackAllowlist::test_pydantic_warns_by_default,11,pass
tests/test_encrypted.py::TestEncryptedSerializerMsgpackAllowlist::test_pydantic_warns_by_default,12,pass
tests/test_encrypted.py::TestEncryptedSerializerMsgpackAllowlist::test_pydantic_warns_by_default,13,pass
tests/test_encrypted.py::TestEncryptedSerializerMsgpackAllowlist::test_pydantic_warns_by_default,14,pass
tests/test_encrypted.py::TestEncryptedSerializerMsgpackAllowlist::test_pydantic_warns_by_default,15,pass
tests/test_encrypted.py::TestEncryptedSerializerMsgpackAllowlist::test_pydantic_warns_by_default,16,pass
tests/test_encrypted.py::TestEncryptedSerializerMsgpackAllowlist::test_pydantic_warns_by_default,17,pass
tests/test_encrypted.py::TestEncryptedSerializerMsgpackAllowlist::test_pydantic_warns_by_default,18,pass
tests/test_encrypted.py::TestEncryptedSerializerMsgpackAllowlist::test_pydantic_warns_by_default,19,pass
tests/test_encrypted.py::TestEncryptedSerializerMsgpackAllowlist::test_pydantic_warns_by_default,20,pass
tests/test_encrypted.py::TestEncryptedSerializerMsgpackAllowlist::test_pydantic_warns_by_default,21,pass
tests/test_encrypted.py::TestEncryptedSerializerMsgpackAllowlist::test_pydantic_warns_by_default,22,pass
tests/test_encrypted.py::TestEncryptedSerializerMsgpackAllowlist::test_pydantic_warns_by_default,23,pass
tests/test_encrypted.py::TestEncryptedSerializerMsgpackAllowlist::test_pydantic_warns_by_default,24,pass
tests/test_encrypted.py::TestEncryptedSerializerMsgpackAllowlist::test_pydantic_warns_by_default,25,pass
tests/test_encrypted.py::TestEncryptedSerializerMsgpackAllowlist::test_pydantic_warns_by_default,26,pass
tests/test_encrypted.py::TestEncryptedSerializerMsgpackAllowlist::test_pydantic_warns_by_default,27,pass
tests/test_encrypted.py::TestEncryptedSerializerMsgpackAllowlist::test_pydantic_warns_by_default,28,pass
tests/test_encrypted.py::TestEncryptedSerializerMsgpackAllowlist::test_pydantic_warns_by_default,29,pass
tests/test_encrypted.py::TestEncryptedSerializerMsgpackAllowlist::test_pydantic_warns_by_default,30,pass
tests/test_encrypted.py::TestEncryptedSerializerMsgpackAllowlist::test_pydantic_warns_by_default,31,pass
tests/test_encrypted.py::TestEncryptedSerializerMsgpackAllowlist::test_pydantic_warns_by_default,32,pass
tests/test_encrypted.py::TestEncryptedSerializerMsgpackAllowlist::test_pydantic_warns_by_default,33,pass
tests/test_encrypted.py::TestEncryptedSerializerMsgpackAllowlist::test_pydantic_warns_by_default,34,pass
tests/test_encrypted.py::TestEncryptedSerializerMsgpackAllowlist::test_pydantic_warns_by_default,35,pass
tests/test_encrypted.py::TestEncryptedSerializerMsgpackAllowlist::test_pydantic_warns_by_default,36,pass
tests/test_encrypted.py::TestEncryptedSerializerMsgpackAllowlist::test_pydantic_warns_by_default,37,pass
tests/test_encrypted.py::TestEncryptedSerializerMsgpackAllowlist::test_pydantic_warns_by_default,38,pass
tests/test_encrypted.py::TestEncryptedSerializerMsgpackAllowlist::test_pydantic_warns_by_default,39,pass
tests/test_encrypted.py::TestEncryptedSerializerMsgpackAllowlist::test_pydantic_warns_by_default,40,pass
tests/test_encrypted.py::TestEncryptedSerializerMsgpackAllowlist::test_pydantic_warns_by_default,41,pass
tests/test_encrypted.py::TestEncryptedSerializerMsgpackAllowlist::test_pydantic_warns_by_default,42,pass
tests/test_encrypted.py::TestEncryptedSerializerMsgpackAllowlist::test_pydantic_warns_by_default,43,pass
tests/test_encrypted.py::TestEncryptedSerializerMsgpackAllowlist::test_pydantic_warns_by_default,44,pass
tests/test_encrypted.py::TestEncryptedSerializerMsgpackAllowlist::test_pydantic_warns_by_default,45,pass
tests/test_encrypted.py::TestEncryptedSerializerMsgpackAllowlist::test_pydantic_warns_by_default,46,pass
tests/test_encrypted.py::TestEncryptedSerializerMsgpackAllowlist::test_pydantic_warns_by_default,47,pass
tests/test_encrypted.py::TestEncryptedSerializerMsgpackAllowlist::test_pydantic_warns_by_default,48,pass
tests/test_encrypted.py::TestEncryptedSerializerMsgpackAllowlist::test_pydantic_warns_by_default,49,pass
tests/test_encrypted.py::TestEncryptedSerializerMsgpackAllowlist::test_pydantic_warns_by_default,50,pass
tests/test_jsonplus.py::test_lc2_json_legacy_pydantic_method_list_falls_back_to_default,1,pass
tests/test_jsonplus.py::test_lc2_json_legacy_pydantic_method_list_falls_back_to_default,2,pass
tests/test_jsonplus.py::test_lc2_json_legacy_pydantic_method_list_falls_back_to_default,3,pass
tests/test_jsonplus.py::test_lc2_json_legacy_pydantic_method_list_falls_back_to_default,4,pass
tests/test_jsonplus.py::test_lc2_json_legacy_pydantic_method_list_falls_back_to_default,5,pass
tests/test_jsonplus.py::test_lc2_json_legacy_pydantic_method_list_falls_back_to_default,6,pass
tests/test_jsonplus.py::test_lc2_json_legacy_pydantic_method_list_falls_back_to_default,7,pass
tests/test_jsonplus.py::test_lc2_json_legacy_pydantic_method_list_falls_back_to_default,8,pass
tests/test_jsonplus.py::test_lc2_json_legacy_pydantic_method_list_falls_back_to_default,9,pass
tests/test_jsonplus.py::test_lc2_json_legacy_pydantic_method_list_falls_back_to_default,10,pass
tests/test_jsonplus.py::test_lc2_json_legacy_pydantic_method_list_falls_back_to_default,11,pass
tests/test_jsonplus.py::test_lc2_json_legacy_pydantic_method_list_falls_back_to_default,12,pass
tests/test_jsonplus.py::test_lc2_json_legacy_pydantic_method_list_falls_back_to_default,13,pass
tests/test_jsonplus.py::test_lc2_json_legacy_pydantic_method_list_falls_back_to_default,14,pass
tests/test_jsonplus.py::test_lc2_json_legacy_pydantic_method_list_falls_back_to_default,15,pass
tests/test_jsonplus.py::test_lc2_json_legacy_pydantic_method_list_falls_back_to_default,16,pass
tests/test_jsonplus.py::test_lc2_json_legacy_pydantic_method_list_falls_back_to_default,17,pass
tests/test_jsonplus.py::test_lc2_json_legacy_pydantic_method_list_falls_back_to_default,18,pass
tests/test_jsonplus.py::test_lc2_json_legacy_pydantic_method_list_falls_back_to_default,19,pass
tests/test_jsonplus.py::test_lc2_json_legacy_pydantic_method_list_falls_back_to_default,20,pass
tests/test_jsonplus.py::test_lc2_json_legacy_pydantic_method_list_falls_back_to_default,21,pass
tests/test_jsonplus.py::test_lc2_json_legacy_pydantic_method_list_falls_back_to_default,22,pass
tests/test_jsonplus.py::test_lc2_json_legacy_pydantic_method_list_falls_back_to_default,23,pass
tests/test_jsonplus.py::test_lc2_json_legacy_pydantic_method_list_falls_back_to_default,24,pass
tests/test_jsonplus.py::test_lc2_json_legacy_pydantic_method_list_falls_back_to_default,25,pass
tests/test_jsonplus.py::test_lc2_json_legacy_pydantic_method_list_falls_back_to_default,26,pass
tests/test_jsonplus.py::test_lc2_json_legacy_pydantic_method_list_falls_back_to_default,27,pass
tests/test_jsonplus.py::test_lc2_json_legacy_pydantic_method_list_falls_back_to_default,28,pass
tests/test_jsonplus.py::test_lc2_json_legacy_pydantic_method_list_falls_back_to_default,29,pass
tests/test_jsonplus.py::test_lc2_json_legacy_pydantic_method_list_falls_back_to_default,30,pass
tests/test_jsonplus.py::test_lc2_json_legacy_pydantic_method_list_falls_back_to_default,31,pass
tests/test_jsonplus.py::test_lc2_json_legacy_pydantic_method_list_falls_back_to_default,32,pass
tests/test_jsonplus.py::test_lc2_json_legacy_pydantic_method_list_falls_back_to_default,33,pass
tests/test_jsonplus.py::test_lc2_json_legacy_pydantic_method_list_falls_back_to_default,34,pass
tests/test_jsonplus.py::test_lc2_json_legacy_pydantic_method_list_falls_back_to_default,35,pass
tests/test_jsonplus.py::test_lc2_json_legacy_pydantic_method_list_falls_back_to_default,36,pass
tests/test_jsonplus.py::test_lc2_json_legacy_pydantic_method_list_falls_back_to_default,37,pass
tests/test_jsonplus.py::test_lc2_json_legacy_pydantic_method_list_falls_back_to_default,38,pass
tests/test_jsonplus.py::test_lc2_json_legacy_pydantic_method_list_falls_back_to_default,39,pass
tests/test_jsonplus.py::test_lc2_json_legacy_pydantic_method_list_falls_back_to_default,40,pass
tests/test_jsonplus.py::test_lc2_json_legacy_pydantic_method_list_falls_back_to_default,41,pass
tests/test_jsonplus.py::test_lc2_json_legacy_pydantic_method_list_falls_back_to_default,42,pass
tests/test_jsonplus.py::test_lc2_json_legacy_pydantic_method_list_falls_back_to_default,43,pass
tests/test_jsonplus.py::test_lc2_json_legacy_pydantic_method_list_falls_back_to_default,44,pass
tests/test_jsonplus.py::test_lc2_json_legacy_pydantic_method_list_falls_back_to_default,45,pass
tests/test_jsonplus.py::test_lc2_json_legacy_pydantic_method_list_falls_back_to_default,46,pass
tests/test_jsonplus.py::test_lc2_json_legacy_pydantic_method_list_falls_back_to_default,47,pass
tests/test_jsonplus.py::test_lc2_json_legacy_pydantic_method_list_falls_back_to_default,48,pass
tests/test_jsonplus.py::test_lc2_json_legacy_pydantic_method_list_falls_back_to_default,49,pass
tests/test_jsonplus.py::test_lc2_json_legacy_pydantic_method_list_falls_back_to_default,50,pass
tests/test_jsonplus.py::test_msgpack_nested_pydantic_serializes_as_dict,1,pass
tests/test_jsonplus.py::test_msgpack_nested_pydantic_serializes_as_dict,2,pass
tests/test_jsonplus.py::test_msgpack_nested_pydantic_serializes_as_dict,3,pass
tests/test_jsonplus.py::test_msgpack_nested_pydantic_serializes_as_dict,4,pass
tests/test_jsonplus.py::test_msgpack_nested_pydantic_serializes_as_dict,5,pass
tests/test_jsonplus.py::test_msgpack_nested_pydantic_serializes_as_dict,6,pass
tests/test_jsonplus.py::test_msgpack_nested_pydantic_serializes_as_dict,7,pass
tests/test_jsonplus.py::test_msgpack_nested_pydantic_serializes_as_dict,8,pass
tests/test_jsonplus.py::test_msgpack_nested_pydantic_serializes_as_dict,9,pass
tests/test_jsonplus.py::test_msgpack_nested_pydantic_serializes_as_dict,10,pass
tests/test_jsonplus.py::test_msgpack_nested_pydantic_serializes_as_dict,11,pass
tests/test_jsonplus.py::test_msgpack_nested_pydantic_serializes_as_dict,12,pass
tests/test_jsonplus.py::test_msgpack_nested_pydantic_serializes_as_dict,13,pass
tests/test_jsonplus.py::test_msgpack_nested_pydantic_serializes_as_dict,14,pass
tests/test_jsonplus.py::test_msgpack_nested_pydantic_serializes_as_dict,15,pass
tests/test_jsonplus.py::test_msgpack_nested_pydantic_serializes_as_dict,16,pass
tests/test_jsonplus.py::test_msgpack_nested_pydantic_serializes_as_dict,17,pass
tests/test_jsonplus.py::test_msgpack_nested_pydantic_serializes_as_dict,18,pass
tests/test_jsonplus.py::test_msgpack_nested_pydantic_serializes_as_dict,19,pass
tests/test_jsonplus.py::test_msgpack_nested_pydantic_serializes_as_dict,20,pass
tests/test_jsonplus.py::test_msgpack_nested_pydantic_serializes_as_dict,21,pass
tests/test_jsonplus.py::test_msgpack_nested_pydantic_serializes_as_dict,22,pass
tests/test_jsonplus.py::test_msgpack_nested_pydantic_serializes_as_dict,23,pass
tests/test_jsonplus.py::test_msgpack_nested_pydantic_serializes_as_dict,24,pass
tests/test_jsonplus.py::test_msgpack_nested_pydantic_serializes_as_dict,25,pass
tests/test_jsonplus.py::test_msgpack_nested_pydantic_serializes_as_dict,26,pass
tests/test_jsonplus.py::test_msgpack_nested_pydantic_serializes_as_dict,27,pass
tests/test_jsonplus.py::test_msgpack_nested_pydantic_serializes_as_dict,28,pass
tests/test_jsonplus.py::test_msgpack_nested_pydantic_serializes_as_dict,29,pass
tests/test_jsonplus.py::test_msgpack_nested_pydantic_serializes_as_dict,30,pass
tests/test_jsonplus.py::test_msgpack_nested_pydantic_serializes_as_dict,31,pass
tests/test_jsonplus.py::test_msgpack_nested_pydantic_serializes_as_dict,32,pass
tests/test_jsonplus.py::test_msgpack_nested_pydantic_serializes_as_dict,33,pass
tests/test_jsonplus.py::test_msgpack_nested_pydantic_serializes_as_dict,34,pass
tests/test_jsonplus.py::test_msgpack_nested_pydantic_serializes_as_dict,35,pass
tests/test_jsonplus.py::test_msgpack_nested_pydantic_serializes_as_dict,36,pass
tests/test_jsonplus.py::test_msgpack_nested_pydantic_serializes_as_dict,37,pass
tests/test_jsonplus.py::test_msgpack_nested_pydantic_serializes_as_dict,38,pass
tests/test_jsonplus.py::test_msgpack_nested_pydantic_serializes_as_dict,39,pass
tests/test_jsonplus.py::test_msgpack_nested_pydantic_serializes_as_dict,40,pass
tests/test_jsonplus.py::test_msgpack_nested_pydantic_serializes_as_dict,41,pass
tests/test_jsonplus.py::test_msgpack_nested_pydantic_serializes_as_dict,42,pass
tests/test_jsonplus.py::test_msgpack_nested_pydantic_serializes_as_dict,43,pass
tests/test_jsonplus.py::test_msgpack_nested_pydantic_serializes_as_dict,44,pass
tests/test_jsonplus.py::test_msgpack_nested_pydantic_serializes_as_dict,45,pass
tests/test_jsonplus.py::test_msgpack_nested_pydantic_serializes_as_dict,46,pass
tests/test_jsonplus.py::test_msgpack_nested_pydantic_serializes_as_dict,47,pass
tests/test_jsonplus.py::test_msgpack_nested_pydantic_serializes_as_dict,48,pass
tests/test_jsonplus.py::test_msgpack_nested_pydantic_serializes_as_dict,49,pass
tests/test_jsonplus.py::test_msgpack_nested_pydantic_serializes_as_dict,50,pass
tests/test_jsonplus.py::test_msgpack_pydantic_v1_allowlist,1,pass
tests/test_jsonplus.py::test_msgpack_pydantic_v1_allowlist,2,pass
tests/test_jsonplus.py::test_msgpack_pydantic_v1_allowlist,3,pass
tests/test_jsonplus.py::test_msgpack_pydantic_v1_allowlist,4,pass
tests/test_jsonplus.py::test_msgpack_pydantic_v1_allowlist,5,pass
tests/test_jsonplus.py::test_msgpack_pydantic_v1_allowlist,6,pass
tests/test_jsonplus.py::test_msgpack_pydantic_v1_allowlist,7,pass
tests/test_jsonplus.py::test_msgpack_pydantic_v1_allowlist,8,pass
tests/test_jsonplus.py::test_msgpack_pydantic_v1_allowlist,9,pass
tests/test_jsonplus.py::test_msgpack_pydantic_v1_allowlist,10,pass
tests/test_jsonplus.py::test_msgpack_pydantic_v1_allowlist,11,pass
tests/test_jsonplus.py::test_msgpack_pydantic_v1_allowlist,12,pass
tests/test_jsonplus.py::test_msgpack_pydantic_v1_allowlist,13,pass
tests/test_jsonplus.py::test_msgpack_pydantic_v1_allowlist,14,pass
tests/test_jsonplus.py::test_msgpack_pydantic_v1_allowlist,15,pass
tests/test_jsonplus.py::test_msgpack_pydantic_v1_allowlist,16,pass
tests/test_jsonplus.py::test_msgpack_pydantic_v1_allowlist,17,pass
tests/test_jsonplus.py::test_msgpack_pydantic_v1_allowlist,18,pass
tests/test_jsonplus.py::test_msgpack_pydantic_v1_allowlist,19,pass
tests/test_jsonplus.py::test_msgpack_pydantic_v1_allowlist,20,pass
tests/test_jsonplus.py::test_msgpack_pydantic_v1_allowlist,21,pass
tests/test_jsonplus.py::test_msgpack_pydantic_v1_allowlist,22,pass
tests/test_jsonplus.py::test_msgpack_pydantic_v1_allowlist,23,pass
tests/test_jsonplus.py::test_msgpack_pydantic_v1_allowlist,24,pass
tests/test_jsonplus.py::test_msgpack_pydantic_v1_allowlist,25,pass
tests/test_jsonplus.py::test_msgpack_pydantic_v1_allowlist,26,pass
tests/test_jsonplus.py::test_msgpack_pydantic_v1_allowlist,27,pass
tests/test_jsonplus.py::test_msgpack_pydantic_v1_allowlist,28,pass
tests/test_jsonplus.py::test_msgpack_pydantic_v1_allowlist,29,pass
tests/test_jsonplus.py::test_msgpack_pydantic_v1_allowlist,30,pass
tests/test_jsonplus.py::test_msgpack_pydantic_v1_allowlist,31,pass
tests/test_jsonplus.py::test_msgpack_pydantic_v1_allowlist,32,pass
tests/test_jsonplus.py::test_msgpack_pydantic_v1_allowlist,33,pass
tests/test_jsonplus.py::test_msgpack_pydantic_v1_allowlist,34,pass
tests/test_jsonplus.py::test_msgpack_pydantic_v1_allowlist,35,pass
tests/test_jsonplus.py::test_msgpack_pydantic_v1_allowlist,36,pass
tests/test_jsonplus.py::test_msgpack_pydantic_v1_allowlist,37,pass
tests/test_jsonplus.py::test_msgpack_pydantic_v1_allowlist,38,pass
tests/test_jsonplus.py::test_msgpack_pydantic_v1_allowlist,39,pass
tests/test_jsonplus.py::test_msgpack_pydantic_v1_allowlist,40,pass
tests/test_jsonplus.py::test_msgpack_pydantic_v1_allowlist,41,pass
tests/test_jsonplus.py::test_msgpack_pydantic_v1_allowlist,42,pass
tests/test_jsonplus.py::test_msgpack_pydantic_v1_allowlist,43,pass
tests/test_jsonplus.py::test_msgpack_pydantic_v1_allowlist,44,pass
tests/test_jsonplus.py::test_msgpack_pydantic_v1_allowlist,45,pass
tests/test_jsonplus.py::test_msgpack_pydantic_v1_allowlist,46,pass
tests/test_jsonplus.py::test_msgpack_pydantic_v1_allowlist,47,pass
tests/test_jsonplus.py::test_msgpack_pydantic_v1_allowlist,48,pass
tests/test_jsonplus.py::test_msgpack_pydantic_v1_allowlist,49,pass
tests/test_jsonplus.py::test_msgpack_pydantic_v1_allowlist,50,pass
tests/test_jsonplus.py::test_msgpack_pydantic_warns_by_default,1,pass
tests/test_jsonplus.py::test_msgpack_pydantic_warns_by_default,2,pass
tests/test_jsonplus.py::test_msgpack_pydantic_warns_by_default,3,pass
tests/test_jsonplus.py::test_msgpack_pydantic_warns_by_default,4,pass
tests/test_jsonplus.py::test_msgpack_pydantic_warns_by_default,5,pass
tests/test_jsonplus.py::test_msgpack_pydantic_warns_by_default,6,pass
tests/test_jsonplus.py::test_msgpack_pydantic_warns_by_default,7,pass
tests/test_jsonplus.py::test_msgpack_pydantic_warns_by_default,8,pass
tests/test_jsonplus.py::test_msgpack_pydantic_warns_by_default,9,pass
tests/test_jsonplus.py::test_msgpack_pydantic_warns_by_default,10,pass
tests/test_jsonplus.py::test_msgpack_pydantic_warns_by_default,11,pass
tests/test_jsonplus.py::test_msgpack_pydantic_warns_by_default,12,pass
tests/test_jsonplus.py::test_msgpack_pydantic_warns_by_default,13,pass
tests/test_jsonplus.py::test_msgpack_pydantic_warns_by_default,14,pass
tests/test_jsonplus.py::test_msgpack_pydantic_warns_by_default,15,pass
tests/test_jsonplus.py::test_msgpack_pydantic_warns_by_default,16,pass
tests/test_jsonplus.py::test_msgpack_pydantic_warns_by_default,17,pass
tests/test_jsonplus.py::test_msgpack_pydantic_warns_by_default,18,pass
tests/test_jsonplus.py::test_msgpack_pydantic_warns_by_default,19,pass
tests/test_jsonplus.py::test_msgpack_pydantic_warns_by_default,20,pass
tests/test_jsonplus.py::test_msgpack_pydantic_warns_by_default,21,pass
tests/test_jsonplus.py::test_msgpack_pydantic_warns_by_default,22,pass
tests/test_jsonplus.py::test_msgpack_pydantic_warns_by_default,23,pass
tests/test_jsonplus.py::test_msgpack_pydantic_warns_by_default,24,pass
tests/test_jsonplus.py::test_msgpack_pydantic_warns_by_default,25,pass
tests/test_jsonplus.py::test_msgpack_pydantic_warns_by_default,26,pass
tests/test_jsonplus.py::test_msgpack_pydantic_warns_by_default,27,pass
tests/test_jsonplus.py::test_msgpack_pydantic_warns_by_default,28,pass
tests/test_jsonplus.py::test_msgpack_pydantic_warns_by_default,29,pass
tests/test_jsonplus.py::test_msgpack_pydantic_warns_by_default,30,pass
tests/test_jsonplus.py::test_msgpack_pydantic_warns_by_default,31,pass
tests/test_jsonplus.py::test_msgpack_pydantic_warns_by_default,32,pass
tests/test_jsonplus.py::test_msgpack_pydantic_warns_by_default,33,pass
tests/test_jsonplus.py::test_msgpack_pydantic_warns_by_default,34,pass
tests/test_jsonplus.py::test_msgpack_pydantic_warns_by_default,35,pass
tests/test_jsonplus.py::test_msgpack_pydantic_warns_by_default,36,pass
tests/test_jsonplus.py::test_msgpack_pydantic_warns_by_default,37,pass
tests/test_jsonplus.py::test_msgpack_pydantic_warns_by_default,38,pass
tests/test_jsonplus.py::test_msgpack_pydantic_warns_by_default,39,pass
tests/test_jsonplus.py::test_msgpack_pydantic_warns_by_default,40,pass
tests/test_jsonplus.py::test_msgpack_pydantic_warns_by_default,41,pass
tests/test_jsonplus.py::test_msgpack_pydantic_warns_by_default,42,pass
tests/test_jsonplus.py::test_msgpack_pydantic_warns_by_default,43,pass
tests/test_jsonplus.py::test_msgpack_pydantic_warns_by_default,44,pass
tests/test_jsonplus.py::test_msgpack_pydantic_warns_by_default,45,pass
tests/test_jsonplus.py::test_msgpack_pydantic_warns_by_default,46,pass
tests/test_jsonplus.py::test_msgpack_pydantic_warns_by_default,47,pass
tests/test_jsonplus.py::test_msgpack_pydantic_warns_by_default,48,pass
tests/test_jsonplus.py::test_msgpack_pydantic_warns_by_default,49,pass
tests/test_jsonplus.py::test_msgpack_pydantic_warns_by_default,50,pass
tests/test_encrypted.py::TestEncryptedSerializerMsgpackAllowlist::test_allowlist_blocks_non_listed,1,pass
tests/test_encrypted.py::TestEncryptedSerializerMsgpackAllowlist::test_allowlist_blocks_non_listed,2,pass
tests/test_encrypted.py::TestEncryptedSerializerMsgpackAllowlist::test_allowlist_blocks_non_listed,3,pass
tests/test_encrypted.py::TestEncryptedSerializerMsgpackAllowlist::test_allowlist_blocks_non_listed,4,pass
tests/test_encrypted.py::TestEncryptedSerializerMsgpackAllowlist::test_allowlist_blocks_non_listed,5,pass
tests/test_encrypted.py::TestEncryptedSerializerMsgpackAllowlist::test_allowlist_blocks_non_listed,6,pass
tests/test_encrypted.py::TestEncryptedSerializerMsgpackAllowlist::test_allowlist_blocks_non_listed,7,pass
tests/test_encrypted.py::TestEncryptedSerializerMsgpackAllowlist::test_allowlist_blocks_non_listed,8,pass
tests/test_encrypted.py::TestEncryptedSerializerMsgpackAllowlist::test_allowlist_blocks_non_listed,9,pass
tests/test_encrypted.py::TestEncryptedSerializerMsgpackAllowlist::test_allowlist_blocks_non_listed,10,pass
tests/test_encrypted.py::TestEncryptedSerializerMsgpackAllowlist::test_allowlist_blocks_non_listed,11,pass
tests/test_encrypted.py::TestEncryptedSerializerMsgpackAllowlist::test_allowlist_blocks_non_listed,12,pass
tests/test_encrypted.py::TestEncryptedSerializerMsgpackAllowlist::test_allowlist_blocks_non_listed,13,pass
tests/test_encrypted.py::TestEncryptedSerializerMsgpackAllowlist::test_allowlist_blocks_non_listed,14,pass
tests/test_encrypted.py::TestEncryptedSerializerMsgpackAllowlist::test_allowlist_blocks_non_listed,15,pass
tests/test_encrypted.py::TestEncryptedSerializerMsgpackAllowlist::test_allowlist_blocks_non_listed,16,pass
tests/test_encrypted.py::TestEncryptedSerializerMsgpackAllowlist::test_allowlist_blocks_non_listed,17,pass
tests/test_encrypted.py::TestEncryptedSerializerMsgpackAllowlist::test_allowlist_blocks_non_listed,18,pass
tests/test_encrypted.py::TestEncryptedSerializerMsgpackAllowlist::test_allowlist_blocks_non_listed,19,pass
tests/test_encrypted.py::TestEncryptedSerializerMsgpackAllowlist::test_allowlist_blocks_non_listed,20,pass
tests/test_encrypted.py::TestEncryptedSerializerMsgpackAllowlist::test_allowlist_blocks_non_listed,21,pass
tests/test_encrypted.py::TestEncryptedSerializerMsgpackAllowlist::test_allowlist_blocks_non_listed,22,pass
tests/test_encrypted.py::TestEncryptedSerializerMsgpackAllowlist::test_allowlist_blocks_non_listed,23,pass
tests/test_encrypted.py::TestEncryptedSerializerMsgpackAllowlist::test_allowlist_blocks_non_listed,24,pass
tests/test_encrypted.py::TestEncryptedSerializerMsgpackAllowlist::test_allowlist_blocks_non_listed,25,pass
tests/test_encrypted.py::TestEncryptedSerializerMsgpackAllowlist::test_allowlist_blocks_non_listed,26,pass
tests/test_encrypted.py::TestEncryptedSerializerMsgpackAllowlist::test_allowlist_blocks_non_listed,27,pass
tests/test_encrypted.py::TestEncryptedSerializerMsgpackAllowlist::test_allowlist_blocks_non_listed,28,pass
tests/test_encrypted.py::TestEncryptedSerializerMsgpackAllowlist::test_allowlist_blocks_non_listed,29,pass
tests/test_encrypted.py::TestEncryptedSerializerMsgpackAllowlist::test_allowlist_blocks_non_listed,30,pass
tests/test_encrypted.py::TestEncryptedSerializerMsgpackAllowlist::test_allowlist_blocks_non_listed,31,pass
tests/test_encrypted.py::TestEncryptedSerializerMsgpackAllowlist::test_allowlist_blocks_non_listed,32,pass
tests/test_encrypted.py::TestEncryptedSerializerMsgpackAllowlist::test_allowlist_blocks_non_listed,33,pass
tests/test_encrypted.py::TestEncryptedSerializerMsgpackAllowlist::test_allowlist_blocks_non_listed,34,pass
tests/test_encrypted.py::TestEncryptedSerializerMsgpackAllowlist::test_allowlist_blocks_non_listed,35,pass
tests/test_encrypted.py::TestEncryptedSerializerMsgpackAllowlist::test_allowlist_blocks_non_listed,36,pass
tests/test_encrypted.py::TestEncryptedSerializerMsgpackAllowlist::test_allowlist_blocks_non_listed,37,pass
tests/test_encrypted.py::TestEncryptedSerializerMsgpackAllowlist::test_allowlist_blocks_non_listed,38,pass
tests/test_encrypted.py::TestEncryptedSerializerMsgpackAllowlist::test_allowlist_blocks_non_listed,39,pass
tests/test_encrypted.py::TestEncryptedSerializerMsgpackAllowlist::test_allowlist_blocks_non_listed,40,pass
tests/test_encrypted.py::TestEncryptedSerializerMsgpackAllowlist::test_allowlist_blocks_non_listed,41,pass
tests/test_encrypted.py::TestEncryptedSerializerMsgpackAllowlist::test_allowlist_blocks_non_listed,42,pass
tests/test_encrypted.py::TestEncryptedSerializerMsgpackAllowlist::test_allowlist_blocks_non_listed,43,pass
tests/test_encrypted.py::TestEncryptedSerializerMsgpackAllowlist::test_allowlist_blocks_non_listed,44,pass
tests/test_encrypted.py::TestEncryptedSerializerMsgpackAllowlist::test_allowlist_blocks_non_listed,45,pass
tests/test_encrypted.py::TestEncryptedSerializerMsgpackAllowlist::test_allowlist_blocks_non_listed,46,pass
tests/test_encrypted.py::TestEncryptedSerializerMsgpackAllowlist::test_allowlist_blocks_non_listed,47,pass
tests/test_encrypted.py::TestEncryptedSerializerMsgpackAllowlist::test_allowlist_blocks_non_listed,48,pass
tests/test_encrypted.py::TestEncryptedSerializerMsgpackAllowlist::test_allowlist_blocks_non_listed,49,pass
tests/test_encrypted.py::TestEncryptedSerializerMsgpackAllowlist::test_allowlist_blocks_non_listed,50,pass
tests/test_encrypted.py::TestEncryptedSerializerMsgpackAllowlist::test_allowlist_silences_warning,1,pass
tests/test_encrypted.py::TestEncryptedSerializerMsgpackAllowlist::test_allowlist_silences_warning,2,pass
tests/test_encrypted.py::TestEncryptedSerializerMsgpackAllowlist::test_allowlist_silences_warning,3,pass
tests/test_encrypted.py::TestEncryptedSerializerMsgpackAllowlist::test_allowlist_silences_warning,4,pass
tests/test_encrypted.py::TestEncryptedSerializerMsgpackAllowlist::test_allowlist_silences_warning,5,pass
tests/test_encrypted.py::TestEncryptedSerializerMsgpackAllowlist::test_allowlist_silences_warning,6,pass
tests/test_encrypted.py::TestEncryptedSerializerMsgpackAllowlist::test_allowlist_silences_warning,7,pass
tests/test_encrypted.py::TestEncryptedSerializerMsgpackAllowlist::test_allowlist_silences_warning,8,pass
tests/test_encrypted.py::TestEncryptedSerializerMsgpackAllowlist::test_allowlist_silences_warning,9,pass
tests/test_encrypted.py::TestEncryptedSerializerMsgpackAllowlist::test_allowlist_silences_warning,10,pass
tests/test_encrypted.py::TestEncryptedSerializerMsgpackAllowlist::test_allowlist_silences_warning,11,pass
tests/test_encrypted.py::TestEncryptedSerializerMsgpackAllowlist::test_allowlist_silences_warning,12,pass
tests/test_encrypted.py::TestEncryptedSerializerMsgpackAllowlist::test_allowlist_silences_warning,13,pass
tests/test_encrypted.py::TestEncryptedSerializerMsgpackAllowlist::test_allowlist_silences_warning,14,pass
tests/test_encrypted.py::TestEncryptedSerializerMsgpackAllowlist::test_allowlist_silences_warning,15,pass
tests/test_encrypted.py::TestEncryptedSerializerMsgpackAllowlist::test_allowlist_silences_warning,16,pass
tests/test_encrypted.py::TestEncryptedSerializerMsgpackAllowlist::test_allowlist_silences_warning,17,pass
tests/test_encrypted.py::TestEncryptedSerializerMsgpackAllowlist::test_allowlist_silences_warning,18,pass
tests/test_encrypted.py::TestEncryptedSerializerMsgpackAllowlist::test_allowlist_silences_warning,19,pass
tests/test_encrypted.py::TestEncryptedSerializerMsgpackAllowlist::test_allowlist_silences_warning,20,pass
tests/test_encrypted.py::TestEncryptedSerializerMsgpackAllowlist::test_allowlist_silences_warning,21,pass
tests/test_encrypted.py::TestEncryptedSerializerMsgpackAllowlist::test_allowlist_silences_warning,22,pass
tests/test_encrypted.py::TestEncryptedSerializerMsgpackAllowlist::test_allowlist_silences_warning,23,pass
tests/test_encrypted.py::TestEncryptedSerializerMsgpackAllowlist::test_allowlist_silences_warning,24,pass
tests/test_encrypted.py::TestEncryptedSerializerMsgpackAllowlist::test_allowlist_silences_warning,25,pass
tests/test_encrypted.py::TestEncryptedSerializerMsgpackAllowlist::test_allowlist_silences_warning,26,pass
tests/test_encrypted.py::TestEncryptedSerializerMsgpackAllowlist::test_allowlist_silences_warning,27,pass
tests/test_encrypted.py::TestEncryptedSerializerMsgpackAllowlist::test_allowlist_silences_warning,28,pass
tests/test_encrypted.py::TestEncryptedSerializerMsgpackAllowlist::test_allowlist_silences_warning,29,pass
tests/test_encrypted.py::TestEncryptedSerializerMsgpackAllowlist::test_allowlist_silences_warning,30,pass
tests/test_encrypted.py::TestEncryptedSerializerMsgpackAllowlist::test_allowlist_silences_warning,31,pass
tests/test_encrypted.py::TestEncryptedSerializerMsgpackAllowlist::test_allowlist_silences_warning,32,pass
tests/test_encrypted.py::TestEncryptedSerializerMsgpackAllowlist::test_allowlist_silences_warning,33,pass
tests/test_encrypted.py::TestEncryptedSerializerMsgpackAllowlist::test_allowlist_silences_warning,34,pass
tests/test_encrypted.py::TestEncryptedSerializerMsgpackAllowlist::test_allowlist_silences_warning,35,pass
tests/test_encrypted.py::TestEncryptedSerializerMsgpackAllowlist::test_allowlist_silences_warning,36,pass
tests/test_encrypted.py::TestEncryptedSerializerMsgpackAllowlist::test_allowlist_silences_warning,37,pass
tests/test_encrypted.py::TestEncryptedSerializerMsgpackAllowlist::test_allowlist_silences_warning,38,pass
tests/test_encrypted.py::TestEncryptedSerializerMsgpackAllowlist::test_allowlist_silences_warning,39,pass
tests/test_encrypted.py::TestEncryptedSerializerMsgpackAllowlist::test_allowlist_silences_warning,40,pass
tests/test_encrypted.py::TestEncryptedSerializerMsgpackAllowlist::test_allowlist_silences_warning,41,pass
tests/test_encrypted.py::TestEncryptedSerializerMsgpackAllowlist::test_allowlist_silences_warning,42,pass
tests/test_encrypted.py::TestEncryptedSerializerMsgpackAllowlist::test_allowlist_silences_warning,43,pass
tests/test_encrypted.py::TestEncryptedSerializerMsgpackAllowlist::test_allowlist_silences_warning,44,pass
tests/test_encrypted.py::TestEncryptedSerializerMsgpackAllowlist::test_allowlist_silences_warning,45,pass
tests/test_encrypted.py::TestEncryptedSerializerMsgpackAllowlist::test_allowlist_silences_warning,46,pass
tests/test_encrypted.py::TestEncryptedSerializerMsgpackAllowlist::test_allowlist_silences_warning,47,pass
tests/test_encrypted.py::TestEncryptedSerializerMsgpackAllowlist::test_allowlist_silences_warning,48,pass
tests/test_encrypted.py::TestEncryptedSerializerMsgpackAllowlist::test_allowlist_silences_warning,49,pass
tests/test_encrypted.py::TestEncryptedSerializerMsgpackAllowlist::test_allowlist_silences_warning,50,pass
tests/test_encrypted.py::TestEncryptedSerializerMsgpackAllowlist::test_regex_safe_type,1,pass
tests/test_encrypted.py::TestEncryptedSerializerMsgpackAllowlist::test_regex_safe_type,2,pass
tests/test_encrypted.py::TestEncryptedSerializerMsgpackAllowlist::test_regex_safe_type,3,pass
tests/test_encrypted.py::TestEncryptedSerializerMsgpackAllowlist::test_regex_safe_type,4,pass
tests/test_encrypted.py::TestEncryptedSerializerMsgpackAllowlist::test_regex_safe_type,5,pass
tests/test_encrypted.py::TestEncryptedSerializerMsgpackAllowlist::test_regex_safe_type,6,pass
tests/test_encrypted.py::TestEncryptedSerializerMsgpackAllowlist::test_regex_safe_type,7,pass
tests/test_encrypted.py::TestEncryptedSerializerMsgpackAllowlist::test_regex_safe_type,8,pass
tests/test_encrypted.py::TestEncryptedSerializerMsgpackAllowlist::test_regex_safe_type,9,pass
tests/test_encrypted.py::TestEncryptedSerializerMsgpackAllowlist::test_regex_safe_type,10,pass
tests/test_encrypted.py::TestEncryptedSerializerMsgpackAllowlist::test_regex_safe_type,11,pass
tests/test_encrypted.py::TestEncryptedSerializerMsgpackAllowlist::test_regex_safe_type,12,pass
tests/test_encrypted.py::TestEncryptedSerializerMsgpackAllowlist::test_regex_safe_type,13,pass
tests/test_encrypted.py::TestEncryptedSerializerMsgpackAllowlist::test_regex_safe_type,14,pass
tests/test_encrypted.py::TestEncryptedSerializerMsgpackAllowlist::test_regex_safe_type,15,pass
tests/test_encrypted.py::TestEncryptedSerializerMsgpackAllowlist::test_regex_safe_type,16,pass
tests/test_encrypted.py::TestEncryptedSerializerMsgpackAllowlist::test_regex_safe_type,17,pass
tests/test_encrypted.py::TestEncryptedSerializerMsgpackAllowlist::test_regex_safe_type,18,pass
tests/test_encrypted.py::TestEncryptedSerializerMsgpackAllowlist::test_regex_safe_type,19,pass
tests/test_encrypted.py::TestEncryptedSerializerMsgpackAllowlist::test_regex_safe_type,20,pass
tests/test_encrypted.py::TestEncryptedSerializerMsgpackAllowlist::test_regex_safe_type,21,pass
tests/test_encrypted.py::TestEncryptedSerializerMsgpackAllowlist::test_regex_safe_type,22,pass
tests/test_encrypted.py::TestEncryptedSerializerMsgpackAllowlist::test_regex_safe_type,23,pass
tests/test_encrypted.py::TestEncryptedSerializerMsgpackAllowlist::test_regex_safe_type,24,pass
tests/test_encrypted.py::TestEncryptedSerializerMsgpackAllowlist::test_regex_safe_type,25,pass
tests/test_encrypted.py::TestEncryptedSerializerMsgpackAllowlist::test_regex_safe_type,26,pass
tests/test_encrypted.py::TestEncryptedSerializerMsgpackAllowlist::test_regex_safe_type,27,pass
tests/test_encrypted.py::TestEncryptedSerializerMsgpackAllowlist::test_regex_safe_type,28,pass
tests/test_encrypted.py::TestEncryptedSerializerMsgpackAllowlist::test_regex_safe_type,29,pass
tests/test_encrypted.py::TestEncryptedSerializerMsgpackAllowlist::test_regex_safe_type,30,pass
tests/test_encrypted.py::TestEncryptedSerializerMsgpackAllowlist::test_regex_safe_type,31,pass
tests/test_encrypted.py::TestEncryptedSerializerMsgpackAllowlist::test_regex_safe_type,32,pass
tests/test_encrypted.py::TestEncryptedSerializerMsgpackAllowlist::test_regex_safe_type,33,pass
tests/test_encrypted.py::TestEncryptedSerializerMsgpackAllowlist::test_regex_safe_type,34,pass
tests/test_encrypted.py::TestEncryptedSerializerMsgpackAllowlist::test_regex_safe_type,35,pass
tests/test_encrypted.py::TestEncryptedSerializerMsgpackAllowlist::test_regex_safe_type,36,pass
tests/test_encrypted.py::TestEncryptedSerializerMsgpackAllowlist::test_regex_safe_type,37,pass
tests/test_encrypted.py::TestEncryptedSerializerMsgpackAllowlist::test_regex_safe_type,38,pass
tests/test_encrypted.py::TestEncryptedSerializerMsgpackAllowlist::test_regex_safe_type,39,pass
tests/test_encrypted.py::TestEncryptedSerializerMsgpackAllowlist::test_regex_safe_type,40,pass
tests/test_encrypted.py::TestEncryptedSerializerMsgpackAllowlist::test_regex_safe_type,41,pass
tests/test_encrypted.py::TestEncryptedSerializerMsgpackAllowlist::test_regex_safe_type,42,pass
tests/test_encrypted.py::TestEncryptedSerializerMsgpackAllowlist::test_regex_safe_type,43,pass
tests/test_encrypted.py::TestEncryptedSerializerMsgpackAllowlist::test_regex_safe_type,44,pass
tests/test_encrypted.py::TestEncryptedSerializerMsgpackAllowlist::test_regex_safe_type,45,pass
tests/test_encrypted.py::TestEncryptedSerializerMsgpackAllowlist::test_regex_safe_type,46,pass
tests/test_encrypted.py::TestEncryptedSerializerMsgpackAllowlist::test_regex_safe_type,47,pass
tests/test_encrypted.py::TestEncryptedSerializerMsgpackAllowlist::test_regex_safe_type,48,pass
tests/test_encrypted.py::TestEncryptedSerializerMsgpackAllowlist::test_regex_safe_type,49,pass
tests/test_encrypted.py::TestEncryptedSerializerMsgpackAllowlist::test_regex_safe_type,50,pass
tests/test_encrypted.py::TestEncryptedSerializerMsgpackAllowlist::test_safe_types_no_warning,1,pass
tests/test_encrypted.py::TestEncryptedSerializerMsgpackAllowlist::test_safe_types_no_warning,2,pass
tests/test_encrypted.py::TestEncryptedSerializerMsgpackAllowlist::test_safe_types_no_warning,3,pass
tests/test_encrypted.py::TestEncryptedSerializerMsgpackAllowlist::test_safe_types_no_warning,4,pass
tests/test_encrypted.py::TestEncryptedSerializerMsgpackAllowlist::test_safe_types_no_warning,5,pass
tests/test_encrypted.py::TestEncryptedSerializerMsgpackAllowlist::test_safe_types_no_warning,6,pass
tests/test_encrypted.py::TestEncryptedSerializerMsgpackAllowlist::test_safe_types_no_warning,7,pass
tests/test_encrypted.py::TestEncryptedSerializerMsgpackAllowlist::test_safe_types_no_warning,8,pass
tests/test_encrypted.py::TestEncryptedSerializerMsgpackAllowlist::test_safe_types_no_warning,9,pass
tests/test_encrypted.py::TestEncryptedSerializerMsgpackAllowlist::test_safe_types_no_warning,10,pass
tests/test_encrypted.py::TestEncryptedSerializerMsgpackAllowlist::test_safe_types_no_warning,11,pass
tests/test_encrypted.py::TestEncryptedSerializerMsgpackAllowlist::test_safe_types_no_warning,12,pass
tests/test_encrypted.py::TestEncryptedSerializerMsgpackAllowlist::test_safe_types_no_warning,13,pass
tests/test_encrypted.py::TestEncryptedSerializerMsgpackAllowlist::test_safe_types_no_warning,14,pass
tests/test_encrypted.py::TestEncryptedSerializerMsgpackAllowlist::test_safe_types_no_warning,15,pass
tests/test_encrypted.py::TestEncryptedSerializerMsgpackAllowlist::test_safe_types_no_warning,16,pass
tests/test_encrypted.py::TestEncryptedSerializerMsgpackAllowlist::test_safe_types_no_warning,17,pass
tests/test_encrypted.py::TestEncryptedSerializerMsgpackAllowlist::test_safe_types_no_warning,18,pass
tests/test_encrypted.py::TestEncryptedSerializerMsgpackAllowlist::test_safe_types_no_warning,19,pass
tests/test_encrypted.py::TestEncryptedSerializerMsgpackAllowlist::test_safe_types_no_warning,20,pass
tests/test_encrypted.py::TestEncryptedSerializerMsgpackAllowlist::test_safe_types_no_warning,21,pass
tests/test_encrypted.py::TestEncryptedSerializerMsgpackAllowlist::test_safe_types_no_warning,22,pass
tests/test_encrypted.py::TestEncryptedSerializerMsgpackAllowlist::test_safe_types_no_warning,23,pass
tests/test_encrypted.py::TestEncryptedSerializerMsgpackAllowlist::test_safe_types_no_warning,24,pass
tests/test_encrypted.py::TestEncryptedSerializerMsgpackAllowlist::test_safe_types_no_warning,25,pass
tests/test_encrypted.py::TestEncryptedSerializerMsgpackAllowlist::test_safe_types_no_warning,26,pass
tests/test_encrypted.py::TestEncryptedSerializerMsgpackAllowlist::test_safe_types_no_warning,27,pass
tests/test_encrypted.py::TestEncryptedSerializerMsgpackAllowlist::test_safe_types_no_warning,28,pass
tests/test_encrypted.py::TestEncryptedSerializerMsgpackAllowlist::test_safe_types_no_warning,29,pass
tests/test_encrypted.py::TestEncryptedSerializerMsgpackAllowlist::test_safe_types_no_warning,30,pass
tests/test_encrypted.py::TestEncryptedSerializerMsgpackAllowlist::test_safe_types_no_warning,31,pass
tests/test_encrypted.py::TestEncryptedSerializerMsgpackAllowlist::test_safe_types_no_warning,32,pass
tests/test_encrypted.py::TestEncryptedSerializerMsgpackAllowlist::test_safe_types_no_warning,33,pass
tests/test_encrypted.py::TestEncryptedSerializerMsgpackAllowlist::test_safe_types_no_warning,34,pass
tests/test_encrypted.py::TestEncryptedSerializerMsgpackAllowlist::test_safe_types_no_warning,35,pass
tests/test_encrypted.py::TestEncryptedSerializerMsgpackAllowlist::test_safe_types_no_warning,36,pass
tests/test_encrypted.py::TestEncryptedSerializerMsgpackAllowlist::test_safe_types_no_warning,37,pass
tests/test_encrypted.py::TestEncryptedSerializerMsgpackAllowlist::test_safe_types_no_warning,38,pass
tests/test_encrypted.py::TestEncryptedSerializerMsgpackAllowlist::test_safe_types_no_warning,39,pass
tests/test_encrypted.py::TestEncryptedSerializerMsgpackAllowlist::test_safe_types_no_warning,40,pass
tests/test_encrypted.py::TestEncryptedSerializerMsgpackAllowlist::test_safe_types_no_warning,41,pass
tests/test_encrypted.py::TestEncryptedSerializerMsgpackAllowlist::test_safe_types_no_warning,42,pass
tests/test_encrypted.py::TestEncryptedSerializerMsgpackAllowlist::test_safe_types_no_warning,43,pass
tests/test_encrypted.py::TestEncryptedSerializerMsgpackAllowlist::test_safe_types_no_warning,44,pass
tests/test_encrypted.py::TestEncryptedSerializerMsgpackAllowlist::test_safe_types_no_warning,45,pass
tests/test_encrypted.py::TestEncryptedSerializerMsgpackAllowlist::test_safe_types_no_warning,46,pass
tests/test_encrypted.py::TestEncryptedSerializerMsgpackAllowlist::test_safe_types_no_warning,47,pass
tests/test_encrypted.py::TestEncryptedSerializerMsgpackAllowlist::test_safe_types_no_warning,48,pass
tests/test_encrypted.py::TestEncryptedSerializerMsgpackAllowlist::test_safe_types_no_warning,49,pass
tests/test_encrypted.py::TestEncryptedSerializerMsgpackAllowlist::test_safe_types_no_warning,50,pass
tests/test_encrypted.py::TestEncryptedSerializerMsgpackAllowlist::test_safe_types_value_equality,1,pass
tests/test_encrypted.py::TestEncryptedSerializerMsgpackAllowlist::test_safe_types_value_equality,2,pass
tests/test_encrypted.py::TestEncryptedSerializerMsgpackAllowlist::test_safe_types_value_equality,3,pass
tests/test_encrypted.py::TestEncryptedSerializerMsgpackAllowlist::test_safe_types_value_equality,4,pass
tests/test_encrypted.py::TestEncryptedSerializerMsgpackAllowlist::test_safe_types_value_equality,5,pass
tests/test_encrypted.py::TestEncryptedSerializerMsgpackAllowlist::test_safe_types_value_equality,6,pass
tests/test_encrypted.py::TestEncryptedSerializerMsgpackAllowlist::test_safe_types_value_equality,7,pass
tests/test_encrypted.py::TestEncryptedSerializerMsgpackAllowlist::test_safe_types_value_equality,8,pass
tests/test_encrypted.py::TestEncryptedSerializerMsgpackAllowlist::test_safe_types_value_equality,9,pass
tests/test_encrypted.py::TestEncryptedSerializerMsgpackAllowlist::test_safe_types_value_equality,10,pass
tests/test_encrypted.py::TestEncryptedSerializerMsgpackAllowlist::test_safe_types_value_equality,11,pass
tests/test_encrypted.py::TestEncryptedSerializerMsgpackAllowlist::test_safe_types_value_equality,12,pass
tests/test_encrypted.py::TestEncryptedSerializerMsgpackAllowlist::test_safe_types_value_equality,13,pass
tests/test_encrypted.py::TestEncryptedSerializerMsgpackAllowlist::test_safe_types_value_equality,14,pass
tests/test_encrypted.py::TestEncryptedSerializerMsgpackAllowlist::test_safe_types_value_equality,15,pass
tests/test_encrypted.py::TestEncryptedSerializerMsgpackAllowlist::test_safe_types_value_equality,16,pass
tests/test_encrypted.py::TestEncryptedSerializerMsgpackAllowlist::test_safe_types_value_equality,17,pass
tests/test_encrypted.py::TestEncryptedSerializerMsgpackAllowlist::test_safe_types_value_equality,18,pass
tests/test_encrypted.py::TestEncryptedSerializerMsgpackAllowlist::test_safe_types_value_equality,19,pass
tests/test_encrypted.py::TestEncryptedSerializerMsgpackAllowlist::test_safe_types_value_equality,20,pass
tests/test_encrypted.py::TestEncryptedSerializerMsgpackAllowlist::test_safe_types_value_equality,21,pass
tests/test_encrypted.py::TestEncryptedSerializerMsgpackAllowlist::test_safe_types_value_equality,22,pass
tests/test_encrypted.py::TestEncryptedSerializerMsgpackAllowlist::test_safe_types_value_equality,23,pass
tests/test_encrypted.py::TestEncryptedSerializerMsgpackAllowlist::test_safe_types_value_equality,24,pass
tests/test_encrypted.py::TestEncryptedSerializerMsgpackAllowlist::test_safe_types_value_equality,25,pass
tests/test_encrypted.py::TestEncryptedSerializerMsgpackAllowlist::test_safe_types_value_equality,26,pass
tests/test_encrypted.py::TestEncryptedSerializerMsgpackAllowlist::test_safe_types_value_equality,27,pass
tests/test_encrypted.py::TestEncryptedSerializerMsgpackAllowlist::test_safe_types_value_equality,28,pass
tests/test_encrypted.py::TestEncryptedSerializerMsgpackAllowlist::test_safe_types_value_equality,29,pass
tests/test_encrypted.py::TestEncryptedSerializerMsgpackAllowlist::test_safe_types_value_equality,30,pass
tests/test_encrypted.py::TestEncryptedSerializerMsgpackAllowlist::test_safe_types_value_equality,31,pass
tests/test_encrypted.py::TestEncryptedSerializerMsgpackAllowlist::test_safe_types_value_equality,32,pass
tests/test_encrypted.py::TestEncryptedSerializerMsgpackAllowlist::test_safe_types_value_equality,33,pass
tests/test_encrypted.py::TestEncryptedSerializerMsgpackAllowlist::test_safe_types_value_equality,34,pass
tests/test_encrypted.py::TestEncryptedSerializerMsgpackAllowlist::test_safe_types_value_equality,35,pass
tests/test_encrypted.py::TestEncryptedSerializerMsgpackAllowlist::test_safe_types_value_equality,36,pass
tests/test_encrypted.py::TestEncryptedSerializerMsgpackAllowlist::test_safe_types_value_equality,37,pass
tests/test_encrypted.py::TestEncryptedSerializerMsgpackAllowlist::test_safe_types_value_equality,38,pass
tests/test_encrypted.py::TestEncryptedSerializerMsgpackAllowlist::test_safe_types_value_equality,39,pass
tests/test_encrypted.py::TestEncryptedSerializerMsgpackAllowlist::test_safe_types_value_equality,40,pass
tests/test_encrypted.py::TestEncryptedSerializerMsgpackAllowlist::test_safe_types_value_equality,41,pass
tests/test_encrypted.py::TestEncryptedSerializerMsgpackAllowlist::test_safe_types_value_equality,42,pass
tests/test_encrypted.py::TestEncryptedSerializerMsgpackAllowlist::test_safe_types_value_equality,43,pass
tests/test_encrypted.py::TestEncryptedSerializerMsgpackAllowlist::test_safe_types_value_equality,44,pass
tests/test_encrypted.py::TestEncryptedSerializerMsgpackAllowlist::test_safe_types_value_equality,45,pass
tests/test_encrypted.py::TestEncryptedSerializerMsgpackAllowlist::test_safe_types_value_equality,46,pass
tests/test_encrypted.py::TestEncryptedSerializerMsgpackAllowlist::test_safe_types_value_equality,47,pass
tests/test_encrypted.py::TestEncryptedSerializerMsgpackAllowlist::test_safe_types_value_equality,48,pass
tests/test_encrypted.py::TestEncryptedSerializerMsgpackAllowlist::test_safe_types_value_equality,49,pass
tests/test_encrypted.py::TestEncryptedSerializerMsgpackAllowlist::test_safe_types_value_equality,50,pass
tests/test_encrypted.py::TestEncryptedSerializerMsgpackAllowlist::test_strict_mode_blocks_unregistered,1,pass
tests/test_encrypted.py::TestEncryptedSerializerMsgpackAllowlist::test_strict_mode_blocks_unregistered,2,pass
tests/test_encrypted.py::TestEncryptedSerializerMsgpackAllowlist::test_strict_mode_blocks_unregistered,3,pass
tests/test_encrypted.py::TestEncryptedSerializerMsgpackAllowlist::test_strict_mode_blocks_unregistered,4,pass
tests/test_encrypted.py::TestEncryptedSerializerMsgpackAllowlist::test_strict_mode_blocks_unregistered,5,pass
tests/test_encrypted.py::TestEncryptedSerializerMsgpackAllowlist::test_strict_mode_blocks_unregistered,6,pass
tests/test_encrypted.py::TestEncryptedSerializerMsgpackAllowlist::test_strict_mode_blocks_unregistered,7,pass
tests/test_encrypted.py::TestEncryptedSerializerMsgpackAllowlist::test_strict_mode_blocks_unregistered,8,pass
tests/test_encrypted.py::TestEncryptedSerializerMsgpackAllowlist::test_strict_mode_blocks_unregistered,9,pass
tests/test_encrypted.py::TestEncryptedSerializerMsgpackAllowlist::test_strict_mode_blocks_unregistered,10,pass
tests/test_encrypted.py::TestEncryptedSerializerMsgpackAllowlist::test_strict_mode_blocks_unregistered,11,pass
tests/test_encrypted.py::TestEncryptedSerializerMsgpackAllowlist::test_strict_mode_blocks_unregistered,12,pass
tests/test_encrypted.py::TestEncryptedSerializerMsgpackAllowlist::test_strict_mode_blocks_unregistered,13,pass
tests/test_encrypted.py::TestEncryptedSerializerMsgpackAllowlist::test_strict_mode_blocks_unregistered,14,pass
tests/test_encrypted.py::TestEncryptedSerializerMsgpackAllowlist::test_strict_mode_blocks_unregistered,15,pass
tests/test_encrypted.py::TestEncryptedSerializerMsgpackAllowlist::test_strict_mode_blocks_unregistered,16,pass
tests/test_encrypted.py::TestEncryptedSerializerMsgpackAllowlist::test_strict_mode_blocks_unregistered,17,pass
tests/test_encrypted.py::TestEncryptedSerializerMsgpackAllowlist::test_strict_mode_blocks_unregistered,18,pass
tests/test_encrypted.py::TestEncryptedSerializerMsgpackAllowlist::test_strict_mode_blocks_unregistered,19,pass
tests/test_encrypted.py::TestEncryptedSerializerMsgpackAllowlist::test_strict_mode_blocks_unregistered,20,pass
tests/test_encrypted.py::TestEncryptedSerializerMsgpackAllowlist::test_strict_mode_blocks_unregistered,21,pass
tests/test_encrypted.py::TestEncryptedSerializerMsgpackAllowlist::test_strict_mode_blocks_unregistered,22,pass
tests/test_encrypted.py::TestEncryptedSerializerMsgpackAllowlist::test_strict_mode_blocks_unregistered,23,pass
tests/test_encrypted.py::TestEncryptedSerializerMsgpackAllowlist::test_strict_mode_blocks_unregistered,24,pass
tests/test_encrypted.py::TestEncryptedSerializerMsgpackAllowlist::test_strict_mode_blocks_unregistered,25,pass
tests/test_encrypted.py::TestEncryptedSerializerMsgpackAllowlist::test_strict_mode_blocks_unregistered,26,pass
tests/test_encrypted.py::TestEncryptedSerializerMsgpackAllowlist::test_strict_mode_blocks_unregistered,27,pass
tests/test_encrypted.py::TestEncryptedSerializerMsgpackAllowlist::test_strict_mode_blocks_unregistered,28,pass
tests/test_encrypted.py::TestEncryptedSerializerMsgpackAllowlist::test_strict_mode_blocks_unregistered,29,pass
tests/test_encrypted.py::TestEncryptedSerializerMsgpackAllowlist::test_strict_mode_blocks_unregistered,30,pass
tests/test_encrypted.py::TestEncryptedSerializerMsgpackAllowlist::test_strict_mode_blocks_unregistered,31,pass
tests/test_encrypted.py::TestEncryptedSerializerMsgpackAllowlist::test_strict_mode_blocks_unregistered,32,pass
tests/test_encrypted.py::TestEncryptedSerializerMsgpackAllowlist::test_strict_mode_blocks_unregistered,33,pass
tests/test_encrypted.py::TestEncryptedSerializerMsgpackAllowlist::test_strict_mode_blocks_unregistered,34,pass
tests/test_encrypted.py::TestEncryptedSerializerMsgpackAllowlist::test_strict_mode_blocks_unregistered,35,pass
tests/test_encrypted.py::TestEncryptedSerializerMsgpackAllowlist::test_strict_mode_blocks_unregistered,36,pass
tests/test_encrypted.py::TestEncryptedSerializerMsgpackAllowlist::test_strict_mode_blocks_unregistered,37,pass
tests/test_encrypted.py::TestEncryptedSerializerMsgpackAllowlist::test_strict_mode_blocks_unregistered,38,pass
tests/test_encrypted.py::TestEncryptedSerializerMsgpackAllowlist::test_strict_mode_blocks_unregistered,39,pass
tests/test_encrypted.py::TestEncryptedSerializerMsgpackAllowlist::test_strict_mode_blocks_unregistered,40,pass
tests/test_encrypted.py::TestEncryptedSerializerMsgpackAllowlist::test_strict_mode_blocks_unregistered,41,pass
tests/test_encrypted.py::TestEncryptedSerializerMsgpackAllowlist::test_strict_mode_blocks_unregistered,42,pass
tests/test_encrypted.py::TestEncryptedSerializerMsgpackAllowlist::test_strict_mode_blocks_unregistered,43,pass
tests/test_encrypted.py::TestEncryptedSerializerMsgpackAllowlist::test_strict_mode_blocks_unregistered,44,pass
tests/test_encrypted.py::TestEncryptedSerializerMsgpackAllowlist::test_strict_mode_blocks_unregistered,45,pass
tests/test_encrypted.py::TestEncryptedSerializerMsgpackAllowlist::test_strict_mode_blocks_unregistered,46,pass
tests/test_encrypted.py::TestEncryptedSerializerMsgpackAllowlist::test_strict_mode_blocks_unregistered,47,pass
tests/test_encrypted.py::TestEncryptedSerializerMsgpackAllowlist::test_strict_mode_blocks_unregistered,48,pass
tests/test_encrypted.py::TestEncryptedSerializerMsgpackAllowlist::test_strict_mode_blocks_unregistered,49,pass
tests/test_encrypted.py::TestEncryptedSerializerMsgpackAllowlist::test_strict_mode_blocks_unregistered,50,pass
tests/test_encrypted.py::TestEncryptedSerializerUnencryptedFallback::test_loads_unencrypted_data,1,pass
tests/test_encrypted.py::TestEncryptedSerializerUnencryptedFallback::test_loads_unencrypted_data,2,pass
tests/test_encrypted.py::TestEncryptedSerializerUnencryptedFallback::test_loads_unencrypted_data,3,pass
tests/test_encrypted.py::TestEncryptedSerializerUnencryptedFallback::test_loads_unencrypted_data,4,pass
tests/test_encrypted.py::TestEncryptedSerializerUnencryptedFallback::test_loads_unencrypted_data,5,pass
tests/test_encrypted.py::TestEncryptedSerializerUnencryptedFallback::test_loads_unencrypted_data,6,pass
tests/test_encrypted.py::TestEncryptedSerializerUnencryptedFallback::test_loads_unencrypted_data,7,pass
tests/test_encrypted.py::TestEncryptedSerializerUnencryptedFallback::test_loads_unencrypted_data,8,pass
tests/test_encrypted.py::TestEncryptedSerializerUnencryptedFallback::test_loads_unencrypted_data,9,pass
tests/test_encrypted.py::TestEncryptedSerializerUnencryptedFallback::test_loads_unencrypted_data,10,pass
tests/test_encrypted.py::TestEncryptedSerializerUnencryptedFallback::test_loads_unencrypted_data,11,pass
tests/test_encrypted.py::TestEncryptedSerializerUnencryptedFallback::test_loads_unencrypted_data,12,pass
tests/test_encrypted.py::TestEncryptedSerializerUnencryptedFallback::test_loads_unencrypted_data,13,pass
tests/test_encrypted.py::TestEncryptedSerializerUnencryptedFallback::test_loads_unencrypted_data,14,pass
tests/test_encrypted.py::TestEncryptedSerializerUnencryptedFallback::test_loads_unencrypted_data,15,pass
tests/test_encrypted.py::TestEncryptedSerializerUnencryptedFallback::test_loads_unencrypted_data,16,pass
tests/test_encrypted.py::TestEncryptedSerializerUnencryptedFallback::test_loads_unencrypted_data,17,pass
tests/test_encrypted.py::TestEncryptedSerializerUnencryptedFallback::test_loads_unencrypted_data,18,pass
tests/test_encrypted.py::TestEncryptedSerializerUnencryptedFallback::test_loads_unencrypted_data,19,pass
tests/test_encrypted.py::TestEncryptedSerializerUnencryptedFallback::test_loads_unencrypted_data,20,pass
tests/test_encrypted.py::TestEncryptedSerializerUnencryptedFallback::test_loads_unencrypted_data,21,pass
tests/test_encrypted.py::TestEncryptedSerializerUnencryptedFallback::test_loads_unencrypted_data,22,pass
tests/test_encrypted.py::TestEncryptedSerializerUnencryptedFallback::test_loads_unencrypted_data,23,pass
tests/test_encrypted.py::TestEncryptedSerializerUnencryptedFallback::test_loads_unencrypted_data,24,pass
tests/test_encrypted.py::TestEncryptedSerializerUnencryptedFallback::test_loads_unencrypted_data,25,pass
tests/test_encrypted.py::TestEncryptedSerializerUnencryptedFallback::test_loads_unencrypted_data,26,pass
tests/test_encrypted.py::TestEncryptedSerializerUnencryptedFallback::test_loads_unencrypted_data,27,pass
tests/test_encrypted.py::TestEncryptedSerializerUnencryptedFallback::test_loads_unencrypted_data,28,pass
tests/test_encrypted.py::TestEncryptedSerializerUnencryptedFallback::test_loads_unencrypted_data,29,pass
tests/test_encrypted.py::TestEncryptedSerializerUnencryptedFallback::test_loads_unencrypted_data,30,pass
tests/test_encrypted.py::TestEncryptedSerializerUnencryptedFallback::test_loads_unencrypted_data,31,pass
tests/test_encrypted.py::TestEncryptedSerializerUnencryptedFallback::test_loads_unencrypted_data,32,pass
tests/test_encrypted.py::TestEncryptedSerializerUnencryptedFallback::test_loads_unencrypted_data,33,pass
tests/test_encrypted.py::TestEncryptedSerializerUnencryptedFallback::test_loads_unencrypted_data,34,pass
tests/test_encrypted.py::TestEncryptedSerializerUnencryptedFallback::test_loads_unencrypted_data,35,pass
tests/test_encrypted.py::TestEncryptedSerializerUnencryptedFallback::test_loads_unencrypted_data,36,pass
tests/test_encrypted.py::TestEncryptedSerializerUnencryptedFallback::test_loads_unencrypted_data,37,pass
tests/test_encrypted.py::TestEncryptedSerializerUnencryptedFallback::test_loads_unencrypted_data,38,pass
tests/test_encrypted.py::TestEncryptedSerializerUnencryptedFallback::test_loads_unencrypted_data,39,pass
tests/test_encrypted.py::TestEncryptedSerializerUnencryptedFallback::test_loads_unencrypted_data,40,pass
tests/test_encrypted.py::TestEncryptedSerializerUnencryptedFallback::test_loads_unencrypted_data,41,pass
tests/test_encrypted.py::TestEncryptedSerializerUnencryptedFallback::test_loads_unencrypted_data,42,pass
tests/test_encrypted.py::TestEncryptedSerializerUnencryptedFallback::test_loads_unencrypted_data,43,pass
tests/test_encrypted.py::TestEncryptedSerializerUnencryptedFallback::test_loads_unencrypted_data,44,pass
tests/test_encrypted.py::TestEncryptedSerializerUnencryptedFallback::test_loads_unencrypted_data,45,pass
tests/test_encrypted.py::TestEncryptedSerializerUnencryptedFallback::test_loads_unencrypted_data,46,pass
tests/test_encrypted.py::TestEncryptedSerializerUnencryptedFallback::test_loads_unencrypted_data,47,pass
tests/test_encrypted.py::TestEncryptedSerializerUnencryptedFallback::test_loads_unencrypted_data,48,pass
tests/test_encrypted.py::TestEncryptedSerializerUnencryptedFallback::test_loads_unencrypted_data,49,pass
tests/test_encrypted.py::TestEncryptedSerializerUnencryptedFallback::test_loads_unencrypted_data,50,pass
tests/test_encrypted.py::TestWithMsgpackAllowlistEncrypted::test_functional_roundtrip_with_allowlist,1,pass
tests/test_encrypted.py::TestWithMsgpackAllowlistEncrypted::test_functional_roundtrip_with_allowlist,2,pass
tests/test_encrypted.py::TestWithMsgpackAllowlistEncrypted::test_functional_roundtrip_with_allowlist,3,pass
tests/test_encrypted.py::TestWithMsgpackAllowlistEncrypted::test_functional_roundtrip_with_allowlist,4,pass
tests/test_encrypted.py::TestWithMsgpackAllowlistEncrypted::test_functional_roundtrip_with_allowlist,5,pass
tests/test_encrypted.py::TestWithMsgpackAllowlistEncrypted::test_functional_roundtrip_with_allowlist,6,pass
tests/test_encrypted.py::TestWithMsgpackAllowlistEncrypted::test_functional_roundtrip_with_allowlist,7,pass
tests/test_encrypted.py::TestWithMsgpackAllowlistEncrypted::test_functional_roundtrip_with_allowlist,8,pass
tests/test_encrypted.py::TestWithMsgpackAllowlistEncrypted::test_functional_roundtrip_with_allowlist,9,pass
tests/test_encrypted.py::TestWithMsgpackAllowlistEncrypted::test_functional_roundtrip_with_allowlist,10,pass
tests/test_encrypted.py::TestWithMsgpackAllowlistEncrypted::test_functional_roundtrip_with_allowlist,11,pass
tests/test_encrypted.py::TestWithMsgpackAllowlistEncrypted::test_functional_roundtrip_with_allowlist,12,pass
tests/test_encrypted.py::TestWithMsgpackAllowlistEncrypted::test_functional_roundtrip_with_allowlist,13,pass
tests/test_encrypted.py::TestWithMsgpackAllowlistEncrypted::test_functional_roundtrip_with_allowlist,14,pass
tests/test_encrypted.py::TestWithMsgpackAllowlistEncrypted::test_functional_roundtrip_with_allowlist,15,pass
tests/test_encrypted.py::TestWithMsgpackAllowlistEncrypted::test_functional_roundtrip_with_allowlist,16,pass
tests/test_encrypted.py::TestWithMsgpackAllowlistEncrypted::test_functional_roundtrip_with_allowlist,17,pass
tests/test_encrypted.py::TestWithMsgpackAllowlistEncrypted::test_functional_roundtrip_with_allowlist,18,pass
tests/test_encrypted.py::TestWithMsgpackAllowlistEncrypted::test_functional_roundtrip_with_allowlist,19,pass
tests/test_encrypted.py::TestWithMsgpackAllowlistEncrypted::test_functional_roundtrip_with_allowlist,20,pass
tests/test_encrypted.py::TestWithMsgpackAllowlistEncrypted::test_functional_roundtrip_with_allowlist,21,pass
tests/test_encrypted.py::TestWithMsgpackAllowlistEncrypted::test_functional_roundtrip_with_allowlist,22,pass
tests/test_encrypted.py::TestWithMsgpackAllowlistEncrypted::test_functional_roundtrip_with_allowlist,23,pass
tests/test_encrypted.py::TestWithMsgpackAllowlistEncrypted::test_functional_roundtrip_with_allowlist,24,pass
tests/test_encrypted.py::TestWithMsgpackAllowlistEncrypted::test_functional_roundtrip_with_allowlist,25,pass
tests/test_encrypted.py::TestWithMsgpackAllowlistEncrypted::test_functional_roundtrip_with_allowlist,26,pass
tests/test_encrypted.py::TestWithMsgpackAllowlistEncrypted::test_functional_roundtrip_with_allowlist,27,pass
tests/test_encrypted.py::TestWithMsgpackAllowlistEncrypted::test_functional_roundtrip_with_allowlist,28,pass
tests/test_encrypted.py::TestWithMsgpackAllowlistEncrypted::test_functional_roundtrip_with_allowlist,29,pass
tests/test_encrypted.py::TestWithMsgpackAllowlistEncrypted::test_functional_roundtrip_with_allowlist,30,pass
tests/test_encrypted.py::TestWithMsgpackAllowlistEncrypted::test_functional_roundtrip_with_allowlist,31,pass
tests/test_encrypted.py::TestWithMsgpackAllowlistEncrypted::test_functional_roundtrip_with_allowlist,32,pass
tests/test_encrypted.py::TestWithMsgpackAllowlistEncrypted::test_functional_roundtrip_with_allowlist,33,pass
tests/test_encrypted.py::TestWithMsgpackAllowlistEncrypted::test_functional_roundtrip_with_allowlist,34,pass
tests/test_encrypted.py::TestWithMsgpackAllowlistEncrypted::test_functional_roundtrip_with_allowlist,35,pass
tests/test_encrypted.py::TestWithMsgpackAllowlistEncrypted::test_functional_roundtrip_with_allowlist,36,pass
tests/test_encrypted.py::TestWithMsgpackAllowlistEncrypted::test_functional_roundtrip_with_allowlist,37,pass
tests/test_encrypted.py::TestWithMsgpackAllowlistEncrypted::test_functional_roundtrip_with_allowlist,38,pass
tests/test_encrypted.py::TestWithMsgpackAllowlistEncrypted::test_functional_roundtrip_with_allowlist,39,pass
tests/test_encrypted.py::TestWithMsgpackAllowlistEncrypted::test_functional_roundtrip_with_allowlist,40,pass
tests/test_encrypted.py::TestWithMsgpackAllowlistEncrypted::test_functional_roundtrip_with_allowlist,41,pass
tests/test_encrypted.py::TestWithMsgpackAllowlistEncrypted::test_functional_roundtrip_with_allowlist,42,pass
tests/test_encrypted.py::TestWithMsgpackAllowlistEncrypted::test_functional_roundtrip_with_allowlist,43,pass
tests/test_encrypted.py::TestWithMsgpackAllowlistEncrypted::test_functional_roundtrip_with_allowlist,44,pass
tests/test_encrypted.py::TestWithMsgpackAllowlistEncrypted::test_functional_roundtrip_with_allowlist,45,pass
tests/test_encrypted.py::TestWithMsgpackAllowlistEncrypted::test_functional_roundtrip_with_allowlist,46,pass
tests/test_encrypted.py::TestWithMsgpackAllowlistEncrypted::test_functional_roundtrip_with_allowlist,47,pass
tests/test_encrypted.py::TestWithMsgpackAllowlistEncrypted::test_functional_roundtrip_with_allowlist,48,pass
tests/test_encrypted.py::TestWithMsgpackAllowlistEncrypted::test_functional_roundtrip_with_allowlist,49,pass
tests/test_encrypted.py::TestWithMsgpackAllowlistEncrypted::test_functional_roundtrip_with_allowlist,50,pass
tests/test_encrypted.py::TestWithMsgpackAllowlistEncrypted::test_noop_allowlist_returns_same_encrypted_instance,1,pass
tests/test_encrypted.py::TestWithMsgpackAllowlistEncrypted::test_noop_allowlist_returns_same_encrypted_instance,2,pass
tests/test_encrypted.py::TestWithMsgpackAllowlistEncrypted::test_noop_allowlist_returns_same_encrypted_instance,3,pass
tests/test_encrypted.py::TestWithMsgpackAllowlistEncrypted::test_noop_allowlist_returns_same_encrypted_instance,4,pass
tests/test_encrypted.py::TestWithMsgpackAllowlistEncrypted::test_noop_allowlist_returns_same_encrypted_instance,5,pass
tests/test_encrypted.py::TestWithMsgpackAllowlistEncrypted::test_noop_allowlist_returns_same_encrypted_instance,6,pass
tests/test_encrypted.py::TestWithMsgpackAllowlistEncrypted::test_noop_allowlist_returns_same_encrypted_instance,7,pass
tests/test_encrypted.py::TestWithMsgpackAllowlistEncrypted::test_noop_allowlist_returns_same_encrypted_instance,8,pass
tests/test_encrypted.py::TestWithMsgpackAllowlistEncrypted::test_noop_allowlist_returns_same_encrypted_instance,9,pass
tests/test_encrypted.py::TestWithMsgpackAllowlistEncrypted::test_noop_allowlist_returns_same_encrypted_instance,10,pass
tests/test_encrypted.py::TestWithMsgpackAllowlistEncrypted::test_noop_allowlist_returns_same_encrypted_instance,11,pass
tests/test_encrypted.py::TestWithMsgpackAllowlistEncrypted::test_noop_allowlist_returns_same_encrypted_instance,12,pass
tests/test_encrypted.py::TestWithMsgpackAllowlistEncrypted::test_noop_allowlist_returns_same_encrypted_instance,13,pass
tests/test_encrypted.py::TestWithMsgpackAllowlistEncrypted::test_noop_allowlist_returns_same_encrypted_instance,14,pass
tests/test_encrypted.py::TestWithMsgpackAllowlistEncrypted::test_noop_allowlist_returns_same_encrypted_instance,15,pass
tests/test_encrypted.py::TestWithMsgpackAllowlistEncrypted::test_noop_allowlist_returns_same_encrypted_instance,16,pass
tests/test_encrypted.py::TestWithMsgpackAllowlistEncrypted::test_noop_allowlist_returns_same_encrypted_instance,17,pass
tests/test_encrypted.py::TestWithMsgpackAllowlistEncrypted::test_noop_allowlist_returns_same_encrypted_instance,18,pass
tests/test_encrypted.py::TestWithMsgpackAllowlistEncrypted::test_noop_allowlist_returns_same_encrypted_instance,19,pass
tests/test_encrypted.py::TestWithMsgpackAllowlistEncrypted::test_noop_allowlist_returns_same_encrypted_instance,20,pass
tests/test_encrypted.py::TestWithMsgpackAllowlistEncrypted::test_noop_allowlist_returns_same_encrypted_instance,21,pass
tests/test_encrypted.py::TestWithMsgpackAllowlistEncrypted::test_noop_allowlist_returns_same_encrypted_instance,22,pass
tests/test_encrypted.py::TestWithMsgpackAllowlistEncrypted::test_noop_allowlist_returns_same_encrypted_instance,23,pass
tests/test_encrypted.py::TestWithMsgpackAllowlistEncrypted::test_noop_allowlist_returns_same_encrypted_instance,24,pass
tests/test_encrypted.py::TestWithMsgpackAllowlistEncrypted::test_noop_allowlist_returns_same_encrypted_instance,25,pass
tests/test_encrypted.py::TestWithMsgpackAllowlistEncrypted::test_noop_allowlist_returns_same_encrypted_instance,26,pass
tests/test_encrypted.py::TestWithMsgpackAllowlistEncrypted::test_noop_allowlist_returns_same_encrypted_instance,27,pass
tests/test_encrypted.py::TestWithMsgpackAllowlistEncrypted::test_noop_allowlist_returns_same_encrypted_instance,28,pass
tests/test_encrypted.py::TestWithMsgpackAllowlistEncrypted::test_noop_allowlist_returns_same_encrypted_instance,29,pass
tests/test_encrypted.py::TestWithMsgpackAllowlistEncrypted::test_noop_allowlist_returns_same_encrypted_instance,30,pass
tests/test_encrypted.py::TestWithMsgpackAllowlistEncrypted::test_noop_allowlist_returns_same_encrypted_instance,31,pass
tests/test_encrypted.py::TestWithMsgpackAllowlistEncrypted::test_noop_allowlist_returns_same_encrypted_instance,32,pass
tests/test_encrypted.py::TestWithMsgpackAllowlistEncrypted::test_noop_allowlist_returns_same_encrypted_instance,33,pass
tests/test_encrypted.py::TestWithMsgpackAllowlistEncrypted::test_noop_allowlist_returns_same_encrypted_instance,34,pass
tests/test_encrypted.py::TestWithMsgpackAllowlistEncrypted::test_noop_allowlist_returns_same_encrypted_instance,35,pass
tests/test_encrypted.py::TestWithMsgpackAllowlistEncrypted::test_noop_allowlist_returns_same_encrypted_instance,36,pass
tests/test_encrypted.py::TestWithMsgpackAllowlistEncrypted::test_noop_allowlist_returns_same_encrypted_instance,37,pass
tests/test_encrypted.py::TestWithMsgpackAllowlistEncrypted::test_noop_allowlist_returns_same_encrypted_instance,38,pass
tests/test_encrypted.py::TestWithMsgpackAllowlistEncrypted::test_noop_allowlist_returns_same_encrypted_instance,39,pass
tests/test_encrypted.py::TestWithMsgpackAllowlistEncrypted::test_noop_allowlist_returns_same_encrypted_instance,40,pass
tests/test_encrypted.py::TestWithMsgpackAllowlistEncrypted::test_noop_allowlist_returns_same_encrypted_instance,41,pass
tests/test_encrypted.py::TestWithMsgpackAllowlistEncrypted::test_noop_allowlist_returns_same_encrypted_instance,42,pass
tests/test_encrypted.py::TestWithMsgpackAllowlistEncrypted::test_noop_allowlist_returns_same_encrypted_instance,43,pass
tests/test_encrypted.py::TestWithMsgpackAllowlistEncrypted::test_noop_allowlist_returns_same_encrypted_instance,44,pass
tests/test_encrypted.py::TestWithMsgpackAllowlistEncrypted::test_noop_allowlist_returns_same_encrypted_instance,45,pass
tests/test_encrypted.py::TestWithMsgpackAllowlistEncrypted::test_noop_allowlist_returns_same_encrypted_instance,46,pass
tests/test_encrypted.py::TestWithMsgpackAllowlistEncrypted::test_noop_allowlist_returns_same_encrypted_instance,47,pass
tests/test_encrypted.py::TestWithMsgpackAllowlistEncrypted::test_noop_allowlist_returns_same_encrypted_instance,48,pass
tests/test_encrypted.py::TestWithMsgpackAllowlistEncrypted::test_noop_allowlist_returns_same_encrypted_instance,49,pass
tests/test_encrypted.py::TestWithMsgpackAllowlistEncrypted::test_noop_allowlist_returns_same_encrypted_instance,50,pass
tests/test_encrypted.py::TestWithMsgpackAllowlistEncrypted::test_original_still_blocks_after_with_allowlist,1,pass
tests/test_encrypted.py::TestWithMsgpackAllowlistEncrypted::test_original_still_blocks_after_with_allowlist,2,pass
tests/test_encrypted.py::TestWithMsgpackAllowlistEncrypted::test_original_still_blocks_after_with_allowlist,3,pass
tests/test_encrypted.py::TestWithMsgpackAllowlistEncrypted::test_original_still_blocks_after_with_allowlist,4,pass
tests/test_encrypted.py::TestWithMsgpackAllowlistEncrypted::test_original_still_blocks_after_with_allowlist,5,pass
tests/test_encrypted.py::TestWithMsgpackAllowlistEncrypted::test_original_still_blocks_after_with_allowlist,6,pass
tests/test_encrypted.py::TestWithMsgpackAllowlistEncrypted::test_original_still_blocks_after_with_allowlist,7,pass
tests/test_encrypted.py::TestWithMsgpackAllowlistEncrypted::test_original_still_blocks_after_with_allowlist,8,pass
tests/test_encrypted.py::TestWithMsgpackAllowlistEncrypted::test_original_still_blocks_after_with_allowlist,9,pass
tests/test_encrypted.py::TestWithMsgpackAllowlistEncrypted::test_original_still_blocks_after_with_allowlist,10,pass
tests/test_encrypted.py::TestWithMsgpackAllowlistEncrypted::test_original_still_blocks_after_with_allowlist,11,pass
tests/test_encrypted.py::TestWithMsgpackAllowlistEncrypted::test_original_still_blocks_after_with_allowlist,12,pass
tests/test_encrypted.py::TestWithMsgpackAllowlistEncrypted::test_original_still_blocks_after_with_allowlist,13,pass
tests/test_encrypted.py::TestWithMsgpackAllowlistEncrypted::test_original_still_blocks_after_with_allowlist,14,pass
tests/test_encrypted.py::TestWithMsgpackAllowlistEncrypted::test_original_still_blocks_after_with_allowlist,15,pass
tests/test_encrypted.py::TestWithMsgpackAllowlistEncrypted::test_original_still_blocks_after_with_allowlist,16,pass
tests/test_encrypted.py::TestWithMsgpackAllowlistEncrypted::test_original_still_blocks_after_with_allowlist,17,pass
tests/test_encrypted.py::TestWithMsgpackAllowlistEncrypted::test_original_still_blocks_after_with_allowlist,18,pass
tests/test_encrypted.py::TestWithMsgpackAllowlistEncrypted::test_original_still_blocks_after_with_allowlist,19,pass
tests/test_encrypted.py::TestWithMsgpackAllowlistEncrypted::test_original_still_blocks_after_with_allowlist,20,pass
tests/test_encrypted.py::TestWithMsgpackAllowlistEncrypted::test_original_still_blocks_after_with_allowlist,21,pass
tests/test_encrypted.py::TestWithMsgpackAllowlistEncrypted::test_original_still_blocks_after_with_allowlist,22,pass
tests/test_encrypted.py::TestWithMsgpackAllowlistEncrypted::test_original_still_blocks_after_with_allowlist,23,pass
tests/test_encrypted.py::TestWithMsgpackAllowlistEncrypted::test_original_still_blocks_after_with_allowlist,24,pass
tests/test_encrypted.py::TestWithMsgpackAllowlistEncrypted::test_original_still_blocks_after_with_allowlist,25,pass
tests/test_encrypted.py::TestWithMsgpackAllowlistEncrypted::test_original_still_blocks_after_with_allowlist,26,pass
tests/test_encrypted.py::TestWithMsgpackAllowlistEncrypted::test_original_still_blocks_after_with_allowlist,27,pass
tests/test_encrypted.py::TestWithMsgpackAllowlistEncrypted::test_original_still_blocks_after_with_allowlist,28,pass
tests/test_encrypted.py::TestWithMsgpackAllowlistEncrypted::test_original_still_blocks_after_with_allowlist,29,pass
tests/test_encrypted.py::TestWithMsgpackAllowlistEncrypted::test_original_still_blocks_after_with_allowlist,30,pass
tests/test_encrypted.py::TestWithMsgpackAllowlistEncrypted::test_original_still_blocks_after_with_allowlist,31,pass
tests/test_encrypted.py::TestWithMsgpackAllowlistEncrypted::test_original_still_blocks_after_with_allowlist,32,pass
tests/test_encrypted.py::TestWithMsgpackAllowlistEncrypted::test_original_still_blocks_after_with_allowlist,33,pass
tests/test_encrypted.py::TestWithMsgpackAllowlistEncrypted::test_original_still_blocks_after_with_allowlist,34,pass
tests/test_encrypted.py::TestWithMsgpackAllowlistEncrypted::test_original_still_blocks_after_with_allowlist,35,pass
tests/test_encrypted.py::TestWithMsgpackAllowlistEncrypted::test_original_still_blocks_after_with_allowlist,36,pass
tests/test_encrypted.py::TestWithMsgpackAllowlistEncrypted::test_original_still_blocks_after_with_allowlist,37,pass
tests/test_encrypted.py::TestWithMsgpackAllowlistEncrypted::test_original_still_blocks_after_with_allowlist,38,pass
tests/test_encrypted.py::TestWithMsgpackAllowlistEncrypted::test_original_still_blocks_after_with_allowlist,39,pass
tests/test_encrypted.py::TestWithMsgpackAllowlistEncrypted::test_original_still_blocks_after_with_allowlist,40,pass
tests/test_encrypted.py::TestWithMsgpackAllowlistEncrypted::test_original_still_blocks_after_with_allowlist,41,pass
tests/test_encrypted.py::TestWithMsgpackAllowlistEncrypted::test_original_still_blocks_after_with_allowlist,42,pass
tests/test_encrypted.py::TestWithMsgpackAllowlistEncrypted::test_original_still_blocks_after_with_allowlist,43,pass
tests/test_encrypted.py::TestWithMsgpackAllowlistEncrypted::test_original_still_blocks_after_with_allowlist,44,pass
tests/test_encrypted.py::TestWithMsgpackAllowlistEncrypted::test_original_still_blocks_after_with_allowlist,45,pass
tests/test_encrypted.py::TestWithMsgpackAllowlistEncrypted::test_original_still_blocks_after_with_allowlist,46,pass
tests/test_encrypted.py::TestWithMsgpackAllowlistEncrypted::test_original_still_blocks_after_with_allowlist,47,pass
tests/test_encrypted.py::TestWithMsgpackAllowlistEncrypted::test_original_still_blocks_after_with_allowlist,48,pass
tests/test_encrypted.py::TestWithMsgpackAllowlistEncrypted::test_original_still_blocks_after_with_allowlist,49,pass
tests/test_encrypted.py::TestWithMsgpackAllowlistEncrypted::test_original_still_blocks_after_with_allowlist,50,pass
tests/test_encrypted.py::TestWithMsgpackAllowlistEncrypted::test_preserves_cipher,1,pass
tests/test_encrypted.py::TestWithMsgpackAllowlistEncrypted::test_preserves_cipher,2,pass
tests/test_encrypted.py::TestWithMsgpackAllowlistEncrypted::test_preserves_cipher,3,pass
tests/test_encrypted.py::TestWithMsgpackAllowlistEncrypted::test_preserves_cipher,4,pass
tests/test_encrypted.py::TestWithMsgpackAllowlistEncrypted::test_preserves_cipher,5,pass
tests/test_encrypted.py::TestWithMsgpackAllowlistEncrypted::test_preserves_cipher,6,pass
tests/test_encrypted.py::TestWithMsgpackAllowlistEncrypted::test_preserves_cipher,7,pass
tests/test_encrypted.py::TestWithMsgpackAllowlistEncrypted::test_preserves_cipher,8,pass
tests/test_encrypted.py::TestWithMsgpackAllowlistEncrypted::test_preserves_cipher,9,pass
tests/test_encrypted.py::TestWithMsgpackAllowlistEncrypted::test_preserves_cipher,10,pass
tests/test_encrypted.py::TestWithMsgpackAllowlistEncrypted::test_preserves_cipher,11,pass
tests/test_encrypted.py::TestWithMsgpackAllowlistEncrypted::test_preserves_cipher,12,pass
tests/test_encrypted.py::TestWithMsgpackAllowlistEncrypted::test_preserves_cipher,13,pass
tests/test_encrypted.py::TestWithMsgpackAllowlistEncrypted::test_preserves_cipher,14,pass
tests/test_encrypted.py::TestWithMsgpackAllowlistEncrypted::test_preserves_cipher,15,pass
tests/test_encrypted.py::TestWithMsgpackAllowlistEncrypted::test_preserves_cipher,16,pass
tests/test_encrypted.py::TestWithMsgpackAllowlistEncrypted::test_preserves_cipher,17,pass
tests/test_encrypted.py::TestWithMsgpackAllowlistEncrypted::test_preserves_cipher,18,pass
tests/test_encrypted.py::TestWithMsgpackAllowlistEncrypted::test_preserves_cipher,19,pass
tests/test_encrypted.py::TestWithMsgpackAllowlistEncrypted::test_preserves_cipher,20,pass
tests/test_encrypted.py::TestWithMsgpackAllowlistEncrypted::test_preserves_cipher,21,pass
tests/test_encrypted.py::TestWithMsgpackAllowlistEncrypted::test_preserves_cipher,22,pass
tests/test_encrypted.py::TestWithMsgpackAllowlistEncrypted::test_preserves_cipher,23,pass
tests/test_encrypted.py::TestWithMsgpackAllowlistEncrypted::test_preserves_cipher,24,pass
tests/test_encrypted.py::TestWithMsgpackAllowlistEncrypted::test_preserves_cipher,25,pass
tests/test_encrypted.py::TestWithMsgpackAllowlistEncrypted::test_preserves_cipher,26,pass
tests/test_encrypted.py::TestWithMsgpackAllowlistEncrypted::test_preserves_cipher,27,pass
tests/test_encrypted.py::TestWithMsgpackAllowlistEncrypted::test_preserves_cipher,28,pass
tests/test_encrypted.py::TestWithMsgpackAllowlistEncrypted::test_preserves_cipher,29,pass
tests/test_encrypted.py::TestWithMsgpackAllowlistEncrypted::test_preserves_cipher,30,pass
tests/test_encrypted.py::TestWithMsgpackAllowlistEncrypted::test_preserves_cipher,31,pass
tests/test_encrypted.py::TestWithMsgpackAllowlistEncrypted::test_preserves_cipher,32,pass
tests/test_encrypted.py::TestWithMsgpackAllowlistEncrypted::test_preserves_cipher,33,pass
tests/test_encrypted.py::TestWithMsgpackAllowlistEncrypted::test_preserves_cipher,34,pass
tests/test_encrypted.py::TestWithMsgpackAllowlistEncrypted::test_preserves_cipher,35,pass
tests/test_encrypted.py::TestWithMsgpackAllowlistEncrypted::test_preserves_cipher,36,pass
tests/test_encrypted.py::TestWithMsgpackAllowlistEncrypted::test_preserves_cipher,37,pass
tests/test_encrypted.py::TestWithMsgpackAllowlistEncrypted::test_preserves_cipher,38,pass
tests/test_encrypted.py::TestWithMsgpackAllowlistEncrypted::test_preserves_cipher,39,pass
tests/test_encrypted.py::TestWithMsgpackAllowlistEncrypted::test_preserves_cipher,40,pass
tests/test_encrypted.py::TestWithMsgpackAllowlistEncrypted::test_preserves_cipher,41,pass
tests/test_encrypted.py::TestWithMsgpackAllowlistEncrypted::test_preserves_cipher,42,pass
tests/test_encrypted.py::TestWithMsgpackAllowlistEncrypted::test_preserves_cipher,43,pass
tests/test_encrypted.py::TestWithMsgpackAllowlistEncrypted::test_preserves_cipher,44,pass
tests/test_encrypted.py::TestWithMsgpackAllowlistEncrypted::test_preserves_cipher,45,pass
tests/test_encrypted.py::TestWithMsgpackAllowlistEncrypted::test_preserves_cipher,46,pass
tests/test_encrypted.py::TestWithMsgpackAllowlistEncrypted::test_preserves_cipher,47,pass
tests/test_encrypted.py::TestWithMsgpackAllowlistEncrypted::test_preserves_cipher,48,pass
tests/test_encrypted.py::TestWithMsgpackAllowlistEncrypted::test_preserves_cipher,49,pass
tests/test_encrypted.py::TestWithMsgpackAllowlistEncrypted::test_preserves_cipher,50,pass
tests/test_encrypted.py::TestWithMsgpackAllowlistEncrypted::test_propagates_allowlist_to_inner_serde,1,pass
tests/test_encrypted.py::TestWithMsgpackAllowlistEncrypted::test_propagates_allowlist_to_inner_serde,2,pass
tests/test_encrypted.py::TestWithMsgpackAllowlistEncrypted::test_propagates_allowlist_to_inner_serde,3,pass
tests/test_encrypted.py::TestWithMsgpackAllowlistEncrypted::test_propagates_allowlist_to_inner_serde,4,pass
tests/test_encrypted.py::TestWithMsgpackAllowlistEncrypted::test_propagates_allowlist_to_inner_serde,5,pass
tests/test_encrypted.py::TestWithMsgpackAllowlistEncrypted::test_propagates_allowlist_to_inner_serde,6,pass
tests/test_encrypted.py::TestWithMsgpackAllowlistEncrypted::test_propagates_allowlist_to_inner_serde,7,pass
tests/test_encrypted.py::TestWithMsgpackAllowlistEncrypted::test_propagates_allowlist_to_inner_serde,8,pass
tests/test_encrypted.py::TestWithMsgpackAllowlistEncrypted::test_propagates_allowlist_to_inner_serde,9,pass
tests/test_encrypted.py::TestWithMsgpackAllowlistEncrypted::test_propagates_allowlist_to_inner_serde,10,pass
tests/test_encrypted.py::TestWithMsgpackAllowlistEncrypted::test_propagates_allowlist_to_inner_serde,11,pass
tests/test_encrypted.py::TestWithMsgpackAllowlistEncrypted::test_propagates_allowlist_to_inner_serde,12,pass
tests/test_encrypted.py::TestWithMsgpackAllowlistEncrypted::test_propagates_allowlist_to_inner_serde,13,pass
tests/test_encrypted.py::TestWithMsgpackAllowlistEncrypted::test_propagates_allowlist_to_inner_serde,14,pass
tests/test_encrypted.py::TestWithMsgpackAllowlistEncrypted::test_propagates_allowlist_to_inner_serde,15,pass
tests/test_encrypted.py::TestWithMsgpackAllowlistEncrypted::test_propagates_allowlist_to_inner_serde,16,pass
tests/test_encrypted.py::TestWithMsgpackAllowlistEncrypted::test_propagates_allowlist_to_inner_serde,17,pass
tests/test_encrypted.py::TestWithMsgpackAllowlistEncrypted::test_propagates_allowlist_to_inner_serde,18,pass
tests/test_encrypted.py::TestWithMsgpackAllowlistEncrypted::test_propagates_allowlist_to_inner_serde,19,pass
tests/test_encrypted.py::TestWithMsgpackAllowlistEncrypted::test_propagates_allowlist_to_inner_serde,20,pass
tests/test_encrypted.py::TestWithMsgpackAllowlistEncrypted::test_propagates_allowlist_to_inner_serde,21,pass
tests/test_encrypted.py::TestWithMsgpackAllowlistEncrypted::test_propagates_allowlist_to_inner_serde,22,pass
tests/test_encrypted.py::TestWithMsgpackAllowlistEncrypted::test_propagates_allowlist_to_inner_serde,23,pass
tests/test_encrypted.py::TestWithMsgpackAllowlistEncrypted::test_propagates_allowlist_to_inner_serde,24,pass
tests/test_encrypted.py::TestWithMsgpackAllowlistEncrypted::test_propagates_allowlist_to_inner_serde,25,pass
tests/test_encrypted.py::TestWithMsgpackAllowlistEncrypted::test_propagates_allowlist_to_inner_serde,26,pass
tests/test_encrypted.py::TestWithMsgpackAllowlistEncrypted::test_propagates_allowlist_to_inner_serde,27,pass
tests/test_encrypted.py::TestWithMsgpackAllowlistEncrypted::test_propagates_allowlist_to_inner_serde,28,pass
tests/test_encrypted.py::TestWithMsgpackAllowlistEncrypted::test_propagates_allowlist_to_inner_serde,29,pass
tests/test_encrypted.py::TestWithMsgpackAllowlistEncrypted::test_propagates_allowlist_to_inner_serde,30,pass
tests/test_encrypted.py::TestWithMsgpackAllowlistEncrypted::test_propagates_allowlist_to_inner_serde,31,pass
tests/test_encrypted.py::TestWithMsgpackAllowlistEncrypted::test_propagates_allowlist_to_inner_serde,32,pass
tests/test_encrypted.py::TestWithMsgpackAllowlistEncrypted::test_propagates_allowlist_to_inner_serde,33,pass
tests/test_encrypted.py::TestWithMsgpackAllowlistEncrypted::test_propagates_allowlist_to_inner_serde,34,pass
tests/test_encrypted.py::TestWithMsgpackAllowlistEncrypted::test_propagates_allowlist_to_inner_serde,35,pass
tests/test_encrypted.py::TestWithMsgpackAllowlistEncrypted::test_propagates_allowlist_to_inner_serde,36,pass
tests/test_encrypted.py::TestWithMsgpackAllowlistEncrypted::test_propagates_allowlist_to_inner_serde,37,pass
tests/test_encrypted.py::TestWithMsgpackAllowlistEncrypted::test_propagates_allowlist_to_inner_serde,38,pass
tests/test_encrypted.py::TestWithMsgpackAllowlistEncrypted::test_propagates_allowlist_to_inner_serde,39,pass
tests/test_encrypted.py::TestWithMsgpackAllowlistEncrypted::test_propagates_allowlist_to_inner_serde,40,pass
tests/test_encrypted.py::TestWithMsgpackAllowlistEncrypted::test_propagates_allowlist_to_inner_serde,41,pass
tests/test_encrypted.py::TestWithMsgpackAllowlistEncrypted::test_propagates_allowlist_to_inner_serde,42,pass
tests/test_encrypted.py::TestWithMsgpackAllowlistEncrypted::test_propagates_allowlist_to_inner_serde,43,pass
tests/test_encrypted.py::TestWithMsgpackAllowlistEncrypted::test_propagates_allowlist_to_inner_serde,44,pass
tests/test_encrypted.py::TestWithMsgpackAllowlistEncrypted::test_propagates_allowlist_to_inner_serde,45,pass
tests/test_encrypted.py::TestWithMsgpackAllowlistEncrypted::test_propagates_allowlist_to_inner_serde,46,pass
tests/test_encrypted.py::TestWithMsgpackAllowlistEncrypted::test_propagates_allowlist_to_inner_serde,47,pass
tests/test_encrypted.py::TestWithMsgpackAllowlistEncrypted::test_propagates_allowlist_to_inner_serde,48,pass
tests/test_encrypted.py::TestWithMsgpackAllowlistEncrypted::test_propagates_allowlist_to_inner_serde,49,pass
tests/test_encrypted.py::TestWithMsgpackAllowlistEncrypted::test_propagates_allowlist_to_inner_serde,50,pass
tests/test_encrypted.py::TestWithMsgpackAllowlistEncrypted::test_returns_same_if_not_jsonplus_inner,1,pass
tests/test_encrypted.py::TestWithMsgpackAllowlistEncrypted::test_returns_same_if_not_jsonplus_inner,2,pass
tests/test_encrypted.py::TestWithMsgpackAllowlistEncrypted::test_returns_same_if_not_jsonplus_inner,3,pass
tests/test_encrypted.py::TestWithMsgpackAllowlistEncrypted::test_returns_same_if_not_jsonplus_inner,4,pass
tests/test_encrypted.py::TestWithMsgpackAllowlistEncrypted::test_returns_same_if_not_jsonplus_inner,5,pass
tests/test_encrypted.py::TestWithMsgpackAllowlistEncrypted::test_returns_same_if_not_jsonplus_inner,6,pass
tests/test_encrypted.py::TestWithMsgpackAllowlistEncrypted::test_returns_same_if_not_jsonplus_inner,7,pass
tests/test_encrypted.py::TestWithMsgpackAllowlistEncrypted::test_returns_same_if_not_jsonplus_inner,8,pass
tests/test_encrypted.py::TestWithMsgpackAllowlistEncrypted::test_returns_same_if_not_jsonplus_inner,9,pass
tests/test_encrypted.py::TestWithMsgpackAllowlistEncrypted::test_returns_same_if_not_jsonplus_inner,10,pass
tests/test_encrypted.py::TestWithMsgpackAllowlistEncrypted::test_returns_same_if_not_jsonplus_inner,11,pass
tests/test_encrypted.py::TestWithMsgpackAllowlistEncrypted::test_returns_same_if_not_jsonplus_inner,12,pass
tests/test_encrypted.py::TestWithMsgpackAllowlistEncrypted::test_returns_same_if_not_jsonplus_inner,13,pass
tests/test_encrypted.py::TestWithMsgpackAllowlistEncrypted::test_returns_same_if_not_jsonplus_inner,14,pass
tests/test_encrypted.py::TestWithMsgpackAllowlistEncrypted::test_returns_same_if_not_jsonplus_inner,15,pass
tests/test_encrypted.py::TestWithMsgpackAllowlistEncrypted::test_returns_same_if_not_jsonplus_inner,16,pass
tests/test_encrypted.py::TestWithMsgpackAllowlistEncrypted::test_returns_same_if_not_jsonplus_inner,17,pass
tests/test_encrypted.py::TestWithMsgpackAllowlistEncrypted::test_returns_same_if_not_jsonplus_inner,18,pass
tests/test_encrypted.py::TestWithMsgpackAllowlistEncrypted::test_returns_same_if_not_jsonplus_inner,19,pass
tests/test_encrypted.py::TestWithMsgpackAllowlistEncrypted::test_returns_same_if_not_jsonplus_inner,20,pass
tests/test_encrypted.py::TestWithMsgpackAllowlistEncrypted::test_returns_same_if_not_jsonplus_inner,21,pass
tests/test_encrypted.py::TestWithMsgpackAllowlistEncrypted::test_returns_same_if_not_jsonplus_inner,22,pass
tests/test_encrypted.py::TestWithMsgpackAllowlistEncrypted::test_returns_same_if_not_jsonplus_inner,23,pass
tests/test_encrypted.py::TestWithMsgpackAllowlistEncrypted::test_returns_same_if_not_jsonplus_inner,24,pass
tests/test_encrypted.py::TestWithMsgpackAllowlistEncrypted::test_returns_same_if_not_jsonplus_inner,25,pass
tests/test_encrypted.py::TestWithMsgpackAllowlistEncrypted::test_returns_same_if_not_jsonplus_inner,26,pass
tests/test_encrypted.py::TestWithMsgpackAllowlistEncrypted::test_returns_same_if_not_jsonplus_inner,27,pass
tests/test_encrypted.py::TestWithMsgpackAllowlistEncrypted::test_returns_same_if_not_jsonplus_inner,28,pass
tests/test_encrypted.py::TestWithMsgpackAllowlistEncrypted::test_returns_same_if_not_jsonplus_inner,29,pass
tests/test_encrypted.py::TestWithMsgpackAllowlistEncrypted::test_returns_same_if_not_jsonplus_inner,30,pass
tests/test_encrypted.py::TestWithMsgpackAllowlistEncrypted::test_returns_same_if_not_jsonplus_inner,31,pass
tests/test_encrypted.py::TestWithMsgpackAllowlistEncrypted::test_returns_same_if_not_jsonplus_inner,32,pass
tests/test_encrypted.py::TestWithMsgpackAllowlistEncrypted::test_returns_same_if_not_jsonplus_inner,33,pass
tests/test_encrypted.py::TestWithMsgpackAllowlistEncrypted::test_returns_same_if_not_jsonplus_inner,34,pass
tests/test_encrypted.py::TestWithMsgpackAllowlistEncrypted::test_returns_same_if_not_jsonplus_inner,35,pass
tests/test_encrypted.py::TestWithMsgpackAllowlistEncrypted::test_returns_same_if_not_jsonplus_inner,36,pass
tests/test_encrypted.py::TestWithMsgpackAllowlistEncrypted::test_returns_same_if_not_jsonplus_inner,37,pass
tests/test_encrypted.py::TestWithMsgpackAllowlistEncrypted::test_returns_same_if_not_jsonplus_inner,38,pass
tests/test_encrypted.py::TestWithMsgpackAllowlistEncrypted::test_returns_same_if_not_jsonplus_inner,39,pass
tests/test_encrypted.py::TestWithMsgpackAllowlistEncrypted::test_returns_same_if_not_jsonplus_inner,40,pass
tests/test_encrypted.py::TestWithMsgpackAllowlistEncrypted::test_returns_same_if_not_jsonplus_inner,41,pass
tests/test_encrypted.py::TestWithMsgpackAllowlistEncrypted::test_returns_same_if_not_jsonplus_inner,42,pass
tests/test_encrypted.py::TestWithMsgpackAllowlistEncrypted::test_returns_same_if_not_jsonplus_inner,43,pass
tests/test_encrypted.py::TestWithMsgpackAllowlistEncrypted::test_returns_same_if_not_jsonplus_inner,44,pass
tests/test_encrypted.py::TestWithMsgpackAllowlistEncrypted::test_returns_same_if_not_jsonplus_inner,45,pass
tests/test_encrypted.py::TestWithMsgpackAllowlistEncrypted::test_returns_same_if_not_jsonplus_inner,46,pass
tests/test_encrypted.py::TestWithMsgpackAllowlistEncrypted::test_returns_same_if_not_jsonplus_inner,47,pass
tests/test_encrypted.py::TestWithMsgpackAllowlistEncrypted::test_returns_same_if_not_jsonplus_inner,48,pass
tests/test_encrypted.py::TestWithMsgpackAllowlistEncrypted::test_returns_same_if_not_jsonplus_inner,49,pass
tests/test_encrypted.py::TestWithMsgpackAllowlistEncrypted::test_returns_same_if_not_jsonplus_inner,50,pass
tests/test_encrypted.py::TestWithMsgpackAllowlistEncrypted::test_warns_if_allowlist_unsupported,1,pass
tests/test_encrypted.py::TestWithMsgpackAllowlistEncrypted::test_warns_if_allowlist_unsupported,2,pass
tests/test_encrypted.py::TestWithMsgpackAllowlistEncrypted::test_warns_if_allowlist_unsupported,3,pass
tests/test_encrypted.py::TestWithMsgpackAllowlistEncrypted::test_warns_if_allowlist_unsupported,4,pass
tests/test_encrypted.py::TestWithMsgpackAllowlistEncrypted::test_warns_if_allowlist_unsupported,5,pass
tests/test_encrypted.py::TestWithMsgpackAllowlistEncrypted::test_warns_if_allowlist_unsupported,6,pass
tests/test_encrypted.py::TestWithMsgpackAllowlistEncrypted::test_warns_if_allowlist_unsupported,7,pass
tests/test_encrypted.py::TestWithMsgpackAllowlistEncrypted::test_warns_if_allowlist_unsupported,8,pass
tests/test_encrypted.py::TestWithMsgpackAllowlistEncrypted::test_warns_if_allowlist_unsupported,9,pass
tests/test_encrypted.py::TestWithMsgpackAllowlistEncrypted::test_warns_if_allowlist_unsupported,10,pass
tests/test_encrypted.py::TestWithMsgpackAllowlistEncrypted::test_warns_if_allowlist_unsupported,11,pass
tests/test_encrypted.py::TestWithMsgpackAllowlistEncrypted::test_warns_if_allowlist_unsupported,12,pass
tests/test_encrypted.py::TestWithMsgpackAllowlistEncrypted::test_warns_if_allowlist_unsupported,13,pass
tests/test_encrypted.py::TestWithMsgpackAllowlistEncrypted::test_warns_if_allowlist_unsupported,14,pass
tests/test_encrypted.py::TestWithMsgpackAllowlistEncrypted::test_warns_if_allowlist_unsupported,15,pass
tests/test_encrypted.py::TestWithMsgpackAllowlistEncrypted::test_warns_if_allowlist_unsupported,16,pass
tests/test_encrypted.py::TestWithMsgpackAllowlistEncrypted::test_warns_if_allowlist_unsupported,17,pass
tests/test_encrypted.py::TestWithMsgpackAllowlistEncrypted::test_warns_if_allowlist_unsupported,18,pass
tests/test_encrypted.py::TestWithMsgpackAllowlistEncrypted::test_warns_if_allowlist_unsupported,19,pass
tests/test_encrypted.py::TestWithMsgpackAllowlistEncrypted::test_warns_if_allowlist_unsupported,20,pass
tests/test_encrypted.py::TestWithMsgpackAllowlistEncrypted::test_warns_if_allowlist_unsupported,21,pass
tests/test_encrypted.py::TestWithMsgpackAllowlistEncrypted::test_warns_if_allowlist_unsupported,22,pass
tests/test_encrypted.py::TestWithMsgpackAllowlistEncrypted::test_warns_if_allowlist_unsupported,23,pass
tests/test_encrypted.py::TestWithMsgpackAllowlistEncrypted::test_warns_if_allowlist_unsupported,24,pass
tests/test_encrypted.py::TestWithMsgpackAllowlistEncrypted::test_warns_if_allowlist_unsupported,25,pass
tests/test_encrypted.py::TestWithMsgpackAllowlistEncrypted::test_warns_if_allowlist_unsupported,26,pass
tests/test_encrypted.py::TestWithMsgpackAllowlistEncrypted::test_warns_if_allowlist_unsupported,27,pass
tests/test_encrypted.py::TestWithMsgpackAllowlistEncrypted::test_warns_if_allowlist_unsupported,28,pass
tests/test_encrypted.py::TestWithMsgpackAllowlistEncrypted::test_warns_if_allowlist_unsupported,29,pass
tests/test_encrypted.py::TestWithMsgpackAllowlistEncrypted::test_warns_if_allowlist_unsupported,30,pass
tests/test_encrypted.py::TestWithMsgpackAllowlistEncrypted::test_warns_if_allowlist_unsupported,31,pass
tests/test_encrypted.py::TestWithMsgpackAllowlistEncrypted::test_warns_if_allowlist_unsupported,32,pass
tests/test_encrypted.py::TestWithMsgpackAllowlistEncrypted::test_warns_if_allowlist_unsupported,33,pass
tests/test_encrypted.py::TestWithMsgpackAllowlistEncrypted::test_warns_if_allowlist_unsupported,34,pass
tests/test_encrypted.py::TestWithMsgpackAllowlistEncrypted::test_warns_if_allowlist_unsupported,35,pass
tests/test_encrypted.py::TestWithMsgpackAllowlistEncrypted::test_warns_if_allowlist_unsupported,36,pass
tests/test_encrypted.py::TestWithMsgpackAllowlistEncrypted::test_warns_if_allowlist_unsupported,37,pass
tests/test_encrypted.py::TestWithMsgpackAllowlistEncrypted::test_warns_if_allowlist_unsupported,38,pass
tests/test_encrypted.py::TestWithMsgpackAllowlistEncrypted::test_warns_if_allowlist_unsupported,39,pass
tests/test_encrypted.py::TestWithMsgpackAllowlistEncrypted::test_warns_if_allowlist_unsupported,40,pass
tests/test_encrypted.py::TestWithMsgpackAllowlistEncrypted::test_warns_if_allowlist_unsupported,41,pass
tests/test_encrypted.py::TestWithMsgpackAllowlistEncrypted::test_warns_if_allowlist_unsupported,42,pass
tests/test_encrypted.py::TestWithMsgpackAllowlistEncrypted::test_warns_if_allowlist_unsupported,43,pass
tests/test_encrypted.py::TestWithMsgpackAllowlistEncrypted::test_warns_if_allowlist_unsupported,44,pass
tests/test_encrypted.py::TestWithMsgpackAllowlistEncrypted::test_warns_if_allowlist_unsupported,45,pass
tests/test_encrypted.py::TestWithMsgpackAllowlistEncrypted::test_warns_if_allowlist_unsupported,46,pass
tests/test_encrypted.py::TestWithMsgpackAllowlistEncrypted::test_warns_if_allowlist_unsupported,47,pass
tests/test_encrypted.py::TestWithMsgpackAllowlistEncrypted::test_warns_if_allowlist_unsupported,48,pass
tests/test_encrypted.py::TestWithMsgpackAllowlistEncrypted::test_warns_if_allowlist_unsupported,49,pass
tests/test_encrypted.py::TestWithMsgpackAllowlistEncrypted::test_warns_if_allowlist_unsupported,50,pass
tests/test_encrypted.py::test_msgpack_method_pathlib_blocked_encrypted_strict,1,pass
tests/test_encrypted.py::test_msgpack_method_pathlib_blocked_encrypted_strict,2,pass
tests/test_encrypted.py::test_msgpack_method_pathlib_blocked_encrypted_strict,3,pass
tests/test_encrypted.py::test_msgpack_method_pathlib_blocked_encrypted_strict,4,pass
tests/test_encrypted.py::test_msgpack_method_pathlib_blocked_encrypted_strict,5,pass
tests/test_encrypted.py::test_msgpack_method_pathlib_blocked_encrypted_strict,6,pass
tests/test_encrypted.py::test_msgpack_method_pathlib_blocked_encrypted_strict,7,pass
tests/test_encrypted.py::test_msgpack_method_pathlib_blocked_encrypted_strict,8,pass
tests/test_encrypted.py::test_msgpack_method_pathlib_blocked_encrypted_strict,9,pass
tests/test_encrypted.py::test_msgpack_method_pathlib_blocked_encrypted_strict,10,pass
tests/test_encrypted.py::test_msgpack_method_pathlib_blocked_encrypted_strict,11,pass
tests/test_encrypted.py::test_msgpack_method_pathlib_blocked_encrypted_strict,12,pass
tests/test_encrypted.py::test_msgpack_method_pathlib_blocked_encrypted_strict,13,pass
tests/test_encrypted.py::test_msgpack_method_pathlib_blocked_encrypted_strict,14,pass
tests/test_encrypted.py::test_msgpack_method_pathlib_blocked_encrypted_strict,15,pass
tests/test_encrypted.py::test_msgpack_method_pathlib_blocked_encrypted_strict,16,pass
tests/test_encrypted.py::test_msgpack_method_pathlib_blocked_encrypted_strict,17,pass
tests/test_encrypted.py::test_msgpack_method_pathlib_blocked_encrypted_strict,18,pass
tests/test_encrypted.py::test_msgpack_method_pathlib_blocked_encrypted_strict,19,pass
tests/test_encrypted.py::test_msgpack_method_pathlib_blocked_encrypted_strict,20,pass
tests/test_encrypted.py::test_msgpack_method_pathlib_blocked_encrypted_strict,21,pass
tests/test_encrypted.py::test_msgpack_method_pathlib_blocked_encrypted_strict,22,pass
tests/test_encrypted.py::test_msgpack_method_pathlib_blocked_encrypted_strict,23,pass
tests/test_encrypted.py::test_msgpack_method_pathlib_blocked_encrypted_strict,24,pass
tests/test_encrypted.py::test_msgpack_method_pathlib_blocked_encrypted_strict,25,pass
tests/test_encrypted.py::test_msgpack_method_pathlib_blocked_encrypted_strict,26,pass
tests/test_encrypted.py::test_msgpack_method_pathlib_blocked_encrypted_strict,27,pass
tests/test_encrypted.py::test_msgpack_method_pathlib_blocked_encrypted_strict,28,pass
tests/test_encrypted.py::test_msgpack_method_pathlib_blocked_encrypted_strict,29,pass
tests/test_encrypted.py::test_msgpack_method_pathlib_blocked_encrypted_strict,30,pass
tests/test_encrypted.py::test_msgpack_method_pathlib_blocked_encrypted_strict,31,pass
tests/test_encrypted.py::test_msgpack_method_pathlib_blocked_encrypted_strict,32,pass
tests/test_encrypted.py::test_msgpack_method_pathlib_blocked_encrypted_strict,33,pass
tests/test_encrypted.py::test_msgpack_method_pathlib_blocked_encrypted_strict,34,pass
tests/test_encrypted.py::test_msgpack_method_pathlib_blocked_encrypted_strict,35,pass
tests/test_encrypted.py::test_msgpack_method_pathlib_blocked_encrypted_strict,36,pass
tests/test_encrypted.py::test_msgpack_method_pathlib_blocked_encrypted_strict,37,pass
tests/test_encrypted.py::test_msgpack_method_pathlib_blocked_encrypted_strict,38,pass
tests/test_encrypted.py::test_msgpack_method_pathlib_blocked_encrypted_strict,39,pass
tests/test_encrypted.py::test_msgpack_method_pathlib_blocked_encrypted_strict,40,pass
tests/test_encrypted.py::test_msgpack_method_pathlib_blocked_encrypted_strict,41,pass
tests/test_encrypted.py::test_msgpack_method_pathlib_blocked_encrypted_strict,42,pass
tests/test_encrypted.py::test_msgpack_method_pathlib_blocked_encrypted_strict,43,pass
tests/test_encrypted.py::test_msgpack_method_pathlib_blocked_encrypted_strict,44,pass
tests/test_encrypted.py::test_msgpack_method_pathlib_blocked_encrypted_strict,45,pass
tests/test_encrypted.py::test_msgpack_method_pathlib_blocked_encrypted_strict,46,pass
tests/test_encrypted.py::test_msgpack_method_pathlib_blocked_encrypted_strict,47,pass
tests/test_encrypted.py::test_msgpack_method_pathlib_blocked_encrypted_strict,48,pass
tests/test_encrypted.py::test_msgpack_method_pathlib_blocked_encrypted_strict,49,pass
tests/test_encrypted.py::test_msgpack_method_pathlib_blocked_encrypted_strict,50,pass
tests/test_encrypted.py::test_with_allowlist_uses_copy_protocol,1,pass
tests/test_encrypted.py::test_with_allowlist_uses_copy_protocol,2,pass
tests/test_encrypted.py::test_with_allowlist_uses_copy_protocol,3,pass
tests/test_encrypted.py::test_with_allowlist_uses_copy_protocol,4,pass
tests/test_encrypted.py::test_with_allowlist_uses_copy_protocol,5,pass
tests/test_encrypted.py::test_with_allowlist_uses_copy_protocol,6,pass
tests/test_encrypted.py::test_with_allowlist_uses_copy_protocol,7,pass
tests/test_encrypted.py::test_with_allowlist_uses_copy_protocol,8,pass
tests/test_encrypted.py::test_with_allowlist_uses_copy_protocol,9,pass
tests/test_encrypted.py::test_with_allowlist_uses_copy_protocol,10,pass
tests/test_encrypted.py::test_with_allowlist_uses_copy_protocol,11,pass
tests/test_encrypted.py::test_with_allowlist_uses_copy_protocol,12,pass
tests/test_encrypted.py::test_with_allowlist_uses_copy_protocol,13,pass
tests/test_encrypted.py::test_with_allowlist_uses_copy_protocol,14,pass
tests/test_encrypted.py::test_with_allowlist_uses_copy_protocol,15,pass
tests/test_encrypted.py::test_with_allowlist_uses_copy_protocol,16,pass
tests/test_encrypted.py::test_with_allowlist_uses_copy_protocol,17,pass
tests/test_encrypted.py::test_with_allowlist_uses_copy_protocol,18,pass
tests/test_encrypted.py::test_with_allowlist_uses_copy_protocol,19,pass
tests/test_encrypted.py::test_with_allowlist_uses_copy_protocol,20,pass
tests/test_encrypted.py::test_with_allowlist_uses_copy_protocol,21,pass
tests/test_encrypted.py::test_with_allowlist_uses_copy_protocol,22,pass
tests/test_encrypted.py::test_with_allowlist_uses_copy_protocol,23,pass
tests/test_encrypted.py::test_with_allowlist_uses_copy_protocol,24,pass
tests/test_encrypted.py::test_with_allowlist_uses_copy_protocol,25,pass
tests/test_encrypted.py::test_with_allowlist_uses_copy_protocol,26,pass
tests/test_encrypted.py::test_with_allowlist_uses_copy_protocol,27,pass
tests/test_encrypted.py::test_with_allowlist_uses_copy_protocol,28,pass
tests/test_encrypted.py::test_with_allowlist_uses_copy_protocol,29,pass
tests/test_encrypted.py::test_with_allowlist_uses_copy_protocol,30,pass
tests/test_encrypted.py::test_with_allowlist_uses_copy_protocol,31,pass
tests/test_encrypted.py::test_with_allowlist_uses_copy_protocol,32,pass
tests/test_encrypted.py::test_with_allowlist_uses_copy_protocol,33,pass
tests/test_encrypted.py::test_with_allowlist_uses_copy_protocol,34,pass
tests/test_encrypted.py::test_with_allowlist_uses_copy_protocol,35,pass
tests/test_encrypted.py::test_with_allowlist_uses_copy_protocol,36,pass
tests/test_encrypted.py::test_with_allowlist_uses_copy_protocol,37,pass
tests/test_encrypted.py::test_with_allowlist_uses_copy_protocol,38,pass
tests/test_encrypted.py::test_with_allowlist_uses_copy_protocol,39,pass
tests/test_encrypted.py::test_with_allowlist_uses_copy_protocol,40,pass
tests/test_encrypted.py::test_with_allowlist_uses_copy_protocol,41,pass
tests/test_encrypted.py::test_with_allowlist_uses_copy_protocol,42,pass
tests/test_encrypted.py::test_with_allowlist_uses_copy_protocol,43,pass
tests/test_encrypted.py::test_with_allowlist_uses_copy_protocol,44,pass
tests/test_encrypted.py::test_with_allowlist_uses_copy_protocol,45,pass
tests/test_encrypted.py::test_with_allowlist_uses_copy_protocol,46,pass
tests/test_encrypted.py::test_with_allowlist_uses_copy_protocol,47,pass
tests/test_encrypted.py::test_with_allowlist_uses_copy_protocol,48,pass
tests/test_encrypted.py::test_with_allowlist_uses_copy_protocol,49,pass
tests/test_encrypted.py::test_with_allowlist_uses_copy_protocol,50,pass
tests/test_jsonplus.py::test_deserde_invalid_module,1,pass
tests/test_jsonplus.py::test_deserde_invalid_module,2,pass
tests/test_jsonplus.py::test_deserde_invalid_module,3,pass
tests/test_jsonplus.py::test_deserde_invalid_module,4,pass
tests/test_jsonplus.py::test_deserde_invalid_module,5,pass
tests/test_jsonplus.py::test_deserde_invalid_module,6,pass
tests/test_jsonplus.py::test_deserde_invalid_module,7,pass
tests/test_jsonplus.py::test_deserde_invalid_module,8,pass
tests/test_jsonplus.py::test_deserde_invalid_module,9,pass
tests/test_jsonplus.py::test_deserde_invalid_module,10,pass
tests/test_jsonplus.py::test_deserde_invalid_module,11,pass
tests/test_jsonplus.py::test_deserde_invalid_module,12,pass
tests/test_jsonplus.py::test_deserde_invalid_module,13,pass
tests/test_jsonplus.py::test_deserde_invalid_module,14,pass
tests/test_jsonplus.py::test_deserde_invalid_module,15,pass
tests/test_jsonplus.py::test_deserde_invalid_module,16,pass
tests/test_jsonplus.py::test_deserde_invalid_module,17,pass
tests/test_jsonplus.py::test_deserde_invalid_module,18,pass
tests/test_jsonplus.py::test_deserde_invalid_module,19,pass
tests/test_jsonplus.py::test_deserde_invalid_module,20,pass
tests/test_jsonplus.py::test_deserde_invalid_module,21,pass
tests/test_jsonplus.py::test_deserde_invalid_module,22,pass
tests/test_jsonplus.py::test_deserde_invalid_module,23,pass
tests/test_jsonplus.py::test_deserde_invalid_module,24,pass
tests/test_jsonplus.py::test_deserde_invalid_module,25,pass
tests/test_jsonplus.py::test_deserde_invalid_module,26,pass
tests/test_jsonplus.py::test_deserde_invalid_module,27,pass
tests/test_jsonplus.py::test_deserde_invalid_module,28,pass
tests/test_jsonplus.py::test_deserde_invalid_module,29,pass
tests/test_jsonplus.py::test_deserde_invalid_module,30,pass
tests/test_jsonplus.py::test_deserde_invalid_module,31,pass
tests/test_jsonplus.py::test_deserde_invalid_module,32,pass
tests/test_jsonplus.py::test_deserde_invalid_module,33,pass
tests/test_jsonplus.py::test_deserde_invalid_module,34,pass
tests/test_jsonplus.py::test_deserde_invalid_module,35,pass
tests/test_jsonplus.py::test_deserde_invalid_module,36,pass
tests/test_jsonplus.py::test_deserde_invalid_module,37,pass
tests/test_jsonplus.py::test_deserde_invalid_module,38,pass
tests/test_jsonplus.py::test_deserde_invalid_module,39,pass
tests/test_jsonplus.py::test_deserde_invalid_module,40,pass
tests/test_jsonplus.py::test_deserde_invalid_module,41,pass
tests/test_jsonplus.py::test_deserde_invalid_module,42,pass
tests/test_jsonplus.py::test_deserde_invalid_module,43,pass
tests/test_jsonplus.py::test_deserde_invalid_module,44,pass
tests/test_jsonplus.py::test_deserde_invalid_module,45,pass
tests/test_jsonplus.py::test_deserde_invalid_module,46,pass
tests/test_jsonplus.py::test_deserde_invalid_module,47,pass
tests/test_jsonplus.py::test_deserde_invalid_module,48,pass
tests/test_jsonplus.py::test_deserde_invalid_module,49,pass
tests/test_jsonplus.py::test_deserde_invalid_module,50,pass
tests/test_jsonplus.py::test_lc2_json_legacy_construct_payload_logs_warning_when_default_init_rejects,1,pass
tests/test_jsonplus.py::test_lc2_json_legacy_construct_payload_logs_warning_when_default_init_rejects,2,pass
tests/test_jsonplus.py::test_lc2_json_legacy_construct_payload_logs_warning_when_default_init_rejects,3,pass
tests/test_jsonplus.py::test_lc2_json_legacy_construct_payload_logs_warning_when_default_init_rejects,4,pass
tests/test_jsonplus.py::test_lc2_json_legacy_construct_payload_logs_warning_when_default_init_rejects,5,pass
tests/test_jsonplus.py::test_lc2_json_legacy_construct_payload_logs_warning_when_default_init_rejects,6,pass
tests/test_jsonplus.py::test_lc2_json_legacy_construct_payload_logs_warning_when_default_init_rejects,7,pass
tests/test_jsonplus.py::test_lc2_json_legacy_construct_payload_logs_warning_when_default_init_rejects,8,pass
tests/test_jsonplus.py::test_lc2_json_legacy_construct_payload_logs_warning_when_default_init_rejects,9,pass
tests/test_jsonplus.py::test_lc2_json_legacy_construct_payload_logs_warning_when_default_init_rejects,10,pass
tests/test_jsonplus.py::test_lc2_json_legacy_construct_payload_logs_warning_when_default_init_rejects,11,pass
tests/test_jsonplus.py::test_lc2_json_legacy_construct_payload_logs_warning_when_default_init_rejects,12,pass
tests/test_jsonplus.py::test_lc2_json_legacy_construct_payload_logs_warning_when_default_init_rejects,13,pass
tests/test_jsonplus.py::test_lc2_json_legacy_construct_payload_logs_warning_when_default_init_rejects,14,pass
tests/test_jsonplus.py::test_lc2_json_legacy_construct_payload_logs_warning_when_default_init_rejects,15,pass
tests/test_jsonplus.py::test_lc2_json_legacy_construct_payload_logs_warning_when_default_init_rejects,16,pass
tests/test_jsonplus.py::test_lc2_json_legacy_construct_payload_logs_warning_when_default_init_rejects,17,pass
tests/test_jsonplus.py::test_lc2_json_legacy_construct_payload_logs_warning_when_default_init_rejects,18,pass
tests/test_jsonplus.py::test_lc2_json_legacy_construct_payload_logs_warning_when_default_init_rejects,19,pass
tests/test_jsonplus.py::test_lc2_json_legacy_construct_payload_logs_warning_when_default_init_rejects,20,pass
tests/test_jsonplus.py::test_lc2_json_legacy_construct_payload_logs_warning_when_default_init_rejects,21,pass
tests/test_jsonplus.py::test_lc2_json_legacy_construct_payload_logs_warning_when_default_init_rejects,22,pass
tests/test_jsonplus.py::test_lc2_json_legacy_construct_payload_logs_warning_when_default_init_rejects,23,pass
tests/test_jsonplus.py::test_lc2_json_legacy_construct_payload_logs_warning_when_default_init_rejects,24,pass
tests/test_jsonplus.py::test_lc2_json_legacy_construct_payload_logs_warning_when_default_init_rejects,25,pass
tests/test_jsonplus.py::test_lc2_json_legacy_construct_payload_logs_warning_when_default_init_rejects,26,pass
tests/test_jsonplus.py::test_lc2_json_legacy_construct_payload_logs_warning_when_default_init_rejects,27,pass
tests/test_jsonplus.py::test_lc2_json_legacy_construct_payload_logs_warning_when_default_init_rejects,28,pass
tests/test_jsonplus.py::test_lc2_json_legacy_construct_payload_logs_warning_when_default_init_rejects,29,pass
tests/test_jsonplus.py::test_lc2_json_legacy_construct_payload_logs_warning_when_default_init_rejects,30,pass
tests/test_jsonplus.py::test_lc2_json_legacy_construct_payload_logs_warning_when_default_init_rejects,31,pass
tests/test_jsonplus.py::test_lc2_json_legacy_construct_payload_logs_warning_when_default_init_rejects,32,pass
tests/test_jsonplus.py::test_lc2_json_legacy_construct_payload_logs_warning_when_default_init_rejects,33,pass
tests/test_jsonplus.py::test_lc2_json_legacy_construct_payload_logs_warning_when_default_init_rejects,34,pass
tests/test_jsonplus.py::test_lc2_json_legacy_construct_payload_logs_warning_when_default_init_rejects,35,pass
tests/test_jsonplus.py::test_lc2_json_legacy_construct_payload_logs_warning_when_default_init_rejects,36,pass
tests/test_jsonplus.py::test_lc2_json_legacy_construct_payload_logs_warning_when_default_init_rejects,37,pass
tests/test_jsonplus.py::test_lc2_json_legacy_construct_payload_logs_warning_when_default_init_rejects,38,pass
tests/test_jsonplus.py::test_lc2_json_legacy_construct_payload_logs_warning_when_default_init_rejects,39,pass
tests/test_jsonplus.py::test_lc2_json_legacy_construct_payload_logs_warning_when_default_init_rejects,40,pass
tests/test_jsonplus.py::test_lc2_json_legacy_construct_payload_logs_warning_when_default_init_rejects,41,pass
tests/test_jsonplus.py::test_lc2_json_legacy_construct_payload_logs_warning_when_default_init_rejects,42,pass
tests/test_jsonplus.py::test_lc2_json_legacy_construct_payload_logs_warning_when_default_init_rejects,43,pass
tests/test_jsonplus.py::test_lc2_json_legacy_construct_payload_logs_warning_when_default_init_rejects,44,pass
tests/test_jsonplus.py::test_lc2_json_legacy_construct_payload_logs_warning_when_default_init_rejects,45,pass
tests/test_jsonplus.py::test_lc2_json_legacy_construct_payload_logs_warning_when_default_init_rejects,46,pass
tests/test_jsonplus.py::test_lc2_json_legacy_construct_payload_logs_warning_when_default_init_rejects,47,pass
tests/test_jsonplus.py::test_lc2_json_legacy_construct_payload_logs_warning_when_default_init_rejects,48,pass
tests/test_jsonplus.py::test_lc2_json_legacy_construct_payload_logs_warning_when_default_init_rejects,49,pass
tests/test_jsonplus.py::test_lc2_json_legacy_construct_payload_logs_warning_when_default_init_rejects,50,pass
tests/test_jsonplus.py::test_lc2_json_method_field_is_ignored,1,pass
tests/test_jsonplus.py::test_lc2_json_method_field_is_ignored,2,pass
tests/test_jsonplus.py::test_lc2_json_method_field_is_ignored,3,pass
tests/test_jsonplus.py::test_lc2_json_method_field_is_ignored,4,pass
tests/test_jsonplus.py::test_lc2_json_method_field_is_ignored,5,pass
tests/test_jsonplus.py::test_lc2_json_method_field_is_ignored,6,pass
tests/test_jsonplus.py::test_lc2_json_method_field_is_ignored,7,pass
tests/test_jsonplus.py::test_lc2_json_method_field_is_ignored,8,pass
tests/test_jsonplus.py::test_lc2_json_method_field_is_ignored,9,pass
tests/test_jsonplus.py::test_lc2_json_method_field_is_ignored,10,pass
tests/test_jsonplus.py::test_lc2_json_method_field_is_ignored,11,pass
tests/test_jsonplus.py::test_lc2_json_method_field_is_ignored,12,pass
tests/test_jsonplus.py::test_lc2_json_method_field_is_ignored,13,pass
tests/test_jsonplus.py::test_lc2_json_method_field_is_ignored,14,pass
tests/test_jsonplus.py::test_lc2_json_method_field_is_ignored,15,pass
tests/test_jsonplus.py::test_lc2_json_method_field_is_ignored,16,pass
tests/test_jsonplus.py::test_lc2_json_method_field_is_ignored,17,pass
tests/test_jsonplus.py::test_lc2_json_method_field_is_ignored,18,pass
tests/test_jsonplus.py::test_lc2_json_method_field_is_ignored,19,pass
tests/test_jsonplus.py::test_lc2_json_method_field_is_ignored,20,pass
tests/test_jsonplus.py::test_lc2_json_method_field_is_ignored,21,pass
tests/test_jsonplus.py::test_lc2_json_method_field_is_ignored,22,pass
tests/test_jsonplus.py::test_lc2_json_method_field_is_ignored,23,pass
tests/test_jsonplus.py::test_lc2_json_method_field_is_ignored,24,pass
tests/test_jsonplus.py::test_lc2_json_method_field_is_ignored,25,pass
tests/test_jsonplus.py::test_lc2_json_method_field_is_ignored,26,pass
tests/test_jsonplus.py::test_lc2_json_method_field_is_ignored,27,pass
tests/test_jsonplus.py::test_lc2_json_method_field_is_ignored,28,pass
tests/test_jsonplus.py::test_lc2_json_method_field_is_ignored,29,pass
tests/test_jsonplus.py::test_lc2_json_method_field_is_ignored,30,pass
tests/test_jsonplus.py::test_lc2_json_method_field_is_ignored,31,pass
tests/test_jsonplus.py::test_lc2_json_method_field_is_ignored,32,pass
tests/test_jsonplus.py::test_lc2_json_method_field_is_ignored,33,pass
tests/test_jsonplus.py::test_lc2_json_method_field_is_ignored,34,pass
tests/test_jsonplus.py::test_lc2_json_method_field_is_ignored,35,pass
tests/test_jsonplus.py::test_lc2_json_method_field_is_ignored,36,pass
tests/test_jsonplus.py::test_lc2_json_method_field_is_ignored,37,pass
tests/test_jsonplus.py::test_lc2_json_method_field_is_ignored,38,pass
tests/test_jsonplus.py::test_lc2_json_method_field_is_ignored,39,pass
tests/test_jsonplus.py::test_lc2_json_method_field_is_ignored,40,pass
tests/test_jsonplus.py::test_lc2_json_method_field_is_ignored,41,pass
tests/test_jsonplus.py::test_lc2_json_method_field_is_ignored,42,pass
tests/test_jsonplus.py::test_lc2_json_method_field_is_ignored,43,pass
tests/test_jsonplus.py::test_lc2_json_method_field_is_ignored,44,pass
tests/test_jsonplus.py::test_lc2_json_method_field_is_ignored,45,pass
tests/test_jsonplus.py::test_lc2_json_method_field_is_ignored,46,pass
tests/test_jsonplus.py::test_lc2_json_method_field_is_ignored,47,pass
tests/test_jsonplus.py::test_lc2_json_method_field_is_ignored,48,pass
tests/test_jsonplus.py::test_lc2_json_method_field_is_ignored,49,pass
tests/test_jsonplus.py::test_lc2_json_method_field_is_ignored,50,pass
tests/test_jsonplus.py::test_lc2_json_method_field_is_ignored_for_allowlisted_types,1,pass
tests/test_jsonplus.py::test_lc2_json_method_field_is_ignored_for_allowlisted_types,2,pass
tests/test_jsonplus.py::test_lc2_json_method_field_is_ignored_for_allowlisted_types,3,pass
tests/test_jsonplus.py::test_lc2_json_method_field_is_ignored_for_allowlisted_types,4,pass
tests/test_jsonplus.py::test_lc2_json_method_field_is_ignored_for_allowlisted_types,5,pass
tests/test_jsonplus.py::test_lc2_json_method_field_is_ignored_for_allowlisted_types,6,pass
tests/test_jsonplus.py::test_lc2_json_method_field_is_ignored_for_allowlisted_types,7,pass
tests/test_jsonplus.py::test_lc2_json_method_field_is_ignored_for_allowlisted_types,8,pass
tests/test_jsonplus.py::test_lc2_json_method_field_is_ignored_for_allowlisted_types,9,pass
tests/test_jsonplus.py::test_lc2_json_method_field_is_ignored_for_allowlisted_types,10,pass
tests/test_jsonplus.py::test_lc2_json_method_field_is_ignored_for_allowlisted_types,11,pass
tests/test_jsonplus.py::test_lc2_json_method_field_is_ignored_for_allowlisted_types,12,pass
tests/test_jsonplus.py::test_lc2_json_method_field_is_ignored_for_allowlisted_types,13,pass
tests/test_jsonplus.py::test_lc2_json_method_field_is_ignored_for_allowlisted_types,14,pass
tests/test_jsonplus.py::test_lc2_json_method_field_is_ignored_for_allowlisted_types,15,pass
tests/test_jsonplus.py::test_lc2_json_method_field_is_ignored_for_allowlisted_types,16,pass
tests/test_jsonplus.py::test_lc2_json_method_field_is_ignored_for_allowlisted_types,17,pass
tests/test_jsonplus.py::test_lc2_json_method_field_is_ignored_for_allowlisted_types,18,pass
tests/test_jsonplus.py::test_lc2_json_method_field_is_ignored_for_allowlisted_types,19,pass
tests/test_jsonplus.py::test_lc2_json_method_field_is_ignored_for_allowlisted_types,20,pass
tests/test_jsonplus.py::test_lc2_json_method_field_is_ignored_for_allowlisted_types,21,pass
tests/test_jsonplus.py::test_lc2_json_method_field_is_ignored_for_allowlisted_types,22,pass
tests/test_jsonplus.py::test_lc2_json_method_field_is_ignored_for_allowlisted_types,23,pass
tests/test_jsonplus.py::test_lc2_json_method_field_is_ignored_for_allowlisted_types,24,pass
tests/test_jsonplus.py::test_lc2_json_method_field_is_ignored_for_allowlisted_types,25,pass
tests/test_jsonplus.py::test_lc2_json_method_field_is_ignored_for_allowlisted_types,26,pass
tests/test_jsonplus.py::test_lc2_json_method_field_is_ignored_for_allowlisted_types,27,pass
tests/test_jsonplus.py::test_lc2_json_method_field_is_ignored_for_allowlisted_types,28,pass
tests/test_jsonplus.py::test_lc2_json_method_field_is_ignored_for_allowlisted_types,29,pass
tests/test_jsonplus.py::test_lc2_json_method_field_is_ignored_for_allowlisted_types,30,pass
tests/test_jsonplus.py::test_lc2_json_method_field_is_ignored_for_allowlisted_types,31,pass
tests/test_jsonplus.py::test_lc2_json_method_field_is_ignored_for_allowlisted_types,32,pass
tests/test_jsonplus.py::test_lc2_json_method_field_is_ignored_for_allowlisted_types,33,pass
tests/test_jsonplus.py::test_lc2_json_method_field_is_ignored_for_allowlisted_types,34,pass
tests/test_jsonplus.py::test_lc2_json_method_field_is_ignored_for_allowlisted_types,35,pass
tests/test_jsonplus.py::test_lc2_json_method_field_is_ignored_for_allowlisted_types,36,pass
tests/test_jsonplus.py::test_lc2_json_method_field_is_ignored_for_allowlisted_types,37,pass
tests/test_jsonplus.py::test_lc2_json_method_field_is_ignored_for_allowlisted_types,38,pass
tests/test_jsonplus.py::test_lc2_json_method_field_is_ignored_for_allowlisted_types,39,pass
tests/test_jsonplus.py::test_lc2_json_method_field_is_ignored_for_allowlisted_types,40,pass
tests/test_jsonplus.py::test_lc2_json_method_field_is_ignored_for_allowlisted_types,41,pass
tests/test_jsonplus.py::test_lc2_json_method_field_is_ignored_for_allowlisted_types,42,pass
tests/test_jsonplus.py::test_lc2_json_method_field_is_ignored_for_allowlisted_types,43,pass
tests/test_jsonplus.py::test_lc2_json_method_field_is_ignored_for_allowlisted_types,44,pass
tests/test_jsonplus.py::test_lc2_json_method_field_is_ignored_for_allowlisted_types,45,pass
tests/test_jsonplus.py::test_lc2_json_method_field_is_ignored_for_allowlisted_types,46,pass
tests/test_jsonplus.py::test_lc2_json_method_field_is_ignored_for_allowlisted_types,47,pass
tests/test_jsonplus.py::test_lc2_json_method_field_is_ignored_for_allowlisted_types,48,pass
tests/test_jsonplus.py::test_lc2_json_method_field_is_ignored_for_allowlisted_types,49,pass
tests/test_jsonplus.py::test_lc2_json_method_field_is_ignored_for_allowlisted_types,50,pass
tests/test_jsonplus.py::test_lc2_json_safe_type_init_still_works,1,pass
tests/test_jsonplus.py::test_lc2_json_safe_type_init_still_works,2,pass
tests/test_jsonplus.py::test_lc2_json_safe_type_init_still_works,3,pass
tests/test_jsonplus.py::test_lc2_json_safe_type_init_still_works,4,pass
tests/test_jsonplus.py::test_lc2_json_safe_type_init_still_works,5,pass
tests/test_jsonplus.py::test_lc2_json_safe_type_init_still_works,6,pass
tests/test_jsonplus.py::test_lc2_json_safe_type_init_still_works,7,pass
tests/test_jsonplus.py::test_lc2_json_safe_type_init_still_works,8,pass
tests/test_jsonplus.py::test_lc2_json_safe_type_init_still_works,9,pass
tests/test_jsonplus.py::test_lc2_json_safe_type_init_still_works,10,pass
tests/test_jsonplus.py::test_lc2_json_safe_type_init_still_works,11,pass
tests/test_jsonplus.py::test_lc2_json_safe_type_init_still_works,12,pass
tests/test_jsonplus.py::test_lc2_json_safe_type_init_still_works,13,pass
tests/test_jsonplus.py::test_lc2_json_safe_type_init_still_works,14,pass
tests/test_jsonplus.py::test_lc2_json_safe_type_init_still_works,15,pass
tests/test_jsonplus.py::test_lc2_json_safe_type_init_still_works,16,pass
tests/test_jsonplus.py::test_lc2_json_safe_type_init_still_works,17,pass
tests/test_jsonplus.py::test_lc2_json_safe_type_init_still_works,18,pass
tests/test_jsonplus.py::test_lc2_json_safe_type_init_still_works,19,pass
tests/test_jsonplus.py::test_lc2_json_safe_type_init_still_works,20,pass
tests/test_jsonplus.py::test_lc2_json_safe_type_init_still_works,21,pass
tests/test_jsonplus.py::test_lc2_json_safe_type_init_still_works,22,pass
tests/test_jsonplus.py::test_lc2_json_safe_type_init_still_works,23,pass
tests/test_jsonplus.py::test_lc2_json_safe_type_init_still_works,24,pass
tests/test_jsonplus.py::test_lc2_json_safe_type_init_still_works,25,pass
tests/test_jsonplus.py::test_lc2_json_safe_type_init_still_works,26,pass
tests/test_jsonplus.py::test_lc2_json_safe_type_init_still_works,27,pass
tests/test_jsonplus.py::test_lc2_json_safe_type_init_still_works,28,pass
tests/test_jsonplus.py::test_lc2_json_safe_type_init_still_works,29,pass
tests/test_jsonplus.py::test_lc2_json_safe_type_init_still_works,30,pass
tests/test_jsonplus.py::test_lc2_json_safe_type_init_still_works,31,pass
tests/test_jsonplus.py::test_lc2_json_safe_type_init_still_works,32,pass
tests/test_jsonplus.py::test_lc2_json_safe_type_init_still_works,33,pass
tests/test_jsonplus.py::test_lc2_json_safe_type_init_still_works,34,pass
tests/test_jsonplus.py::test_lc2_json_safe_type_init_still_works,35,pass
tests/test_jsonplus.py::test_lc2_json_safe_type_init_still_works,36,pass
tests/test_jsonplus.py::test_lc2_json_safe_type_init_still_works,37,pass
tests/test_jsonplus.py::test_lc2_json_safe_type_init_still_works,38,pass
tests/test_jsonplus.py::test_lc2_json_safe_type_init_still_works,39,pass
tests/test_jsonplus.py::test_lc2_json_safe_type_init_still_works,40,pass
tests/test_jsonplus.py::test_lc2_json_safe_type_init_still_works,41,pass
tests/test_jsonplus.py::test_lc2_json_safe_type_init_still_works,42,pass
tests/test_jsonplus.py::test_lc2_json_safe_type_init_still_works,43,pass
tests/test_jsonplus.py::test_lc2_json_safe_type_init_still_works,44,pass
tests/test_jsonplus.py::test_lc2_json_safe_type_init_still_works,45,pass
tests/test_jsonplus.py::test_lc2_json_safe_type_init_still_works,46,pass
tests/test_jsonplus.py::test_lc2_json_safe_type_init_still_works,47,pass
tests/test_jsonplus.py::test_lc2_json_safe_type_init_still_works,48,pass
tests/test_jsonplus.py::test_lc2_json_safe_type_init_still_works,49,pass
tests/test_jsonplus.py::test_lc2_json_safe_type_init_still_works,50,pass
tests/test_jsonplus.py::test_lc2_json_safe_type_pickle_payload_does_not_execute,1,pass
tests/test_jsonplus.py::test_lc2_json_safe_type_pickle_payload_does_not_execute,2,pass
tests/test_jsonplus.py::test_lc2_json_safe_type_pickle_payload_does_not_execute,3,pass
tests/test_jsonplus.py::test_lc2_json_safe_type_pickle_payload_does_not_execute,4,pass
tests/test_jsonplus.py::test_lc2_json_safe_type_pickle_payload_does_not_execute,5,pass
tests/test_jsonplus.py::test_lc2_json_safe_type_pickle_payload_does_not_execute,6,pass
tests/test_jsonplus.py::test_lc2_json_safe_type_pickle_payload_does_not_execute,7,pass
tests/test_jsonplus.py::test_lc2_json_safe_type_pickle_payload_does_not_execute,8,pass
tests/test_jsonplus.py::test_lc2_json_safe_type_pickle_payload_does_not_execute,9,pass
tests/test_jsonplus.py::test_lc2_json_safe_type_pickle_payload_does_not_execute,10,pass
tests/test_jsonplus.py::test_lc2_json_safe_type_pickle_payload_does_not_execute,11,pass
tests/test_jsonplus.py::test_lc2_json_safe_type_pickle_payload_does_not_execute,12,pass
tests/test_jsonplus.py::test_lc2_json_safe_type_pickle_payload_does_not_execute,13,pass
tests/test_jsonplus.py::test_lc2_json_safe_type_pickle_payload_does_not_execute,14,pass
tests/test_jsonplus.py::test_lc2_json_safe_type_pickle_payload_does_not_execute,15,pass
tests/test_jsonplus.py::test_lc2_json_safe_type_pickle_payload_does_not_execute,16,pass
tests/test_jsonplus.py::test_lc2_json_safe_type_pickle_payload_does_not_execute,17,pass
tests/test_jsonplus.py::test_lc2_json_safe_type_pickle_payload_does_not_execute,18,pass
tests/test_jsonplus.py::test_lc2_json_safe_type_pickle_payload_does_not_execute,19,pass
tests/test_jsonplus.py::test_lc2_json_safe_type_pickle_payload_does_not_execute,20,pass
tests/test_jsonplus.py::test_lc2_json_safe_type_pickle_payload_does_not_execute,21,pass
tests/test_jsonplus.py::test_lc2_json_safe_type_pickle_payload_does_not_execute,22,pass
tests/test_jsonplus.py::test_lc2_json_safe_type_pickle_payload_does_not_execute,23,pass
tests/test_jsonplus.py::test_lc2_json_safe_type_pickle_payload_does_not_execute,24,pass
tests/test_jsonplus.py::test_lc2_json_safe_type_pickle_payload_does_not_execute,25,pass
tests/test_jsonplus.py::test_lc2_json_safe_type_pickle_payload_does_not_execute,26,pass
tests/test_jsonplus.py::test_lc2_json_safe_type_pickle_payload_does_not_execute,27,pass
tests/test_jsonplus.py::test_lc2_json_safe_type_pickle_payload_does_not_execute,28,pass
tests/test_jsonplus.py::test_lc2_json_safe_type_pickle_payload_does_not_execute,29,pass
tests/test_jsonplus.py::test_lc2_json_safe_type_pickle_payload_does_not_execute,30,pass
tests/test_jsonplus.py::test_lc2_json_safe_type_pickle_payload_does_not_execute,31,pass
tests/test_jsonplus.py::test_lc2_json_safe_type_pickle_payload_does_not_execute,32,pass
tests/test_jsonplus.py::test_lc2_json_safe_type_pickle_payload_does_not_execute,33,pass
tests/test_jsonplus.py::test_lc2_json_safe_type_pickle_payload_does_not_execute,34,pass
tests/test_jsonplus.py::test_lc2_json_safe_type_pickle_payload_does_not_execute,35,pass
tests/test_jsonplus.py::test_lc2_json_safe_type_pickle_payload_does_not_execute,36,pass
tests/test_jsonplus.py::test_lc2_json_safe_type_pickle_payload_does_not_execute,37,pass
tests/test_jsonplus.py::test_lc2_json_safe_type_pickle_payload_does_not_execute,38,pass
tests/test_jsonplus.py::test_lc2_json_safe_type_pickle_payload_does_not_execute,39,pass
tests/test_jsonplus.py::test_lc2_json_safe_type_pickle_payload_does_not_execute,40,pass
tests/test_jsonplus.py::test_lc2_json_safe_type_pickle_payload_does_not_execute,41,pass
tests/test_jsonplus.py::test_lc2_json_safe_type_pickle_payload_does_not_execute,42,pass
tests/test_jsonplus.py::test_lc2_json_safe_type_pickle_payload_does_not_execute,43,pass
tests/test_jsonplus.py::test_lc2_json_safe_type_pickle_payload_does_not_execute,44,pass
tests/test_jsonplus.py::test_lc2_json_safe_type_pickle_payload_does_not_execute,45,pass
tests/test_jsonplus.py::test_lc2_json_safe_type_pickle_payload_does_not_execute,46,pass
tests/test_jsonplus.py::test_lc2_json_safe_type_pickle_payload_does_not_execute,47,pass
tests/test_jsonplus.py::test_lc2_json_safe_type_pickle_payload_does_not_execute,48,pass
tests/test_jsonplus.py::test_lc2_json_safe_type_pickle_payload_does_not_execute,49,pass
tests/test_jsonplus.py::test_lc2_json_safe_type_pickle_payload_does_not_execute,50,pass
tests/test_jsonplus.py::test_lc2_json_safe_type_revives_without_allowlist,1,pass
tests/test_jsonplus.py::test_lc2_json_safe_type_revives_without_allowlist,2,pass
tests/test_jsonplus.py::test_lc2_json_safe_type_revives_without_allowlist,3,pass
tests/test_jsonplus.py::test_lc2_json_safe_type_revives_without_allowlist,4,pass
tests/test_jsonplus.py::test_lc2_json_safe_type_revives_without_allowlist,5,pass
tests/test_jsonplus.py::test_lc2_json_safe_type_revives_without_allowlist,6,pass
tests/test_jsonplus.py::test_lc2_json_safe_type_revives_without_allowlist,7,pass
tests/test_jsonplus.py::test_lc2_json_safe_type_revives_without_allowlist,8,pass
tests/test_jsonplus.py::test_lc2_json_safe_type_revives_without_allowlist,9,pass
tests/test_jsonplus.py::test_lc2_json_safe_type_revives_without_allowlist,10,pass
tests/test_jsonplus.py::test_lc2_json_safe_type_revives_without_allowlist,11,pass
tests/test_jsonplus.py::test_lc2_json_safe_type_revives_without_allowlist,12,pass
tests/test_jsonplus.py::test_lc2_json_safe_type_revives_without_allowlist,13,pass
tests/test_jsonplus.py::test_lc2_json_safe_type_revives_without_allowlist,14,pass
tests/test_jsonplus.py::test_lc2_json_safe_type_revives_without_allowlist,15,pass
tests/test_jsonplus.py::test_lc2_json_safe_type_revives_without_allowlist,16,pass
tests/test_jsonplus.py::test_lc2_json_safe_type_revives_without_allowlist,17,pass
tests/test_jsonplus.py::test_lc2_json_safe_type_revives_without_allowlist,18,pass
tests/test_jsonplus.py::test_lc2_json_safe_type_revives_without_allowlist,19,pass
tests/test_jsonplus.py::test_lc2_json_safe_type_revives_without_allowlist,20,pass
tests/test_jsonplus.py::test_lc2_json_safe_type_revives_without_allowlist,21,pass
tests/test_jsonplus.py::test_lc2_json_safe_type_revives_without_allowlist,22,pass
tests/test_jsonplus.py::test_lc2_json_safe_type_revives_without_allowlist,23,pass
tests/test_jsonplus.py::test_lc2_json_safe_type_revives_without_allowlist,24,pass
tests/test_jsonplus.py::test_lc2_json_safe_type_revives_without_allowlist,25,pass
tests/test_jsonplus.py::test_lc2_json_safe_type_revives_without_allowlist,26,pass
tests/test_jsonplus.py::test_lc2_json_safe_type_revives_without_allowlist,27,pass
tests/test_jsonplus.py::test_lc2_json_safe_type_revives_without_allowlist,28,pass
tests/test_jsonplus.py::test_lc2_json_safe_type_revives_without_allowlist,29,pass
tests/test_jsonplus.py::test_lc2_json_safe_type_revives_without_allowlist,30,pass
tests/test_jsonplus.py::test_lc2_json_safe_type_revives_without_allowlist,31,pass
tests/test_jsonplus.py::test_lc2_json_safe_type_revives_without_allowlist,32,pass
tests/test_jsonplus.py::test_lc2_json_safe_type_revives_without_allowlist,33,pass
tests/test_jsonplus.py::test_lc2_json_safe_type_revives_without_allowlist,34,pass
tests/test_jsonplus.py::test_lc2_json_safe_type_revives_without_allowlist,35,pass
tests/test_jsonplus.py::test_lc2_json_safe_type_revives_without_allowlist,36,pass
tests/test_jsonplus.py::test_lc2_json_safe_type_revives_without_allowlist,37,pass
tests/test_jsonplus.py::test_lc2_json_safe_type_revives_without_allowlist,38,pass
tests/test_jsonplus.py::test_lc2_json_safe_type_revives_without_allowlist,39,pass
tests/test_jsonplus.py::test_lc2_json_safe_type_revives_without_allowlist,40,pass
tests/test_jsonplus.py::test_lc2_json_safe_type_revives_without_allowlist,41,pass
tests/test_jsonplus.py::test_lc2_json_safe_type_revives_without_allowlist,42,pass
tests/test_jsonplus.py::test_lc2_json_safe_type_revives_without_allowlist,43,pass
tests/test_jsonplus.py::test_lc2_json_safe_type_revives_without_allowlist,44,pass
tests/test_jsonplus.py::test_lc2_json_safe_type_revives_without_allowlist,45,pass
tests/test_jsonplus.py::test_lc2_json_safe_type_revives_without_allowlist,46,pass
tests/test_jsonplus.py::test_lc2_json_safe_type_revives_without_allowlist,47,pass
tests/test_jsonplus.py::test_lc2_json_safe_type_revives_without_allowlist,48,pass
tests/test_jsonplus.py::test_lc2_json_safe_type_revives_without_allowlist,49,pass
tests/test_jsonplus.py::test_lc2_json_safe_type_revives_without_allowlist,50,pass
tests/test_jsonplus.py::test_lc2_json_unknown_type_stays_blocked_without_allowlist,1,pass
tests/test_jsonplus.py::test_lc2_json_unknown_type_stays_blocked_without_allowlist,2,pass
tests/test_jsonplus.py::test_lc2_json_unknown_type_stays_blocked_without_allowlist,3,pass
tests/test_jsonplus.py::test_lc2_json_unknown_type_stays_blocked_without_allowlist,4,pass
tests/test_jsonplus.py::test_lc2_json_unknown_type_stays_blocked_without_allowlist,5,pass
tests/test_jsonplus.py::test_lc2_json_unknown_type_stays_blocked_without_allowlist,6,pass
tests/test_jsonplus.py::test_lc2_json_unknown_type_stays_blocked_without_allowlist,7,pass
tests/test_jsonplus.py::test_lc2_json_unknown_type_stays_blocked_without_allowlist,8,pass
tests/test_jsonplus.py::test_lc2_json_unknown_type_stays_blocked_without_allowlist,9,pass
tests/test_jsonplus.py::test_lc2_json_unknown_type_stays_blocked_without_allowlist,10,pass
tests/test_jsonplus.py::test_lc2_json_unknown_type_stays_blocked_without_allowlist,11,pass
tests/test_jsonplus.py::test_lc2_json_unknown_type_stays_blocked_without_allowlist,12,pass
tests/test_jsonplus.py::test_lc2_json_unknown_type_stays_blocked_without_allowlist,13,pass
tests/test_jsonplus.py::test_lc2_json_unknown_type_stays_blocked_without_allowlist,14,pass
tests/test_jsonplus.py::test_lc2_json_unknown_type_stays_blocked_without_allowlist,15,pass
tests/test_jsonplus.py::test_lc2_json_unknown_type_stays_blocked_without_allowlist,16,pass
tests/test_jsonplus.py::test_lc2_json_unknown_type_stays_blocked_without_allowlist,17,pass
tests/test_jsonplus.py::test_lc2_json_unknown_type_stays_blocked_without_allowlist,18,pass
tests/test_jsonplus.py::test_lc2_json_unknown_type_stays_blocked_without_allowlist,19,pass
tests/test_jsonplus.py::test_lc2_json_unknown_type_stays_blocked_without_allowlist,20,pass
tests/test_jsonplus.py::test_lc2_json_unknown_type_stays_blocked_without_allowlist,21,pass
tests/test_jsonplus.py::test_lc2_json_unknown_type_stays_blocked_without_allowlist,22,pass
tests/test_jsonplus.py::test_lc2_json_unknown_type_stays_blocked_without_allowlist,23,pass
tests/test_jsonplus.py::test_lc2_json_unknown_type_stays_blocked_without_allowlist,24,pass
tests/test_jsonplus.py::test_lc2_json_unknown_type_stays_blocked_without_allowlist,25,pass
tests/test_jsonplus.py::test_lc2_json_unknown_type_stays_blocked_without_allowlist,26,pass
tests/test_jsonplus.py::test_lc2_json_unknown_type_stays_blocked_without_allowlist,27,pass
tests/test_jsonplus.py::test_lc2_json_unknown_type_stays_blocked_without_allowlist,28,pass
tests/test_jsonplus.py::test_lc2_json_unknown_type_stays_blocked_without_allowlist,29,pass
tests/test_jsonplus.py::test_lc2_json_unknown_type_stays_blocked_without_allowlist,30,pass
tests/test_jsonplus.py::test_lc2_json_unknown_type_stays_blocked_without_allowlist,31,pass
tests/test_jsonplus.py::test_lc2_json_unknown_type_stays_blocked_without_allowlist,32,pass
tests/test_jsonplus.py::test_lc2_json_unknown_type_stays_blocked_without_allowlist,33,pass
tests/test_jsonplus.py::test_lc2_json_unknown_type_stays_blocked_without_allowlist,34,pass
tests/test_jsonplus.py::test_lc2_json_unknown_type_stays_blocked_without_allowlist,35,pass
tests/test_jsonplus.py::test_lc2_json_unknown_type_stays_blocked_without_allowlist,36,pass
tests/test_jsonplus.py::test_lc2_json_unknown_type_stays_blocked_without_allowlist,37,pass
tests/test_jsonplus.py::test_lc2_json_unknown_type_stays_blocked_without_allowlist,38,pass
tests/test_jsonplus.py::test_lc2_json_unknown_type_stays_blocked_without_allowlist,39,pass
tests/test_jsonplus.py::test_lc2_json_unknown_type_stays_blocked_without_allowlist,40,pass
tests/test_jsonplus.py::test_lc2_json_unknown_type_stays_blocked_without_allowlist,41,pass
tests/test_jsonplus.py::test_lc2_json_unknown_type_stays_blocked_without_allowlist,42,pass
tests/test_jsonplus.py::test_lc2_json_unknown_type_stays_blocked_without_allowlist,43,pass
tests/test_jsonplus.py::test_lc2_json_unknown_type_stays_blocked_without_allowlist,44,pass
tests/test_jsonplus.py::test_lc2_json_unknown_type_stays_blocked_without_allowlist,45,pass
tests/test_jsonplus.py::test_lc2_json_unknown_type_stays_blocked_without_allowlist,46,pass
tests/test_jsonplus.py::test_lc2_json_unknown_type_stays_blocked_without_allowlist,47,pass
tests/test_jsonplus.py::test_lc2_json_unknown_type_stays_blocked_without_allowlist,48,pass
tests/test_jsonplus.py::test_lc2_json_unknown_type_stays_blocked_without_allowlist,49,pass
tests/test_jsonplus.py::test_lc2_json_unknown_type_stays_blocked_without_allowlist,50,pass
tests/test_jsonplus.py::test_msgpack_allowlist_blocks_non_listed,1,pass
tests/test_jsonplus.py::test_msgpack_allowlist_blocks_non_listed,2,pass
tests/test_jsonplus.py::test_msgpack_allowlist_blocks_non_listed,3,pass
tests/test_jsonplus.py::test_msgpack_allowlist_blocks_non_listed,4,pass
tests/test_jsonplus.py::test_msgpack_allowlist_blocks_non_listed,5,pass
tests/test_jsonplus.py::test_msgpack_allowlist_blocks_non_listed,6,pass
tests/test_jsonplus.py::test_msgpack_allowlist_blocks_non_listed,7,pass
tests/test_jsonplus.py::test_msgpack_allowlist_blocks_non_listed,8,pass
tests/test_jsonplus.py::test_msgpack_allowlist_blocks_non_listed,9,pass
tests/test_jsonplus.py::test_msgpack_allowlist_blocks_non_listed,10,pass
tests/test_jsonplus.py::test_msgpack_allowlist_blocks_non_listed,11,pass
tests/test_jsonplus.py::test_msgpack_allowlist_blocks_non_listed,12,pass
tests/test_jsonplus.py::test_msgpack_allowlist_blocks_non_listed,13,pass
tests/test_jsonplus.py::test_msgpack_allowlist_blocks_non_listed,14,pass
tests/test_jsonplus.py::test_msgpack_allowlist_blocks_non_listed,15,pass
tests/test_jsonplus.py::test_msgpack_allowlist_blocks_non_listed,16,pass
tests/test_jsonplus.py::test_msgpack_allowlist_blocks_non_listed,17,pass
tests/test_jsonplus.py::test_msgpack_allowlist_blocks_non_listed,18,pass
tests/test_jsonplus.py::test_msgpack_allowlist_blocks_non_listed,19,pass
tests/test_jsonplus.py::test_msgpack_allowlist_blocks_non_listed,20,pass
tests/test_jsonplus.py::test_msgpack_allowlist_blocks_non_listed,21,pass
tests/test_jsonplus.py::test_msgpack_allowlist_blocks_non_listed,22,pass
tests/test_jsonplus.py::test_msgpack_allowlist_blocks_non_listed,23,pass
tests/test_jsonplus.py::test_msgpack_allowlist_blocks_non_listed,24,pass
tests/test_jsonplus.py::test_msgpack_allowlist_blocks_non_listed,25,pass
tests/test_jsonplus.py::test_msgpack_allowlist_blocks_non_listed,26,pass
tests/test_jsonplus.py::test_msgpack_allowlist_blocks_non_listed,27,pass
tests/test_jsonplus.py::test_msgpack_allowlist_blocks_non_listed,28,pass
tests/test_jsonplus.py::test_msgpack_allowlist_blocks_non_listed,29,pass
tests/test_jsonplus.py::test_msgpack_allowlist_blocks_non_listed,30,pass
tests/test_jsonplus.py::test_msgpack_allowlist_blocks_non_listed,31,pass
tests/test_jsonplus.py::test_msgpack_allowlist_blocks_non_listed,32,pass
tests/test_jsonplus.py::test_msgpack_allowlist_blocks_non_listed,33,pass
tests/test_jsonplus.py::test_msgpack_allowlist_blocks_non_listed,34,pass
tests/test_jsonplus.py::test_msgpack_allowlist_blocks_non_listed,35,pass
tests/test_jsonplus.py::test_msgpack_allowlist_blocks_non_listed,36,pass
tests/test_jsonplus.py::test_msgpack_allowlist_blocks_non_listed,37,pass
tests/test_jsonplus.py::test_msgpack_allowlist_blocks_non_listed,38,pass
tests/test_jsonplus.py::test_msgpack_allowlist_blocks_non_listed,39,pass
tests/test_jsonplus.py::test_msgpack_allowlist_blocks_non_listed,40,pass
tests/test_jsonplus.py::test_msgpack_allowlist_blocks_non_listed,41,pass
tests/test_jsonplus.py::test_msgpack_allowlist_blocks_non_listed,42,pass
tests/test_jsonplus.py::test_msgpack_allowlist_blocks_non_listed,43,pass
tests/test_jsonplus.py::test_msgpack_allowlist_blocks_non_listed,44,pass
tests/test_jsonplus.py::test_msgpack_allowlist_blocks_non_listed,45,pass
tests/test_jsonplus.py::test_msgpack_allowlist_blocks_non_listed,46,pass
tests/test_jsonplus.py::test_msgpack_allowlist_blocks_non_listed,47,pass
tests/test_jsonplus.py::test_msgpack_allowlist_blocks_non_listed,48,pass
tests/test_jsonplus.py::test_msgpack_allowlist_blocks_non_listed,49,pass
tests/test_jsonplus.py::test_msgpack_allowlist_blocks_non_listed,50,pass
tests/test_jsonplus.py::test_msgpack_allowlist_silences_warning,1,pass
tests/test_jsonplus.py::test_msgpack_allowlist_silences_warning,2,pass
tests/test_jsonplus.py::test_msgpack_allowlist_silences_warning,3,pass
tests/test_jsonplus.py::test_msgpack_allowlist_silences_warning,4,pass
tests/test_jsonplus.py::test_msgpack_allowlist_silences_warning,5,pass
tests/test_jsonplus.py::test_msgpack_allowlist_silences_warning,6,pass
tests/test_jsonplus.py::test_msgpack_allowlist_silences_warning,7,pass
tests/test_jsonplus.py::test_msgpack_allowlist_silences_warning,8,pass
tests/test_jsonplus.py::test_msgpack_allowlist_silences_warning,9,pass
tests/test_jsonplus.py::test_msgpack_allowlist_silences_warning,10,pass
tests/test_jsonplus.py::test_msgpack_allowlist_silences_warning,11,pass
tests/test_jsonplus.py::test_msgpack_allowlist_silences_warning,12,pass
tests/test_jsonplus.py::test_msgpack_allowlist_silences_warning,13,pass
tests/test_jsonplus.py::test_msgpack_allowlist_silences_warning,14,pass
tests/test_jsonplus.py::test_msgpack_allowlist_silences_warning,15,pass
tests/test_jsonplus.py::test_msgpack_allowlist_silences_warning,16,pass
tests/test_jsonplus.py::test_msgpack_allowlist_silences_warning,17,pass
tests/test_jsonplus.py::test_msgpack_allowlist_silences_warning,18,pass
tests/test_jsonplus.py::test_msgpack_allowlist_silences_warning,19,pass
tests/test_jsonplus.py::test_msgpack_allowlist_silences_warning,20,pass
tests/test_jsonplus.py::test_msgpack_allowlist_silences_warning,21,pass
tests/test_jsonplus.py::test_msgpack_allowlist_silences_warning,22,pass
tests/test_jsonplus.py::test_msgpack_allowlist_silences_warning,23,pass
tests/test_jsonplus.py::test_msgpack_allowlist_silences_warning,24,pass
tests/test_jsonplus.py::test_msgpack_allowlist_silences_warning,25,pass
tests/test_jsonplus.py::test_msgpack_allowlist_silences_warning,26,pass
tests/test_jsonplus.py::test_msgpack_allowlist_silences_warning,27,pass
tests/test_jsonplus.py::test_msgpack_allowlist_silences_warning,28,pass
tests/test_jsonplus.py::test_msgpack_allowlist_silences_warning,29,pass
tests/test_jsonplus.py::test_msgpack_allowlist_silences_warning,30,pass
tests/test_jsonplus.py::test_msgpack_allowlist_silences_warning,31,pass
tests/test_jsonplus.py::test_msgpack_allowlist_silences_warning,32,pass
tests/test_jsonplus.py::test_msgpack_allowlist_silences_warning,33,pass
tests/test_jsonplus.py::test_msgpack_allowlist_silences_warning,34,pass
tests/test_jsonplus.py::test_msgpack_allowlist_silences_warning,35,pass
tests/test_jsonplus.py::test_msgpack_allowlist_silences_warning,36,pass
tests/test_jsonplus.py::test_msgpack_allowlist_silences_warning,37,pass
tests/test_jsonplus.py::test_msgpack_allowlist_silences_warning,38,pass
tests/test_jsonplus.py::test_msgpack_allowlist_silences_warning,39,pass
tests/test_jsonplus.py::test_msgpack_allowlist_silences_warning,40,pass
tests/test_jsonplus.py::test_msgpack_allowlist_silences_warning,41,pass
tests/test_jsonplus.py::test_msgpack_allowlist_silences_warning,42,pass
tests/test_jsonplus.py::test_msgpack_allowlist_silences_warning,43,pass
tests/test_jsonplus.py::test_msgpack_allowlist_silences_warning,44,pass
tests/test_jsonplus.py::test_msgpack_allowlist_silences_warning,45,pass
tests/test_jsonplus.py::test_msgpack_allowlist_silences_warning,46,pass
tests/test_jsonplus.py::test_msgpack_allowlist_silences_warning,47,pass
tests/test_jsonplus.py::test_msgpack_allowlist_silences_warning,48,pass
tests/test_jsonplus.py::test_msgpack_allowlist_silences_warning,49,pass
tests/test_jsonplus.py::test_msgpack_allowlist_silences_warning,50,pass
tests/test_jsonplus.py::test_msgpack_blocked_emits_event,1,pass
tests/test_jsonplus.py::test_msgpack_blocked_emits_event,2,pass
tests/test_jsonplus.py::test_msgpack_blocked_emits_event,3,pass
tests/test_jsonplus.py::test_msgpack_blocked_emits_event,4,pass
tests/test_jsonplus.py::test_msgpack_blocked_emits_event,5,pass
tests/test_jsonplus.py::test_msgpack_blocked_emits_event,6,pass
tests/test_jsonplus.py::test_msgpack_blocked_emits_event,7,pass
tests/test_jsonplus.py::test_msgpack_blocked_emits_event,8,pass
tests/test_jsonplus.py::test_msgpack_blocked_emits_event,9,pass
tests/test_jsonplus.py::test_msgpack_blocked_emits_event,10,pass
tests/test_jsonplus.py::test_msgpack_blocked_emits_event,11,pass
tests/test_jsonplus.py::test_msgpack_blocked_emits_event,12,pass
tests/test_jsonplus.py::test_msgpack_blocked_emits_event,13,pass
tests/test_jsonplus.py::test_msgpack_blocked_emits_event,14,pass
tests/test_jsonplus.py::test_msgpack_blocked_emits_event,15,pass
tests/test_jsonplus.py::test_msgpack_blocked_emits_event,16,pass
tests/test_jsonplus.py::test_msgpack_blocked_emits_event,17,pass
tests/test_jsonplus.py::test_msgpack_blocked_emits_event,18,pass
tests/test_jsonplus.py::test_msgpack_blocked_emits_event,19,pass
tests/test_jsonplus.py::test_msgpack_blocked_emits_event,20,pass
tests/test_jsonplus.py::test_msgpack_blocked_emits_event,21,pass
tests/test_jsonplus.py::test_msgpack_blocked_emits_event,22,pass
tests/test_jsonplus.py::test_msgpack_blocked_emits_event,23,pass
tests/test_jsonplus.py::test_msgpack_blocked_emits_event,24,pass
tests/test_jsonplus.py::test_msgpack_blocked_emits_event,25,pass
tests/test_jsonplus.py::test_msgpack_blocked_emits_event,26,pass
tests/test_jsonplus.py::test_msgpack_blocked_emits_event,27,pass
tests/test_jsonplus.py::test_msgpack_blocked_emits_event,28,pass
tests/test_jsonplus.py::test_msgpack_blocked_emits_event,29,pass
tests/test_jsonplus.py::test_msgpack_blocked_emits_event,30,pass
tests/test_jsonplus.py::test_msgpack_blocked_emits_event,31,pass
tests/test_jsonplus.py::test_msgpack_blocked_emits_event,32,pass
tests/test_jsonplus.py::test_msgpack_blocked_emits_event,33,pass
tests/test_jsonplus.py::test_msgpack_blocked_emits_event,34,pass
tests/test_jsonplus.py::test_msgpack_blocked_emits_event,35,pass
tests/test_jsonplus.py::test_msgpack_blocked_emits_event,36,pass
tests/test_jsonplus.py::test_msgpack_blocked_emits_event,37,pass
tests/test_jsonplus.py::test_msgpack_blocked_emits_event,38,pass
tests/test_jsonplus.py::test_msgpack_blocked_emits_event,39,pass
tests/test_jsonplus.py::test_msgpack_blocked_emits_event,40,pass
tests/test_jsonplus.py::test_msgpack_blocked_emits_event,41,pass
tests/test_jsonplus.py::test_msgpack_blocked_emits_event,42,pass
tests/test_jsonplus.py::test_msgpack_blocked_emits_event,43,pass
tests/test_jsonplus.py::test_msgpack_blocked_emits_event,44,pass
tests/test_jsonplus.py::test_msgpack_blocked_emits_event,45,pass
tests/test_jsonplus.py::test_msgpack_blocked_emits_event,46,pass
tests/test_jsonplus.py::test_msgpack_blocked_emits_event,47,pass
tests/test_jsonplus.py::test_msgpack_blocked_emits_event,48,pass
tests/test_jsonplus.py::test_msgpack_blocked_emits_event,49,pass
tests/test_jsonplus.py::test_msgpack_blocked_emits_event,50,pass
tests/test_jsonplus.py::test_msgpack_dataclass_allowlist,1,pass
tests/test_jsonplus.py::test_msgpack_dataclass_allowlist,2,pass
tests/test_jsonplus.py::test_msgpack_dataclass_allowlist,3,pass
tests/test_jsonplus.py::test_msgpack_dataclass_allowlist,4,pass
tests/test_jsonplus.py::test_msgpack_dataclass_allowlist,5,pass
tests/test_jsonplus.py::test_msgpack_dataclass_allowlist,6,pass
tests/test_jsonplus.py::test_msgpack_dataclass_allowlist,7,pass
tests/test_jsonplus.py::test_msgpack_dataclass_allowlist,8,pass
tests/test_jsonplus.py::test_msgpack_dataclass_allowlist,9,pass
tests/test_jsonplus.py::test_msgpack_dataclass_allowlist,10,pass
tests/test_jsonplus.py::test_msgpack_dataclass_allowlist,11,pass
tests/test_jsonplus.py::test_msgpack_dataclass_allowlist,12,pass
tests/test_jsonplus.py::test_msgpack_dataclass_allowlist,13,pass
tests/test_jsonplus.py::test_msgpack_dataclass_allowlist,14,pass
tests/test_jsonplus.py::test_msgpack_dataclass_allowlist,15,pass
tests/test_jsonplus.py::test_msgpack_dataclass_allowlist,16,pass
tests/test_jsonplus.py::test_msgpack_dataclass_allowlist,17,pass
tests/test_jsonplus.py::test_msgpack_dataclass_allowlist,18,pass
tests/test_jsonplus.py::test_msgpack_dataclass_allowlist,19,pass
tests/test_jsonplus.py::test_msgpack_dataclass_allowlist,20,pass
tests/test_jsonplus.py::test_msgpack_dataclass_allowlist,21,pass
tests/test_jsonplus.py::test_msgpack_dataclass_allowlist,22,pass
tests/test_jsonplus.py::test_msgpack_dataclass_allowlist,23,pass
tests/test_jsonplus.py::test_msgpack_dataclass_allowlist,24,pass
tests/test_jsonplus.py::test_msgpack_dataclass_allowlist,25,pass
tests/test_jsonplus.py::test_msgpack_dataclass_allowlist,26,pass
tests/test_jsonplus.py::test_msgpack_dataclass_allowlist,27,pass
tests/test_jsonplus.py::test_msgpack_dataclass_allowlist,28,pass
tests/test_jsonplus.py::test_msgpack_dataclass_allowlist,29,pass
tests/test_jsonplus.py::test_msgpack_dataclass_allowlist,30,pass
tests/test_jsonplus.py::test_msgpack_dataclass_allowlist,31,pass
tests/test_jsonplus.py::test_msgpack_dataclass_allowlist,32,pass
tests/test_jsonplus.py::test_msgpack_dataclass_allowlist,33,pass
tests/test_jsonplus.py::test_msgpack_dataclass_allowlist,34,pass
tests/test_jsonplus.py::test_msgpack_dataclass_allowlist,35,pass
tests/test_jsonplus.py::test_msgpack_dataclass_allowlist,36,pass
tests/test_jsonplus.py::test_msgpack_dataclass_allowlist,37,pass
tests/test_jsonplus.py::test_msgpack_dataclass_allowlist,38,pass
tests/test_jsonplus.py::test_msgpack_dataclass_allowlist,39,pass
tests/test_jsonplus.py::test_msgpack_dataclass_allowlist,40,pass
tests/test_jsonplus.py::test_msgpack_dataclass_allowlist,41,pass
tests/test_jsonplus.py::test_msgpack_dataclass_allowlist,42,pass
tests/test_jsonplus.py::test_msgpack_dataclass_allowlist,43,pass
tests/test_jsonplus.py::test_msgpack_dataclass_allowlist,44,pass
tests/test_jsonplus.py::test_msgpack_dataclass_allowlist,45,pass
tests/test_jsonplus.py::test_msgpack_dataclass_allowlist,46,pass
tests/test_jsonplus.py::test_msgpack_dataclass_allowlist,47,pass
tests/test_jsonplus.py::test_msgpack_dataclass_allowlist,48,pass
tests/test_jsonplus.py::test_msgpack_dataclass_allowlist,49,pass
tests/test_jsonplus.py::test_msgpack_dataclass_allowlist,50,pass
tests/test_jsonplus.py::test_msgpack_env_strict_default,1,pass
tests/test_jsonplus.py::test_msgpack_env_strict_default,2,pass
tests/test_jsonplus.py::test_msgpack_env_strict_default,3,pass
tests/test_jsonplus.py::test_msgpack_env_strict_default,4,pass
tests/test_jsonplus.py::test_msgpack_env_strict_default,5,pass
tests/test_jsonplus.py::test_msgpack_env_strict_default,6,pass
tests/test_jsonplus.py::test_msgpack_env_strict_default,7,pass
tests/test_jsonplus.py::test_msgpack_env_strict_default,8,pass
tests/test_jsonplus.py::test_msgpack_env_strict_default,9,pass
tests/test_jsonplus.py::test_msgpack_env_strict_default,10,pass
tests/test_jsonplus.py::test_msgpack_env_strict_default,11,pass
tests/test_jsonplus.py::test_msgpack_env_strict_default,12,pass
tests/test_jsonplus.py::test_msgpack_env_strict_default,13,pass
tests/test_jsonplus.py::test_msgpack_env_strict_default,14,pass
tests/test_jsonplus.py::test_msgpack_env_strict_default,15,pass
tests/test_jsonplus.py::test_msgpack_env_strict_default,16,pass
tests/test_jsonplus.py::test_msgpack_env_strict_default,17,pass
tests/test_jsonplus.py::test_msgpack_env_strict_default,18,pass
tests/test_jsonplus.py::test_msgpack_env_strict_default,19,pass
tests/test_jsonplus.py::test_msgpack_env_strict_default,20,pass
tests/test_jsonplus.py::test_msgpack_env_strict_default,21,pass
tests/test_jsonplus.py::test_msgpack_env_strict_default,22,pass
tests/test_jsonplus.py::test_msgpack_env_strict_default,23,pass
tests/test_jsonplus.py::test_msgpack_env_strict_default,24,pass
tests/test_jsonplus.py::test_msgpack_env_strict_default,25,pass
tests/test_jsonplus.py::test_msgpack_env_strict_default,26,pass
tests/test_jsonplus.py::test_msgpack_env_strict_default,27,pass
tests/test_jsonplus.py::test_msgpack_env_strict_default,28,pass
tests/test_jsonplus.py::test_msgpack_env_strict_default,29,pass
tests/test_jsonplus.py::test_msgpack_env_strict_default,30,pass
tests/test_jsonplus.py::test_msgpack_env_strict_default,31,pass
tests/test_jsonplus.py::test_msgpack_env_strict_default,32,pass
tests/test_jsonplus.py::test_msgpack_env_strict_default,33,pass
tests/test_jsonplus.py::test_msgpack_env_strict_default,34,pass
tests/test_jsonplus.py::test_msgpack_env_strict_default,35,pass
tests/test_jsonplus.py::test_msgpack_env_strict_default,36,pass
tests/test_jsonplus.py::test_msgpack_env_strict_default,37,pass
tests/test_jsonplus.py::test_msgpack_env_strict_default,38,pass
tests/test_jsonplus.py::test_msgpack_env_strict_default,39,pass
tests/test_jsonplus.py::test_msgpack_env_strict_default,40,pass
tests/test_jsonplus.py::test_msgpack_env_strict_default,41,pass
tests/test_jsonplus.py::test_msgpack_env_strict_default,42,pass
tests/test_jsonplus.py::test_msgpack_env_strict_default,43,pass
tests/test_jsonplus.py::test_msgpack_env_strict_default,44,pass
tests/test_jsonplus.py::test_msgpack_env_strict_default,45,pass
tests/test_jsonplus.py::test_msgpack_env_strict_default,46,pass
tests/test_jsonplus.py::test_msgpack_env_strict_default,47,pass
tests/test_jsonplus.py::test_msgpack_env_strict_default,48,pass
tests/test_jsonplus.py::test_msgpack_env_strict_default,49,pass
tests/test_jsonplus.py::test_msgpack_env_strict_default,50,pass
tests/test_jsonplus.py::test_msgpack_method_pathlib_blocked_default_mode,1,pass
tests/test_jsonplus.py::test_msgpack_method_pathlib_blocked_default_mode,2,pass
tests/test_jsonplus.py::test_msgpack_method_pathlib_blocked_default_mode,3,pass
tests/test_jsonplus.py::test_msgpack_method_pathlib_blocked_default_mode,4,pass
tests/test_jsonplus.py::test_msgpack_method_pathlib_blocked_default_mode,5,pass
tests/test_jsonplus.py::test_msgpack_method_pathlib_blocked_default_mode,6,pass
tests/test_jsonplus.py::test_msgpack_method_pathlib_blocked_default_mode,7,pass
tests/test_jsonplus.py::test_msgpack_method_pathlib_blocked_default_mode,8,pass
tests/test_jsonplus.py::test_msgpack_method_pathlib_blocked_default_mode,9,pass
tests/test_jsonplus.py::test_msgpack_method_pathlib_blocked_default_mode,10,pass
tests/test_jsonplus.py::test_msgpack_method_pathlib_blocked_default_mode,11,pass
tests/test_jsonplus.py::test_msgpack_method_pathlib_blocked_default_mode,12,pass
tests/test_jsonplus.py::test_msgpack_method_pathlib_blocked_default_mode,13,pass
tests/test_jsonplus.py::test_msgpack_method_pathlib_blocked_default_mode,14,pass
tests/test_jsonplus.py::test_msgpack_method_pathlib_blocked_default_mode,15,pass
tests/test_jsonplus.py::test_msgpack_method_pathlib_blocked_default_mode,16,pass
tests/test_jsonplus.py::test_msgpack_method_pathlib_blocked_default_mode,17,pass
tests/test_jsonplus.py::test_msgpack_method_pathlib_blocked_default_mode,18,pass
tests/test_jsonplus.py::test_msgpack_method_pathlib_blocked_default_mode,19,pass
tests/test_jsonplus.py::test_msgpack_method_pathlib_blocked_default_mode,20,pass
tests/test_jsonplus.py::test_msgpack_method_pathlib_blocked_default_mode,21,pass
tests/test_jsonplus.py::test_msgpack_method_pathlib_blocked_default_mode,22,pass
tests/test_jsonplus.py::test_msgpack_method_pathlib_blocked_default_mode,23,pass
tests/test_jsonplus.py::test_msgpack_method_pathlib_blocked_default_mode,24,pass
tests/test_jsonplus.py::test_msgpack_method_pathlib_blocked_default_mode,25,pass
tests/test_jsonplus.py::test_msgpack_method_pathlib_blocked_default_mode,26,pass
tests/test_jsonplus.py::test_msgpack_method_pathlib_blocked_default_mode,27,pass
tests/test_jsonplus.py::test_msgpack_method_pathlib_blocked_default_mode,28,pass
tests/test_jsonplus.py::test_msgpack_method_pathlib_blocked_default_mode,29,pass
tests/test_jsonplus.py::test_msgpack_method_pathlib_blocked_default_mode,30,pass
tests/test_jsonplus.py::test_msgpack_method_pathlib_blocked_default_mode,31,pass
tests/test_jsonplus.py::test_msgpack_method_pathlib_blocked_default_mode,32,pass
tests/test_jsonplus.py::test_msgpack_method_pathlib_blocked_default_mode,33,pass
tests/test_jsonplus.py::test_msgpack_method_pathlib_blocked_default_mode,34,pass
tests/test_jsonplus.py::test_msgpack_method_pathlib_blocked_default_mode,35,pass
tests/test_jsonplus.py::test_msgpack_method_pathlib_blocked_default_mode,36,pass
tests/test_jsonplus.py::test_msgpack_method_pathlib_blocked_default_mode,37,pass
tests/test_jsonplus.py::test_msgpack_method_pathlib_blocked_default_mode,38,pass
tests/test_jsonplus.py::test_msgpack_method_pathlib_blocked_default_mode,39,pass
tests/test_jsonplus.py::test_msgpack_method_pathlib_blocked_default_mode,40,pass
tests/test_jsonplus.py::test_msgpack_method_pathlib_blocked_default_mode,41,pass
tests/test_jsonplus.py::test_msgpack_method_pathlib_blocked_default_mode,42,pass
tests/test_jsonplus.py::test_msgpack_method_pathlib_blocked_default_mode,43,pass
tests/test_jsonplus.py::test_msgpack_method_pathlib_blocked_default_mode,44,pass
tests/test_jsonplus.py::test_msgpack_method_pathlib_blocked_default_mode,45,pass
tests/test_jsonplus.py::test_msgpack_method_pathlib_blocked_default_mode,46,pass
tests/test_jsonplus.py::test_msgpack_method_pathlib_blocked_default_mode,47,pass
tests/test_jsonplus.py::test_msgpack_method_pathlib_blocked_default_mode,48,pass
tests/test_jsonplus.py::test_msgpack_method_pathlib_blocked_default_mode,49,pass
tests/test_jsonplus.py::test_msgpack_method_pathlib_blocked_default_mode,50,pass
tests/test_jsonplus.py::test_msgpack_method_pathlib_blocked_in_strict,1,pass
tests/test_jsonplus.py::test_msgpack_method_pathlib_blocked_in_strict,2,pass
tests/test_jsonplus.py::test_msgpack_method_pathlib_blocked_in_strict,3,pass
tests/test_jsonplus.py::test_msgpack_method_pathlib_blocked_in_strict,4,pass
tests/test_jsonplus.py::test_msgpack_method_pathlib_blocked_in_strict,5,pass
tests/test_jsonplus.py::test_msgpack_method_pathlib_blocked_in_strict,6,pass
tests/test_jsonplus.py::test_msgpack_method_pathlib_blocked_in_strict,7,pass
tests/test_jsonplus.py::test_msgpack_method_pathlib_blocked_in_strict,8,pass
tests/test_jsonplus.py::test_msgpack_method_pathlib_blocked_in_strict,9,pass
tests/test_jsonplus.py::test_msgpack_method_pathlib_blocked_in_strict,10,pass
tests/test_jsonplus.py::test_msgpack_method_pathlib_blocked_in_strict,11,pass
tests/test_jsonplus.py::test_msgpack_method_pathlib_blocked_in_strict,12,pass
tests/test_jsonplus.py::test_msgpack_method_pathlib_blocked_in_strict,13,pass
tests/test_jsonplus.py::test_msgpack_method_pathlib_blocked_in_strict,14,pass
tests/test_jsonplus.py::test_msgpack_method_pathlib_blocked_in_strict,15,pass
tests/test_jsonplus.py::test_msgpack_method_pathlib_blocked_in_strict,16,pass
tests/test_jsonplus.py::test_msgpack_method_pathlib_blocked_in_strict,17,pass
tests/test_jsonplus.py::test_msgpack_method_pathlib_blocked_in_strict,18,pass
tests/test_jsonplus.py::test_msgpack_method_pathlib_blocked_in_strict,19,pass
tests/test_jsonplus.py::test_msgpack_method_pathlib_blocked_in_strict,20,pass
tests/test_jsonplus.py::test_msgpack_method_pathlib_blocked_in_strict,21,pass
tests/test_jsonplus.py::test_msgpack_method_pathlib_blocked_in_strict,22,pass
tests/test_jsonplus.py::test_msgpack_method_pathlib_blocked_in_strict,23,pass
tests/test_jsonplus.py::test_msgpack_method_pathlib_blocked_in_strict,24,pass
tests/test_jsonplus.py::test_msgpack_method_pathlib_blocked_in_strict,25,pass
tests/test_jsonplus.py::test_msgpack_method_pathlib_blocked_in_strict,26,pass
tests/test_jsonplus.py::test_msgpack_method_pathlib_blocked_in_strict,27,pass
tests/test_jsonplus.py::test_msgpack_method_pathlib_blocked_in_strict,28,pass
tests/test_jsonplus.py::test_msgpack_method_pathlib_blocked_in_strict,29,pass
tests/test_jsonplus.py::test_msgpack_method_pathlib_blocked_in_strict,30,pass
tests/test_jsonplus.py::test_msgpack_method_pathlib_blocked_in_strict,31,pass
tests/test_jsonplus.py::test_msgpack_method_pathlib_blocked_in_strict,32,pass
tests/test_jsonplus.py::test_msgpack_method_pathlib_blocked_in_strict,33,pass
tests/test_jsonplus.py::test_msgpack_method_pathlib_blocked_in_strict,34,pass
tests/test_jsonplus.py::test_msgpack_method_pathlib_blocked_in_strict,35,pass
tests/test_jsonplus.py::test_msgpack_method_pathlib_blocked_in_strict,36,pass
tests/test_jsonplus.py::test_msgpack_method_pathlib_blocked_in_strict,37,pass
tests/test_jsonplus.py::test_msgpack_method_pathlib_blocked_in_strict,38,pass
tests/test_jsonplus.py::test_msgpack_method_pathlib_blocked_in_strict,39,pass
tests/test_jsonplus.py::test_msgpack_method_pathlib_blocked_in_strict,40,pass
tests/test_jsonplus.py::test_msgpack_method_pathlib_blocked_in_strict,41,pass
tests/test_jsonplus.py::test_msgpack_method_pathlib_blocked_in_strict,42,pass
tests/test_jsonplus.py::test_msgpack_method_pathlib_blocked_in_strict,43,pass
tests/test_jsonplus.py::test_msgpack_method_pathlib_blocked_in_strict,44,pass
tests/test_jsonplus.py::test_msgpack_method_pathlib_blocked_in_strict,45,pass
tests/test_jsonplus.py::test_msgpack_method_pathlib_blocked_in_strict,46,pass
tests/test_jsonplus.py::test_msgpack_method_pathlib_blocked_in_strict,47,pass
tests/test_jsonplus.py::test_msgpack_method_pathlib_blocked_in_strict,48,pass
tests/test_jsonplus.py::test_msgpack_method_pathlib_blocked_in_strict,49,pass
tests/test_jsonplus.py::test_msgpack_method_pathlib_blocked_in_strict,50,pass
tests/test_jsonplus.py::test_msgpack_none_blocks_unregistered,1,pass
tests/test_jsonplus.py::test_msgpack_none_blocks_unregistered,2,pass
tests/test_jsonplus.py::test_msgpack_none_blocks_unregistered,3,pass
tests/test_jsonplus.py::test_msgpack_none_blocks_unregistered,4,pass
tests/test_jsonplus.py::test_msgpack_none_blocks_unregistered,5,pass
tests/test_jsonplus.py::test_msgpack_none_blocks_unregistered,6,pass
tests/test_jsonplus.py::test_msgpack_none_blocks_unregistered,7,pass
tests/test_jsonplus.py::test_msgpack_none_blocks_unregistered,8,pass
tests/test_jsonplus.py::test_msgpack_none_blocks_unregistered,9,pass
tests/test_jsonplus.py::test_msgpack_none_blocks_unregistered,10,pass
tests/test_jsonplus.py::test_msgpack_none_blocks_unregistered,11,pass
tests/test_jsonplus.py::test_msgpack_none_blocks_unregistered,12,pass
tests/test_jsonplus.py::test_msgpack_none_blocks_unregistered,13,pass
tests/test_jsonplus.py::test_msgpack_none_blocks_unregistered,14,pass
tests/test_jsonplus.py::test_msgpack_none_blocks_unregistered,15,pass
tests/test_jsonplus.py::test_msgpack_none_blocks_unregistered,16,pass
tests/test_jsonplus.py::test_msgpack_none_blocks_unregistered,17,pass
tests/test_jsonplus.py::test_msgpack_none_blocks_unregistered,18,pass
tests/test_jsonplus.py::test_msgpack_none_blocks_unregistered,19,pass
tests/test_jsonplus.py::test_msgpack_none_blocks_unregistered,20,pass
tests/test_jsonplus.py::test_msgpack_none_blocks_unregistered,21,pass
tests/test_jsonplus.py::test_msgpack_none_blocks_unregistered,22,pass
tests/test_jsonplus.py::test_msgpack_none_blocks_unregistered,23,pass
tests/test_jsonplus.py::test_msgpack_none_blocks_unregistered,24,pass
tests/test_jsonplus.py::test_msgpack_none_blocks_unregistered,25,pass
tests/test_jsonplus.py::test_msgpack_none_blocks_unregistered,26,pass
tests/test_jsonplus.py::test_msgpack_none_blocks_unregistered,27,pass
tests/test_jsonplus.py::test_msgpack_none_blocks_unregistered,28,pass
tests/test_jsonplus.py::test_msgpack_none_blocks_unregistered,29,pass
tests/test_jsonplus.py::test_msgpack_none_blocks_unregistered,30,pass
tests/test_jsonplus.py::test_msgpack_none_blocks_unregistered,31,pass
tests/test_jsonplus.py::test_msgpack_none_blocks_unregistered,32,pass
tests/test_jsonplus.py::test_msgpack_none_blocks_unregistered,33,pass
tests/test_jsonplus.py::test_msgpack_none_blocks_unregistered,34,pass
tests/test_jsonplus.py::test_msgpack_none_blocks_unregistered,35,pass
tests/test_jsonplus.py::test_msgpack_none_blocks_unregistered,36,pass
tests/test_jsonplus.py::test_msgpack_none_blocks_unregistered,37,pass
tests/test_jsonplus.py::test_msgpack_none_blocks_unregistered,38,pass
tests/test_jsonplus.py::test_msgpack_none_blocks_unregistered,39,pass
tests/test_jsonplus.py::test_msgpack_none_blocks_unregistered,40,pass
tests/test_jsonplus.py::test_msgpack_none_blocks_unregistered,41,pass
tests/test_jsonplus.py::test_msgpack_none_blocks_unregistered,42,pass
tests/test_jsonplus.py::test_msgpack_none_blocks_unregistered,43,pass
tests/test_jsonplus.py::test_msgpack_none_blocks_unregistered,44,pass
tests/test_jsonplus.py::test_msgpack_none_blocks_unregistered,45,pass
tests/test_jsonplus.py::test_msgpack_none_blocks_unregistered,46,pass
tests/test_jsonplus.py::test_msgpack_none_blocks_unregistered,47,pass
tests/test_jsonplus.py::test_msgpack_none_blocks_unregistered,48,pass
tests/test_jsonplus.py::test_msgpack_none_blocks_unregistered,49,pass
tests/test_jsonplus.py::test_msgpack_none_blocks_unregistered,50,pass
tests/test_jsonplus.py::test_msgpack_path_constructor_still_works,1,pass
tests/test_jsonplus.py::test_msgpack_path_constructor_still_works,2,pass
tests/test_jsonplus.py::test_msgpack_path_constructor_still_works,3,pass
tests/test_jsonplus.py::test_msgpack_path_constructor_still_works,4,pass
tests/test_jsonplus.py::test_msgpack_path_constructor_still_works,5,pass
tests/test_jsonplus.py::test_msgpack_path_constructor_still_works,6,pass
tests/test_jsonplus.py::test_msgpack_path_constructor_still_works,7,pass
tests/test_jsonplus.py::test_msgpack_path_constructor_still_works,8,pass
tests/test_jsonplus.py::test_msgpack_path_constructor_still_works,9,pass
tests/test_jsonplus.py::test_msgpack_path_constructor_still_works,10,pass
tests/test_jsonplus.py::test_msgpack_path_constructor_still_works,11,pass
tests/test_jsonplus.py::test_msgpack_path_constructor_still_works,12,pass
tests/test_jsonplus.py::test_msgpack_path_constructor_still_works,13,pass
tests/test_jsonplus.py::test_msgpack_path_constructor_still_works,14,pass
tests/test_jsonplus.py::test_msgpack_path_constructor_still_works,15,pass
tests/test_jsonplus.py::test_msgpack_path_constructor_still_works,16,pass
tests/test_jsonplus.py::test_msgpack_path_constructor_still_works,17,pass
tests/test_jsonplus.py::test_msgpack_path_constructor_still_works,18,pass
tests/test_jsonplus.py::test_msgpack_path_constructor_still_works,19,pass
tests/test_jsonplus.py::test_msgpack_path_constructor_still_works,20,pass
tests/test_jsonplus.py::test_msgpack_path_constructor_still_works,21,pass
tests/test_jsonplus.py::test_msgpack_path_constructor_still_works,22,pass
tests/test_jsonplus.py::test_msgpack_path_constructor_still_works,23,pass
tests/test_jsonplus.py::test_msgpack_path_constructor_still_works,24,pass
tests/test_jsonplus.py::test_msgpack_path_constructor_still_works,25,pass
tests/test_jsonplus.py::test_msgpack_path_constructor_still_works,26,pass
tests/test_jsonplus.py::test_msgpack_path_constructor_still_works,27,pass
tests/test_jsonplus.py::test_msgpack_path_constructor_still_works,28,pass
tests/test_jsonplus.py::test_msgpack_path_constructor_still_works,29,pass
tests/test_jsonplus.py::test_msgpack_path_constructor_still_works,30,pass
tests/test_jsonplus.py::test_msgpack_path_constructor_still_works,31,pass
tests/test_jsonplus.py::test_msgpack_path_constructor_still_works,32,pass
tests/test_jsonplus.py::test_msgpack_path_constructor_still_works,33,pass
tests/test_jsonplus.py::test_msgpack_path_constructor_still_works,34,pass
tests/test_jsonplus.py::test_msgpack_path_constructor_still_works,35,pass
tests/test_jsonplus.py::test_msgpack_path_constructor_still_works,36,pass
tests/test_jsonplus.py::test_msgpack_path_constructor_still_works,37,pass
tests/test_jsonplus.py::test_msgpack_path_constructor_still_works,38,pass
tests/test_jsonplus.py::test_msgpack_path_constructor_still_works,39,pass
tests/test_jsonplus.py::test_msgpack_path_constructor_still_works,40,pass
tests/test_jsonplus.py::test_msgpack_path_constructor_still_works,41,pass
tests/test_jsonplus.py::test_msgpack_path_constructor_still_works,42,pass
tests/test_jsonplus.py::test_msgpack_path_constructor_still_works,43,pass
tests/test_jsonplus.py::test_msgpack_path_constructor_still_works,44,pass
tests/test_jsonplus.py::test_msgpack_path_constructor_still_works,45,pass
tests/test_jsonplus.py::test_msgpack_path_constructor_still_works,46,pass
tests/test_jsonplus.py::test_msgpack_path_constructor_still_works,47,pass
tests/test_jsonplus.py::test_msgpack_path_constructor_still_works,48,pass
tests/test_jsonplus.py::test_msgpack_path_constructor_still_works,49,pass
tests/test_jsonplus.py::test_msgpack_path_constructor_still_works,50,pass
tests/test_jsonplus.py::test_msgpack_regex_safe_type,1,pass
tests/test_jsonplus.py::test_msgpack_regex_safe_type,2,pass
tests/test_jsonplus.py::test_msgpack_regex_safe_type,3,pass
tests/test_jsonplus.py::test_msgpack_regex_safe_type,4,pass
tests/test_jsonplus.py::test_msgpack_regex_safe_type,5,pass
tests/test_jsonplus.py::test_msgpack_regex_safe_type,6,pass
tests/test_jsonplus.py::test_msgpack_regex_safe_type,7,pass
tests/test_jsonplus.py::test_msgpack_regex_safe_type,8,pass
tests/test_jsonplus.py::test_msgpack_regex_safe_type,9,pass
tests/test_jsonplus.py::test_msgpack_regex_safe_type,10,pass
tests/test_jsonplus.py::test_msgpack_regex_safe_type,11,pass
tests/test_jsonplus.py::test_msgpack_regex_safe_type,12,pass
tests/test_jsonplus.py::test_msgpack_regex_safe_type,13,pass
tests/test_jsonplus.py::test_msgpack_regex_safe_type,14,pass
tests/test_jsonplus.py::test_msgpack_regex_safe_type,15,pass
tests/test_jsonplus.py::test_msgpack_regex_safe_type,16,pass
tests/test_jsonplus.py::test_msgpack_regex_safe_type,17,pass
tests/test_jsonplus.py::test_msgpack_regex_safe_type,18,pass
tests/test_jsonplus.py::test_msgpack_regex_safe_type,19,pass
tests/test_jsonplus.py::test_msgpack_regex_safe_type,20,pass
tests/test_jsonplus.py::test_msgpack_regex_safe_type,21,pass
tests/test_jsonplus.py::test_msgpack_regex_safe_type,22,pass
tests/test_jsonplus.py::test_msgpack_regex_safe_type,23,pass
tests/test_jsonplus.py::test_msgpack_regex_safe_type,24,pass
tests/test_jsonplus.py::test_msgpack_regex_safe_type,25,pass
tests/test_jsonplus.py::test_msgpack_regex_safe_type,26,pass
tests/test_jsonplus.py::test_msgpack_regex_safe_type,27,pass
tests/test_jsonplus.py::test_msgpack_regex_safe_type,28,pass
tests/test_jsonplus.py::test_msgpack_regex_safe_type,29,pass
tests/test_jsonplus.py::test_msgpack_regex_safe_type,30,pass
tests/test_jsonplus.py::test_msgpack_regex_safe_type,31,pass
tests/test_jsonplus.py::test_msgpack_regex_safe_type,32,pass
tests/test_jsonplus.py::test_msgpack_regex_safe_type,33,pass
tests/test_jsonplus.py::test_msgpack_regex_safe_type,34,pass
tests/test_jsonplus.py::test_msgpack_regex_safe_type,35,pass
tests/test_jsonplus.py::test_msgpack_regex_safe_type,36,pass
tests/test_jsonplus.py::test_msgpack_regex_safe_type,37,pass
tests/test_jsonplus.py::test_msgpack_regex_safe_type,38,pass
tests/test_jsonplus.py::test_msgpack_regex_safe_type,39,pass
tests/test_jsonplus.py::test_msgpack_regex_safe_type,40,pass
tests/test_jsonplus.py::test_msgpack_regex_safe_type,41,pass
tests/test_jsonplus.py::test_msgpack_regex_safe_type,42,pass
tests/test_jsonplus.py::test_msgpack_regex_safe_type,43,pass
tests/test_jsonplus.py::test_msgpack_regex_safe_type,44,pass
tests/test_jsonplus.py::test_msgpack_regex_safe_type,45,pass
tests/test_jsonplus.py::test_msgpack_regex_safe_type,46,pass
tests/test_jsonplus.py::test_msgpack_regex_safe_type,47,pass
tests/test_jsonplus.py::test_msgpack_regex_safe_type,48,pass
tests/test_jsonplus.py::test_msgpack_regex_safe_type,49,pass
tests/test_jsonplus.py::test_msgpack_regex_safe_type,50,pass
tests/test_jsonplus.py::test_msgpack_regex_still_works_strict,1,pass
tests/test_jsonplus.py::test_msgpack_regex_still_works_strict,2,pass
tests/test_jsonplus.py::test_msgpack_regex_still_works_strict,3,pass
tests/test_jsonplus.py::test_msgpack_regex_still_works_strict,4,pass
tests/test_jsonplus.py::test_msgpack_regex_still_works_strict,5,pass
tests/test_jsonplus.py::test_msgpack_regex_still_works_strict,6,pass
tests/test_jsonplus.py::test_msgpack_regex_still_works_strict,7,pass
tests/test_jsonplus.py::test_msgpack_regex_still_works_strict,8,pass
tests/test_jsonplus.py::test_msgpack_regex_still_works_strict,9,pass
tests/test_jsonplus.py::test_msgpack_regex_still_works_strict,10,pass
tests/test_jsonplus.py::test_msgpack_regex_still_works_strict,11,pass
tests/test_jsonplus.py::test_msgpack_regex_still_works_strict,12,pass
tests/test_jsonplus.py::test_msgpack_regex_still_works_strict,13,pass
tests/test_jsonplus.py::test_msgpack_regex_still_works_strict,14,pass
tests/test_jsonplus.py::test_msgpack_regex_still_works_strict,15,pass
tests/test_jsonplus.py::test_msgpack_regex_still_works_strict,16,pass
tests/test_jsonplus.py::test_msgpack_regex_still_works_strict,17,pass
tests/test_jsonplus.py::test_msgpack_regex_still_works_strict,18,pass
tests/test_jsonplus.py::test_msgpack_regex_still_works_strict,19,pass
tests/test_jsonplus.py::test_msgpack_regex_still_works_strict,20,pass
tests/test_jsonplus.py::test_msgpack_regex_still_works_strict,21,pass
tests/test_jsonplus.py::test_msgpack_regex_still_works_strict,22,pass
tests/test_jsonplus.py::test_msgpack_regex_still_works_strict,23,pass
tests/test_jsonplus.py::test_msgpack_regex_still_works_strict,24,pass
tests/test_jsonplus.py::test_msgpack_regex_still_works_strict,25,pass
tests/test_jsonplus.py::test_msgpack_regex_still_works_strict,26,pass
tests/test_jsonplus.py::test_msgpack_regex_still_works_strict,27,pass
tests/test_jsonplus.py::test_msgpack_regex_still_works_strict,28,pass
tests/test_jsonplus.py::test_msgpack_regex_still_works_strict,29,pass
tests/test_jsonplus.py::test_msgpack_regex_still_works_strict,30,pass
tests/test_jsonplus.py::test_msgpack_regex_still_works_strict,31,pass
tests/test_jsonplus.py::test_msgpack_regex_still_works_strict,32,pass
tests/test_jsonplus.py::test_msgpack_regex_still_works_strict,33,pass
tests/test_jsonplus.py::test_msgpack_regex_still_works_strict,34,pass
tests/test_jsonplus.py::test_msgpack_regex_still_works_strict,35,pass
tests/test_jsonplus.py::test_msgpack_regex_still_works_strict,36,pass
tests/test_jsonplus.py::test_msgpack_regex_still_works_strict,37,pass
tests/test_jsonplus.py::test_msgpack_regex_still_works_strict,38,pass
tests/test_jsonplus.py::test_msgpack_regex_still_works_strict,39,pass
tests/test_jsonplus.py::test_msgpack_regex_still_works_strict,40,pass
tests/test_jsonplus.py::test_msgpack_regex_still_works_strict,41,pass
tests/test_jsonplus.py::test_msgpack_regex_still_works_strict,42,pass
tests/test_jsonplus.py::test_msgpack_regex_still_works_strict,43,pass
tests/test_jsonplus.py::test_msgpack_regex_still_works_strict,44,pass
tests/test_jsonplus.py::test_msgpack_regex_still_works_strict,45,pass
tests/test_jsonplus.py::test_msgpack_regex_still_works_strict,46,pass
tests/test_jsonplus.py::test_msgpack_regex_still_works_strict,47,pass
tests/test_jsonplus.py::test_msgpack_regex_still_works_strict,48,pass
tests/test_jsonplus.py::test_msgpack_regex_still_works_strict,49,pass
tests/test_jsonplus.py::test_msgpack_regex_still_works_strict,50,pass
tests/test_jsonplus.py::test_msgpack_safe_types_no_warning,1,pass
tests/test_jsonplus.py::test_msgpack_safe_types_no_warning,2,pass
tests/test_jsonplus.py::test_msgpack_safe_types_no_warning,3,pass
tests/test_jsonplus.py::test_msgpack_safe_types_no_warning,4,pass
tests/test_jsonplus.py::test_msgpack_safe_types_no_warning,5,pass
tests/test_jsonplus.py::test_msgpack_safe_types_no_warning,6,pass
tests/test_jsonplus.py::test_msgpack_safe_types_no_warning,7,pass
tests/test_jsonplus.py::test_msgpack_safe_types_no_warning,8,pass
tests/test_jsonplus.py::test_msgpack_safe_types_no_warning,9,pass
tests/test_jsonplus.py::test_msgpack_safe_types_no_warning,10,pass
tests/test_jsonplus.py::test_msgpack_safe_types_no_warning,11,pass
tests/test_jsonplus.py::test_msgpack_safe_types_no_warning,12,pass
tests/test_jsonplus.py::test_msgpack_safe_types_no_warning,13,pass
tests/test_jsonplus.py::test_msgpack_safe_types_no_warning,14,pass
tests/test_jsonplus.py::test_msgpack_safe_types_no_warning,15,pass
tests/test_jsonplus.py::test_msgpack_safe_types_no_warning,16,pass
tests/test_jsonplus.py::test_msgpack_safe_types_no_warning,17,pass
tests/test_jsonplus.py::test_msgpack_safe_types_no_warning,18,pass
tests/test_jsonplus.py::test_msgpack_safe_types_no_warning,19,pass
tests/test_jsonplus.py::test_msgpack_safe_types_no_warning,20,pass
tests/test_jsonplus.py::test_msgpack_safe_types_no_warning,21,pass
tests/test_jsonplus.py::test_msgpack_safe_types_no_warning,22,pass
tests/test_jsonplus.py::test_msgpack_safe_types_no_warning,23,pass
tests/test_jsonplus.py::test_msgpack_safe_types_no_warning,24,pass
tests/test_jsonplus.py::test_msgpack_safe_types_no_warning,25,pass
tests/test_jsonplus.py::test_msgpack_safe_types_no_warning,26,pass
tests/test_jsonplus.py::test_msgpack_safe_types_no_warning,27,pass
tests/test_jsonplus.py::test_msgpack_safe_types_no_warning,28,pass
tests/test_jsonplus.py::test_msgpack_safe_types_no_warning,29,pass
tests/test_jsonplus.py::test_msgpack_safe_types_no_warning,30,pass
tests/test_jsonplus.py::test_msgpack_safe_types_no_warning,31,pass
tests/test_jsonplus.py::test_msgpack_safe_types_no_warning,32,pass
tests/test_jsonplus.py::test_msgpack_safe_types_no_warning,33,pass
tests/test_jsonplus.py::test_msgpack_safe_types_no_warning,34,pass
tests/test_jsonplus.py::test_msgpack_safe_types_no_warning,35,pass
tests/test_jsonplus.py::test_msgpack_safe_types_no_warning,36,pass
tests/test_jsonplus.py::test_msgpack_safe_types_no_warning,37,pass
tests/test_jsonplus.py::test_msgpack_safe_types_no_warning,38,pass
tests/test_jsonplus.py::test_msgpack_safe_types_no_warning,39,pass
tests/test_jsonplus.py::test_msgpack_safe_types_no_warning,40,pass
tests/test_jsonplus.py::test_msgpack_safe_types_no_warning,41,pass
tests/test_jsonplus.py::test_msgpack_safe_types_no_warning,42,pass
tests/test_jsonplus.py::test_msgpack_safe_types_no_warning,43,pass
tests/test_jsonplus.py::test_msgpack_safe_types_no_warning,44,pass
tests/test_jsonplus.py::test_msgpack_safe_types_no_warning,45,pass
tests/test_jsonplus.py::test_msgpack_safe_types_no_warning,46,pass
tests/test_jsonplus.py::test_msgpack_safe_types_no_warning,47,pass
tests/test_jsonplus.py::test_msgpack_safe_types_no_warning,48,pass
tests/test_jsonplus.py::test_msgpack_safe_types_no_warning,49,pass
tests/test_jsonplus.py::test_msgpack_safe_types_no_warning,50,pass
tests/test_jsonplus.py::test_msgpack_safe_types_value_equality,1,pass
tests/test_jsonplus.py::test_msgpack_safe_types_value_equality,2,pass
tests/test_jsonplus.py::test_msgpack_safe_types_value_equality,3,pass
tests/test_jsonplus.py::test_msgpack_safe_types_value_equality,4,pass
tests/test_jsonplus.py::test_msgpack_safe_types_value_equality,5,pass
tests/test_jsonplus.py::test_msgpack_safe_types_value_equality,6,pass
tests/test_jsonplus.py::test_msgpack_safe_types_value_equality,7,pass
tests/test_jsonplus.py::test_msgpack_safe_types_value_equality,8,pass
tests/test_jsonplus.py::test_msgpack_safe_types_value_equality,9,pass
tests/test_jsonplus.py::test_msgpack_safe_types_value_equality,10,pass
tests/test_jsonplus.py::test_msgpack_safe_types_value_equality,11,pass
tests/test_jsonplus.py::test_msgpack_safe_types_value_equality,12,pass
tests/test_jsonplus.py::test_msgpack_safe_types_value_equality,13,pass
tests/test_jsonplus.py::test_msgpack_safe_types_value_equality,14,pass
tests/test_jsonplus.py::test_msgpack_safe_types_value_equality,15,pass
tests/test_jsonplus.py::test_msgpack_safe_types_value_equality,16,pass
tests/test_jsonplus.py::test_msgpack_safe_types_value_equality,17,pass
tests/test_jsonplus.py::test_msgpack_safe_types_value_equality,18,pass
tests/test_jsonplus.py::test_msgpack_safe_types_value_equality,19,pass
tests/test_jsonplus.py::test_msgpack_safe_types_value_equality,20,pass
tests/test_jsonplus.py::test_msgpack_safe_types_value_equality,21,pass
tests/test_jsonplus.py::test_msgpack_safe_types_value_equality,22,pass
tests/test_jsonplus.py::test_msgpack_safe_types_value_equality,23,pass
tests/test_jsonplus.py::test_msgpack_safe_types_value_equality,24,pass
tests/test_jsonplus.py::test_msgpack_safe_types_value_equality,25,pass
tests/test_jsonplus.py::test_msgpack_safe_types_value_equality,26,pass
tests/test_jsonplus.py::test_msgpack_safe_types_value_equality,27,pass
tests/test_jsonplus.py::test_msgpack_safe_types_value_equality,28,pass
tests/test_jsonplus.py::test_msgpack_safe_types_value_equality,29,pass
tests/test_jsonplus.py::test_msgpack_safe_types_value_equality,30,pass
tests/test_jsonplus.py::test_msgpack_safe_types_value_equality,31,pass
tests/test_jsonplus.py::test_msgpack_safe_types_value_equality,32,pass
tests/test_jsonplus.py::test_msgpack_safe_types_value_equality,33,pass
tests/test_jsonplus.py::test_msgpack_safe_types_value_equality,34,pass
tests/test_jsonplus.py::test_msgpack_safe_types_value_equality,35,pass
tests/test_jsonplus.py::test_msgpack_safe_types_value_equality,36,pass
tests/test_jsonplus.py::test_msgpack_safe_types_value_equality,37,pass
tests/test_jsonplus.py::test_msgpack_safe_types_value_equality,38,pass
tests/test_jsonplus.py::test_msgpack_safe_types_value_equality,39,pass
tests/test_jsonplus.py::test_msgpack_safe_types_value_equality,40,pass
tests/test_jsonplus.py::test_msgpack_safe_types_value_equality,41,pass
tests/test_jsonplus.py::test_msgpack_safe_types_value_equality,42,pass
tests/test_jsonplus.py::test_msgpack_safe_types_value_equality,43,pass
tests/test_jsonplus.py::test_msgpack_safe_types_value_equality,44,pass
tests/test_jsonplus.py::test_msgpack_safe_types_value_equality,45,pass
tests/test_jsonplus.py::test_msgpack_safe_types_value_equality,46,pass
tests/test_jsonplus.py::test_msgpack_safe_types_value_equality,47,pass
tests/test_jsonplus.py::test_msgpack_safe_types_value_equality,48,pass
tests/test_jsonplus.py::test_msgpack_safe_types_value_equality,49,pass
tests/test_jsonplus.py::test_msgpack_safe_types_value_equality,50,pass
tests/test_jsonplus.py::test_msgpack_strict_allows_core_langchain_messages,1,pass
tests/test_jsonplus.py::test_msgpack_strict_allows_core_langchain_messages,2,pass
tests/test_jsonplus.py::test_msgpack_strict_allows_core_langchain_messages,3,pass
tests/test_jsonplus.py::test_msgpack_strict_allows_core_langchain_messages,4,pass
tests/test_jsonplus.py::test_msgpack_strict_allows_core_langchain_messages,5,pass
tests/test_jsonplus.py::test_msgpack_strict_allows_core_langchain_messages,6,pass
tests/test_jsonplus.py::test_msgpack_strict_allows_core_langchain_messages,7,pass
tests/test_jsonplus.py::test_msgpack_strict_allows_core_langchain_messages,8,pass
tests/test_jsonplus.py::test_msgpack_strict_allows_core_langchain_messages,9,pass
tests/test_jsonplus.py::test_msgpack_strict_allows_core_langchain_messages,10,pass
tests/test_jsonplus.py::test_msgpack_strict_allows_core_langchain_messages,11,pass
tests/test_jsonplus.py::test_msgpack_strict_allows_core_langchain_messages,12,pass
tests/test_jsonplus.py::test_msgpack_strict_allows_core_langchain_messages,13,pass
tests/test_jsonplus.py::test_msgpack_strict_allows_core_langchain_messages,14,pass
tests/test_jsonplus.py::test_msgpack_strict_allows_core_langchain_messages,15,pass
tests/test_jsonplus.py::test_msgpack_strict_allows_core_langchain_messages,16,pass
tests/test_jsonplus.py::test_msgpack_strict_allows_core_langchain_messages,17,pass
tests/test_jsonplus.py::test_msgpack_strict_allows_core_langchain_messages,18,pass
tests/test_jsonplus.py::test_msgpack_strict_allows_core_langchain_messages,19,pass
tests/test_jsonplus.py::test_msgpack_strict_allows_core_langchain_messages,20,pass
tests/test_jsonplus.py::test_msgpack_strict_allows_core_langchain_messages,21,pass
tests/test_jsonplus.py::test_msgpack_strict_allows_core_langchain_messages,22,pass
tests/test_jsonplus.py::test_msgpack_strict_allows_core_langchain_messages,23,pass
tests/test_jsonplus.py::test_msgpack_strict_allows_core_langchain_messages,24,pass
tests/test_jsonplus.py::test_msgpack_strict_allows_core_langchain_messages,25,pass
tests/test_jsonplus.py::test_msgpack_strict_allows_core_langchain_messages,26,pass
tests/test_jsonplus.py::test_msgpack_strict_allows_core_langchain_messages,27,pass
tests/test_jsonplus.py::test_msgpack_strict_allows_core_langchain_messages,28,pass
tests/test_jsonplus.py::test_msgpack_strict_allows_core_langchain_messages,29,pass
tests/test_jsonplus.py::test_msgpack_strict_allows_core_langchain_messages,30,pass
tests/test_jsonplus.py::test_msgpack_strict_allows_core_langchain_messages,31,pass
tests/test_jsonplus.py::test_msgpack_strict_allows_core_langchain_messages,32,pass
tests/test_jsonplus.py::test_msgpack_strict_allows_core_langchain_messages,33,pass
tests/test_jsonplus.py::test_msgpack_strict_allows_core_langchain_messages,34,pass
tests/test_jsonplus.py::test_msgpack_strict_allows_core_langchain_messages,35,pass
tests/test_jsonplus.py::test_msgpack_strict_allows_core_langchain_messages,36,pass
tests/test_jsonplus.py::test_msgpack_strict_allows_core_langchain_messages,37,pass
tests/test_jsonplus.py::test_msgpack_strict_allows_core_langchain_messages,38,pass
tests/test_jsonplus.py::test_msgpack_strict_allows_core_langchain_messages,39,pass
tests/test_jsonplus.py::test_msgpack_strict_allows_core_langchain_messages,40,pass
tests/test_jsonplus.py::test_msgpack_strict_allows_core_langchain_messages,41,pass
tests/test_jsonplus.py::test_msgpack_strict_allows_core_langchain_messages,42,pass
tests/test_jsonplus.py::test_msgpack_strict_allows_core_langchain_messages,43,pass
tests/test_jsonplus.py::test_msgpack_strict_allows_core_langchain_messages,44,pass
tests/test_jsonplus.py::test_msgpack_strict_allows_core_langchain_messages,45,pass
tests/test_jsonplus.py::test_msgpack_strict_allows_core_langchain_messages,46,pass
tests/test_jsonplus.py::test_msgpack_strict_allows_core_langchain_messages,47,pass
tests/test_jsonplus.py::test_msgpack_strict_allows_core_langchain_messages,48,pass
tests/test_jsonplus.py::test_msgpack_strict_allows_core_langchain_messages,49,pass
tests/test_jsonplus.py::test_msgpack_strict_allows_core_langchain_messages,50,pass
tests/test_jsonplus.py::test_msgpack_strict_allows_langchain_document,1,pass
tests/test_jsonplus.py::test_msgpack_strict_allows_langchain_document,2,pass
tests/test_jsonplus.py::test_msgpack_strict_allows_langchain_document,3,pass
tests/test_jsonplus.py::test_msgpack_strict_allows_langchain_document,4,pass
tests/test_jsonplus.py::test_msgpack_strict_allows_langchain_document,5,pass
tests/test_jsonplus.py::test_msgpack_strict_allows_langchain_document,6,pass
tests/test_jsonplus.py::test_msgpack_strict_allows_langchain_document,7,pass
tests/test_jsonplus.py::test_msgpack_strict_allows_langchain_document,8,pass
tests/test_jsonplus.py::test_msgpack_strict_allows_langchain_document,9,pass
tests/test_jsonplus.py::test_msgpack_strict_allows_langchain_document,10,pass
tests/test_jsonplus.py::test_msgpack_strict_allows_langchain_document,11,pass
tests/test_jsonplus.py::test_msgpack_strict_allows_langchain_document,12,pass
tests/test_jsonplus.py::test_msgpack_strict_allows_langchain_document,13,pass
tests/test_jsonplus.py::test_msgpack_strict_allows_langchain_document,14,pass
tests/test_jsonplus.py::test_msgpack_strict_allows_langchain_document,15,pass
tests/test_jsonplus.py::test_msgpack_strict_allows_langchain_document,16,pass
tests/test_jsonplus.py::test_msgpack_strict_allows_langchain_document,17,pass
tests/test_jsonplus.py::test_msgpack_strict_allows_langchain_document,18,pass
tests/test_jsonplus.py::test_msgpack_strict_allows_langchain_document,19,pass
tests/test_jsonplus.py::test_msgpack_strict_allows_langchain_document,20,pass
tests/test_jsonplus.py::test_msgpack_strict_allows_langchain_document,21,pass
tests/test_jsonplus.py::test_msgpack_strict_allows_langchain_document,22,pass
tests/test_jsonplus.py::test_msgpack_strict_allows_langchain_document,23,pass
tests/test_jsonplus.py::test_msgpack_strict_allows_langchain_document,24,pass
tests/test_jsonplus.py::test_msgpack_strict_allows_langchain_document,25,pass
tests/test_jsonplus.py::test_msgpack_strict_allows_langchain_document,26,pass
tests/test_jsonplus.py::test_msgpack_strict_allows_langchain_document,27,pass
tests/test_jsonplus.py::test_msgpack_strict_allows_langchain_document,28,pass
tests/test_jsonplus.py::test_msgpack_strict_allows_langchain_document,29,pass
tests/test_jsonplus.py::test_msgpack_strict_allows_langchain_document,30,pass
tests/test_jsonplus.py::test_msgpack_strict_allows_langchain_document,31,pass
tests/test_jsonplus.py::test_msgpack_strict_allows_langchain_document,32,pass
tests/test_jsonplus.py::test_msgpack_strict_allows_langchain_document,33,pass
tests/test_jsonplus.py::test_msgpack_strict_allows_langchain_document,34,pass
tests/test_jsonplus.py::test_msgpack_strict_allows_langchain_document,35,pass
tests/test_jsonplus.py::test_msgpack_strict_allows_langchain_document,36,pass
tests/test_jsonplus.py::test_msgpack_strict_allows_langchain_document,37,pass
tests/test_jsonplus.py::test_msgpack_strict_allows_langchain_document,38,pass
tests/test_jsonplus.py::test_msgpack_strict_allows_langchain_document,39,pass
tests/test_jsonplus.py::test_msgpack_strict_allows_langchain_document,40,pass
tests/test_jsonplus.py::test_msgpack_strict_allows_langchain_document,41,pass
tests/test_jsonplus.py::test_msgpack_strict_allows_langchain_document,42,pass
tests/test_jsonplus.py::test_msgpack_strict_allows_langchain_document,43,pass
tests/test_jsonplus.py::test_msgpack_strict_allows_langchain_document,44,pass
tests/test_jsonplus.py::test_msgpack_strict_allows_langchain_document,45,pass
tests/test_jsonplus.py::test_msgpack_strict_allows_langchain_document,46,pass
tests/test_jsonplus.py::test_msgpack_strict_allows_langchain_document,47,pass
tests/test_jsonplus.py::test_msgpack_strict_allows_langchain_document,48,pass
tests/test_jsonplus.py::test_msgpack_strict_allows_langchain_document,49,pass
tests/test_jsonplus.py::test_msgpack_strict_allows_langchain_document,50,pass
tests/test_jsonplus.py::test_msgpack_strict_allows_safe_types,1,pass
tests/test_jsonplus.py::test_msgpack_strict_allows_safe_types,2,pass
tests/test_jsonplus.py::test_msgpack_strict_allows_safe_types,3,pass
tests/test_jsonplus.py::test_msgpack_strict_allows_safe_types,4,pass
tests/test_jsonplus.py::test_msgpack_strict_allows_safe_types,5,pass
tests/test_jsonplus.py::test_msgpack_strict_allows_safe_types,6,pass
tests/test_jsonplus.py::test_msgpack_strict_allows_safe_types,7,pass
tests/test_jsonplus.py::test_msgpack_strict_allows_safe_types,8,pass
tests/test_jsonplus.py::test_msgpack_strict_allows_safe_types,9,pass
tests/test_jsonplus.py::test_msgpack_strict_allows_safe_types,10,pass
tests/test_jsonplus.py::test_msgpack_strict_allows_safe_types,11,pass
tests/test_jsonplus.py::test_msgpack_strict_allows_safe_types,12,pass
tests/test_jsonplus.py::test_msgpack_strict_allows_safe_types,13,pass
tests/test_jsonplus.py::test_msgpack_strict_allows_safe_types,14,pass
tests/test_jsonplus.py::test_msgpack_strict_allows_safe_types,15,pass
tests/test_jsonplus.py::test_msgpack_strict_allows_safe_types,16,pass
tests/test_jsonplus.py::test_msgpack_strict_allows_safe_types,17,pass
tests/test_jsonplus.py::test_msgpack_strict_allows_safe_types,18,pass
tests/test_jsonplus.py::test_msgpack_strict_allows_safe_types,19,pass
tests/test_jsonplus.py::test_msgpack_strict_allows_safe_types,20,pass
tests/test_jsonplus.py::test_msgpack_strict_allows_safe_types,21,pass
tests/test_jsonplus.py::test_msgpack_strict_allows_safe_types,22,pass
tests/test_jsonplus.py::test_msgpack_strict_allows_safe_types,23,pass
tests/test_jsonplus.py::test_msgpack_strict_allows_safe_types,24,pass
tests/test_jsonplus.py::test_msgpack_strict_allows_safe_types,25,pass
tests/test_jsonplus.py::test_msgpack_strict_allows_safe_types,26,pass
tests/test_jsonplus.py::test_msgpack_strict_allows_safe_types,27,pass
tests/test_jsonplus.py::test_msgpack_strict_allows_safe_types,28,pass
tests/test_jsonplus.py::test_msgpack_strict_allows_safe_types,29,pass
tests/test_jsonplus.py::test_msgpack_strict_allows_safe_types,30,pass
tests/test_jsonplus.py::test_msgpack_strict_allows_safe_types,31,pass
tests/test_jsonplus.py::test_msgpack_strict_allows_safe_types,32,pass
tests/test_jsonplus.py::test_msgpack_strict_allows_safe_types,33,pass
tests/test_jsonplus.py::test_msgpack_strict_allows_safe_types,34,pass
tests/test_jsonplus.py::test_msgpack_strict_allows_safe_types,35,pass
tests/test_jsonplus.py::test_msgpack_strict_allows_safe_types,36,pass
tests/test_jsonplus.py::test_msgpack_strict_allows_safe_types,37,pass
tests/test_jsonplus.py::test_msgpack_strict_allows_safe_types,38,pass
tests/test_jsonplus.py::test_msgpack_strict_allows_safe_types,39,pass
tests/test_jsonplus.py::test_msgpack_strict_allows_safe_types,40,pass
tests/test_jsonplus.py::test_msgpack_strict_allows_safe_types,41,pass
tests/test_jsonplus.py::test_msgpack_strict_allows_safe_types,42,pass
tests/test_jsonplus.py::test_msgpack_strict_allows_safe_types,43,pass
tests/test_jsonplus.py::test_msgpack_strict_allows_safe_types,44,pass
tests/test_jsonplus.py::test_msgpack_strict_allows_safe_types,45,pass
tests/test_jsonplus.py::test_msgpack_strict_allows_safe_types,46,pass
tests/test_jsonplus.py::test_msgpack_strict_allows_safe_types,47,pass
tests/test_jsonplus.py::test_msgpack_strict_allows_safe_types,48,pass
tests/test_jsonplus.py::test_msgpack_strict_allows_safe_types,49,pass
tests/test_jsonplus.py::test_msgpack_strict_allows_safe_types,50,pass
tests/test_jsonplus.py::test_msgpack_unregistered_allowed_emits_event,1,pass
tests/test_jsonplus.py::test_msgpack_unregistered_allowed_emits_event,2,pass
tests/test_jsonplus.py::test_msgpack_unregistered_allowed_emits_event,3,pass
tests/test_jsonplus.py::test_msgpack_unregistered_allowed_emits_event,4,pass
tests/test_jsonplus.py::test_msgpack_unregistered_allowed_emits_event,5,pass
tests/test_jsonplus.py::test_msgpack_unregistered_allowed_emits_event,6,pass
tests/test_jsonplus.py::test_msgpack_unregistered_allowed_emits_event,7,pass
tests/test_jsonplus.py::test_msgpack_unregistered_allowed_emits_event,8,pass
tests/test_jsonplus.py::test_msgpack_unregistered_allowed_emits_event,9,pass
tests/test_jsonplus.py::test_msgpack_unregistered_allowed_emits_event,10,pass
tests/test_jsonplus.py::test_msgpack_unregistered_allowed_emits_event,11,pass
tests/test_jsonplus.py::test_msgpack_unregistered_allowed_emits_event,12,pass
tests/test_jsonplus.py::test_msgpack_unregistered_allowed_emits_event,13,pass
tests/test_jsonplus.py::test_msgpack_unregistered_allowed_emits_event,14,pass
tests/test_jsonplus.py::test_msgpack_unregistered_allowed_emits_event,15,pass
tests/test_jsonplus.py::test_msgpack_unregistered_allowed_emits_event,16,pass
tests/test_jsonplus.py::test_msgpack_unregistered_allowed_emits_event,17,pass
tests/test_jsonplus.py::test_msgpack_unregistered_allowed_emits_event,18,pass
tests/test_jsonplus.py::test_msgpack_unregistered_allowed_emits_event,19,pass
tests/test_jsonplus.py::test_msgpack_unregistered_allowed_emits_event,20,pass
tests/test_jsonplus.py::test_msgpack_unregistered_allowed_emits_event,21,pass
tests/test_jsonplus.py::test_msgpack_unregistered_allowed_emits_event,22,pass
tests/test_jsonplus.py::test_msgpack_unregistered_allowed_emits_event,23,pass
tests/test_jsonplus.py::test_msgpack_unregistered_allowed_emits_event,24,pass
tests/test_jsonplus.py::test_msgpack_unregistered_allowed_emits_event,25,pass
tests/test_jsonplus.py::test_msgpack_unregistered_allowed_emits_event,26,pass
tests/test_jsonplus.py::test_msgpack_unregistered_allowed_emits_event,27,pass
tests/test_jsonplus.py::test_msgpack_unregistered_allowed_emits_event,28,pass
tests/test_jsonplus.py::test_msgpack_unregistered_allowed_emits_event,29,pass
tests/test_jsonplus.py::test_msgpack_unregistered_allowed_emits_event,30,pass
tests/test_jsonplus.py::test_msgpack_unregistered_allowed_emits_event,31,pass
tests/test_jsonplus.py::test_msgpack_unregistered_allowed_emits_event,32,pass
tests/test_jsonplus.py::test_msgpack_unregistered_allowed_emits_event,33,pass
tests/test_jsonplus.py::test_msgpack_unregistered_allowed_emits_event,34,pass
tests/test_jsonplus.py::test_msgpack_unregistered_allowed_emits_event,35,pass
tests/test_jsonplus.py::test_msgpack_unregistered_allowed_emits_event,36,pass
tests/test_jsonplus.py::test_msgpack_unregistered_allowed_emits_event,37,pass
tests/test_jsonplus.py::test_msgpack_unregistered_allowed_emits_event,38,pass
tests/test_jsonplus.py::test_msgpack_unregistered_allowed_emits_event,39,pass
tests/test_jsonplus.py::test_msgpack_unregistered_allowed_emits_event,40,pass
tests/test_jsonplus.py::test_msgpack_unregistered_allowed_emits_event,41,pass
tests/test_jsonplus.py::test_msgpack_unregistered_allowed_emits_event,42,pass
tests/test_jsonplus.py::test_msgpack_unregistered_allowed_emits_event,43,pass
tests/test_jsonplus.py::test_msgpack_unregistered_allowed_emits_event,44,pass
tests/test_jsonplus.py::test_msgpack_unregistered_allowed_emits_event,45,pass
tests/test_jsonplus.py::test_msgpack_unregistered_allowed_emits_event,46,pass
tests/test_jsonplus.py::test_msgpack_unregistered_allowed_emits_event,47,pass
tests/test_jsonplus.py::test_msgpack_unregistered_allowed_emits_event,48,pass
tests/test_jsonplus.py::test_msgpack_unregistered_allowed_emits_event,49,pass
tests/test_jsonplus.py::test_msgpack_unregistered_allowed_emits_event,50,pass
tests/test_jsonplus.py::test_serde_jsonplus,1,pass
tests/test_jsonplus.py::test_serde_jsonplus,2,pass
tests/test_jsonplus.py::test_serde_jsonplus,3,pass
tests/test_jsonplus.py::test_serde_jsonplus,4,pass
tests/test_jsonplus.py::test_serde_jsonplus,5,pass
tests/test_jsonplus.py::test_serde_jsonplus,6,pass
tests/test_jsonplus.py::test_serde_jsonplus,7,pass
tests/test_jsonplus.py::test_serde_jsonplus,8,pass
tests/test_jsonplus.py::test_serde_jsonplus,9,pass
tests/test_jsonplus.py::test_serde_jsonplus,10,pass
tests/test_jsonplus.py::test_serde_jsonplus,11,pass
tests/test_jsonplus.py::test_serde_jsonplus,12,pass
tests/test_jsonplus.py::test_serde_jsonplus,13,pass
tests/test_jsonplus.py::test_serde_jsonplus,14,pass
tests/test_jsonplus.py::test_serde_jsonplus,15,pass
tests/test_jsonplus.py::test_serde_jsonplus,16,pass
tests/test_jsonplus.py::test_serde_jsonplus,17,pass
tests/test_jsonplus.py::test_serde_jsonplus,18,pass
tests/test_jsonplus.py::test_serde_jsonplus,19,pass
tests/test_jsonplus.py::test_serde_jsonplus,20,pass
tests/test_jsonplus.py::test_serde_jsonplus,21,pass
tests/test_jsonplus.py::test_serde_jsonplus,22,pass
tests/test_jsonplus.py::test_serde_jsonplus,23,pass
tests/test_jsonplus.py::test_serde_jsonplus,24,pass
tests/test_jsonplus.py::test_serde_jsonplus,25,pass
tests/test_jsonplus.py::test_serde_jsonplus,26,pass
tests/test_jsonplus.py::test_serde_jsonplus,27,pass
tests/test_jsonplus.py::test_serde_jsonplus,28,pass
tests/test_jsonplus.py::test_serde_jsonplus,29,pass
tests/test_jsonplus.py::test_serde_jsonplus,30,pass
tests/test_jsonplus.py::test_serde_jsonplus,31,pass
tests/test_jsonplus.py::test_serde_jsonplus,32,pass
tests/test_jsonplus.py::test_serde_jsonplus,33,pass
tests/test_jsonplus.py::test_serde_jsonplus,34,pass
tests/test_jsonplus.py::test_serde_jsonplus,35,pass
tests/test_jsonplus.py::test_serde_jsonplus,36,pass
tests/test_jsonplus.py::test_serde_jsonplus,37,pass
tests/test_jsonplus.py::test_serde_jsonplus,38,pass
tests/test_jsonplus.py::test_serde_jsonplus,39,pass
tests/test_jsonplus.py::test_serde_jsonplus,40,pass
tests/test_jsonplus.py::test_serde_jsonplus,41,pass
tests/test_jsonplus.py::test_serde_jsonplus,42,pass
tests/test_jsonplus.py::test_serde_jsonplus,43,pass
tests/test_jsonplus.py::test_serde_jsonplus,44,pass
tests/test_jsonplus.py::test_serde_jsonplus,45,pass
tests/test_jsonplus.py::test_serde_jsonplus,46,pass
tests/test_jsonplus.py::test_serde_jsonplus,47,pass
tests/test_jsonplus.py::test_serde_jsonplus,48,pass
tests/test_jsonplus.py::test_serde_jsonplus,49,pass
tests/test_jsonplus.py::test_serde_jsonplus,50,pass
tests/test_jsonplus.py::test_serde_jsonplus_bytearray,1,pass
tests/test_jsonplus.py::test_serde_jsonplus_bytearray,2,pass
tests/test_jsonplus.py::test_serde_jsonplus_bytearray,3,pass
tests/test_jsonplus.py::test_serde_jsonplus_bytearray,4,pass
tests/test_jsonplus.py::test_serde_jsonplus_bytearray,5,pass
tests/test_jsonplus.py::test_serde_jsonplus_bytearray,6,pass
tests/test_jsonplus.py::test_serde_jsonplus_bytearray,7,pass
tests/test_jsonplus.py::test_serde_jsonplus_bytearray,8,pass
tests/test_jsonplus.py::test_serde_jsonplus_bytearray,9,pass
tests/test_jsonplus.py::test_serde_jsonplus_bytearray,10,pass
tests/test_jsonplus.py::test_serde_jsonplus_bytearray,11,pass
tests/test_jsonplus.py::test_serde_jsonplus_bytearray,12,pass
tests/test_jsonplus.py::test_serde_jsonplus_bytearray,13,pass
tests/test_jsonplus.py::test_serde_jsonplus_bytearray,14,pass
tests/test_jsonplus.py::test_serde_jsonplus_bytearray,15,pass
tests/test_jsonplus.py::test_serde_jsonplus_bytearray,16,pass
tests/test_jsonplus.py::test_serde_jsonplus_bytearray,17,pass
tests/test_jsonplus.py::test_serde_jsonplus_bytearray,18,pass
tests/test_jsonplus.py::test_serde_jsonplus_bytearray,19,pass
tests/test_jsonplus.py::test_serde_jsonplus_bytearray,20,pass
tests/test_jsonplus.py::test_serde_jsonplus_bytearray,21,pass
tests/test_jsonplus.py::test_serde_jsonplus_bytearray,22,pass
tests/test_jsonplus.py::test_serde_jsonplus_bytearray,23,pass
tests/test_jsonplus.py::test_serde_jsonplus_bytearray,24,pass
tests/test_jsonplus.py::test_serde_jsonplus_bytearray,25,pass
tests/test_jsonplus.py::test_serde_jsonplus_bytearray,26,pass
tests/test_jsonplus.py::test_serde_jsonplus_bytearray,27,pass
tests/test_jsonplus.py::test_serde_jsonplus_bytearray,28,pass
tests/test_jsonplus.py::test_serde_jsonplus_bytearray,29,pass
tests/test_jsonplus.py::test_serde_jsonplus_bytearray,30,pass
tests/test_jsonplus.py::test_serde_jsonplus_bytearray,31,pass
tests/test_jsonplus.py::test_serde_jsonplus_bytearray,32,pass
tests/test_jsonplus.py::test_serde_jsonplus_bytearray,33,pass
tests/test_jsonplus.py::test_serde_jsonplus_bytearray,34,pass
tests/test_jsonplus.py::test_serde_jsonplus_bytearray,35,pass
tests/test_jsonplus.py::test_serde_jsonplus_bytearray,36,pass
tests/test_jsonplus.py::test_serde_jsonplus_bytearray,37,pass
tests/test_jsonplus.py::test_serde_jsonplus_bytearray,38,pass
tests/test_jsonplus.py::test_serde_jsonplus_bytearray,39,pass
tests/test_jsonplus.py::test_serde_jsonplus_bytearray,40,pass
tests/test_jsonplus.py::test_serde_jsonplus_bytearray,41,pass
tests/test_jsonplus.py::test_serde_jsonplus_bytearray,42,pass
tests/test_jsonplus.py::test_serde_jsonplus_bytearray,43,pass
tests/test_jsonplus.py::test_serde_jsonplus_bytearray,44,pass
tests/test_jsonplus.py::test_serde_jsonplus_bytearray,45,pass
tests/test_jsonplus.py::test_serde_jsonplus_bytearray,46,pass
tests/test_jsonplus.py::test_serde_jsonplus_bytearray,47,pass
tests/test_jsonplus.py::test_serde_jsonplus_bytearray,48,pass
tests/test_jsonplus.py::test_serde_jsonplus_bytearray,49,pass
tests/test_jsonplus.py::test_serde_jsonplus_bytearray,50,pass
tests/test_jsonplus.py::test_serde_jsonplus_bytes,1,pass
tests/test_jsonplus.py::test_serde_jsonplus_bytes,2,pass
tests/test_jsonplus.py::test_serde_jsonplus_bytes,3,pass
tests/test_jsonplus.py::test_serde_jsonplus_bytes,4,pass
tests/test_jsonplus.py::test_serde_jsonplus_bytes,5,pass
tests/test_jsonplus.py::test_serde_jsonplus_bytes,6,pass
tests/test_jsonplus.py::test_serde_jsonplus_bytes,7,pass
tests/test_jsonplus.py::test_serde_jsonplus_bytes,8,pass
tests/test_jsonplus.py::test_serde_jsonplus_bytes,9,pass
tests/test_jsonplus.py::test_serde_jsonplus_bytes,10,pass
tests/test_jsonplus.py::test_serde_jsonplus_bytes,11,pass
tests/test_jsonplus.py::test_serde_jsonplus_bytes,12,pass
tests/test_jsonplus.py::test_serde_jsonplus_bytes,13,pass
tests/test_jsonplus.py::test_serde_jsonplus_bytes,14,pass
tests/test_jsonplus.py::test_serde_jsonplus_bytes,15,pass
tests/test_jsonplus.py::test_serde_jsonplus_bytes,16,pass
tests/test_jsonplus.py::test_serde_jsonplus_bytes,17,pass
tests/test_jsonplus.py::test_serde_jsonplus_bytes,18,pass
tests/test_jsonplus.py::test_serde_jsonplus_bytes,19,pass
tests/test_jsonplus.py::test_serde_jsonplus_bytes,20,pass
tests/test_jsonplus.py::test_serde_jsonplus_bytes,21,pass
tests/test_jsonplus.py::test_serde_jsonplus_bytes,22,pass
tests/test_jsonplus.py::test_serde_jsonplus_bytes,23,pass
tests/test_jsonplus.py::test_serde_jsonplus_bytes,24,pass
tests/test_jsonplus.py::test_serde_jsonplus_bytes,25,pass
tests/test_jsonplus.py::test_serde_jsonplus_bytes,26,pass
tests/test_jsonplus.py::test_serde_jsonplus_bytes,27,pass
tests/test_jsonplus.py::test_serde_jsonplus_bytes,28,pass
tests/test_jsonplus.py::test_serde_jsonplus_bytes,29,pass
tests/test_jsonplus.py::test_serde_jsonplus_bytes,30,pass
tests/test_jsonplus.py::test_serde_jsonplus_bytes,31,pass
tests/test_jsonplus.py::test_serde_jsonplus_bytes,32,pass
tests/test_jsonplus.py::test_serde_jsonplus_bytes,33,pass
tests/test_jsonplus.py::test_serde_jsonplus_bytes,34,pass
tests/test_jsonplus.py::test_serde_jsonplus_bytes,35,pass
tests/test_jsonplus.py::test_serde_jsonplus_bytes,36,pass
tests/test_jsonplus.py::test_serde_jsonplus_bytes,37,pass
tests/test_jsonplus.py::test_serde_jsonplus_bytes,38,pass
tests/test_jsonplus.py::test_serde_jsonplus_bytes,39,pass
tests/test_jsonplus.py::test_serde_jsonplus_bytes,40,pass
tests/test_jsonplus.py::test_serde_jsonplus_bytes,41,pass
tests/test_jsonplus.py::test_serde_jsonplus_bytes,42,pass
tests/test_jsonplus.py::test_serde_jsonplus_bytes,43,pass
tests/test_jsonplus.py::test_serde_jsonplus_bytes,44,pass
tests/test_jsonplus.py::test_serde_jsonplus_bytes,45,pass
tests/test_jsonplus.py::test_serde_jsonplus_bytes,46,pass
tests/test_jsonplus.py::test_serde_jsonplus_bytes,47,pass
tests/test_jsonplus.py::test_serde_jsonplus_bytes,48,pass
tests/test_jsonplus.py::test_serde_jsonplus_bytes,49,pass
tests/test_jsonplus.py::test_serde_jsonplus_bytes,50,pass
tests/test_jsonplus.py::test_serde_jsonplus_json_mode,1,pass
tests/test_jsonplus.py::test_serde_jsonplus_json_mode,2,pass
tests/test_jsonplus.py::test_serde_jsonplus_json_mode,3,pass
tests/test_jsonplus.py::test_serde_jsonplus_json_mode,4,pass
tests/test_jsonplus.py::test_serde_jsonplus_json_mode,5,pass
tests/test_jsonplus.py::test_serde_jsonplus_json_mode,6,pass
tests/test_jsonplus.py::test_serde_jsonplus_json_mode,7,pass
tests/test_jsonplus.py::test_serde_jsonplus_json_mode,8,pass
tests/test_jsonplus.py::test_serde_jsonplus_json_mode,9,pass
tests/test_jsonplus.py::test_serde_jsonplus_json_mode,10,pass
tests/test_jsonplus.py::test_serde_jsonplus_json_mode,11,pass
tests/test_jsonplus.py::test_serde_jsonplus_json_mode,12,pass
tests/test_jsonplus.py::test_serde_jsonplus_json_mode,13,pass
tests/test_jsonplus.py::test_serde_jsonplus_json_mode,14,pass
tests/test_jsonplus.py::test_serde_jsonplus_json_mode,15,pass
tests/test_jsonplus.py::test_serde_jsonplus_json_mode,16,pass
tests/test_jsonplus.py::test_serde_jsonplus_json_mode,17,pass
tests/test_jsonplus.py::test_serde_jsonplus_json_mode,18,pass
tests/test_jsonplus.py::test_serde_jsonplus_json_mode,19,pass
tests/test_jsonplus.py::test_serde_jsonplus_json_mode,20,pass
tests/test_jsonplus.py::test_serde_jsonplus_json_mode,21,pass
tests/test_jsonplus.py::test_serde_jsonplus_json_mode,22,pass
tests/test_jsonplus.py::test_serde_jsonplus_json_mode,23,pass
tests/test_jsonplus.py::test_serde_jsonplus_json_mode,24,pass
tests/test_jsonplus.py::test_serde_jsonplus_json_mode,25,pass
tests/test_jsonplus.py::test_serde_jsonplus_json_mode,26,pass
tests/test_jsonplus.py::test_serde_jsonplus_json_mode,27,pass
tests/test_jsonplus.py::test_serde_jsonplus_json_mode,28,pass
tests/test_jsonplus.py::test_serde_jsonplus_json_mode,29,pass
tests/test_jsonplus.py::test_serde_jsonplus_json_mode,30,pass
tests/test_jsonplus.py::test_serde_jsonplus_json_mode,31,pass
tests/test_jsonplus.py::test_serde_jsonplus_json_mode,32,pass
tests/test_jsonplus.py::test_serde_jsonplus_json_mode,33,pass
tests/test_jsonplus.py::test_serde_jsonplus_json_mode,34,pass
tests/test_jsonplus.py::test_serde_jsonplus_json_mode,35,pass
tests/test_jsonplus.py::test_serde_jsonplus_json_mode,36,pass
tests/test_jsonplus.py::test_serde_jsonplus_json_mode,37,pass
tests/test_jsonplus.py::test_serde_jsonplus_json_mode,38,pass
tests/test_jsonplus.py::test_serde_jsonplus_json_mode,39,pass
tests/test_jsonplus.py::test_serde_jsonplus_json_mode,40,pass
tests/test_jsonplus.py::test_serde_jsonplus_json_mode,41,pass
tests/test_jsonplus.py::test_serde_jsonplus_json_mode,42,pass
tests/test_jsonplus.py::test_serde_jsonplus_json_mode,43,pass
tests/test_jsonplus.py::test_serde_jsonplus_json_mode,44,pass
tests/test_jsonplus.py::test_serde_jsonplus_json_mode,45,pass
tests/test_jsonplus.py::test_serde_jsonplus_json_mode,46,pass
tests/test_jsonplus.py::test_serde_jsonplus_json_mode,47,pass
tests/test_jsonplus.py::test_serde_jsonplus_json_mode,48,pass
tests/test_jsonplus.py::test_serde_jsonplus_json_mode,49,pass
tests/test_jsonplus.py::test_serde_jsonplus_json_mode,50,pass
tests/test_jsonplus.py::test_serde_jsonplus_numpy_array[arr0],1,pass
tests/test_jsonplus.py::test_serde_jsonplus_numpy_array[arr0],2,pass
tests/test_jsonplus.py::test_serde_jsonplus_numpy_array[arr0],3,pass
tests/test_jsonplus.py::test_serde_jsonplus_numpy_array[arr0],4,pass
tests/test_jsonplus.py::test_serde_jsonplus_numpy_array[arr0],5,pass
tests/test_jsonplus.py::test_serde_jsonplus_numpy_array[arr0],6,pass
tests/test_jsonplus.py::test_serde_jsonplus_numpy_array[arr0],7,pass
tests/test_jsonplus.py::test_serde_jsonplus_numpy_array[arr0],8,pass
tests/test_jsonplus.py::test_serde_jsonplus_numpy_array[arr0],9,pass
tests/test_jsonplus.py::test_serde_jsonplus_numpy_array[arr0],10,pass
tests/test_jsonplus.py::test_serde_jsonplus_numpy_array[arr0],11,pass
tests/test_jsonplus.py::test_serde_jsonplus_numpy_array[arr0],12,pass
tests/test_jsonplus.py::test_serde_jsonplus_numpy_array[arr0],13,pass
tests/test_jsonplus.py::test_serde_jsonplus_numpy_array[arr0],14,pass
tests/test_jsonplus.py::test_serde_jsonplus_numpy_array[arr0],15,pass
tests/test_jsonplus.py::test_serde_jsonplus_numpy_array[arr0],16,pass
tests/test_jsonplus.py::test_serde_jsonplus_numpy_array[arr0],17,pass
tests/test_jsonplus.py::test_serde_jsonplus_numpy_array[arr0],18,pass
tests/test_jsonplus.py::test_serde_jsonplus_numpy_array[arr0],19,pass
tests/test_jsonplus.py::test_serde_jsonplus_numpy_array[arr0],20,pass
tests/test_jsonplus.py::test_serde_jsonplus_numpy_array[arr0],21,pass
tests/test_jsonplus.py::test_serde_jsonplus_numpy_array[arr0],22,pass
tests/test_jsonplus.py::test_serde_jsonplus_numpy_array[arr0],23,pass
tests/test_jsonplus.py::test_serde_jsonplus_numpy_array[arr0],24,pass
tests/test_jsonplus.py::test_serde_jsonplus_numpy_array[arr0],25,pass
tests/test_jsonplus.py::test_serde_jsonplus_numpy_array[arr0],26,pass
tests/test_jsonplus.py::test_serde_jsonplus_numpy_array[arr0],27,pass
tests/test_jsonplus.py::test_serde_jsonplus_numpy_array[arr0],28,pass
tests/test_jsonplus.py::test_serde_jsonplus_numpy_array[arr0],29,pass
tests/test_jsonplus.py::test_serde_jsonplus_numpy_array[arr0],30,pass
tests/test_jsonplus.py::test_serde_jsonplus_numpy_array[arr0],31,pass
tests/test_jsonplus.py::test_serde_jsonplus_numpy_array[arr0],32,pass
tests/test_jsonplus.py::test_serde_jsonplus_numpy_array[arr0],33,pass
tests/test_jsonplus.py::test_serde_jsonplus_numpy_array[arr0],34,pass
tests/test_jsonplus.py::test_serde_jsonplus_numpy_array[arr0],35,pass
tests/test_jsonplus.py::test_serde_jsonplus_numpy_array[arr0],36,pass
tests/test_jsonplus.py::test_serde_jsonplus_numpy_array[arr0],37,pass
tests/test_jsonplus.py::test_serde_jsonplus_numpy_array[arr0],38,pass
tests/test_jsonplus.py::test_serde_jsonplus_numpy_array[arr0],39,pass
tests/test_jsonplus.py::test_serde_jsonplus_numpy_array[arr0],40,pass
tests/test_jsonplus.py::test_serde_jsonplus_numpy_array[arr0],41,pass
tests/test_jsonplus.py::test_serde_jsonplus_numpy_array[arr0],42,pass
tests/test_jsonplus.py::test_serde_jsonplus_numpy_array[arr0],43,pass
tests/test_jsonplus.py::test_serde_jsonplus_numpy_array[arr0],44,pass
tests/test_jsonplus.py::test_serde_jsonplus_numpy_array[arr0],45,pass
tests/test_jsonplus.py::test_serde_jsonplus_numpy_array[arr0],46,pass
tests/test_jsonplus.py::test_serde_jsonplus_numpy_array[arr0],47,pass
tests/test_jsonplus.py::test_serde_jsonplus_numpy_array[arr0],48,pass
tests/test_jsonplus.py::test_serde_jsonplus_numpy_array[arr0],49,pass
tests/test_jsonplus.py::test_serde_jsonplus_numpy_array[arr0],50,pass
tests/test_jsonplus.py::test_serde_jsonplus_numpy_array[arr1],1,pass
tests/test_jsonplus.py::test_serde_jsonplus_numpy_array[arr1],2,pass
tests/test_jsonplus.py::test_serde_jsonplus_numpy_array[arr1],3,pass
tests/test_jsonplus.py::test_serde_jsonplus_numpy_array[arr1],4,pass
tests/test_jsonplus.py::test_serde_jsonplus_numpy_array[arr1],5,pass
tests/test_jsonplus.py::test_serde_jsonplus_numpy_array[arr1],6,pass
tests/test_jsonplus.py::test_serde_jsonplus_numpy_array[arr1],7,pass
tests/test_jsonplus.py::test_serde_jsonplus_numpy_array[arr1],8,pass
tests/test_jsonplus.py::test_serde_jsonplus_numpy_array[arr1],9,pass
tests/test_jsonplus.py::test_serde_jsonplus_numpy_array[arr1],10,pass
tests/test_jsonplus.py::test_serde_jsonplus_numpy_array[arr1],11,pass
tests/test_jsonplus.py::test_serde_jsonplus_numpy_array[arr1],12,pass
tests/test_jsonplus.py::test_serde_jsonplus_numpy_array[arr1],13,pass
tests/test_jsonplus.py::test_serde_jsonplus_numpy_array[arr1],14,pass
tests/test_jsonplus.py::test_serde_jsonplus_numpy_array[arr1],15,pass
tests/test_jsonplus.py::test_serde_jsonplus_numpy_array[arr1],16,pass
tests/test_jsonplus.py::test_serde_jsonplus_numpy_array[arr1],17,pass
tests/test_jsonplus.py::test_serde_jsonplus_numpy_array[arr1],18,pass
tests/test_jsonplus.py::test_serde_jsonplus_numpy_array[arr1],19,pass
tests/test_jsonplus.py::test_serde_jsonplus_numpy_array[arr1],20,pass
tests/test_jsonplus.py::test_serde_jsonplus_numpy_array[arr1],21,pass
tests/test_jsonplus.py::test_serde_jsonplus_numpy_array[arr1],22,pass
tests/test_jsonplus.py::test_serde_jsonplus_numpy_array[arr1],23,pass
tests/test_jsonplus.py::test_serde_jsonplus_numpy_array[arr1],24,pass
tests/test_jsonplus.py::test_serde_jsonplus_numpy_array[arr1],25,pass
tests/test_jsonplus.py::test_serde_jsonplus_numpy_array[arr1],26,pass
tests/test_jsonplus.py::test_serde_jsonplus_numpy_array[arr1],27,pass
tests/test_jsonplus.py::test_serde_jsonplus_numpy_array[arr1],28,pass
tests/test_jsonplus.py::test_serde_jsonplus_numpy_array[arr1],29,pass
tests/test_jsonplus.py::test_serde_jsonplus_numpy_array[arr1],30,pass
tests/test_jsonplus.py::test_serde_jsonplus_numpy_array[arr1],31,pass
tests/test_jsonplus.py::test_serde_jsonplus_numpy_array[arr1],32,pass
tests/test_jsonplus.py::test_serde_jsonplus_numpy_array[arr1],33,pass
tests/test_jsonplus.py::test_serde_jsonplus_numpy_array[arr1],34,pass
tests/test_jsonplus.py::test_serde_jsonplus_numpy_array[arr1],35,pass
tests/test_jsonplus.py::test_serde_jsonplus_numpy_array[arr1],36,pass
tests/test_jsonplus.py::test_serde_jsonplus_numpy_array[arr1],37,pass
tests/test_jsonplus.py::test_serde_jsonplus_numpy_array[arr1],38,pass
tests/test_jsonplus.py::test_serde_jsonplus_numpy_array[arr1],39,pass
tests/test_jsonplus.py::test_serde_jsonplus_numpy_array[arr1],40,pass
tests/test_jsonplus.py::test_serde_jsonplus_numpy_array[arr1],41,pass
tests/test_jsonplus.py::test_serde_jsonplus_numpy_array[arr1],42,pass
tests/test_jsonplus.py::test_serde_jsonplus_numpy_array[arr1],43,pass
tests/test_jsonplus.py::test_serde_jsonplus_numpy_array[arr1],44,pass
tests/test_jsonplus.py::test_serde_jsonplus_numpy_array[arr1],45,pass
tests/test_jsonplus.py::test_serde_jsonplus_numpy_array[arr1],46,pass
tests/test_jsonplus.py::test_serde_jsonplus_numpy_array[arr1],47,pass
tests/test_jsonplus.py::test_serde_jsonplus_numpy_array[arr1],48,pass
tests/test_jsonplus.py::test_serde_jsonplus_numpy_array[arr1],49,pass
tests/test_jsonplus.py::test_serde_jsonplus_numpy_array[arr1],50,pass
tests/test_jsonplus.py::test_serde_jsonplus_numpy_array[arr2],1,pass
tests/test_jsonplus.py::test_serde_jsonplus_numpy_array[arr2],2,pass
tests/test_jsonplus.py::test_serde_jsonplus_numpy_array[arr2],3,pass
tests/test_jsonplus.py::test_serde_jsonplus_numpy_array[arr2],4,pass
tests/test_jsonplus.py::test_serde_jsonplus_numpy_array[arr2],5,pass
tests/test_jsonplus.py::test_serde_jsonplus_numpy_array[arr2],6,pass
tests/test_jsonplus.py::test_serde_jsonplus_numpy_array[arr2],7,pass
tests/test_jsonplus.py::test_serde_jsonplus_numpy_array[arr2],8,pass
tests/test_jsonplus.py::test_serde_jsonplus_numpy_array[arr2],9,pass
tests/test_jsonplus.py::test_serde_jsonplus_numpy_array[arr2],10,pass
tests/test_jsonplus.py::test_serde_jsonplus_numpy_array[arr2],11,pass
tests/test_jsonplus.py::test_serde_jsonplus_numpy_array[arr2],12,pass
tests/test_jsonplus.py::test_serde_jsonplus_numpy_array[arr2],13,pass
tests/test_jsonplus.py::test_serde_jsonplus_numpy_array[arr2],14,pass
tests/test_jsonplus.py::test_serde_jsonplus_numpy_array[arr2],15,pass
tests/test_jsonplus.py::test_serde_jsonplus_numpy_array[arr2],16,pass
tests/test_jsonplus.py::test_serde_jsonplus_numpy_array[arr2],17,pass
tests/test_jsonplus.py::test_serde_jsonplus_numpy_array[arr2],18,pass
tests/test_jsonplus.py::test_serde_jsonplus_numpy_array[arr2],19,pass
tests/test_jsonplus.py::test_serde_jsonplus_numpy_array[arr2],20,pass
tests/test_jsonplus.py::test_serde_jsonplus_numpy_array[arr2],21,pass
tests/test_jsonplus.py::test_serde_jsonplus_numpy_array[arr2],22,pass
tests/test_jsonplus.py::test_serde_jsonplus_numpy_array[arr2],23,pass
tests/test_jsonplus.py::test_serde_jsonplus_numpy_array[arr2],24,pass
tests/test_jsonplus.py::test_serde_jsonplus_numpy_array[arr2],25,pass
tests/test_jsonplus.py::test_serde_jsonplus_numpy_array[arr2],26,pass
tests/test_jsonplus.py::test_serde_jsonplus_numpy_array[arr2],27,pass
tests/test_jsonplus.py::test_serde_jsonplus_numpy_array[arr2],28,pass
tests/test_jsonplus.py::test_serde_jsonplus_numpy_array[arr2],29,pass
tests/test_jsonplus.py::test_serde_jsonplus_numpy_array[arr2],30,pass
tests/test_jsonplus.py::test_serde_jsonplus_numpy_array[arr2],31,pass
tests/test_jsonplus.py::test_serde_jsonplus_numpy_array[arr2],32,pass
tests/test_jsonplus.py::test_serde_jsonplus_numpy_array[arr2],33,pass
tests/test_jsonplus.py::test_serde_jsonplus_numpy_array[arr2],34,pass
tests/test_jsonplus.py::test_serde_jsonplus_numpy_array[arr2],35,pass
tests/test_jsonplus.py::test_serde_jsonplus_numpy_array[arr2],36,pass
tests/test_jsonplus.py::test_serde_jsonplus_numpy_array[arr2],37,pass
tests/test_jsonplus.py::test_serde_jsonplus_numpy_array[arr2],38,pass
tests/test_jsonplus.py::test_serde_jsonplus_numpy_array[arr2],39,pass
tests/test_jsonplus.py::test_serde_jsonplus_numpy_array[arr2],40,pass
tests/test_jsonplus.py::test_serde_jsonplus_numpy_array[arr2],41,pass
tests/test_jsonplus.py::test_serde_jsonplus_numpy_array[arr2],42,pass
tests/test_jsonplus.py::test_serde_jsonplus_numpy_array[arr2],43,pass
tests/test_jsonplus.py::test_serde_jsonplus_numpy_array[arr2],44,pass
tests/test_jsonplus.py::test_serde_jsonplus_numpy_array[arr2],45,pass
tests/test_jsonplus.py::test_serde_jsonplus_numpy_array[arr2],46,pass
tests/test_jsonplus.py::test_serde_jsonplus_numpy_array[arr2],47,pass
tests/test_jsonplus.py::test_serde_jsonplus_numpy_array[arr2],48,pass
tests/test_jsonplus.py::test_serde_jsonplus_numpy_array[arr2],49,pass
tests/test_jsonplus.py::test_serde_jsonplus_numpy_array[arr2],50,pass
tests/test_jsonplus.py::test_serde_jsonplus_numpy_array_json_hook[arr0],1,pass
tests/test_jsonplus.py::test_serde_jsonplus_numpy_array_json_hook[arr0],2,pass
tests/test_jsonplus.py::test_serde_jsonplus_numpy_array_json_hook[arr0],3,pass
tests/test_jsonplus.py::test_serde_jsonplus_numpy_array_json_hook[arr0],4,pass
tests/test_jsonplus.py::test_serde_jsonplus_numpy_array_json_hook[arr0],5,pass
tests/test_jsonplus.py::test_serde_jsonplus_numpy_array_json_hook[arr0],6,pass
tests/test_jsonplus.py::test_serde_jsonplus_numpy_array_json_hook[arr0],7,pass
tests/test_jsonplus.py::test_serde_jsonplus_numpy_array_json_hook[arr0],8,pass
tests/test_jsonplus.py::test_serde_jsonplus_numpy_array_json_hook[arr0],9,pass
tests/test_jsonplus.py::test_serde_jsonplus_numpy_array_json_hook[arr0],10,pass
tests/test_jsonplus.py::test_serde_jsonplus_numpy_array_json_hook[arr0],11,pass
tests/test_jsonplus.py::test_serde_jsonplus_numpy_array_json_hook[arr0],12,pass
tests/test_jsonplus.py::test_serde_jsonplus_numpy_array_json_hook[arr0],13,pass
tests/test_jsonplus.py::test_serde_jsonplus_numpy_array_json_hook[arr0],14,pass
tests/test_jsonplus.py::test_serde_jsonplus_numpy_array_json_hook[arr0],15,pass
tests/test_jsonplus.py::test_serde_jsonplus_numpy_array_json_hook[arr0],16,pass
tests/test_jsonplus.py::test_serde_jsonplus_numpy_array_json_hook[arr0],17,pass
tests/test_jsonplus.py::test_serde_jsonplus_numpy_array_json_hook[arr0],18,pass
tests/test_jsonplus.py::test_serde_jsonplus_numpy_array_json_hook[arr0],19,pass
tests/test_jsonplus.py::test_serde_jsonplus_numpy_array_json_hook[arr0],20,pass
tests/test_jsonplus.py::test_serde_jsonplus_numpy_array_json_hook[arr0],21,pass
tests/test_jsonplus.py::test_serde_jsonplus_numpy_array_json_hook[arr0],22,pass
tests/test_jsonplus.py::test_serde_jsonplus_numpy_array_json_hook[arr0],23,pass
tests/test_jsonplus.py::test_serde_jsonplus_numpy_array_json_hook[arr0],24,pass
tests/test_jsonplus.py::test_serde_jsonplus_numpy_array_json_hook[arr0],25,pass
tests/test_jsonplus.py::test_serde_jsonplus_numpy_array_json_hook[arr0],26,pass
tests/test_jsonplus.py::test_serde_jsonplus_numpy_array_json_hook[arr0],27,pass
tests/test_jsonplus.py::test_serde_jsonplus_numpy_array_json_hook[arr0],28,pass
tests/test_jsonplus.py::test_serde_jsonplus_numpy_array_json_hook[arr0],29,pass
tests/test_jsonplus.py::test_serde_jsonplus_numpy_array_json_hook[arr0],30,pass
tests/test_jsonplus.py::test_serde_jsonplus_numpy_array_json_hook[arr0],31,pass
tests/test_jsonplus.py::test_serde_jsonplus_numpy_array_json_hook[arr0],32,pass
tests/test_jsonplus.py::test_serde_jsonplus_numpy_array_json_hook[arr0],33,pass
tests/test_jsonplus.py::test_serde_jsonplus_numpy_array_json_hook[arr0],34,pass
tests/test_jsonplus.py::test_serde_jsonplus_numpy_array_json_hook[arr0],35,pass
tests/test_jsonplus.py::test_serde_jsonplus_numpy_array_json_hook[arr0],36,pass
tests/test_jsonplus.py::test_serde_jsonplus_numpy_array_json_hook[arr0],37,pass
tests/test_jsonplus.py::test_serde_jsonplus_numpy_array_json_hook[arr0],38,pass
tests/test_jsonplus.py::test_serde_jsonplus_numpy_array_json_hook[arr0],39,pass
tests/test_jsonplus.py::test_serde_jsonplus_numpy_array_json_hook[arr0],40,pass
tests/test_jsonplus.py::test_serde_jsonplus_numpy_array_json_hook[arr0],41,pass
tests/test_jsonplus.py::test_serde_jsonplus_numpy_array_json_hook[arr0],42,pass
tests/test_jsonplus.py::test_serde_jsonplus_numpy_array_json_hook[arr0],43,pass
tests/test_jsonplus.py::test_serde_jsonplus_numpy_array_json_hook[arr0],44,pass
tests/test_jsonplus.py::test_serde_jsonplus_numpy_array_json_hook[arr0],45,pass
tests/test_jsonplus.py::test_serde_jsonplus_numpy_array_json_hook[arr0],46,pass
tests/test_jsonplus.py::test_serde_jsonplus_numpy_array_json_hook[arr0],47,pass
tests/test_jsonplus.py::test_serde_jsonplus_numpy_array_json_hook[arr0],48,pass
tests/test_jsonplus.py::test_serde_jsonplus_numpy_array_json_hook[arr0],49,pass
tests/test_jsonplus.py::test_serde_jsonplus_numpy_array_json_hook[arr0],50,pass
tests/test_jsonplus.py::test_serde_jsonplus_numpy_array_json_hook[arr1],1,pass
tests/test_jsonplus.py::test_serde_jsonplus_numpy_array_json_hook[arr1],2,pass
tests/test_jsonplus.py::test_serde_jsonplus_numpy_array_json_hook[arr1],3,pass
tests/test_jsonplus.py::test_serde_jsonplus_numpy_array_json_hook[arr1],4,pass
tests/test_jsonplus.py::test_serde_jsonplus_numpy_array_json_hook[arr1],5,pass
tests/test_jsonplus.py::test_serde_jsonplus_numpy_array_json_hook[arr1],6,pass
tests/test_jsonplus.py::test_serde_jsonplus_numpy_array_json_hook[arr1],7,pass
tests/test_jsonplus.py::test_serde_jsonplus_numpy_array_json_hook[arr1],8,pass
tests/test_jsonplus.py::test_serde_jsonplus_numpy_array_json_hook[arr1],9,pass
tests/test_jsonplus.py::test_serde_jsonplus_numpy_array_json_hook[arr1],10,pass
tests/test_jsonplus.py::test_serde_jsonplus_numpy_array_json_hook[arr1],11,pass
tests/test_jsonplus.py::test_serde_jsonplus_numpy_array_json_hook[arr1],12,pass
tests/test_jsonplus.py::test_serde_jsonplus_numpy_array_json_hook[arr1],13,pass
tests/test_jsonplus.py::test_serde_jsonplus_numpy_array_json_hook[arr1],14,pass
tests/test_jsonplus.py::test_serde_jsonplus_numpy_array_json_hook[arr1],15,pass
tests/test_jsonplus.py::test_serde_jsonplus_numpy_array_json_hook[arr1],16,pass
tests/test_jsonplus.py::test_serde_jsonplus_numpy_array_json_hook[arr1],17,pass
tests/test_jsonplus.py::test_serde_jsonplus_numpy_array_json_hook[arr1],18,pass
tests/test_jsonplus.py::test_serde_jsonplus_numpy_array_json_hook[arr1],19,pass
tests/test_jsonplus.py::test_serde_jsonplus_numpy_array_json_hook[arr1],20,pass
tests/test_jsonplus.py::test_serde_jsonplus_numpy_array_json_hook[arr1],21,pass
tests/test_jsonplus.py::test_serde_jsonplus_numpy_array_json_hook[arr1],22,pass
tests/test_jsonplus.py::test_serde_jsonplus_numpy_array_json_hook[arr1],23,pass
tests/test_jsonplus.py::test_serde_jsonplus_numpy_array_json_hook[arr1],24,pass
tests/test_jsonplus.py::test_serde_jsonplus_numpy_array_json_hook[arr1],25,pass
tests/test_jsonplus.py::test_serde_jsonplus_numpy_array_json_hook[arr1],26,pass
tests/test_jsonplus.py::test_serde_jsonplus_numpy_array_json_hook[arr1],27,pass
tests/test_jsonplus.py::test_serde_jsonplus_numpy_array_json_hook[arr1],28,pass
tests/test_jsonplus.py::test_serde_jsonplus_numpy_array_json_hook[arr1],29,pass
tests/test_jsonplus.py::test_serde_jsonplus_numpy_array_json_hook[arr1],30,pass
tests/test_jsonplus.py::test_serde_jsonplus_numpy_array_json_hook[arr1],31,pass
tests/test_jsonplus.py::test_serde_jsonplus_numpy_array_json_hook[arr1],32,pass
tests/test_jsonplus.py::test_serde_jsonplus_numpy_array_json_hook[arr1],33,pass
tests/test_jsonplus.py::test_serde_jsonplus_numpy_array_json_hook[arr1],34,pass
tests/test_jsonplus.py::test_serde_jsonplus_numpy_array_json_hook[arr1],35,pass
tests/test_jsonplus.py::test_serde_jsonplus_numpy_array_json_hook[arr1],36,pass
tests/test_jsonplus.py::test_serde_jsonplus_numpy_array_json_hook[arr1],37,pass
tests/test_jsonplus.py::test_serde_jsonplus_numpy_array_json_hook[arr1],38,pass
tests/test_jsonplus.py::test_serde_jsonplus_numpy_array_json_hook[arr1],39,pass
tests/test_jsonplus.py::test_serde_jsonplus_numpy_array_json_hook[arr1],40,pass
tests/test_jsonplus.py::test_serde_jsonplus_numpy_array_json_hook[arr1],41,pass
tests/test_jsonplus.py::test_serde_jsonplus_numpy_array_json_hook[arr1],42,pass
tests/test_jsonplus.py::test_serde_jsonplus_numpy_array_json_hook[arr1],43,pass
tests/test_jsonplus.py::test_serde_jsonplus_numpy_array_json_hook[arr1],44,pass
tests/test_jsonplus.py::test_serde_jsonplus_numpy_array_json_hook[arr1],45,pass
tests/test_jsonplus.py::test_serde_jsonplus_numpy_array_json_hook[arr1],46,pass
tests/test_jsonplus.py::test_serde_jsonplus_numpy_array_json_hook[arr1],47,pass
tests/test_jsonplus.py::test_serde_jsonplus_numpy_array_json_hook[arr1],48,pass
tests/test_jsonplus.py::test_serde_jsonplus_numpy_array_json_hook[arr1],49,pass
tests/test_jsonplus.py::test_serde_jsonplus_numpy_array_json_hook[arr1],50,pass
tests/test_jsonplus.py::test_serde_jsonplus_pandas_dataframe[df0],1,pass
tests/test_jsonplus.py::test_serde_jsonplus_pandas_dataframe[df0],2,pass
tests/test_jsonplus.py::test_serde_jsonplus_pandas_dataframe[df0],3,pass
tests/test_jsonplus.py::test_serde_jsonplus_pandas_dataframe[df0],4,pass
tests/test_jsonplus.py::test_serde_jsonplus_pandas_dataframe[df0],5,pass
tests/test_jsonplus.py::test_serde_jsonplus_pandas_dataframe[df0],6,pass
tests/test_jsonplus.py::test_serde_jsonplus_pandas_dataframe[df0],7,pass
tests/test_jsonplus.py::test_serde_jsonplus_pandas_dataframe[df0],8,pass
tests/test_jsonplus.py::test_serde_jsonplus_pandas_dataframe[df0],9,pass
tests/test_jsonplus.py::test_serde_jsonplus_pandas_dataframe[df0],10,pass
tests/test_jsonplus.py::test_serde_jsonplus_pandas_dataframe[df0],11,pass
tests/test_jsonplus.py::test_serde_jsonplus_pandas_dataframe[df0],12,pass
tests/test_jsonplus.py::test_serde_jsonplus_pandas_dataframe[df0],13,pass
tests/test_jsonplus.py::test_serde_jsonplus_pandas_dataframe[df0],14,pass
tests/test_jsonplus.py::test_serde_jsonplus_pandas_dataframe[df0],15,pass
tests/test_jsonplus.py::test_serde_jsonplus_pandas_dataframe[df0],16,pass
tests/test_jsonplus.py::test_serde_jsonplus_pandas_dataframe[df0],17,pass
tests/test_jsonplus.py::test_serde_jsonplus_pandas_dataframe[df0],18,pass
tests/test_jsonplus.py::test_serde_jsonplus_pandas_dataframe[df0],19,pass
tests/test_jsonplus.py::test_serde_jsonplus_pandas_dataframe[df0],20,pass
tests/test_jsonplus.py::test_serde_jsonplus_pandas_dataframe[df0],21,pass
tests/test_jsonplus.py::test_serde_jsonplus_pandas_dataframe[df0],22,pass
tests/test_jsonplus.py::test_serde_jsonplus_pandas_dataframe[df0],23,pass
tests/test_jsonplus.py::test_serde_jsonplus_pandas_dataframe[df0],24,pass
tests/test_jsonplus.py::test_serde_jsonplus_pandas_dataframe[df0],25,pass
tests/test_jsonplus.py::test_serde_jsonplus_pandas_dataframe[df0],26,pass
tests/test_jsonplus.py::test_serde_jsonplus_pandas_dataframe[df0],27,pass
tests/test_jsonplus.py::test_serde_jsonplus_pandas_dataframe[df0],28,pass
tests/test_jsonplus.py::test_serde_jsonplus_pandas_dataframe[df0],29,pass
tests/test_jsonplus.py::test_serde_jsonplus_pandas_dataframe[df0],30,pass
tests/test_jsonplus.py::test_serde_jsonplus_pandas_dataframe[df0],31,pass
tests/test_jsonplus.py::test_serde_jsonplus_pandas_dataframe[df0],32,pass
tests/test_jsonplus.py::test_serde_jsonplus_pandas_dataframe[df0],33,pass
tests/test_jsonplus.py::test_serde_jsonplus_pandas_dataframe[df0],34,pass
tests/test_jsonplus.py::test_serde_jsonplus_pandas_dataframe[df0],35,pass
tests/test_jsonplus.py::test_serde_jsonplus_pandas_dataframe[df0],36,pass
tests/test_jsonplus.py::test_serde_jsonplus_pandas_dataframe[df0],37,pass
tests/test_jsonplus.py::test_serde_jsonplus_pandas_dataframe[df0],38,pass
tests/test_jsonplus.py::test_serde_jsonplus_pandas_dataframe[df0],39,pass
tests/test_jsonplus.py::test_serde_jsonplus_pandas_dataframe[df0],40,pass
tests/test_jsonplus.py::test_serde_jsonplus_pandas_dataframe[df0],41,pass
tests/test_jsonplus.py::test_serde_jsonplus_pandas_dataframe[df0],42,pass
tests/test_jsonplus.py::test_serde_jsonplus_pandas_dataframe[df0],43,pass
tests/test_jsonplus.py::test_serde_jsonplus_pandas_dataframe[df0],44,pass
tests/test_jsonplus.py::test_serde_jsonplus_pandas_dataframe[df0],45,pass
tests/test_jsonplus.py::test_serde_jsonplus_pandas_dataframe[df0],46,pass
tests/test_jsonplus.py::test_serde_jsonplus_pandas_dataframe[df0],47,pass
tests/test_jsonplus.py::test_serde_jsonplus_pandas_dataframe[df0],48,pass
tests/test_jsonplus.py::test_serde_jsonplus_pandas_dataframe[df0],49,pass
tests/test_jsonplus.py::test_serde_jsonplus_pandas_dataframe[df0],50,pass
tests/test_jsonplus.py::test_serde_jsonplus_pandas_dataframe[df10],1,pass
tests/test_jsonplus.py::test_serde_jsonplus_pandas_dataframe[df10],2,pass
tests/test_jsonplus.py::test_serde_jsonplus_pandas_dataframe[df10],3,pass
tests/test_jsonplus.py::test_serde_jsonplus_pandas_dataframe[df10],4,pass
tests/test_jsonplus.py::test_serde_jsonplus_pandas_dataframe[df10],5,pass
tests/test_jsonplus.py::test_serde_jsonplus_pandas_dataframe[df10],6,pass
tests/test_jsonplus.py::test_serde_jsonplus_pandas_dataframe[df10],7,pass
tests/test_jsonplus.py::test_serde_jsonplus_pandas_dataframe[df10],8,pass
tests/test_jsonplus.py::test_serde_jsonplus_pandas_dataframe[df10],9,pass
tests/test_jsonplus.py::test_serde_jsonplus_pandas_dataframe[df10],10,pass
tests/test_jsonplus.py::test_serde_jsonplus_pandas_dataframe[df10],11,pass
tests/test_jsonplus.py::test_serde_jsonplus_pandas_dataframe[df10],12,pass
tests/test_jsonplus.py::test_serde_jsonplus_pandas_dataframe[df10],13,pass
tests/test_jsonplus.py::test_serde_jsonplus_pandas_dataframe[df10],14,pass
tests/test_jsonplus.py::test_serde_jsonplus_pandas_dataframe[df10],15,pass
tests/test_jsonplus.py::test_serde_jsonplus_pandas_dataframe[df10],16,pass
tests/test_jsonplus.py::test_serde_jsonplus_pandas_dataframe[df10],17,pass
tests/test_jsonplus.py::test_serde_jsonplus_pandas_dataframe[df10],18,pass
tests/test_jsonplus.py::test_serde_jsonplus_pandas_dataframe[df10],19,pass
tests/test_jsonplus.py::test_serde_jsonplus_pandas_dataframe[df10],20,pass
tests/test_jsonplus.py::test_serde_jsonplus_pandas_dataframe[df10],21,pass
tests/test_jsonplus.py::test_serde_jsonplus_pandas_dataframe[df10],22,pass
tests/test_jsonplus.py::test_serde_jsonplus_pandas_dataframe[df10],23,pass
tests/test_jsonplus.py::test_serde_jsonplus_pandas_dataframe[df10],24,pass
tests/test_jsonplus.py::test_serde_jsonplus_pandas_dataframe[df10],25,pass
tests/test_jsonplus.py::test_serde_jsonplus_pandas_dataframe[df10],26,pass
tests/test_jsonplus.py::test_serde_jsonplus_pandas_dataframe[df10],27,pass
tests/test_jsonplus.py::test_serde_jsonplus_pandas_dataframe[df10],28,pass
tests/test_jsonplus.py::test_serde_jsonplus_pandas_dataframe[df10],29,pass
tests/test_jsonplus.py::test_serde_jsonplus_pandas_dataframe[df10],30,pass
tests/test_jsonplus.py::test_serde_jsonplus_pandas_dataframe[df10],31,pass
tests/test_jsonplus.py::test_serde_jsonplus_pandas_dataframe[df10],32,pass
tests/test_jsonplus.py::test_serde_jsonplus_pandas_dataframe[df10],33,pass
tests/test_jsonplus.py::test_serde_jsonplus_pandas_dataframe[df10],34,pass
tests/test_jsonplus.py::test_serde_jsonplus_pandas_dataframe[df10],35,pass
tests/test_jsonplus.py::test_serde_jsonplus_pandas_dataframe[df10],36,pass
tests/test_jsonplus.py::test_serde_jsonplus_pandas_dataframe[df10],37,pass
tests/test_jsonplus.py::test_serde_jsonplus_pandas_dataframe[df10],38,pass
tests/test_jsonplus.py::test_serde_jsonplus_pandas_dataframe[df10],39,pass
tests/test_jsonplus.py::test_serde_jsonplus_pandas_dataframe[df10],40,pass
tests/test_jsonplus.py::test_serde_jsonplus_pandas_dataframe[df10],41,pass
tests/test_jsonplus.py::test_serde_jsonplus_pandas_dataframe[df10],42,pass
tests/test_jsonplus.py::test_serde_jsonplus_pandas_dataframe[df10],43,pass
tests/test_jsonplus.py::test_serde_jsonplus_pandas_dataframe[df10],44,pass
tests/test_jsonplus.py::test_serde_jsonplus_pandas_dataframe[df10],45,pass
tests/test_jsonplus.py::test_serde_jsonplus_pandas_dataframe[df10],46,pass
tests/test_jsonplus.py::test_serde_jsonplus_pandas_dataframe[df10],47,pass
tests/test_jsonplus.py::test_serde_jsonplus_pandas_dataframe[df10],48,pass
tests/test_jsonplus.py::test_serde_jsonplus_pandas_dataframe[df10],49,pass
tests/test_jsonplus.py::test_serde_jsonplus_pandas_dataframe[df10],50,pass
tests/test_jsonplus.py::test_serde_jsonplus_pandas_dataframe[df11],1,pass
tests/test_jsonplus.py::test_serde_jsonplus_pandas_dataframe[df11],2,pass
tests/test_jsonplus.py::test_serde_jsonplus_pandas_dataframe[df11],3,pass
tests/test_jsonplus.py::test_serde_jsonplus_pandas_dataframe[df11],4,pass
tests/test_jsonplus.py::test_serde_jsonplus_pandas_dataframe[df11],5,pass
tests/test_jsonplus.py::test_serde_jsonplus_pandas_dataframe[df11],6,pass
tests/test_jsonplus.py::test_serde_jsonplus_pandas_dataframe[df11],7,pass
tests/test_jsonplus.py::test_serde_jsonplus_pandas_dataframe[df11],8,pass
tests/test_jsonplus.py::test_serde_jsonplus_pandas_dataframe[df11],9,pass
tests/test_jsonplus.py::test_serde_jsonplus_pandas_dataframe[df11],10,pass
tests/test_jsonplus.py::test_serde_jsonplus_pandas_dataframe[df11],11,pass
tests/test_jsonplus.py::test_serde_jsonplus_pandas_dataframe[df11],12,pass
tests/test_jsonplus.py::test_serde_jsonplus_pandas_dataframe[df11],13,pass
tests/test_jsonplus.py::test_serde_jsonplus_pandas_dataframe[df11],14,pass
tests/test_jsonplus.py::test_serde_jsonplus_pandas_dataframe[df11],15,pass
tests/test_jsonplus.py::test_serde_jsonplus_pandas_dataframe[df11],16,pass
tests/test_jsonplus.py::test_serde_jsonplus_pandas_dataframe[df11],17,pass
tests/test_jsonplus.py::test_serde_jsonplus_pandas_dataframe[df11],18,pass
tests/test_jsonplus.py::test_serde_jsonplus_pandas_dataframe[df11],19,pass
tests/test_jsonplus.py::test_serde_jsonplus_pandas_dataframe[df11],20,pass
tests/test_jsonplus.py::test_serde_jsonplus_pandas_dataframe[df11],21,pass
tests/test_jsonplus.py::test_serde_jsonplus_pandas_dataframe[df11],22,pass
tests/test_jsonplus.py::test_serde_jsonplus_pandas_dataframe[df11],23,pass
tests/test_jsonplus.py::test_serde_jsonplus_pandas_dataframe[df11],24,pass
tests/test_jsonplus.py::test_serde_jsonplus_pandas_dataframe[df11],25,pass
tests/test_jsonplus.py::test_serde_jsonplus_pandas_dataframe[df11],26,pass
tests/test_jsonplus.py::test_serde_jsonplus_pandas_dataframe[df11],27,pass
tests/test_jsonplus.py::test_serde_jsonplus_pandas_dataframe[df11],28,pass
tests/test_jsonplus.py::test_serde_jsonplus_pandas_dataframe[df11],29,pass
tests/test_jsonplus.py::test_serde_jsonplus_pandas_dataframe[df11],30,pass
tests/test_jsonplus.py::test_serde_jsonplus_pandas_dataframe[df11],31,pass
tests/test_jsonplus.py::test_serde_jsonplus_pandas_dataframe[df11],32,pass
tests/test_jsonplus.py::test_serde_jsonplus_pandas_dataframe[df11],33,pass
tests/test_jsonplus.py::test_serde_jsonplus_pandas_dataframe[df11],34,pass
tests/test_jsonplus.py::test_serde_jsonplus_pandas_dataframe[df11],35,pass
tests/test_jsonplus.py::test_serde_jsonplus_pandas_dataframe[df11],36,pass
tests/test_jsonplus.py::test_serde_jsonplus_pandas_dataframe[df11],37,pass
tests/test_jsonplus.py::test_serde_jsonplus_pandas_dataframe[df11],38,pass
tests/test_jsonplus.py::test_serde_jsonplus_pandas_dataframe[df11],39,pass
tests/test_jsonplus.py::test_serde_jsonplus_pandas_dataframe[df11],40,pass
tests/test_jsonplus.py::test_serde_jsonplus_pandas_dataframe[df11],41,pass
tests/test_jsonplus.py::test_serde_jsonplus_pandas_dataframe[df11],42,pass
tests/test_jsonplus.py::test_serde_jsonplus_pandas_dataframe[df11],43,pass
tests/test_jsonplus.py::test_serde_jsonplus_pandas_dataframe[df11],44,pass
tests/test_jsonplus.py::test_serde_jsonplus_pandas_dataframe[df11],45,pass
tests/test_jsonplus.py::test_serde_jsonplus_pandas_dataframe[df11],46,pass
tests/test_jsonplus.py::test_serde_jsonplus_pandas_dataframe[df11],47,pass
tests/test_jsonplus.py::test_serde_jsonplus_pandas_dataframe[df11],48,pass
tests/test_jsonplus.py::test_serde_jsonplus_pandas_dataframe[df11],49,pass
tests/test_jsonplus.py::test_serde_jsonplus_pandas_dataframe[df11],50,pass
tests/test_jsonplus.py::test_serde_jsonplus_pandas_dataframe[df12],1,pass
tests/test_jsonplus.py::test_serde_jsonplus_pandas_dataframe[df12],2,pass
tests/test_jsonplus.py::test_serde_jsonplus_pandas_dataframe[df12],3,pass
tests/test_jsonplus.py::test_serde_jsonplus_pandas_dataframe[df12],4,pass
tests/test_jsonplus.py::test_serde_jsonplus_pandas_dataframe[df12],5,pass
tests/test_jsonplus.py::test_serde_jsonplus_pandas_dataframe[df12],6,pass
tests/test_jsonplus.py::test_serde_jsonplus_pandas_dataframe[df12],7,pass
tests/test_jsonplus.py::test_serde_jsonplus_pandas_dataframe[df12],8,pass
tests/test_jsonplus.py::test_serde_jsonplus_pandas_dataframe[df12],9,pass
tests/test_jsonplus.py::test_serde_jsonplus_pandas_dataframe[df12],10,pass
tests/test_jsonplus.py::test_serde_jsonplus_pandas_dataframe[df12],11,pass
tests/test_jsonplus.py::test_serde_jsonplus_pandas_dataframe[df12],12,pass
tests/test_jsonplus.py::test_serde_jsonplus_pandas_dataframe[df12],13,pass
tests/test_jsonplus.py::test_serde_jsonplus_pandas_dataframe[df12],14,pass
tests/test_jsonplus.py::test_serde_jsonplus_pandas_dataframe[df12],15,pass
tests/test_jsonplus.py::test_serde_jsonplus_pandas_dataframe[df12],16,pass
tests/test_jsonplus.py::test_serde_jsonplus_pandas_dataframe[df12],17,pass
tests/test_jsonplus.py::test_serde_jsonplus_pandas_dataframe[df12],18,pass
tests/test_jsonplus.py::test_serde_jsonplus_pandas_dataframe[df12],19,pass
tests/test_jsonplus.py::test_serde_jsonplus_pandas_dataframe[df12],20,pass
tests/test_jsonplus.py::test_serde_jsonplus_pandas_dataframe[df12],21,pass
tests/test_jsonplus.py::test_serde_jsonplus_pandas_dataframe[df12],22,pass
tests/test_jsonplus.py::test_serde_jsonplus_pandas_dataframe[df12],23,pass
tests/test_jsonplus.py::test_serde_jsonplus_pandas_dataframe[df12],24,pass
tests/test_jsonplus.py::test_serde_jsonplus_pandas_dataframe[df12],25,pass
tests/test_jsonplus.py::test_serde_jsonplus_pandas_dataframe[df12],26,pass
tests/test_jsonplus.py::test_serde_jsonplus_pandas_dataframe[df12],27,pass
tests/test_jsonplus.py::test_serde_jsonplus_pandas_dataframe[df12],28,pass
tests/test_jsonplus.py::test_serde_jsonplus_pandas_dataframe[df12],29,pass
tests/test_jsonplus.py::test_serde_jsonplus_pandas_dataframe[df12],30,pass
tests/test_jsonplus.py::test_serde_jsonplus_pandas_dataframe[df12],31,pass
tests/test_jsonplus.py::test_serde_jsonplus_pandas_dataframe[df12],32,pass
tests/test_jsonplus.py::test_serde_jsonplus_pandas_dataframe[df12],33,pass
tests/test_jsonplus.py::test_serde_jsonplus_pandas_dataframe[df12],34,pass
tests/test_jsonplus.py::test_serde_jsonplus_pandas_dataframe[df12],35,pass
tests/test_jsonplus.py::test_serde_jsonplus_pandas_dataframe[df12],36,pass
tests/test_jsonplus.py::test_serde_jsonplus_pandas_dataframe[df12],37,pass
tests/test_jsonplus.py::test_serde_jsonplus_pandas_dataframe[df12],38,pass
tests/test_jsonplus.py::test_serde_jsonplus_pandas_dataframe[df12],39,pass
tests/test_jsonplus.py::test_serde_jsonplus_pandas_dataframe[df12],40,pass
tests/test_jsonplus.py::test_serde_jsonplus_pandas_dataframe[df12],41,pass
tests/test_jsonplus.py::test_serde_jsonplus_pandas_dataframe[df12],42,pass
tests/test_jsonplus.py::test_serde_jsonplus_pandas_dataframe[df12],43,pass
tests/test_jsonplus.py::test_serde_jsonplus_pandas_dataframe[df12],44,pass
tests/test_jsonplus.py::test_serde_jsonplus_pandas_dataframe[df12],45,pass
tests/test_jsonplus.py::test_serde_jsonplus_pandas_dataframe[df12],46,pass
tests/test_jsonplus.py::test_serde_jsonplus_pandas_dataframe[df12],47,pass
tests/test_jsonplus.py::test_serde_jsonplus_pandas_dataframe[df12],48,pass
tests/test_jsonplus.py::test_serde_jsonplus_pandas_dataframe[df12],49,pass
tests/test_jsonplus.py::test_serde_jsonplus_pandas_dataframe[df12],50,pass
tests/test_jsonplus.py::test_serde_jsonplus_pandas_dataframe[df13],1,pass
tests/test_jsonplus.py::test_serde_jsonplus_pandas_dataframe[df13],2,pass
tests/test_jsonplus.py::test_serde_jsonplus_pandas_dataframe[df13],3,pass
tests/test_jsonplus.py::test_serde_jsonplus_pandas_dataframe[df13],4,pass
tests/test_jsonplus.py::test_serde_jsonplus_pandas_dataframe[df13],5,pass
tests/test_jsonplus.py::test_serde_jsonplus_pandas_dataframe[df13],6,pass
tests/test_jsonplus.py::test_serde_jsonplus_pandas_dataframe[df13],7,pass
tests/test_jsonplus.py::test_serde_jsonplus_pandas_dataframe[df13],8,pass
tests/test_jsonplus.py::test_serde_jsonplus_pandas_dataframe[df13],9,pass
tests/test_jsonplus.py::test_serde_jsonplus_pandas_dataframe[df13],10,pass
tests/test_jsonplus.py::test_serde_jsonplus_pandas_dataframe[df13],11,pass
tests/test_jsonplus.py::test_serde_jsonplus_pandas_dataframe[df13],12,pass
tests/test_jsonplus.py::test_serde_jsonplus_pandas_dataframe[df13],13,pass
tests/test_jsonplus.py::test_serde_jsonplus_pandas_dataframe[df13],14,pass
tests/test_jsonplus.py::test_serde_jsonplus_pandas_dataframe[df13],15,pass
tests/test_jsonplus.py::test_serde_jsonplus_pandas_dataframe[df13],16,pass
tests/test_jsonplus.py::test_serde_jsonplus_pandas_dataframe[df13],17,pass
tests/test_jsonplus.py::test_serde_jsonplus_pandas_dataframe[df13],18,pass
tests/test_jsonplus.py::test_serde_jsonplus_pandas_dataframe[df13],19,pass
tests/test_jsonplus.py::test_serde_jsonplus_pandas_dataframe[df13],20,pass
tests/test_jsonplus.py::test_serde_jsonplus_pandas_dataframe[df13],21,pass
tests/test_jsonplus.py::test_serde_jsonplus_pandas_dataframe[df13],22,pass
tests/test_jsonplus.py::test_serde_jsonplus_pandas_dataframe[df13],23,pass
tests/test_jsonplus.py::test_serde_jsonplus_pandas_dataframe[df13],24,pass
tests/test_jsonplus.py::test_serde_jsonplus_pandas_dataframe[df13],25,pass
tests/test_jsonplus.py::test_serde_jsonplus_pandas_dataframe[df13],26,pass
tests/test_jsonplus.py::test_serde_jsonplus_pandas_dataframe[df13],27,pass
tests/test_jsonplus.py::test_serde_jsonplus_pandas_dataframe[df13],28,pass
tests/test_jsonplus.py::test_serde_jsonplus_pandas_dataframe[df13],29,pass
tests/test_jsonplus.py::test_serde_jsonplus_pandas_dataframe[df13],30,pass
tests/test_jsonplus.py::test_serde_jsonplus_pandas_dataframe[df13],31,pass
tests/test_jsonplus.py::test_serde_jsonplus_pandas_dataframe[df13],32,pass
tests/test_jsonplus.py::test_serde_jsonplus_pandas_dataframe[df13],33,pass
tests/test_jsonplus.py::test_serde_jsonplus_pandas_dataframe[df13],34,pass
tests/test_jsonplus.py::test_serde_jsonplus_pandas_dataframe[df13],35,pass
tests/test_jsonplus.py::test_serde_jsonplus_pandas_dataframe[df13],36,pass
tests/test_jsonplus.py::test_serde_jsonplus_pandas_dataframe[df13],37,pass
tests/test_jsonplus.py::test_serde_jsonplus_pandas_dataframe[df13],38,pass
tests/test_jsonplus.py::test_serde_jsonplus_pandas_dataframe[df13],39,pass
tests/test_jsonplus.py::test_serde_jsonplus_pandas_dataframe[df13],40,pass
tests/test_jsonplus.py::test_serde_jsonplus_pandas_dataframe[df13],41,pass
tests/test_jsonplus.py::test_serde_jsonplus_pandas_dataframe[df13],42,pass
tests/test_jsonplus.py::test_serde_jsonplus_pandas_dataframe[df13],43,pass
tests/test_jsonplus.py::test_serde_jsonplus_pandas_dataframe[df13],44,pass
tests/test_jsonplus.py::test_serde_jsonplus_pandas_dataframe[df13],45,pass
tests/test_jsonplus.py::test_serde_jsonplus_pandas_dataframe[df13],46,pass
tests/test_jsonplus.py::test_serde_jsonplus_pandas_dataframe[df13],47,pass
tests/test_jsonplus.py::test_serde_jsonplus_pandas_dataframe[df13],48,pass
tests/test_jsonplus.py::test_serde_jsonplus_pandas_dataframe[df13],49,pass
tests/test_jsonplus.py::test_serde_jsonplus_pandas_dataframe[df13],50,pass
tests/test_jsonplus.py::test_serde_jsonplus_pandas_dataframe[df14],1,pass
tests/test_jsonplus.py::test_serde_jsonplus_pandas_dataframe[df14],2,pass
tests/test_jsonplus.py::test_serde_jsonplus_pandas_dataframe[df14],3,pass
tests/test_jsonplus.py::test_serde_jsonplus_pandas_dataframe[df14],4,pass
tests/test_jsonplus.py::test_serde_jsonplus_pandas_dataframe[df14],5,pass
tests/test_jsonplus.py::test_serde_jsonplus_pandas_dataframe[df14],6,pass
tests/test_jsonplus.py::test_serde_jsonplus_pandas_dataframe[df14],7,pass
tests/test_jsonplus.py::test_serde_jsonplus_pandas_dataframe[df14],8,pass
tests/test_jsonplus.py::test_serde_jsonplus_pandas_dataframe[df14],9,pass
tests/test_jsonplus.py::test_serde_jsonplus_pandas_dataframe[df14],10,pass
tests/test_jsonplus.py::test_serde_jsonplus_pandas_dataframe[df14],11,pass
tests/test_jsonplus.py::test_serde_jsonplus_pandas_dataframe[df14],12,pass
tests/test_jsonplus.py::test_serde_jsonplus_pandas_dataframe[df14],13,pass
tests/test_jsonplus.py::test_serde_jsonplus_pandas_dataframe[df14],14,pass
tests/test_jsonplus.py::test_serde_jsonplus_pandas_dataframe[df14],15,pass
tests/test_jsonplus.py::test_serde_jsonplus_pandas_dataframe[df14],16,pass
tests/test_jsonplus.py::test_serde_jsonplus_pandas_dataframe[df14],17,pass
tests/test_jsonplus.py::test_serde_jsonplus_pandas_dataframe[df14],18,pass
tests/test_jsonplus.py::test_serde_jsonplus_pandas_dataframe[df14],19,pass
tests/test_jsonplus.py::test_serde_jsonplus_pandas_dataframe[df14],20,pass
tests/test_jsonplus.py::test_serde_jsonplus_pandas_dataframe[df14],21,pass
tests/test_jsonplus.py::test_serde_jsonplus_pandas_dataframe[df14],22,pass
tests/test_jsonplus.py::test_serde_jsonplus_pandas_dataframe[df14],23,pass
tests/test_jsonplus.py::test_serde_jsonplus_pandas_dataframe[df14],24,pass
tests/test_jsonplus.py::test_serde_jsonplus_pandas_dataframe[df14],25,pass
tests/test_jsonplus.py::test_serde_jsonplus_pandas_dataframe[df14],26,pass
tests/test_jsonplus.py::test_serde_jsonplus_pandas_dataframe[df14],27,pass
tests/test_jsonplus.py::test_serde_jsonplus_pandas_dataframe[df14],28,pass
tests/test_jsonplus.py::test_serde_jsonplus_pandas_dataframe[df14],29,pass
tests/test_jsonplus.py::test_serde_jsonplus_pandas_dataframe[df14],30,pass
tests/test_jsonplus.py::test_serde_jsonplus_pandas_dataframe[df14],31,pass
tests/test_jsonplus.py::test_serde_jsonplus_pandas_dataframe[df14],32,pass
tests/test_jsonplus.py::test_serde_jsonplus_pandas_dataframe[df14],33,pass
tests/test_jsonplus.py::test_serde_jsonplus_pandas_dataframe[df14],34,pass
tests/test_jsonplus.py::test_serde_jsonplus_pandas_dataframe[df14],35,pass
tests/test_jsonplus.py::test_serde_jsonplus_pandas_dataframe[df14],36,pass
tests/test_jsonplus.py::test_serde_jsonplus_pandas_dataframe[df14],37,pass
tests/test_jsonplus.py::test_serde_jsonplus_pandas_dataframe[df14],38,pass
tests/test_jsonplus.py::test_serde_jsonplus_pandas_dataframe[df14],39,pass
tests/test_jsonplus.py::test_serde_jsonplus_pandas_dataframe[df14],40,pass
tests/test_jsonplus.py::test_serde_jsonplus_pandas_dataframe[df14],41,pass
tests/test_jsonplus.py::test_serde_jsonplus_pandas_dataframe[df14],42,pass
tests/test_jsonplus.py::test_serde_jsonplus_pandas_dataframe[df14],43,pass
tests/test_jsonplus.py::test_serde_jsonplus_pandas_dataframe[df14],44,pass
tests/test_jsonplus.py::test_serde_jsonplus_pandas_dataframe[df14],45,pass
tests/test_jsonplus.py::test_serde_jsonplus_pandas_dataframe[df14],46,pass
tests/test_jsonplus.py::test_serde_jsonplus_pandas_dataframe[df14],47,pass
tests/test_jsonplus.py::test_serde_jsonplus_pandas_dataframe[df14],48,pass
tests/test_jsonplus.py::test_serde_jsonplus_pandas_dataframe[df14],49,pass
tests/test_jsonplus.py::test_serde_jsonplus_pandas_dataframe[df14],50,pass
tests/test_jsonplus.py::test_serde_jsonplus_pandas_dataframe[df15],1,pass
tests/test_jsonplus.py::test_serde_jsonplus_pandas_dataframe[df15],2,pass
tests/test_jsonplus.py::test_serde_jsonplus_pandas_dataframe[df15],3,pass
tests/test_jsonplus.py::test_serde_jsonplus_pandas_dataframe[df15],4,pass
tests/test_jsonplus.py::test_serde_jsonplus_pandas_dataframe[df15],5,pass
tests/test_jsonplus.py::test_serde_jsonplus_pandas_dataframe[df15],6,pass
tests/test_jsonplus.py::test_serde_jsonplus_pandas_dataframe[df15],7,pass
tests/test_jsonplus.py::test_serde_jsonplus_pandas_dataframe[df15],8,pass
tests/test_jsonplus.py::test_serde_jsonplus_pandas_dataframe[df15],9,pass
tests/test_jsonplus.py::test_serde_jsonplus_pandas_dataframe[df15],10,pass
tests/test_jsonplus.py::test_serde_jsonplus_pandas_dataframe[df15],11,pass
tests/test_jsonplus.py::test_serde_jsonplus_pandas_dataframe[df15],12,pass
tests/test_jsonplus.py::test_serde_jsonplus_pandas_dataframe[df15],13,pass
tests/test_jsonplus.py::test_serde_jsonplus_pandas_dataframe[df15],14,pass
tests/test_jsonplus.py::test_serde_jsonplus_pandas_dataframe[df15],15,pass
tests/test_jsonplus.py::test_serde_jsonplus_pandas_dataframe[df15],16,pass
tests/test_jsonplus.py::test_serde_jsonplus_pandas_dataframe[df15],17,pass
tests/test_jsonplus.py::test_serde_jsonplus_pandas_dataframe[df15],18,pass
tests/test_jsonplus.py::test_serde_jsonplus_pandas_dataframe[df15],19,pass
tests/test_jsonplus.py::test_serde_jsonplus_pandas_dataframe[df15],20,pass
tests/test_jsonplus.py::test_serde_jsonplus_pandas_dataframe[df15],21,pass
tests/test_jsonplus.py::test_serde_jsonplus_pandas_dataframe[df15],22,pass
tests/test_jsonplus.py::test_serde_jsonplus_pandas_dataframe[df15],23,pass
tests/test_jsonplus.py::test_serde_jsonplus_pandas_dataframe[df15],24,pass
tests/test_jsonplus.py::test_serde_jsonplus_pandas_dataframe[df15],25,pass
tests/test_jsonplus.py::test_serde_jsonplus_pandas_dataframe[df15],26,pass
tests/test_jsonplus.py::test_serde_jsonplus_pandas_dataframe[df15],27,pass
tests/test_jsonplus.py::test_serde_jsonplus_pandas_dataframe[df15],28,pass
tests/test_jsonplus.py::test_serde_jsonplus_pandas_dataframe[df15],29,pass
tests/test_jsonplus.py::test_serde_jsonplus_pandas_dataframe[df15],30,pass
tests/test_jsonplus.py::test_serde_jsonplus_pandas_dataframe[df15],31,pass
tests/test_jsonplus.py::test_serde_jsonplus_pandas_dataframe[df15],32,pass
tests/test_jsonplus.py::test_serde_jsonplus_pandas_dataframe[df15],33,pass
tests/test_jsonplus.py::test_serde_jsonplus_pandas_dataframe[df15],34,pass
tests/test_jsonplus.py::test_serde_jsonplus_pandas_dataframe[df15],35,pass
tests/test_jsonplus.py::test_serde_jsonplus_pandas_dataframe[df15],36,pass
tests/test_jsonplus.py::test_serde_jsonplus_pandas_dataframe[df15],37,pass
tests/test_jsonplus.py::test_serde_jsonplus_pandas_dataframe[df15],38,pass
tests/test_jsonplus.py::test_serde_jsonplus_pandas_dataframe[df15],39,pass
tests/test_jsonplus.py::test_serde_jsonplus_pandas_dataframe[df15],40,pass
tests/test_jsonplus.py::test_serde_jsonplus_pandas_dataframe[df15],41,pass
tests/test_jsonplus.py::test_serde_jsonplus_pandas_dataframe[df15],42,pass
tests/test_jsonplus.py::test_serde_jsonplus_pandas_dataframe[df15],43,pass
tests/test_jsonplus.py::test_serde_jsonplus_pandas_dataframe[df15],44,pass
tests/test_jsonplus.py::test_serde_jsonplus_pandas_dataframe[df15],45,pass
tests/test_jsonplus.py::test_serde_jsonplus_pandas_dataframe[df15],46,pass
tests/test_jsonplus.py::test_serde_jsonplus_pandas_dataframe[df15],47,pass
tests/test_jsonplus.py::test_serde_jsonplus_pandas_dataframe[df15],48,pass
tests/test_jsonplus.py::test_serde_jsonplus_pandas_dataframe[df15],49,pass
tests/test_jsonplus.py::test_serde_jsonplus_pandas_dataframe[df15],50,pass
tests/test_jsonplus.py::test_serde_jsonplus_pandas_dataframe[df16],1,pass
tests/test_jsonplus.py::test_serde_jsonplus_pandas_dataframe[df16],2,pass
tests/test_jsonplus.py::test_serde_jsonplus_pandas_dataframe[df16],3,pass
tests/test_jsonplus.py::test_serde_jsonplus_pandas_dataframe[df16],4,pass
tests/test_jsonplus.py::test_serde_jsonplus_pandas_dataframe[df16],5,pass
tests/test_jsonplus.py::test_serde_jsonplus_pandas_dataframe[df16],6,pass
tests/test_jsonplus.py::test_serde_jsonplus_pandas_dataframe[df16],7,pass
tests/test_jsonplus.py::test_serde_jsonplus_pandas_dataframe[df16],8,pass
tests/test_jsonplus.py::test_serde_jsonplus_pandas_dataframe[df16],9,pass
tests/test_jsonplus.py::test_serde_jsonplus_pandas_dataframe[df16],10,pass
tests/test_jsonplus.py::test_serde_jsonplus_pandas_dataframe[df16],11,pass
tests/test_jsonplus.py::test_serde_jsonplus_pandas_dataframe[df16],12,pass
tests/test_jsonplus.py::test_serde_jsonplus_pandas_dataframe[df16],13,pass
tests/test_jsonplus.py::test_serde_jsonplus_pandas_dataframe[df16],14,pass
tests/test_jsonplus.py::test_serde_jsonplus_pandas_dataframe[df16],15,pass
tests/test_jsonplus.py::test_serde_jsonplus_pandas_dataframe[df16],16,pass
tests/test_jsonplus.py::test_serde_jsonplus_pandas_dataframe[df16],17,pass
tests/test_jsonplus.py::test_serde_jsonplus_pandas_dataframe[df16],18,pass
tests/test_jsonplus.py::test_serde_jsonplus_pandas_dataframe[df16],19,pass
tests/test_jsonplus.py::test_serde_jsonplus_pandas_dataframe[df16],20,pass
tests/test_jsonplus.py::test_serde_jsonplus_pandas_dataframe[df16],21,pass
tests/test_jsonplus.py::test_serde_jsonplus_pandas_dataframe[df16],22,pass
tests/test_jsonplus.py::test_serde_jsonplus_pandas_dataframe[df16],23,pass
tests/test_jsonplus.py::test_serde_jsonplus_pandas_dataframe[df16],24,pass
tests/test_jsonplus.py::test_serde_jsonplus_pandas_dataframe[df16],25,pass
tests/test_jsonplus.py::test_serde_jsonplus_pandas_dataframe[df16],26,pass
tests/test_jsonplus.py::test_serde_jsonplus_pandas_dataframe[df16],27,pass
tests/test_jsonplus.py::test_serde_jsonplus_pandas_dataframe[df16],28,pass
tests/test_jsonplus.py::test_serde_jsonplus_pandas_dataframe[df16],29,pass
tests/test_jsonplus.py::test_serde_jsonplus_pandas_dataframe[df16],30,pass
tests/test_jsonplus.py::test_serde_jsonplus_pandas_dataframe[df16],31,pass
tests/test_jsonplus.py::test_serde_jsonplus_pandas_dataframe[df16],32,pass
tests/test_jsonplus.py::test_serde_jsonplus_pandas_dataframe[df16],33,pass
tests/test_jsonplus.py::test_serde_jsonplus_pandas_dataframe[df16],34,pass
tests/test_jsonplus.py::test_serde_jsonplus_pandas_dataframe[df16],35,pass
tests/test_jsonplus.py::test_serde_jsonplus_pandas_dataframe[df16],36,pass
tests/test_jsonplus.py::test_serde_jsonplus_pandas_dataframe[df16],37,pass
tests/test_jsonplus.py::test_serde_jsonplus_pandas_dataframe[df16],38,pass
tests/test_jsonplus.py::test_serde_jsonplus_pandas_dataframe[df16],39,pass
tests/test_jsonplus.py::test_serde_jsonplus_pandas_dataframe[df16],40,pass
tests/test_jsonplus.py::test_serde_jsonplus_pandas_dataframe[df16],41,pass
tests/test_jsonplus.py::test_serde_jsonplus_pandas_dataframe[df16],42,pass
tests/test_jsonplus.py::test_serde_jsonplus_pandas_dataframe[df16],43,pass
tests/test_jsonplus.py::test_serde_jsonplus_pandas_dataframe[df16],44,pass
tests/test_jsonplus.py::test_serde_jsonplus_pandas_dataframe[df16],45,pass
tests/test_jsonplus.py::test_serde_jsonplus_pandas_dataframe[df16],46,pass
tests/test_jsonplus.py::test_serde_jsonplus_pandas_dataframe[df16],47,pass
tests/test_jsonplus.py::test_serde_jsonplus_pandas_dataframe[df16],48,pass
tests/test_jsonplus.py::test_serde_jsonplus_pandas_dataframe[df16],49,pass
tests/test_jsonplus.py::test_serde_jsonplus_pandas_dataframe[df16],50,pass
tests/test_jsonplus.py::test_serde_jsonplus_pandas_dataframe[df17],1,pass
tests/test_jsonplus.py::test_serde_jsonplus_pandas_dataframe[df17],2,pass
tests/test_jsonplus.py::test_serde_jsonplus_pandas_dataframe[df17],3,pass
tests/test_jsonplus.py::test_serde_jsonplus_pandas_dataframe[df17],4,pass
tests/test_jsonplus.py::test_serde_jsonplus_pandas_dataframe[df17],5,pass
tests/test_jsonplus.py::test_serde_jsonplus_pandas_dataframe[df17],6,pass
tests/test_jsonplus.py::test_serde_jsonplus_pandas_dataframe[df17],7,pass
tests/test_jsonplus.py::test_serde_jsonplus_pandas_dataframe[df17],8,pass
tests/test_jsonplus.py::test_serde_jsonplus_pandas_dataframe[df17],9,pass
tests/test_jsonplus.py::test_serde_jsonplus_pandas_dataframe[df17],10,pass
tests/test_jsonplus.py::test_serde_jsonplus_pandas_dataframe[df17],11,pass
tests/test_jsonplus.py::test_serde_jsonplus_pandas_dataframe[df17],12,pass
tests/test_jsonplus.py::test_serde_jsonplus_pandas_dataframe[df17],13,pass
tests/test_jsonplus.py::test_serde_jsonplus_pandas_dataframe[df17],14,pass
tests/test_jsonplus.py::test_serde_jsonplus_pandas_dataframe[df17],15,pass
tests/test_jsonplus.py::test_serde_jsonplus_pandas_dataframe[df17],16,pass
tests/test_jsonplus.py::test_serde_jsonplus_pandas_dataframe[df17],17,pass
tests/test_jsonplus.py::test_serde_jsonplus_pandas_dataframe[df17],18,pass
tests/test_jsonplus.py::test_serde_jsonplus_pandas_dataframe[df17],19,pass
tests/test_jsonplus.py::test_serde_jsonplus_pandas_dataframe[df17],20,pass
tests/test_jsonplus.py::test_serde_jsonplus_pandas_dataframe[df17],21,pass
tests/test_jsonplus.py::test_serde_jsonplus_pandas_dataframe[df17],22,pass
tests/test_jsonplus.py::test_serde_jsonplus_pandas_dataframe[df17],23,pass
tests/test_jsonplus.py::test_serde_jsonplus_pandas_dataframe[df17],24,pass
tests/test_jsonplus.py::test_serde_jsonplus_pandas_dataframe[df17],25,pass
tests/test_jsonplus.py::test_serde_jsonplus_pandas_dataframe[df17],26,pass
tests/test_jsonplus.py::test_serde_jsonplus_pandas_dataframe[df17],27,pass
tests/test_jsonplus.py::test_serde_jsonplus_pandas_dataframe[df17],28,pass
tests/test_jsonplus.py::test_serde_jsonplus_pandas_dataframe[df17],29,pass
tests/test_jsonplus.py::test_serde_jsonplus_pandas_dataframe[df17],30,pass
tests/test_jsonplus.py::test_serde_jsonplus_pandas_dataframe[df17],31,pass
tests/test_jsonplus.py::test_serde_jsonplus_pandas_dataframe[df17],32,pass
tests/test_jsonplus.py::test_serde_jsonplus_pandas_dataframe[df17],33,pass
tests/test_jsonplus.py::test_serde_jsonplus_pandas_dataframe[df17],34,pass
tests/test_jsonplus.py::test_serde_jsonplus_pandas_dataframe[df17],35,pass
tests/test_jsonplus.py::test_serde_jsonplus_pandas_dataframe[df17],36,pass
tests/test_jsonplus.py::test_serde_jsonplus_pandas_dataframe[df17],37,pass
tests/test_jsonplus.py::test_serde_jsonplus_pandas_dataframe[df17],38,pass
tests/test_jsonplus.py::test_serde_jsonplus_pandas_dataframe[df17],39,pass
tests/test_jsonplus.py::test_serde_jsonplus_pandas_dataframe[df17],40,pass
tests/test_jsonplus.py::test_serde_jsonplus_pandas_dataframe[df17],41,pass
tests/test_jsonplus.py::test_serde_jsonplus_pandas_dataframe[df17],42,pass
tests/test_jsonplus.py::test_serde_jsonplus_pandas_dataframe[df17],43,pass
tests/test_jsonplus.py::test_serde_jsonplus_pandas_dataframe[df17],44,pass
tests/test_jsonplus.py::test_serde_jsonplus_pandas_dataframe[df17],45,pass
tests/test_jsonplus.py::test_serde_jsonplus_pandas_dataframe[df17],46,pass
tests/test_jsonplus.py::test_serde_jsonplus_pandas_dataframe[df17],47,pass
tests/test_jsonplus.py::test_serde_jsonplus_pandas_dataframe[df17],48,pass
tests/test_jsonplus.py::test_serde_jsonplus_pandas_dataframe[df17],49,pass
tests/test_jsonplus.py::test_serde_jsonplus_pandas_dataframe[df17],50,pass
tests/test_jsonplus.py::test_serde_jsonplus_pandas_dataframe[df18],1,pass
tests/test_jsonplus.py::test_serde_jsonplus_pandas_dataframe[df18],2,pass
tests/test_jsonplus.py::test_serde_jsonplus_pandas_dataframe[df18],3,pass
tests/test_jsonplus.py::test_serde_jsonplus_pandas_dataframe[df18],4,pass
tests/test_jsonplus.py::test_serde_jsonplus_pandas_dataframe[df18],5,pass
tests/test_jsonplus.py::test_serde_jsonplus_pandas_dataframe[df18],6,pass
tests/test_jsonplus.py::test_serde_jsonplus_pandas_dataframe[df18],7,pass
tests/test_jsonplus.py::test_serde_jsonplus_pandas_dataframe[df18],8,pass
tests/test_jsonplus.py::test_serde_jsonplus_pandas_dataframe[df18],9,pass
tests/test_jsonplus.py::test_serde_jsonplus_pandas_dataframe[df18],10,pass
tests/test_jsonplus.py::test_serde_jsonplus_pandas_dataframe[df18],11,pass
tests/test_jsonplus.py::test_serde_jsonplus_pandas_dataframe[df18],12,pass
tests/test_jsonplus.py::test_serde_jsonplus_pandas_dataframe[df18],13,pass
tests/test_jsonplus.py::test_serde_jsonplus_pandas_dataframe[df18],14,pass
tests/test_jsonplus.py::test_serde_jsonplus_pandas_dataframe[df18],15,pass
tests/test_jsonplus.py::test_serde_jsonplus_pandas_dataframe[df18],16,pass
tests/test_jsonplus.py::test_serde_jsonplus_pandas_dataframe[df18],17,pass
tests/test_jsonplus.py::test_serde_jsonplus_pandas_dataframe[df18],18,pass
tests/test_jsonplus.py::test_serde_jsonplus_pandas_dataframe[df18],19,pass
tests/test_jsonplus.py::test_serde_jsonplus_pandas_dataframe[df18],20,pass
tests/test_jsonplus.py::test_serde_jsonplus_pandas_dataframe[df18],21,pass
tests/test_jsonplus.py::test_serde_jsonplus_pandas_dataframe[df18],22,pass
tests/test_jsonplus.py::test_serde_jsonplus_pandas_dataframe[df18],23,pass
tests/test_jsonplus.py::test_serde_jsonplus_pandas_dataframe[df18],24,pass
tests/test_jsonplus.py::test_serde_jsonplus_pandas_dataframe[df18],25,pass
tests/test_jsonplus.py::test_serde_jsonplus_pandas_dataframe[df18],26,pass
tests/test_jsonplus.py::test_serde_jsonplus_pandas_dataframe[df18],27,pass
tests/test_jsonplus.py::test_serde_jsonplus_pandas_dataframe[df18],28,pass
tests/test_jsonplus.py::test_serde_jsonplus_pandas_dataframe[df18],29,pass
tests/test_jsonplus.py::test_serde_jsonplus_pandas_dataframe[df18],30,pass
tests/test_jsonplus.py::test_serde_jsonplus_pandas_dataframe[df18],31,pass
tests/test_jsonplus.py::test_serde_jsonplus_pandas_dataframe[df18],32,pass
tests/test_jsonplus.py::test_serde_jsonplus_pandas_dataframe[df18],33,pass
tests/test_jsonplus.py::test_serde_jsonplus_pandas_dataframe[df18],34,pass
tests/test_jsonplus.py::test_serde_jsonplus_pandas_dataframe[df18],35,pass
tests/test_jsonplus.py::test_serde_jsonplus_pandas_dataframe[df18],36,pass
tests/test_jsonplus.py::test_serde_jsonplus_pandas_dataframe[df18],37,pass
tests/test_jsonplus.py::test_serde_jsonplus_pandas_dataframe[df18],38,pass
tests/test_jsonplus.py::test_serde_jsonplus_pandas_dataframe[df18],39,pass
tests/test_jsonplus.py::test_serde_jsonplus_pandas_dataframe[df18],40,pass
tests/test_jsonplus.py::test_serde_jsonplus_pandas_dataframe[df18],41,pass
tests/test_jsonplus.py::test_serde_jsonplus_pandas_dataframe[df18],42,pass
tests/test_jsonplus.py::test_serde_jsonplus_pandas_dataframe[df18],43,pass
tests/test_jsonplus.py::test_serde_jsonplus_pandas_dataframe[df18],44,pass
tests/test_jsonplus.py::test_serde_jsonplus_pandas_dataframe[df18],45,pass
tests/test_jsonplus.py::test_serde_jsonplus_pandas_dataframe[df18],46,pass
tests/test_jsonplus.py::test_serde_jsonplus_pandas_dataframe[df18],47,pass
tests/test_jsonplus.py::test_serde_jsonplus_pandas_dataframe[df18],48,pass
tests/test_jsonplus.py::test_serde_jsonplus_pandas_dataframe[df18],49,pass
tests/test_jsonplus.py::test_serde_jsonplus_pandas_dataframe[df18],50,pass
tests/test_jsonplus.py::test_serde_jsonplus_pandas_dataframe[df19],1,pass
tests/test_jsonplus.py::test_serde_jsonplus_pandas_dataframe[df19],2,pass
tests/test_jsonplus.py::test_serde_jsonplus_pandas_dataframe[df19],3,pass
tests/test_jsonplus.py::test_serde_jsonplus_pandas_dataframe[df19],4,pass
tests/test_jsonplus.py::test_serde_jsonplus_pandas_dataframe[df19],5,pass
tests/test_jsonplus.py::test_serde_jsonplus_pandas_dataframe[df19],6,pass
tests/test_jsonplus.py::test_serde_jsonplus_pandas_dataframe[df19],7,pass
tests/test_jsonplus.py::test_serde_jsonplus_pandas_dataframe[df19],8,pass
tests/test_jsonplus.py::test_serde_jsonplus_pandas_dataframe[df19],9,pass
tests/test_jsonplus.py::test_serde_jsonplus_pandas_dataframe[df19],10,pass
tests/test_jsonplus.py::test_serde_jsonplus_pandas_dataframe[df19],11,pass
tests/test_jsonplus.py::test_serde_jsonplus_pandas_dataframe[df19],12,pass
tests/test_jsonplus.py::test_serde_jsonplus_pandas_dataframe[df19],13,pass
tests/test_jsonplus.py::test_serde_jsonplus_pandas_dataframe[df19],14,pass
tests/test_jsonplus.py::test_serde_jsonplus_pandas_dataframe[df19],15,pass
tests/test_jsonplus.py::test_serde_jsonplus_pandas_dataframe[df19],16,pass
tests/test_jsonplus.py::test_serde_jsonplus_pandas_dataframe[df19],17,pass
tests/test_jsonplus.py::test_serde_jsonplus_pandas_dataframe[df19],18,pass
tests/test_jsonplus.py::test_serde_jsonplus_pandas_dataframe[df19],19,pass
tests/test_jsonplus.py::test_serde_jsonplus_pandas_dataframe[df19],20,pass
tests/test_jsonplus.py::test_serde_jsonplus_pandas_dataframe[df19],21,pass
tests/test_jsonplus.py::test_serde_jsonplus_pandas_dataframe[df19],22,pass
tests/test_jsonplus.py::test_serde_jsonplus_pandas_dataframe[df19],23,pass
tests/test_jsonplus.py::test_serde_jsonplus_pandas_dataframe[df19],24,pass
tests/test_jsonplus.py::test_serde_jsonplus_pandas_dataframe[df19],25,pass
tests/test_jsonplus.py::test_serde_jsonplus_pandas_dataframe[df19],26,pass
tests/test_jsonplus.py::test_serde_jsonplus_pandas_dataframe[df19],27,pass
tests/test_jsonplus.py::test_serde_jsonplus_pandas_dataframe[df19],28,pass
tests/test_jsonplus.py::test_serde_jsonplus_pandas_dataframe[df19],29,pass
tests/test_jsonplus.py::test_serde_jsonplus_pandas_dataframe[df19],30,pass
tests/test_jsonplus.py::test_serde_jsonplus_pandas_dataframe[df19],31,pass
tests/test_jsonplus.py::test_serde_jsonplus_pandas_dataframe[df19],32,pass
tests/test_jsonplus.py::test_serde_jsonplus_pandas_dataframe[df19],33,pass
tests/test_jsonplus.py::test_serde_jsonplus_pandas_dataframe[df19],34,pass
tests/test_jsonplus.py::test_serde_jsonplus_pandas_dataframe[df19],35,pass
tests/test_jsonplus.py::test_serde_jsonplus_pandas_dataframe[df19],36,pass
tests/test_jsonplus.py::test_serde_jsonplus_pandas_dataframe[df19],37,pass
tests/test_jsonplus.py::test_serde_jsonplus_pandas_dataframe[df19],38,pass
tests/test_jsonplus.py::test_serde_jsonplus_pandas_dataframe[df19],39,pass
tests/test_jsonplus.py::test_serde_jsonplus_pandas_dataframe[df19],40,pass
tests/test_jsonplus.py::test_serde_jsonplus_pandas_dataframe[df19],41,pass
tests/test_jsonplus.py::test_serde_jsonplus_pandas_dataframe[df19],42,pass
tests/test_jsonplus.py::test_serde_jsonplus_pandas_dataframe[df19],43,pass
tests/test_jsonplus.py::test_serde_jsonplus_pandas_dataframe[df19],44,pass
tests/test_jsonplus.py::test_serde_jsonplus_pandas_dataframe[df19],45,pass
tests/test_jsonplus.py::test_serde_jsonplus_pandas_dataframe[df19],46,pass
tests/test_jsonplus.py::test_serde_jsonplus_pandas_dataframe[df19],47,pass
tests/test_jsonplus.py::test_serde_jsonplus_pandas_dataframe[df19],48,pass
tests/test_jsonplus.py::test_serde_jsonplus_pandas_dataframe[df19],49,pass
tests/test_jsonplus.py::test_serde_jsonplus_pandas_dataframe[df19],50,pass
tests/test_jsonplus.py::test_serde_jsonplus_pandas_dataframe[df1],1,pass
tests/test_jsonplus.py::test_serde_jsonplus_pandas_dataframe[df1],2,pass
tests/test_jsonplus.py::test_serde_jsonplus_pandas_dataframe[df1],3,pass
tests/test_jsonplus.py::test_serde_jsonplus_pandas_dataframe[df1],4,pass
tests/test_jsonplus.py::test_serde_jsonplus_pandas_dataframe[df1],5,pass
tests/test_jsonplus.py::test_serde_jsonplus_pandas_dataframe[df1],6,pass
tests/test_jsonplus.py::test_serde_jsonplus_pandas_dataframe[df1],7,pass
tests/test_jsonplus.py::test_serde_jsonplus_pandas_dataframe[df1],8,pass
tests/test_jsonplus.py::test_serde_jsonplus_pandas_dataframe[df1],9,pass
tests/test_jsonplus.py::test_serde_jsonplus_pandas_dataframe[df1],10,pass
tests/test_jsonplus.py::test_serde_jsonplus_pandas_dataframe[df1],11,pass
tests/test_jsonplus.py::test_serde_jsonplus_pandas_dataframe[df1],12,pass
tests/test_jsonplus.py::test_serde_jsonplus_pandas_dataframe[df1],13,pass
tests/test_jsonplus.py::test_serde_jsonplus_pandas_dataframe[df1],14,pass
tests/test_jsonplus.py::test_serde_jsonplus_pandas_dataframe[df1],15,pass
tests/test_jsonplus.py::test_serde_jsonplus_pandas_dataframe[df1],16,pass
tests/test_jsonplus.py::test_serde_jsonplus_pandas_dataframe[df1],17,pass
tests/test_jsonplus.py::test_serde_jsonplus_pandas_dataframe[df1],18,pass
tests/test_jsonplus.py::test_serde_jsonplus_pandas_dataframe[df1],19,pass
tests/test_jsonplus.py::test_serde_jsonplus_pandas_dataframe[df1],20,pass
tests/test_jsonplus.py::test_serde_jsonplus_pandas_dataframe[df1],21,pass
tests/test_jsonplus.py::test_serde_jsonplus_pandas_dataframe[df1],22,pass
tests/test_jsonplus.py::test_serde_jsonplus_pandas_dataframe[df1],23,pass
tests/test_jsonplus.py::test_serde_jsonplus_pandas_dataframe[df1],24,pass
tests/test_jsonplus.py::test_serde_jsonplus_pandas_dataframe[df1],25,pass
tests/test_jsonplus.py::test_serde_jsonplus_pandas_dataframe[df1],26,pass
tests/test_jsonplus.py::test_serde_jsonplus_pandas_dataframe[df1],27,pass
tests/test_jsonplus.py::test_serde_jsonplus_pandas_dataframe[df1],28,pass
tests/test_jsonplus.py::test_serde_jsonplus_pandas_dataframe[df1],29,pass
tests/test_jsonplus.py::test_serde_jsonplus_pandas_dataframe[df1],30,pass
tests/test_jsonplus.py::test_serde_jsonplus_pandas_dataframe[df1],31,pass
tests/test_jsonplus.py::test_serde_jsonplus_pandas_dataframe[df1],32,pass
tests/test_jsonplus.py::test_serde_jsonplus_pandas_dataframe[df1],33,pass
tests/test_jsonplus.py::test_serde_jsonplus_pandas_dataframe[df1],34,pass
tests/test_jsonplus.py::test_serde_jsonplus_pandas_dataframe[df1],35,pass
tests/test_jsonplus.py::test_serde_jsonplus_pandas_dataframe[df1],36,pass
tests/test_jsonplus.py::test_serde_jsonplus_pandas_dataframe[df1],37,pass
tests/test_jsonplus.py::test_serde_jsonplus_pandas_dataframe[df1],38,pass
tests/test_jsonplus.py::test_serde_jsonplus_pandas_dataframe[df1],39,pass
tests/test_jsonplus.py::test_serde_jsonplus_pandas_dataframe[df1],40,pass
tests/test_jsonplus.py::test_serde_jsonplus_pandas_dataframe[df1],41,pass
tests/test_jsonplus.py::test_serde_jsonplus_pandas_dataframe[df1],42,pass
tests/test_jsonplus.py::test_serde_jsonplus_pandas_dataframe[df1],43,pass
tests/test_jsonplus.py::test_serde_jsonplus_pandas_dataframe[df1],44,pass
tests/test_jsonplus.py::test_serde_jsonplus_pandas_dataframe[df1],45,pass
tests/test_jsonplus.py::test_serde_jsonplus_pandas_dataframe[df1],46,pass
tests/test_jsonplus.py::test_serde_jsonplus_pandas_dataframe[df1],47,pass
tests/test_jsonplus.py::test_serde_jsonplus_pandas_dataframe[df1],48,pass
tests/test_jsonplus.py::test_serde_jsonplus_pandas_dataframe[df1],49,pass
tests/test_jsonplus.py::test_serde_jsonplus_pandas_dataframe[df1],50,pass
tests/test_jsonplus.py::test_serde_jsonplus_pandas_dataframe[df20],1,pass
tests/test_jsonplus.py::test_serde_jsonplus_pandas_dataframe[df20],2,pass
tests/test_jsonplus.py::test_serde_jsonplus_pandas_dataframe[df20],3,pass
tests/test_jsonplus.py::test_serde_jsonplus_pandas_dataframe[df20],4,pass
tests/test_jsonplus.py::test_serde_jsonplus_pandas_dataframe[df20],5,pass
tests/test_jsonplus.py::test_serde_jsonplus_pandas_dataframe[df20],6,pass
tests/test_jsonplus.py::test_serde_jsonplus_pandas_dataframe[df20],7,pass
tests/test_jsonplus.py::test_serde_jsonplus_pandas_dataframe[df20],8,pass
tests/test_jsonplus.py::test_serde_jsonplus_pandas_dataframe[df20],9,pass
tests/test_jsonplus.py::test_serde_jsonplus_pandas_dataframe[df20],10,pass
tests/test_jsonplus.py::test_serde_jsonplus_pandas_dataframe[df20],11,pass
tests/test_jsonplus.py::test_serde_jsonplus_pandas_dataframe[df20],12,pass
tests/test_jsonplus.py::test_serde_jsonplus_pandas_dataframe[df20],13,pass
tests/test_jsonplus.py::test_serde_jsonplus_pandas_dataframe[df20],14,pass
tests/test_jsonplus.py::test_serde_jsonplus_pandas_dataframe[df20],15,pass
tests/test_jsonplus.py::test_serde_jsonplus_pandas_dataframe[df20],16,pass
tests/test_jsonplus.py::test_serde_jsonplus_pandas_dataframe[df20],17,pass
tests/test_jsonplus.py::test_serde_jsonplus_pandas_dataframe[df20],18,pass
tests/test_jsonplus.py::test_serde_jsonplus_pandas_dataframe[df20],19,pass
tests/test_jsonplus.py::test_serde_jsonplus_pandas_dataframe[df20],20,pass
tests/test_jsonplus.py::test_serde_jsonplus_pandas_dataframe[df20],21,pass
tests/test_jsonplus.py::test_serde_jsonplus_pandas_dataframe[df20],22,pass
tests/test_jsonplus.py::test_serde_jsonplus_pandas_dataframe[df20],23,pass
tests/test_jsonplus.py::test_serde_jsonplus_pandas_dataframe[df20],24,pass
tests/test_jsonplus.py::test_serde_jsonplus_pandas_dataframe[df20],25,pass
tests/test_jsonplus.py::test_serde_jsonplus_pandas_dataframe[df20],26,pass
tests/test_jsonplus.py::test_serde_jsonplus_pandas_dataframe[df20],27,pass
tests/test_jsonplus.py::test_serde_jsonplus_pandas_dataframe[df20],28,pass
tests/test_jsonplus.py::test_serde_jsonplus_pandas_dataframe[df20],29,pass
tests/test_jsonplus.py::test_serde_jsonplus_pandas_dataframe[df20],30,pass
tests/test_jsonplus.py::test_serde_jsonplus_pandas_dataframe[df20],31,pass
tests/test_jsonplus.py::test_serde_jsonplus_pandas_dataframe[df20],32,pass
tests/test_jsonplus.py::test_serde_jsonplus_pandas_dataframe[df20],33,pass
tests/test_jsonplus.py::test_serde_jsonplus_pandas_dataframe[df20],34,pass
tests/test_jsonplus.py::test_serde_jsonplus_pandas_dataframe[df20],35,pass
tests/test_jsonplus.py::test_serde_jsonplus_pandas_dataframe[df20],36,pass
tests/test_jsonplus.py::test_serde_jsonplus_pandas_dataframe[df20],37,pass
tests/test_jsonplus.py::test_serde_jsonplus_pandas_dataframe[df20],38,pass
tests/test_jsonplus.py::test_serde_jsonplus_pandas_dataframe[df20],39,pass
tests/test_jsonplus.py::test_serde_jsonplus_pandas_dataframe[df20],40,pass
tests/test_jsonplus.py::test_serde_jsonplus_pandas_dataframe[df20],41,pass
tests/test_jsonplus.py::test_serde_jsonplus_pandas_dataframe[df20],42,pass
tests/test_jsonplus.py::test_serde_jsonplus_pandas_dataframe[df20],43,pass
tests/test_jsonplus.py::test_serde_jsonplus_pandas_dataframe[df20],44,pass
tests/test_jsonplus.py::test_serde_jsonplus_pandas_dataframe[df20],45,pass
tests/test_jsonplus.py::test_serde_jsonplus_pandas_dataframe[df20],46,pass
tests/test_jsonplus.py::test_serde_jsonplus_pandas_dataframe[df20],47,pass
tests/test_jsonplus.py::test_serde_jsonplus_pandas_dataframe[df20],48,pass
tests/test_jsonplus.py::test_serde_jsonplus_pandas_dataframe[df20],49,pass
tests/test_jsonplus.py::test_serde_jsonplus_pandas_dataframe[df20],50,pass
tests/test_jsonplus.py::test_serde_jsonplus_pandas_dataframe[df21],1,pass
tests/test_jsonplus.py::test_serde_jsonplus_pandas_dataframe[df21],2,pass
tests/test_jsonplus.py::test_serde_jsonplus_pandas_dataframe[df21],3,pass
tests/test_jsonplus.py::test_serde_jsonplus_pandas_dataframe[df21],4,pass
tests/test_jsonplus.py::test_serde_jsonplus_pandas_dataframe[df21],5,pass
tests/test_jsonplus.py::test_serde_jsonplus_pandas_dataframe[df21],6,pass
tests/test_jsonplus.py::test_serde_jsonplus_pandas_dataframe[df21],7,pass
tests/test_jsonplus.py::test_serde_jsonplus_pandas_dataframe[df21],8,pass
tests/test_jsonplus.py::test_serde_jsonplus_pandas_dataframe[df21],9,pass
tests/test_jsonplus.py::test_serde_jsonplus_pandas_dataframe[df21],10,pass
tests/test_jsonplus.py::test_serde_jsonplus_pandas_dataframe[df21],11,pass
tests/test_jsonplus.py::test_serde_jsonplus_pandas_dataframe[df21],12,pass
tests/test_jsonplus.py::test_serde_jsonplus_pandas_dataframe[df21],13,pass
tests/test_jsonplus.py::test_serde_jsonplus_pandas_dataframe[df21],14,pass
tests/test_jsonplus.py::test_serde_jsonplus_pandas_dataframe[df21],15,pass
tests/test_jsonplus.py::test_serde_jsonplus_pandas_dataframe[df21],16,pass
tests/test_jsonplus.py::test_serde_jsonplus_pandas_dataframe[df21],17,pass
tests/test_jsonplus.py::test_serde_jsonplus_pandas_dataframe[df21],18,pass
tests/test_jsonplus.py::test_serde_jsonplus_pandas_dataframe[df21],19,pass
tests/test_jsonplus.py::test_serde_jsonplus_pandas_dataframe[df21],20,pass
tests/test_jsonplus.py::test_serde_jsonplus_pandas_dataframe[df21],21,pass
tests/test_jsonplus.py::test_serde_jsonplus_pandas_dataframe[df21],22,pass
tests/test_jsonplus.py::test_serde_jsonplus_pandas_dataframe[df21],23,pass
tests/test_jsonplus.py::test_serde_jsonplus_pandas_dataframe[df21],24,pass
tests/test_jsonplus.py::test_serde_jsonplus_pandas_dataframe[df21],25,pass
tests/test_jsonplus.py::test_serde_jsonplus_pandas_dataframe[df21],26,pass
tests/test_jsonplus.py::test_serde_jsonplus_pandas_dataframe[df21],27,pass
tests/test_jsonplus.py::test_serde_jsonplus_pandas_dataframe[df21],28,pass
tests/test_jsonplus.py::test_serde_jsonplus_pandas_dataframe[df21],29,pass
tests/test_jsonplus.py::test_serde_jsonplus_pandas_dataframe[df21],30,pass
tests/test_jsonplus.py::test_serde_jsonplus_pandas_dataframe[df21],31,pass
tests/test_jsonplus.py::test_serde_jsonplus_pandas_dataframe[df21],32,pass
tests/test_jsonplus.py::test_serde_jsonplus_pandas_dataframe[df21],33,pass
tests/test_jsonplus.py::test_serde_jsonplus_pandas_dataframe[df21],34,pass
tests/test_jsonplus.py::test_serde_jsonplus_pandas_dataframe[df21],35,pass
tests/test_jsonplus.py::test_serde_jsonplus_pandas_dataframe[df21],36,pass
tests/test_jsonplus.py::test_serde_jsonplus_pandas_dataframe[df21],37,pass
tests/test_jsonplus.py::test_serde_jsonplus_pandas_dataframe[df21],38,pass
tests/test_jsonplus.py::test_serde_jsonplus_pandas_dataframe[df21],39,pass
tests/test_jsonplus.py::test_serde_jsonplus_pandas_dataframe[df21],40,pass
tests/test_jsonplus.py::test_serde_jsonplus_pandas_dataframe[df21],41,pass
tests/test_jsonplus.py::test_serde_jsonplus_pandas_dataframe[df21],42,pass
tests/test_jsonplus.py::test_serde_jsonplus_pandas_dataframe[df21],43,pass
tests/test_jsonplus.py::test_serde_jsonplus_pandas_dataframe[df21],44,pass
tests/test_jsonplus.py::test_serde_jsonplus_pandas_dataframe[df21],45,pass
tests/test_jsonplus.py::test_serde_jsonplus_pandas_dataframe[df21],46,pass
tests/test_jsonplus.py::test_serde_jsonplus_pandas_dataframe[df21],47,pass
tests/test_jsonplus.py::test_serde_jsonplus_pandas_dataframe[df21],48,pass
tests/test_jsonplus.py::test_serde_jsonplus_pandas_dataframe[df21],49,pass
tests/test_jsonplus.py::test_serde_jsonplus_pandas_dataframe[df21],50,pass
tests/test_jsonplus.py::test_serde_jsonplus_pandas_dataframe[df22],1,pass
tests/test_jsonplus.py::test_serde_jsonplus_pandas_dataframe[df22],2,pass
tests/test_jsonplus.py::test_serde_jsonplus_pandas_dataframe[df22],3,pass
tests/test_jsonplus.py::test_serde_jsonplus_pandas_dataframe[df22],4,pass
tests/test_jsonplus.py::test_serde_jsonplus_pandas_dataframe[df22],5,pass
tests/test_jsonplus.py::test_serde_jsonplus_pandas_dataframe[df22],6,pass
tests/test_jsonplus.py::test_serde_jsonplus_pandas_dataframe[df22],7,pass
tests/test_jsonplus.py::test_serde_jsonplus_pandas_dataframe[df22],8,pass
tests/test_jsonplus.py::test_serde_jsonplus_pandas_dataframe[df22],9,pass
tests/test_jsonplus.py::test_serde_jsonplus_pandas_dataframe[df22],10,pass
tests/test_jsonplus.py::test_serde_jsonplus_pandas_dataframe[df22],11,pass
tests/test_jsonplus.py::test_serde_jsonplus_pandas_dataframe[df22],12,pass
tests/test_jsonplus.py::test_serde_jsonplus_pandas_dataframe[df22],13,pass
tests/test_jsonplus.py::test_serde_jsonplus_pandas_dataframe[df22],14,pass
tests/test_jsonplus.py::test_serde_jsonplus_pandas_dataframe[df22],15,pass
tests/test_jsonplus.py::test_serde_jsonplus_pandas_dataframe[df22],16,pass
tests/test_jsonplus.py::test_serde_jsonplus_pandas_dataframe[df22],17,pass
tests/test_jsonplus.py::test_serde_jsonplus_pandas_dataframe[df22],18,pass
tests/test_jsonplus.py::test_serde_jsonplus_pandas_dataframe[df22],19,pass
tests/test_jsonplus.py::test_serde_jsonplus_pandas_dataframe[df22],20,pass
tests/test_jsonplus.py::test_serde_jsonplus_pandas_dataframe[df22],21,pass
tests/test_jsonplus.py::test_serde_jsonplus_pandas_dataframe[df22],22,pass
tests/test_jsonplus.py::test_serde_jsonplus_pandas_dataframe[df22],23,pass
tests/test_jsonplus.py::test_serde_jsonplus_pandas_dataframe[df22],24,pass
tests/test_jsonplus.py::test_serde_jsonplus_pandas_dataframe[df22],25,pass
tests/test_jsonplus.py::test_serde_jsonplus_pandas_dataframe[df22],26,pass
tests/test_jsonplus.py::test_serde_jsonplus_pandas_dataframe[df22],27,pass
tests/test_jsonplus.py::test_serde_jsonplus_pandas_dataframe[df22],28,pass
tests/test_jsonplus.py::test_serde_jsonplus_pandas_dataframe[df22],29,pass
tests/test_jsonplus.py::test_serde_jsonplus_pandas_dataframe[df22],30,pass
tests/test_jsonplus.py::test_serde_jsonplus_pandas_dataframe[df22],31,pass
tests/test_jsonplus.py::test_serde_jsonplus_pandas_dataframe[df22],32,pass
tests/test_jsonplus.py::test_serde_jsonplus_pandas_dataframe[df22],33,pass
tests/test_jsonplus.py::test_serde_jsonplus_pandas_dataframe[df22],34,pass
tests/test_jsonplus.py::test_serde_jsonplus_pandas_dataframe[df22],35,pass
tests/test_jsonplus.py::test_serde_jsonplus_pandas_dataframe[df22],36,pass
tests/test_jsonplus.py::test_serde_jsonplus_pandas_dataframe[df22],37,pass
tests/test_jsonplus.py::test_serde_jsonplus_pandas_dataframe[df22],38,pass
tests/test_jsonplus.py::test_serde_jsonplus_pandas_dataframe[df22],39,pass
tests/test_jsonplus.py::test_serde_jsonplus_pandas_dataframe[df22],40,pass
tests/test_jsonplus.py::test_serde_jsonplus_pandas_dataframe[df22],41,pass
tests/test_jsonplus.py::test_serde_jsonplus_pandas_dataframe[df22],42,pass
tests/test_jsonplus.py::test_serde_jsonplus_pandas_dataframe[df22],43,pass
tests/test_jsonplus.py::test_serde_jsonplus_pandas_dataframe[df22],44,pass
tests/test_jsonplus.py::test_serde_jsonplus_pandas_dataframe[df22],45,pass
tests/test_jsonplus.py::test_serde_jsonplus_pandas_dataframe[df22],46,pass
tests/test_jsonplus.py::test_serde_jsonplus_pandas_dataframe[df22],47,pass
tests/test_jsonplus.py::test_serde_jsonplus_pandas_dataframe[df22],48,pass
tests/test_jsonplus.py::test_serde_jsonplus_pandas_dataframe[df22],49,pass
tests/test_jsonplus.py::test_serde_jsonplus_pandas_dataframe[df22],50,pass
tests/test_jsonplus.py::test_serde_jsonplus_pandas_dataframe[df23],1,pass
tests/test_jsonplus.py::test_serde_jsonplus_pandas_dataframe[df23],2,pass
tests/test_jsonplus.py::test_serde_jsonplus_pandas_dataframe[df23],3,pass
tests/test_jsonplus.py::test_serde_jsonplus_pandas_dataframe[df23],4,pass
tests/test_jsonplus.py::test_serde_jsonplus_pandas_dataframe[df23],5,pass
tests/test_jsonplus.py::test_serde_jsonplus_pandas_dataframe[df23],6,pass
tests/test_jsonplus.py::test_serde_jsonplus_pandas_dataframe[df23],7,pass
tests/test_jsonplus.py::test_serde_jsonplus_pandas_dataframe[df23],8,pass
tests/test_jsonplus.py::test_serde_jsonplus_pandas_dataframe[df23],9,pass
tests/test_jsonplus.py::test_serde_jsonplus_pandas_dataframe[df23],10,pass
tests/test_jsonplus.py::test_serde_jsonplus_pandas_dataframe[df23],11,pass
tests/test_jsonplus.py::test_serde_jsonplus_pandas_dataframe[df23],12,pass
tests/test_jsonplus.py::test_serde_jsonplus_pandas_dataframe[df23],13,pass
tests/test_jsonplus.py::test_serde_jsonplus_pandas_dataframe[df23],14,pass
tests/test_jsonplus.py::test_serde_jsonplus_pandas_dataframe[df23],15,pass
tests/test_jsonplus.py::test_serde_jsonplus_pandas_dataframe[df23],16,pass
tests/test_jsonplus.py::test_serde_jsonplus_pandas_dataframe[df23],17,pass
tests/test_jsonplus.py::test_serde_jsonplus_pandas_dataframe[df23],18,pass
tests/test_jsonplus.py::test_serde_jsonplus_pandas_dataframe[df23],19,pass
tests/test_jsonplus.py::test_serde_jsonplus_pandas_dataframe[df23],20,pass
tests/test_jsonplus.py::test_serde_jsonplus_pandas_dataframe[df23],21,pass
tests/test_jsonplus.py::test_serde_jsonplus_pandas_dataframe[df23],22,pass
tests/test_jsonplus.py::test_serde_jsonplus_pandas_dataframe[df23],23,pass
tests/test_jsonplus.py::test_serde_jsonplus_pandas_dataframe[df23],24,pass
tests/test_jsonplus.py::test_serde_jsonplus_pandas_dataframe[df23],25,pass
tests/test_jsonplus.py::test_serde_jsonplus_pandas_dataframe[df23],26,pass
tests/test_jsonplus.py::test_serde_jsonplus_pandas_dataframe[df23],27,pass
tests/test_jsonplus.py::test_serde_jsonplus_pandas_dataframe[df23],28,pass
tests/test_jsonplus.py::test_serde_jsonplus_pandas_dataframe[df23],29,pass
tests/test_jsonplus.py::test_serde_jsonplus_pandas_dataframe[df23],30,pass
tests/test_jsonplus.py::test_serde_jsonplus_pandas_dataframe[df23],31,pass
tests/test_jsonplus.py::test_serde_jsonplus_pandas_dataframe[df23],32,pass
tests/test_jsonplus.py::test_serde_jsonplus_pandas_dataframe[df23],33,pass
tests/test_jsonplus.py::test_serde_jsonplus_pandas_dataframe[df23],34,pass
tests/test_jsonplus.py::test_serde_jsonplus_pandas_dataframe[df23],35,pass
tests/test_jsonplus.py::test_serde_jsonplus_pandas_dataframe[df23],36,pass
tests/test_jsonplus.py::test_serde_jsonplus_pandas_dataframe[df23],37,pass
tests/test_jsonplus.py::test_serde_jsonplus_pandas_dataframe[df23],38,pass
tests/test_jsonplus.py::test_serde_jsonplus_pandas_dataframe[df23],39,pass
tests/test_jsonplus.py::test_serde_jsonplus_pandas_dataframe[df23],40,pass
tests/test_jsonplus.py::test_serde_jsonplus_pandas_dataframe[df23],41,pass
tests/test_jsonplus.py::test_serde_jsonplus_pandas_dataframe[df23],42,pass
tests/test_jsonplus.py::test_serde_jsonplus_pandas_dataframe[df23],43,pass
tests/test_jsonplus.py::test_serde_jsonplus_pandas_dataframe[df23],44,pass
tests/test_jsonplus.py::test_serde_jsonplus_pandas_dataframe[df23],45,pass
tests/test_jsonplus.py::test_serde_jsonplus_pandas_dataframe[df23],46,pass
tests/test_jsonplus.py::test_serde_jsonplus_pandas_dataframe[df23],47,pass
tests/test_jsonplus.py::test_serde_jsonplus_pandas_dataframe[df23],48,pass
tests/test_jsonplus.py::test_serde_jsonplus_pandas_dataframe[df23],49,pass
tests/test_jsonplus.py::test_serde_jsonplus_pandas_dataframe[df23],50,pass
tests/test_jsonplus.py::test_serde_jsonplus_pandas_dataframe[df24],1,pass
tests/test_jsonplus.py::test_serde_jsonplus_pandas_dataframe[df24],2,pass
tests/test_jsonplus.py::test_serde_jsonplus_pandas_dataframe[df24],3,pass
tests/test_jsonplus.py::test_serde_jsonplus_pandas_dataframe[df24],4,pass
tests/test_jsonplus.py::test_serde_jsonplus_pandas_dataframe[df24],5,pass
tests/test_jsonplus.py::test_serde_jsonplus_pandas_dataframe[df24],6,pass
tests/test_jsonplus.py::test_serde_jsonplus_pandas_dataframe[df24],7,pass
tests/test_jsonplus.py::test_serde_jsonplus_pandas_dataframe[df24],8,pass
tests/test_jsonplus.py::test_serde_jsonplus_pandas_dataframe[df24],9,pass
tests/test_jsonplus.py::test_serde_jsonplus_pandas_dataframe[df24],10,pass
tests/test_jsonplus.py::test_serde_jsonplus_pandas_dataframe[df24],11,pass
tests/test_jsonplus.py::test_serde_jsonplus_pandas_dataframe[df24],12,pass
tests/test_jsonplus.py::test_serde_jsonplus_pandas_dataframe[df24],13,pass
tests/test_jsonplus.py::test_serde_jsonplus_pandas_dataframe[df24],14,pass
tests/test_jsonplus.py::test_serde_jsonplus_pandas_dataframe[df24],15,pass
tests/test_jsonplus.py::test_serde_jsonplus_pandas_dataframe[df24],16,pass
tests/test_jsonplus.py::test_serde_jsonplus_pandas_dataframe[df24],17,pass
tests/test_jsonplus.py::test_serde_jsonplus_pandas_dataframe[df24],18,pass
tests/test_jsonplus.py::test_serde_jsonplus_pandas_dataframe[df24],19,pass
tests/test_jsonplus.py::test_serde_jsonplus_pandas_dataframe[df24],20,pass
tests/test_jsonplus.py::test_serde_jsonplus_pandas_dataframe[df24],21,pass
tests/test_jsonplus.py::test_serde_jsonplus_pandas_dataframe[df24],22,pass
tests/test_jsonplus.py::test_serde_jsonplus_pandas_dataframe[df24],23,pass
tests/test_jsonplus.py::test_serde_jsonplus_pandas_dataframe[df24],24,pass
tests/test_jsonplus.py::test_serde_jsonplus_pandas_dataframe[df24],25,pass
tests/test_jsonplus.py::test_serde_jsonplus_pandas_dataframe[df24],26,pass
tests/test_jsonplus.py::test_serde_jsonplus_pandas_dataframe[df24],27,pass
tests/test_jsonplus.py::test_serde_jsonplus_pandas_dataframe[df24],28,pass
tests/test_jsonplus.py::test_serde_jsonplus_pandas_dataframe[df24],29,pass
tests/test_jsonplus.py::test_serde_jsonplus_pandas_dataframe[df24],30,pass
tests/test_jsonplus.py::test_serde_jsonplus_pandas_dataframe[df24],31,pass
tests/test_jsonplus.py::test_serde_jsonplus_pandas_dataframe[df24],32,pass
tests/test_jsonplus.py::test_serde_jsonplus_pandas_dataframe[df24],33,pass
tests/test_jsonplus.py::test_serde_jsonplus_pandas_dataframe[df24],34,pass
tests/test_jsonplus.py::test_serde_jsonplus_pandas_dataframe[df24],35,pass
tests/test_jsonplus.py::test_serde_jsonplus_pandas_dataframe[df24],36,pass
tests/test_jsonplus.py::test_serde_jsonplus_pandas_dataframe[df24],37,pass
tests/test_jsonplus.py::test_serde_jsonplus_pandas_dataframe[df24],38,pass
tests/test_jsonplus.py::test_serde_jsonplus_pandas_dataframe[df24],39,pass
tests/test_jsonplus.py::test_serde_jsonplus_pandas_dataframe[df24],40,pass
tests/test_jsonplus.py::test_serde_jsonplus_pandas_dataframe[df24],41,pass
tests/test_jsonplus.py::test_serde_jsonplus_pandas_dataframe[df24],42,pass
tests/test_jsonplus.py::test_serde_jsonplus_pandas_dataframe[df24],43,pass
tests/test_jsonplus.py::test_serde_jsonplus_pandas_dataframe[df24],44,pass
tests/test_jsonplus.py::test_serde_jsonplus_pandas_dataframe[df24],45,pass
tests/test_jsonplus.py::test_serde_jsonplus_pandas_dataframe[df24],46,pass
tests/test_jsonplus.py::test_serde_jsonplus_pandas_dataframe[df24],47,pass
tests/test_jsonplus.py::test_serde_jsonplus_pandas_dataframe[df24],48,pass
tests/test_jsonplus.py::test_serde_jsonplus_pandas_dataframe[df24],49,pass
tests/test_jsonplus.py::test_serde_jsonplus_pandas_dataframe[df24],50,pass
tests/test_jsonplus.py::test_serde_jsonplus_pandas_dataframe[df2],1,pass
tests/test_jsonplus.py::test_serde_jsonplus_pandas_dataframe[df2],2,pass
tests/test_jsonplus.py::test_serde_jsonplus_pandas_dataframe[df2],3,pass
tests/test_jsonplus.py::test_serde_jsonplus_pandas_dataframe[df2],4,pass
tests/test_jsonplus.py::test_serde_jsonplus_pandas_dataframe[df2],5,pass
tests/test_jsonplus.py::test_serde_jsonplus_pandas_dataframe[df2],6,pass
tests/test_jsonplus.py::test_serde_jsonplus_pandas_dataframe[df2],7,pass
tests/test_jsonplus.py::test_serde_jsonplus_pandas_dataframe[df2],8,pass
tests/test_jsonplus.py::test_serde_jsonplus_pandas_dataframe[df2],9,pass
tests/test_jsonplus.py::test_serde_jsonplus_pandas_dataframe[df2],10,pass
tests/test_jsonplus.py::test_serde_jsonplus_pandas_dataframe[df2],11,pass
tests/test_jsonplus.py::test_serde_jsonplus_pandas_dataframe[df2],12,pass
tests/test_jsonplus.py::test_serde_jsonplus_pandas_dataframe[df2],13,pass
tests/test_jsonplus.py::test_serde_jsonplus_pandas_dataframe[df2],14,pass
tests/test_jsonplus.py::test_serde_jsonplus_pandas_dataframe[df2],15,pass
tests/test_jsonplus.py::test_serde_jsonplus_pandas_dataframe[df2],16,pass
tests/test_jsonplus.py::test_serde_jsonplus_pandas_dataframe[df2],17,pass
tests/test_jsonplus.py::test_serde_jsonplus_pandas_dataframe[df2],18,pass
tests/test_jsonplus.py::test_serde_jsonplus_pandas_dataframe[df2],19,pass
tests/test_jsonplus.py::test_serde_jsonplus_pandas_dataframe[df2],20,pass
tests/test_jsonplus.py::test_serde_jsonplus_pandas_dataframe[df2],21,pass
tests/test_jsonplus.py::test_serde_jsonplus_pandas_dataframe[df2],22,pass
tests/test_jsonplus.py::test_serde_jsonplus_pandas_dataframe[df2],23,pass
tests/test_jsonplus.py::test_serde_jsonplus_pandas_dataframe[df2],24,pass
tests/test_jsonplus.py::test_serde_jsonplus_pandas_dataframe[df2],25,pass
tests/test_jsonplus.py::test_serde_jsonplus_pandas_dataframe[df2],26,pass
tests/test_jsonplus.py::test_serde_jsonplus_pandas_dataframe[df2],27,pass
tests/test_jsonplus.py::test_serde_jsonplus_pandas_dataframe[df2],28,pass
tests/test_jsonplus.py::test_serde_jsonplus_pandas_dataframe[df2],29,pass
tests/test_jsonplus.py::test_serde_jsonplus_pandas_dataframe[df2],30,pass
tests/test_jsonplus.py::test_serde_jsonplus_pandas_dataframe[df2],31,pass
tests/test_jsonplus.py::test_serde_jsonplus_pandas_dataframe[df2],32,pass
tests/test_jsonplus.py::test_serde_jsonplus_pandas_dataframe[df2],33,pass
tests/test_jsonplus.py::test_serde_jsonplus_pandas_dataframe[df2],34,pass
tests/test_jsonplus.py::test_serde_jsonplus_pandas_dataframe[df2],35,pass
tests/test_jsonplus.py::test_serde_jsonplus_pandas_dataframe[df2],36,pass
tests/test_jsonplus.py::test_serde_jsonplus_pandas_dataframe[df2],37,pass
tests/test_jsonplus.py::test_serde_jsonplus_pandas_dataframe[df2],38,pass
tests/test_jsonplus.py::test_serde_jsonplus_pandas_dataframe[df2],39,pass
tests/test_jsonplus.py::test_serde_jsonplus_pandas_dataframe[df2],40,pass
tests/test_jsonplus.py::test_serde_jsonplus_pandas_dataframe[df2],41,pass
tests/test_jsonplus.py::test_serde_jsonplus_pandas_dataframe[df2],42,pass
tests/test_jsonplus.py::test_serde_jsonplus_pandas_dataframe[df2],43,pass
tests/test_jsonplus.py::test_serde_jsonplus_pandas_dataframe[df2],44,pass
tests/test_jsonplus.py::test_serde_jsonplus_pandas_dataframe[df2],45,pass
tests/test_jsonplus.py::test_serde_jsonplus_pandas_dataframe[df2],46,pass
tests/test_jsonplus.py::test_serde_jsonplus_pandas_dataframe[df2],47,pass
tests/test_jsonplus.py::test_serde_jsonplus_pandas_dataframe[df2],48,pass
tests/test_jsonplus.py::test_serde_jsonplus_pandas_dataframe[df2],49,pass
tests/test_jsonplus.py::test_serde_jsonplus_pandas_dataframe[df2],50,pass
tests/test_jsonplus.py::test_serde_jsonplus_pandas_dataframe[df3],1,pass
tests/test_jsonplus.py::test_serde_jsonplus_pandas_dataframe[df3],2,pass
tests/test_jsonplus.py::test_serde_jsonplus_pandas_dataframe[df3],3,pass
tests/test_jsonplus.py::test_serde_jsonplus_pandas_dataframe[df3],4,pass
tests/test_jsonplus.py::test_serde_jsonplus_pandas_dataframe[df3],5,pass
tests/test_jsonplus.py::test_serde_jsonplus_pandas_dataframe[df3],6,pass
tests/test_jsonplus.py::test_serde_jsonplus_pandas_dataframe[df3],7,pass
tests/test_jsonplus.py::test_serde_jsonplus_pandas_dataframe[df3],8,pass
tests/test_jsonplus.py::test_serde_jsonplus_pandas_dataframe[df3],9,pass
tests/test_jsonplus.py::test_serde_jsonplus_pandas_dataframe[df3],10,pass
tests/test_jsonplus.py::test_serde_jsonplus_pandas_dataframe[df3],11,pass
tests/test_jsonplus.py::test_serde_jsonplus_pandas_dataframe[df3],12,pass
tests/test_jsonplus.py::test_serde_jsonplus_pandas_dataframe[df3],13,pass
tests/test_jsonplus.py::test_serde_jsonplus_pandas_dataframe[df3],14,pass
tests/test_jsonplus.py::test_serde_jsonplus_pandas_dataframe[df3],15,pass
tests/test_jsonplus.py::test_serde_jsonplus_pandas_dataframe[df3],16,pass
tests/test_jsonplus.py::test_serde_jsonplus_pandas_dataframe[df3],17,pass
tests/test_jsonplus.py::test_serde_jsonplus_pandas_dataframe[df3],18,pass
tests/test_jsonplus.py::test_serde_jsonplus_pandas_dataframe[df3],19,pass
tests/test_jsonplus.py::test_serde_jsonplus_pandas_dataframe[df3],20,pass
tests/test_jsonplus.py::test_serde_jsonplus_pandas_dataframe[df3],21,pass
tests/test_jsonplus.py::test_serde_jsonplus_pandas_dataframe[df3],22,pass
tests/test_jsonplus.py::test_serde_jsonplus_pandas_dataframe[df3],23,pass
tests/test_jsonplus.py::test_serde_jsonplus_pandas_dataframe[df3],24,pass
tests/test_jsonplus.py::test_serde_jsonplus_pandas_dataframe[df3],25,pass
tests/test_jsonplus.py::test_serde_jsonplus_pandas_dataframe[df3],26,pass
tests/test_jsonplus.py::test_serde_jsonplus_pandas_dataframe[df3],27,pass
tests/test_jsonplus.py::test_serde_jsonplus_pandas_dataframe[df3],28,pass
tests/test_jsonplus.py::test_serde_jsonplus_pandas_dataframe[df3],29,pass
tests/test_jsonplus.py::test_serde_jsonplus_pandas_dataframe[df3],30,pass
tests/test_jsonplus.py::test_serde_jsonplus_pandas_dataframe[df3],31,pass
tests/test_jsonplus.py::test_serde_jsonplus_pandas_dataframe[df3],32,pass
tests/test_jsonplus.py::test_serde_jsonplus_pandas_dataframe[df3],33,pass
tests/test_jsonplus.py::test_serde_jsonplus_pandas_dataframe[df3],34,pass
tests/test_jsonplus.py::test_serde_jsonplus_pandas_dataframe[df3],35,pass
tests/test_jsonplus.py::test_serde_jsonplus_pandas_dataframe[df3],36,pass
tests/test_jsonplus.py::test_serde_jsonplus_pandas_dataframe[df3],37,pass
tests/test_jsonplus.py::test_serde_jsonplus_pandas_dataframe[df3],38,pass
tests/test_jsonplus.py::test_serde_jsonplus_pandas_dataframe[df3],39,pass
tests/test_jsonplus.py::test_serde_jsonplus_pandas_dataframe[df3],40,pass
tests/test_jsonplus.py::test_serde_jsonplus_pandas_dataframe[df3],41,pass
tests/test_jsonplus.py::test_serde_jsonplus_pandas_dataframe[df3],42,pass
tests/test_jsonplus.py::test_serde_jsonplus_pandas_dataframe[df3],43,pass
tests/test_jsonplus.py::test_serde_jsonplus_pandas_dataframe[df3],44,pass
tests/test_jsonplus.py::test_serde_jsonplus_pandas_dataframe[df3],45,pass
tests/test_jsonplus.py::test_serde_jsonplus_pandas_dataframe[df3],46,pass
tests/test_jsonplus.py::test_serde_jsonplus_pandas_dataframe[df3],47,pass
tests/test_jsonplus.py::test_serde_jsonplus_pandas_dataframe[df3],48,pass
tests/test_jsonplus.py::test_serde_jsonplus_pandas_dataframe[df3],49,pass
tests/test_jsonplus.py::test_serde_jsonplus_pandas_dataframe[df3],50,pass
tests/test_jsonplus.py::test_serde_jsonplus_pandas_dataframe[df4],1,pass
tests/test_jsonplus.py::test_serde_jsonplus_pandas_dataframe[df4],2,pass
tests/test_jsonplus.py::test_serde_jsonplus_pandas_dataframe[df4],3,pass
tests/test_jsonplus.py::test_serde_jsonplus_pandas_dataframe[df4],4,pass
tests/test_jsonplus.py::test_serde_jsonplus_pandas_dataframe[df4],5,pass
tests/test_jsonplus.py::test_serde_jsonplus_pandas_dataframe[df4],6,pass
tests/test_jsonplus.py::test_serde_jsonplus_pandas_dataframe[df4],7,pass
tests/test_jsonplus.py::test_serde_jsonplus_pandas_dataframe[df4],8,pass
tests/test_jsonplus.py::test_serde_jsonplus_pandas_dataframe[df4],9,pass
tests/test_jsonplus.py::test_serde_jsonplus_pandas_dataframe[df4],10,pass
tests/test_jsonplus.py::test_serde_jsonplus_pandas_dataframe[df4],11,pass
tests/test_jsonplus.py::test_serde_jsonplus_pandas_dataframe[df4],12,pass
tests/test_jsonplus.py::test_serde_jsonplus_pandas_dataframe[df4],13,pass
tests/test_jsonplus.py::test_serde_jsonplus_pandas_dataframe[df4],14,pass
tests/test_jsonplus.py::test_serde_jsonplus_pandas_dataframe[df4],15,pass
tests/test_jsonplus.py::test_serde_jsonplus_pandas_dataframe[df4],16,pass
tests/test_jsonplus.py::test_serde_jsonplus_pandas_dataframe[df4],17,pass
tests/test_jsonplus.py::test_serde_jsonplus_pandas_dataframe[df4],18,pass
tests/test_jsonplus.py::test_serde_jsonplus_pandas_dataframe[df4],19,pass
tests/test_jsonplus.py::test_serde_jsonplus_pandas_dataframe[df4],20,pass
tests/test_jsonplus.py::test_serde_jsonplus_pandas_dataframe[df4],21,pass
tests/test_jsonplus.py::test_serde_jsonplus_pandas_dataframe[df4],22,pass
tests/test_jsonplus.py::test_serde_jsonplus_pandas_dataframe[df4],23,pass
tests/test_jsonplus.py::test_serde_jsonplus_pandas_dataframe[df4],24,pass
tests/test_jsonplus.py::test_serde_jsonplus_pandas_dataframe[df4],25,pass
tests/test_jsonplus.py::test_serde_jsonplus_pandas_dataframe[df4],26,pass
tests/test_jsonplus.py::test_serde_jsonplus_pandas_dataframe[df4],27,pass
tests/test_jsonplus.py::test_serde_jsonplus_pandas_dataframe[df4],28,pass
tests/test_jsonplus.py::test_serde_jsonplus_pandas_dataframe[df4],29,pass
tests/test_jsonplus.py::test_serde_jsonplus_pandas_dataframe[df4],30,pass
tests/test_jsonplus.py::test_serde_jsonplus_pandas_dataframe[df4],31,pass
tests/test_jsonplus.py::test_serde_jsonplus_pandas_dataframe[df4],32,pass
tests/test_jsonplus.py::test_serde_jsonplus_pandas_dataframe[df4],33,pass
tests/test_jsonplus.py::test_serde_jsonplus_pandas_dataframe[df4],34,pass
tests/test_jsonplus.py::test_serde_jsonplus_pandas_dataframe[df4],35,pass
tests/test_jsonplus.py::test_serde_jsonplus_pandas_dataframe[df4],36,pass
tests/test_jsonplus.py::test_serde_jsonplus_pandas_dataframe[df4],37,pass
tests/test_jsonplus.py::test_serde_jsonplus_pandas_dataframe[df4],38,pass
tests/test_jsonplus.py::test_serde_jsonplus_pandas_dataframe[df4],39,pass
tests/test_jsonplus.py::test_serde_jsonplus_pandas_dataframe[df4],40,pass
tests/test_jsonplus.py::test_serde_jsonplus_pandas_dataframe[df4],41,pass
tests/test_jsonplus.py::test_serde_jsonplus_pandas_dataframe[df4],42,pass
tests/test_jsonplus.py::test_serde_jsonplus_pandas_dataframe[df4],43,pass
tests/test_jsonplus.py::test_serde_jsonplus_pandas_dataframe[df4],44,pass
tests/test_jsonplus.py::test_serde_jsonplus_pandas_dataframe[df4],45,pass
tests/test_jsonplus.py::test_serde_jsonplus_pandas_dataframe[df4],46,pass
tests/test_jsonplus.py::test_serde_jsonplus_pandas_dataframe[df4],47,pass
tests/test_jsonplus.py::test_serde_jsonplus_pandas_dataframe[df4],48,pass
tests/test_jsonplus.py::test_serde_jsonplus_pandas_dataframe[df4],49,pass
tests/test_jsonplus.py::test_serde_jsonplus_pandas_dataframe[df4],50,pass
tests/test_jsonplus.py::test_serde_jsonplus_pandas_dataframe[df5],1,pass
tests/test_jsonplus.py::test_serde_jsonplus_pandas_dataframe[df5],2,pass
tests/test_jsonplus.py::test_serde_jsonplus_pandas_dataframe[df5],3,pass
tests/test_jsonplus.py::test_serde_jsonplus_pandas_dataframe[df5],4,pass
tests/test_jsonplus.py::test_serde_jsonplus_pandas_dataframe[df5],5,pass
tests/test_jsonplus.py::test_serde_jsonplus_pandas_dataframe[df5],6,pass
tests/test_jsonplus.py::test_serde_jsonplus_pandas_dataframe[df5],7,pass
tests/test_jsonplus.py::test_serde_jsonplus_pandas_dataframe[df5],8,pass
tests/test_jsonplus.py::test_serde_jsonplus_pandas_dataframe[df5],9,pass
tests/test_jsonplus.py::test_serde_jsonplus_pandas_dataframe[df5],10,pass
tests/test_jsonplus.py::test_serde_jsonplus_pandas_dataframe[df5],11,pass
tests/test_jsonplus.py::test_serde_jsonplus_pandas_dataframe[df5],12,pass
tests/test_jsonplus.py::test_serde_jsonplus_pandas_dataframe[df5],13,pass
tests/test_jsonplus.py::test_serde_jsonplus_pandas_dataframe[df5],14,pass
tests/test_jsonplus.py::test_serde_jsonplus_pandas_dataframe[df5],15,pass
tests/test_jsonplus.py::test_serde_jsonplus_pandas_dataframe[df5],16,pass
tests/test_jsonplus.py::test_serde_jsonplus_pandas_dataframe[df5],17,pass
tests/test_jsonplus.py::test_serde_jsonplus_pandas_dataframe[df5],18,pass
tests/test_jsonplus.py::test_serde_jsonplus_pandas_dataframe[df5],19,pass
tests/test_jsonplus.py::test_serde_jsonplus_pandas_dataframe[df5],20,pass
tests/test_jsonplus.py::test_serde_jsonplus_pandas_dataframe[df5],21,pass
tests/test_jsonplus.py::test_serde_jsonplus_pandas_dataframe[df5],22,pass
tests/test_jsonplus.py::test_serde_jsonplus_pandas_dataframe[df5],23,pass
tests/test_jsonplus.py::test_serde_jsonplus_pandas_dataframe[df5],24,pass
tests/test_jsonplus.py::test_serde_jsonplus_pandas_dataframe[df5],25,pass
tests/test_jsonplus.py::test_serde_jsonplus_pandas_dataframe[df5],26,pass
tests/test_jsonplus.py::test_serde_jsonplus_pandas_dataframe[df5],27,pass
tests/test_jsonplus.py::test_serde_jsonplus_pandas_dataframe[df5],28,pass
tests/test_jsonplus.py::test_serde_jsonplus_pandas_dataframe[df5],29,pass
tests/test_jsonplus.py::test_serde_jsonplus_pandas_dataframe[df5],30,pass
tests/test_jsonplus.py::test_serde_jsonplus_pandas_dataframe[df5],31,pass
tests/test_jsonplus.py::test_serde_jsonplus_pandas_dataframe[df5],32,pass
tests/test_jsonplus.py::test_serde_jsonplus_pandas_dataframe[df5],33,pass
tests/test_jsonplus.py::test_serde_jsonplus_pandas_dataframe[df5],34,pass
tests/test_jsonplus.py::test_serde_jsonplus_pandas_dataframe[df5],35,pass
tests/test_jsonplus.py::test_serde_jsonplus_pandas_dataframe[df5],36,pass
tests/test_jsonplus.py::test_serde_jsonplus_pandas_dataframe[df5],37,pass
tests/test_jsonplus.py::test_serde_jsonplus_pandas_dataframe[df5],38,pass
tests/test_jsonplus.py::test_serde_jsonplus_pandas_dataframe[df5],39,pass
tests/test_jsonplus.py::test_serde_jsonplus_pandas_dataframe[df5],40,pass
tests/test_jsonplus.py::test_serde_jsonplus_pandas_dataframe[df5],41,pass
tests/test_jsonplus.py::test_serde_jsonplus_pandas_dataframe[df5],42,pass
tests/test_jsonplus.py::test_serde_jsonplus_pandas_dataframe[df5],43,pass
tests/test_jsonplus.py::test_serde_jsonplus_pandas_dataframe[df5],44,pass
tests/test_jsonplus.py::test_serde_jsonplus_pandas_dataframe[df5],45,pass
tests/test_jsonplus.py::test_serde_jsonplus_pandas_dataframe[df5],46,pass
tests/test_jsonplus.py::test_serde_jsonplus_pandas_dataframe[df5],47,pass
tests/test_jsonplus.py::test_serde_jsonplus_pandas_dataframe[df5],48,pass
tests/test_jsonplus.py::test_serde_jsonplus_pandas_dataframe[df5],49,pass
tests/test_jsonplus.py::test_serde_jsonplus_pandas_dataframe[df5],50,pass
tests/test_jsonplus.py::test_serde_jsonplus_pandas_dataframe[df6],1,pass
tests/test_jsonplus.py::test_serde_jsonplus_pandas_dataframe[df6],2,pass
tests/test_jsonplus.py::test_serde_jsonplus_pandas_dataframe[df6],3,pass
tests/test_jsonplus.py::test_serde_jsonplus_pandas_dataframe[df6],4,pass
tests/test_jsonplus.py::test_serde_jsonplus_pandas_dataframe[df6],5,pass
tests/test_jsonplus.py::test_serde_jsonplus_pandas_dataframe[df6],6,pass
tests/test_jsonplus.py::test_serde_jsonplus_pandas_dataframe[df6],7,pass
tests/test_jsonplus.py::test_serde_jsonplus_pandas_dataframe[df6],8,pass
tests/test_jsonplus.py::test_serde_jsonplus_pandas_dataframe[df6],9,pass
tests/test_jsonplus.py::test_serde_jsonplus_pandas_dataframe[df6],10,pass
tests/test_jsonplus.py::test_serde_jsonplus_pandas_dataframe[df6],11,pass
tests/test_jsonplus.py::test_serde_jsonplus_pandas_dataframe[df6],12,pass
tests/test_jsonplus.py::test_serde_jsonplus_pandas_dataframe[df6],13,pass
tests/test_jsonplus.py::test_serde_jsonplus_pandas_dataframe[df6],14,pass
tests/test_jsonplus.py::test_serde_jsonplus_pandas_dataframe[df6],15,pass
tests/test_jsonplus.py::test_serde_jsonplus_pandas_dataframe[df6],16,pass
tests/test_jsonplus.py::test_serde_jsonplus_pandas_dataframe[df6],17,pass
tests/test_jsonplus.py::test_serde_jsonplus_pandas_dataframe[df6],18,pass
tests/test_jsonplus.py::test_serde_jsonplus_pandas_dataframe[df6],19,pass
tests/test_jsonplus.py::test_serde_jsonplus_pandas_dataframe[df6],20,pass
tests/test_jsonplus.py::test_serde_jsonplus_pandas_dataframe[df6],21,pass
tests/test_jsonplus.py::test_serde_jsonplus_pandas_dataframe[df6],22,pass
tests/test_jsonplus.py::test_serde_jsonplus_pandas_dataframe[df6],23,pass
tests/test_jsonplus.py::test_serde_jsonplus_pandas_dataframe[df6],24,pass
tests/test_jsonplus.py::test_serde_jsonplus_pandas_dataframe[df6],25,pass
tests/test_jsonplus.py::test_serde_jsonplus_pandas_dataframe[df6],26,pass
tests/test_jsonplus.py::test_serde_jsonplus_pandas_dataframe[df6],27,pass
tests/test_jsonplus.py::test_serde_jsonplus_pandas_dataframe[df6],28,pass
tests/test_jsonplus.py::test_serde_jsonplus_pandas_dataframe[df6],29,pass
tests/test_jsonplus.py::test_serde_jsonplus_pandas_dataframe[df6],30,pass
tests/test_jsonplus.py::test_serde_jsonplus_pandas_dataframe[df6],31,pass
tests/test_jsonplus.py::test_serde_jsonplus_pandas_dataframe[df6],32,pass
tests/test_jsonplus.py::test_serde_jsonplus_pandas_dataframe[df6],33,pass
tests/test_jsonplus.py::test_serde_jsonplus_pandas_dataframe[df6],34,pass
tests/test_jsonplus.py::test_serde_jsonplus_pandas_dataframe[df6],35,pass
tests/test_jsonplus.py::test_serde_jsonplus_pandas_dataframe[df6],36,pass
tests/test_jsonplus.py::test_serde_jsonplus_pandas_dataframe[df6],37,pass
tests/test_jsonplus.py::test_serde_jsonplus_pandas_dataframe[df6],38,pass
tests/test_jsonplus.py::test_serde_jsonplus_pandas_dataframe[df6],39,pass
tests/test_jsonplus.py::test_serde_jsonplus_pandas_dataframe[df6],40,pass
tests/test_jsonplus.py::test_serde_jsonplus_pandas_dataframe[df6],41,pass
tests/test_jsonplus.py::test_serde_jsonplus_pandas_dataframe[df6],42,pass
tests/test_jsonplus.py::test_serde_jsonplus_pandas_dataframe[df6],43,pass
tests/test_jsonplus.py::test_serde_jsonplus_pandas_dataframe[df6],44,pass
tests/test_jsonplus.py::test_serde_jsonplus_pandas_dataframe[df6],45,pass
tests/test_jsonplus.py::test_serde_jsonplus_pandas_dataframe[df6],46,pass
tests/test_jsonplus.py::test_serde_jsonplus_pandas_dataframe[df6],47,pass
tests/test_jsonplus.py::test_serde_jsonplus_pandas_dataframe[df6],48,pass
tests/test_jsonplus.py::test_serde_jsonplus_pandas_dataframe[df6],49,pass
tests/test_jsonplus.py::test_serde_jsonplus_pandas_dataframe[df6],50,pass
tests/test_jsonplus.py::test_serde_jsonplus_pandas_dataframe[df7],1,pass
tests/test_jsonplus.py::test_serde_jsonplus_pandas_dataframe[df7],2,pass
tests/test_jsonplus.py::test_serde_jsonplus_pandas_dataframe[df7],3,pass
tests/test_jsonplus.py::test_serde_jsonplus_pandas_dataframe[df7],4,pass
tests/test_jsonplus.py::test_serde_jsonplus_pandas_dataframe[df7],5,pass
tests/test_jsonplus.py::test_serde_jsonplus_pandas_dataframe[df7],6,pass
tests/test_jsonplus.py::test_serde_jsonplus_pandas_dataframe[df7],7,pass
tests/test_jsonplus.py::test_serde_jsonplus_pandas_dataframe[df7],8,pass
tests/test_jsonplus.py::test_serde_jsonplus_pandas_dataframe[df7],9,pass
tests/test_jsonplus.py::test_serde_jsonplus_pandas_dataframe[df7],10,pass
tests/test_jsonplus.py::test_serde_jsonplus_pandas_dataframe[df7],11,pass
tests/test_jsonplus.py::test_serde_jsonplus_pandas_dataframe[df7],12,pass
tests/test_jsonplus.py::test_serde_jsonplus_pandas_dataframe[df7],13,pass
tests/test_jsonplus.py::test_serde_jsonplus_pandas_dataframe[df7],14,pass
tests/test_jsonplus.py::test_serde_jsonplus_pandas_dataframe[df7],15,pass
tests/test_jsonplus.py::test_serde_jsonplus_pandas_dataframe[df7],16,pass
tests/test_jsonplus.py::test_serde_jsonplus_pandas_dataframe[df7],17,pass
tests/test_jsonplus.py::test_serde_jsonplus_pandas_dataframe[df7],18,pass
tests/test_jsonplus.py::test_serde_jsonplus_pandas_dataframe[df7],19,pass
tests/test_jsonplus.py::test_serde_jsonplus_pandas_dataframe[df7],20,pass
tests/test_jsonplus.py::test_serde_jsonplus_pandas_dataframe[df7],21,pass
tests/test_jsonplus.py::test_serde_jsonplus_pandas_dataframe[df7],22,pass
tests/test_jsonplus.py::test_serde_jsonplus_pandas_dataframe[df7],23,pass
tests/test_jsonplus.py::test_serde_jsonplus_pandas_dataframe[df7],24,pass
tests/test_jsonplus.py::test_serde_jsonplus_pandas_dataframe[df7],25,pass
tests/test_jsonplus.py::test_serde_jsonplus_pandas_dataframe[df7],26,pass
tests/test_jsonplus.py::test_serde_jsonplus_pandas_dataframe[df7],27,pass
tests/test_jsonplus.py::test_serde_jsonplus_pandas_dataframe[df7],28,pass
tests/test_jsonplus.py::test_serde_jsonplus_pandas_dataframe[df7],29,pass
tests/test_jsonplus.py::test_serde_jsonplus_pandas_dataframe[df7],30,pass
tests/test_jsonplus.py::test_serde_jsonplus_pandas_dataframe[df7],31,pass
tests/test_jsonplus.py::test_serde_jsonplus_pandas_dataframe[df7],32,pass
tests/test_jsonplus.py::test_serde_jsonplus_pandas_dataframe[df7],33,pass
tests/test_jsonplus.py::test_serde_jsonplus_pandas_dataframe[df7],34,pass
tests/test_jsonplus.py::test_serde_jsonplus_pandas_dataframe[df7],35,pass
tests/test_jsonplus.py::test_serde_jsonplus_pandas_dataframe[df7],36,pass
tests/test_jsonplus.py::test_serde_jsonplus_pandas_dataframe[df7],37,pass
tests/test_jsonplus.py::test_serde_jsonplus_pandas_dataframe[df7],38,pass
tests/test_jsonplus.py::test_serde_jsonplus_pandas_dataframe[df7],39,pass
tests/test_jsonplus.py::test_serde_jsonplus_pandas_dataframe[df7],40,pass
tests/test_jsonplus.py::test_serde_jsonplus_pandas_dataframe[df7],41,pass
tests/test_jsonplus.py::test_serde_jsonplus_pandas_dataframe[df7],42,pass
tests/test_jsonplus.py::test_serde_jsonplus_pandas_dataframe[df7],43,pass
tests/test_jsonplus.py::test_serde_jsonplus_pandas_dataframe[df7],44,pass
tests/test_jsonplus.py::test_serde_jsonplus_pandas_dataframe[df7],45,pass
tests/test_jsonplus.py::test_serde_jsonplus_pandas_dataframe[df7],46,pass
tests/test_jsonplus.py::test_serde_jsonplus_pandas_dataframe[df7],47,pass
tests/test_jsonplus.py::test_serde_jsonplus_pandas_dataframe[df7],48,pass
tests/test_jsonplus.py::test_serde_jsonplus_pandas_dataframe[df7],49,pass
tests/test_jsonplus.py::test_serde_jsonplus_pandas_dataframe[df7],50,pass
tests/test_jsonplus.py::test_serde_jsonplus_pandas_dataframe[df8],1,pass
tests/test_jsonplus.py::test_serde_jsonplus_pandas_dataframe[df8],2,pass
tests/test_jsonplus.py::test_serde_jsonplus_pandas_dataframe[df8],3,pass
tests/test_jsonplus.py::test_serde_jsonplus_pandas_dataframe[df8],4,pass
tests/test_jsonplus.py::test_serde_jsonplus_pandas_dataframe[df8],5,pass
tests/test_jsonplus.py::test_serde_jsonplus_pandas_dataframe[df8],6,pass
tests/test_jsonplus.py::test_serde_jsonplus_pandas_dataframe[df8],7,pass
tests/test_jsonplus.py::test_serde_jsonplus_pandas_dataframe[df8],8,pass
tests/test_jsonplus.py::test_serde_jsonplus_pandas_dataframe[df8],9,pass
tests/test_jsonplus.py::test_serde_jsonplus_pandas_dataframe[df8],10,pass
tests/test_jsonplus.py::test_serde_jsonplus_pandas_dataframe[df8],11,pass
tests/test_jsonplus.py::test_serde_jsonplus_pandas_dataframe[df8],12,pass
tests/test_jsonplus.py::test_serde_jsonplus_pandas_dataframe[df8],13,pass
tests/test_jsonplus.py::test_serde_jsonplus_pandas_dataframe[df8],14,pass
tests/test_jsonplus.py::test_serde_jsonplus_pandas_dataframe[df8],15,pass
tests/test_jsonplus.py::test_serde_jsonplus_pandas_dataframe[df8],16,pass
tests/test_jsonplus.py::test_serde_jsonplus_pandas_dataframe[df8],17,pass
tests/test_jsonplus.py::test_serde_jsonplus_pandas_dataframe[df8],18,pass
tests/test_jsonplus.py::test_serde_jsonplus_pandas_dataframe[df8],19,pass
tests/test_jsonplus.py::test_serde_jsonplus_pandas_dataframe[df8],20,pass
tests/test_jsonplus.py::test_serde_jsonplus_pandas_dataframe[df8],21,pass
tests/test_jsonplus.py::test_serde_jsonplus_pandas_dataframe[df8],22,pass
tests/test_jsonplus.py::test_serde_jsonplus_pandas_dataframe[df8],23,pass
tests/test_jsonplus.py::test_serde_jsonplus_pandas_dataframe[df8],24,pass
tests/test_jsonplus.py::test_serde_jsonplus_pandas_dataframe[df8],25,pass
tests/test_jsonplus.py::test_serde_jsonplus_pandas_dataframe[df8],26,pass
tests/test_jsonplus.py::test_serde_jsonplus_pandas_dataframe[df8],27,pass
tests/test_jsonplus.py::test_serde_jsonplus_pandas_dataframe[df8],28,pass
tests/test_jsonplus.py::test_serde_jsonplus_pandas_dataframe[df8],29,pass
tests/test_jsonplus.py::test_serde_jsonplus_pandas_dataframe[df8],30,pass
tests/test_jsonplus.py::test_serde_jsonplus_pandas_dataframe[df8],31,pass
tests/test_jsonplus.py::test_serde_jsonplus_pandas_dataframe[df8],32,pass
tests/test_jsonplus.py::test_serde_jsonplus_pandas_dataframe[df8],33,pass
tests/test_jsonplus.py::test_serde_jsonplus_pandas_dataframe[df8],34,pass
tests/test_jsonplus.py::test_serde_jsonplus_pandas_dataframe[df8],35,pass
tests/test_jsonplus.py::test_serde_jsonplus_pandas_dataframe[df8],36,pass
tests/test_jsonplus.py::test_serde_jsonplus_pandas_dataframe[df8],37,pass
tests/test_jsonplus.py::test_serde_jsonplus_pandas_dataframe[df8],38,pass
tests/test_jsonplus.py::test_serde_jsonplus_pandas_dataframe[df8],39,pass
tests/test_jsonplus.py::test_serde_jsonplus_pandas_dataframe[df8],40,pass
tests/test_jsonplus.py::test_serde_jsonplus_pandas_dataframe[df8],41,pass
tests/test_jsonplus.py::test_serde_jsonplus_pandas_dataframe[df8],42,pass
tests/test_jsonplus.py::test_serde_jsonplus_pandas_dataframe[df8],43,pass
tests/test_jsonplus.py::test_serde_jsonplus_pandas_dataframe[df8],44,pass
tests/test_jsonplus.py::test_serde_jsonplus_pandas_dataframe[df8],45,pass
tests/test_jsonplus.py::test_serde_jsonplus_pandas_dataframe[df8],46,pass
tests/test_jsonplus.py::test_serde_jsonplus_pandas_dataframe[df8],47,pass
tests/test_jsonplus.py::test_serde_jsonplus_pandas_dataframe[df8],48,pass
tests/test_jsonplus.py::test_serde_jsonplus_pandas_dataframe[df8],49,pass
tests/test_jsonplus.py::test_serde_jsonplus_pandas_dataframe[df8],50,pass
tests/test_jsonplus.py::test_serde_jsonplus_pandas_dataframe[df9],1,pass
tests/test_jsonplus.py::test_serde_jsonplus_pandas_dataframe[df9],2,pass
tests/test_jsonplus.py::test_serde_jsonplus_pandas_dataframe[df9],3,pass
tests/test_jsonplus.py::test_serde_jsonplus_pandas_dataframe[df9],4,pass
tests/test_jsonplus.py::test_serde_jsonplus_pandas_dataframe[df9],5,pass
tests/test_jsonplus.py::test_serde_jsonplus_pandas_dataframe[df9],6,pass
tests/test_jsonplus.py::test_serde_jsonplus_pandas_dataframe[df9],7,pass
tests/test_jsonplus.py::test_serde_jsonplus_pandas_dataframe[df9],8,pass
tests/test_jsonplus.py::test_serde_jsonplus_pandas_dataframe[df9],9,pass
tests/test_jsonplus.py::test_serde_jsonplus_pandas_dataframe[df9],10,pass
tests/test_jsonplus.py::test_serde_jsonplus_pandas_dataframe[df9],11,pass
tests/test_jsonplus.py::test_serde_jsonplus_pandas_dataframe[df9],12,pass
tests/test_jsonplus.py::test_serde_jsonplus_pandas_dataframe[df9],13,pass
tests/test_jsonplus.py::test_serde_jsonplus_pandas_dataframe[df9],14,pass
tests/test_jsonplus.py::test_serde_jsonplus_pandas_dataframe[df9],15,pass
tests/test_jsonplus.py::test_serde_jsonplus_pandas_dataframe[df9],16,pass
tests/test_jsonplus.py::test_serde_jsonplus_pandas_dataframe[df9],17,pass
tests/test_jsonplus.py::test_serde_jsonplus_pandas_dataframe[df9],18,pass
tests/test_jsonplus.py::test_serde_jsonplus_pandas_dataframe[df9],19,pass
tests/test_jsonplus.py::test_serde_jsonplus_pandas_dataframe[df9],20,pass
tests/test_jsonplus.py::test_serde_jsonplus_pandas_dataframe[df9],21,pass
tests/test_jsonplus.py::test_serde_jsonplus_pandas_dataframe[df9],22,pass
tests/test_jsonplus.py::test_serde_jsonplus_pandas_dataframe[df9],23,pass
tests/test_jsonplus.py::test_serde_jsonplus_pandas_dataframe[df9],24,pass
tests/test_jsonplus.py::test_serde_jsonplus_pandas_dataframe[df9],25,pass
tests/test_jsonplus.py::test_serde_jsonplus_pandas_dataframe[df9],26,pass
tests/test_jsonplus.py::test_serde_jsonplus_pandas_dataframe[df9],27,pass
tests/test_jsonplus.py::test_serde_jsonplus_pandas_dataframe[df9],28,pass
tests/test_jsonplus.py::test_serde_jsonplus_pandas_dataframe[df9],29,pass
tests/test_jsonplus.py::test_serde_jsonplus_pandas_dataframe[df9],30,pass
tests/test_jsonplus.py::test_serde_jsonplus_pandas_dataframe[df9],31,pass
tests/test_jsonplus.py::test_serde_jsonplus_pandas_dataframe[df9],32,pass
tests/test_jsonplus.py::test_serde_jsonplus_pandas_dataframe[df9],33,pass
tests/test_jsonplus.py::test_serde_jsonplus_pandas_dataframe[df9],34,pass
tests/test_jsonplus.py::test_serde_jsonplus_pandas_dataframe[df9],35,pass
tests/test_jsonplus.py::test_serde_jsonplus_pandas_dataframe[df9],36,pass
tests/test_jsonplus.py::test_serde_jsonplus_pandas_dataframe[df9],37,pass
tests/test_jsonplus.py::test_serde_jsonplus_pandas_dataframe[df9],38,pass
tests/test_jsonplus.py::test_serde_jsonplus_pandas_dataframe[df9],39,pass
tests/test_jsonplus.py::test_serde_jsonplus_pandas_dataframe[df9],40,pass
tests/test_jsonplus.py::test_serde_jsonplus_pandas_dataframe[df9],41,pass
tests/test_jsonplus.py::test_serde_jsonplus_pandas_dataframe[df9],42,pass
tests/test_jsonplus.py::test_serde_jsonplus_pandas_dataframe[df9],43,pass
tests/test_jsonplus.py::test_serde_jsonplus_pandas_dataframe[df9],44,pass
tests/test_jsonplus.py::test_serde_jsonplus_pandas_dataframe[df9],45,pass
tests/test_jsonplus.py::test_serde_jsonplus_pandas_dataframe[df9],46,pass
tests/test_jsonplus.py::test_serde_jsonplus_pandas_dataframe[df9],47,pass
tests/test_jsonplus.py::test_serde_jsonplus_pandas_dataframe[df9],48,pass
tests/test_jsonplus.py::test_serde_jsonplus_pandas_dataframe[df9],49,pass
tests/test_jsonplus.py::test_serde_jsonplus_pandas_dataframe[df9],50,pass
tests/test_jsonplus.py::test_serde_jsonplus_pandas_series[series0],1,pass
tests/test_jsonplus.py::test_serde_jsonplus_pandas_series[series0],2,pass
tests/test_jsonplus.py::test_serde_jsonplus_pandas_series[series0],3,pass
tests/test_jsonplus.py::test_serde_jsonplus_pandas_series[series0],4,pass
tests/test_jsonplus.py::test_serde_jsonplus_pandas_series[series0],5,pass
tests/test_jsonplus.py::test_serde_jsonplus_pandas_series[series0],6,pass
tests/test_jsonplus.py::test_serde_jsonplus_pandas_series[series0],7,pass
tests/test_jsonplus.py::test_serde_jsonplus_pandas_series[series0],8,pass
tests/test_jsonplus.py::test_serde_jsonplus_pandas_series[series0],9,pass
tests/test_jsonplus.py::test_serde_jsonplus_pandas_series[series0],10,pass
tests/test_jsonplus.py::test_serde_jsonplus_pandas_series[series0],11,pass
tests/test_jsonplus.py::test_serde_jsonplus_pandas_series[series0],12,pass
tests/test_jsonplus.py::test_serde_jsonplus_pandas_series[series0],13,pass
tests/test_jsonplus.py::test_serde_jsonplus_pandas_series[series0],14,pass
tests/test_jsonplus.py::test_serde_jsonplus_pandas_series[series0],15,pass
tests/test_jsonplus.py::test_serde_jsonplus_pandas_series[series0],16,pass
tests/test_jsonplus.py::test_serde_jsonplus_pandas_series[series0],17,pass
tests/test_jsonplus.py::test_serde_jsonplus_pandas_series[series0],18,pass
tests/test_jsonplus.py::test_serde_jsonplus_pandas_series[series0],19,pass
tests/test_jsonplus.py::test_serde_jsonplus_pandas_series[series0],20,pass
tests/test_jsonplus.py::test_serde_jsonplus_pandas_series[series0],21,pass
tests/test_jsonplus.py::test_serde_jsonplus_pandas_series[series0],22,pass
tests/test_jsonplus.py::test_serde_jsonplus_pandas_series[series0],23,pass
tests/test_jsonplus.py::test_serde_jsonplus_pandas_series[series0],24,pass
tests/test_jsonplus.py::test_serde_jsonplus_pandas_series[series0],25,pass
tests/test_jsonplus.py::test_serde_jsonplus_pandas_series[series0],26,pass
tests/test_jsonplus.py::test_serde_jsonplus_pandas_series[series0],27,pass
tests/test_jsonplus.py::test_serde_jsonplus_pandas_series[series0],28,pass
tests/test_jsonplus.py::test_serde_jsonplus_pandas_series[series0],29,pass
tests/test_jsonplus.py::test_serde_jsonplus_pandas_series[series0],30,pass
tests/test_jsonplus.py::test_serde_jsonplus_pandas_series[series0],31,pass
tests/test_jsonplus.py::test_serde_jsonplus_pandas_series[series0],32,pass
tests/test_jsonplus.py::test_serde_jsonplus_pandas_series[series0],33,pass
tests/test_jsonplus.py::test_serde_jsonplus_pandas_series[series0],34,pass
tests/test_jsonplus.py::test_serde_jsonplus_pandas_series[series0],35,pass
tests/test_jsonplus.py::test_serde_jsonplus_pandas_series[series0],36,pass
tests/test_jsonplus.py::test_serde_jsonplus_pandas_series[series0],37,pass
tests/test_jsonplus.py::test_serde_jsonplus_pandas_series[series0],38,pass
tests/test_jsonplus.py::test_serde_jsonplus_pandas_series[series0],39,pass
tests/test_jsonplus.py::test_serde_jsonplus_pandas_series[series0],40,pass
tests/test_jsonplus.py::test_serde_jsonplus_pandas_series[series0],41,pass
tests/test_jsonplus.py::test_serde_jsonplus_pandas_series[series0],42,pass
tests/test_jsonplus.py::test_serde_jsonplus_pandas_series[series0],43,pass
tests/test_jsonplus.py::test_serde_jsonplus_pandas_series[series0],44,pass
tests/test_jsonplus.py::test_serde_jsonplus_pandas_series[series0],45,pass
tests/test_jsonplus.py::test_serde_jsonplus_pandas_series[series0],46,pass
tests/test_jsonplus.py::test_serde_jsonplus_pandas_series[series0],47,pass
tests/test_jsonplus.py::test_serde_jsonplus_pandas_series[series0],48,pass
tests/test_jsonplus.py::test_serde_jsonplus_pandas_series[series0],49,pass
tests/test_jsonplus.py::test_serde_jsonplus_pandas_series[series0],50,pass
tests/test_jsonplus.py::test_serde_jsonplus_pandas_series[series10],1,pass
tests/test_jsonplus.py::test_serde_jsonplus_pandas_series[series10],2,pass
tests/test_jsonplus.py::test_serde_jsonplus_pandas_series[series10],3,pass
tests/test_jsonplus.py::test_serde_jsonplus_pandas_series[series10],4,pass
tests/test_jsonplus.py::test_serde_jsonplus_pandas_series[series10],5,pass
tests/test_jsonplus.py::test_serde_jsonplus_pandas_series[series10],6,pass
tests/test_jsonplus.py::test_serde_jsonplus_pandas_series[series10],7,pass
tests/test_jsonplus.py::test_serde_jsonplus_pandas_series[series10],8,pass
tests/test_jsonplus.py::test_serde_jsonplus_pandas_series[series10],9,pass
tests/test_jsonplus.py::test_serde_jsonplus_pandas_series[series10],10,pass
tests/test_jsonplus.py::test_serde_jsonplus_pandas_series[series10],11,pass
tests/test_jsonplus.py::test_serde_jsonplus_pandas_series[series10],12,pass
tests/test_jsonplus.py::test_serde_jsonplus_pandas_series[series10],13,pass
tests/test_jsonplus.py::test_serde_jsonplus_pandas_series[series10],14,pass
tests/test_jsonplus.py::test_serde_jsonplus_pandas_series[series10],15,pass
tests/test_jsonplus.py::test_serde_jsonplus_pandas_series[series10],16,pass
tests/test_jsonplus.py::test_serde_jsonplus_pandas_series[series10],17,pass
tests/test_jsonplus.py::test_serde_jsonplus_pandas_series[series10],18,pass
tests/test_jsonplus.py::test_serde_jsonplus_pandas_series[series10],19,pass
tests/test_jsonplus.py::test_serde_jsonplus_pandas_series[series10],20,pass
tests/test_jsonplus.py::test_serde_jsonplus_pandas_series[series10],21,pass
tests/test_jsonplus.py::test_serde_jsonplus_pandas_series[series10],22,pass
tests/test_jsonplus.py::test_serde_jsonplus_pandas_series[series10],23,pass
tests/test_jsonplus.py::test_serde_jsonplus_pandas_series[series10],24,pass
tests/test_jsonplus.py::test_serde_jsonplus_pandas_series[series10],25,pass
tests/test_jsonplus.py::test_serde_jsonplus_pandas_series[series10],26,pass
tests/test_jsonplus.py::test_serde_jsonplus_pandas_series[series10],27,pass
tests/test_jsonplus.py::test_serde_jsonplus_pandas_series[series10],28,pass
tests/test_jsonplus.py::test_serde_jsonplus_pandas_series[series10],29,pass
tests/test_jsonplus.py::test_serde_jsonplus_pandas_series[series10],30,pass
tests/test_jsonplus.py::test_serde_jsonplus_pandas_series[series10],31,pass
tests/test_jsonplus.py::test_serde_jsonplus_pandas_series[series10],32,pass
tests/test_jsonplus.py::test_serde_jsonplus_pandas_series[series10],33,pass
tests/test_jsonplus.py::test_serde_jsonplus_pandas_series[series10],34,pass
tests/test_jsonplus.py::test_serde_jsonplus_pandas_series[series10],35,pass
tests/test_jsonplus.py::test_serde_jsonplus_pandas_series[series10],36,pass
tests/test_jsonplus.py::test_serde_jsonplus_pandas_series[series10],37,pass
tests/test_jsonplus.py::test_serde_jsonplus_pandas_series[series10],38,pass
tests/test_jsonplus.py::test_serde_jsonplus_pandas_series[series10],39,pass
tests/test_jsonplus.py::test_serde_jsonplus_pandas_series[series10],40,pass
tests/test_jsonplus.py::test_serde_jsonplus_pandas_series[series10],41,pass
tests/test_jsonplus.py::test_serde_jsonplus_pandas_series[series10],42,pass
tests/test_jsonplus.py::test_serde_jsonplus_pandas_series[series10],43,pass
tests/test_jsonplus.py::test_serde_jsonplus_pandas_series[series10],44,pass
tests/test_jsonplus.py::test_serde_jsonplus_pandas_series[series10],45,pass
tests/test_jsonplus.py::test_serde_jsonplus_pandas_series[series10],46,pass
tests/test_jsonplus.py::test_serde_jsonplus_pandas_series[series10],47,pass
tests/test_jsonplus.py::test_serde_jsonplus_pandas_series[series10],48,pass
tests/test_jsonplus.py::test_serde_jsonplus_pandas_series[series10],49,pass
tests/test_jsonplus.py::test_serde_jsonplus_pandas_series[series10],50,pass
tests/test_jsonplus.py::test_serde_jsonplus_pandas_series[series11],1,pass
tests/test_jsonplus.py::test_serde_jsonplus_pandas_series[series11],2,pass
tests/test_jsonplus.py::test_serde_jsonplus_pandas_series[series11],3,pass
tests/test_jsonplus.py::test_serde_jsonplus_pandas_series[series11],4,pass
tests/test_jsonplus.py::test_serde_jsonplus_pandas_series[series11],5,pass
tests/test_jsonplus.py::test_serde_jsonplus_pandas_series[series11],6,pass
tests/test_jsonplus.py::test_serde_jsonplus_pandas_series[series11],7,pass
tests/test_jsonplus.py::test_serde_jsonplus_pandas_series[series11],8,pass
tests/test_jsonplus.py::test_serde_jsonplus_pandas_series[series11],9,pass
tests/test_jsonplus.py::test_serde_jsonplus_pandas_series[series11],10,pass
tests/test_jsonplus.py::test_serde_jsonplus_pandas_series[series11],11,pass
tests/test_jsonplus.py::test_serde_jsonplus_pandas_series[series11],12,pass
tests/test_jsonplus.py::test_serde_jsonplus_pandas_series[series11],13,pass
tests/test_jsonplus.py::test_serde_jsonplus_pandas_series[series11],14,pass
tests/test_jsonplus.py::test_serde_jsonplus_pandas_series[series11],15,pass
tests/test_jsonplus.py::test_serde_jsonplus_pandas_series[series11],16,pass
tests/test_jsonplus.py::test_serde_jsonplus_pandas_series[series11],17,pass
tests/test_jsonplus.py::test_serde_jsonplus_pandas_series[series11],18,pass
tests/test_jsonplus.py::test_serde_jsonplus_pandas_series[series11],19,pass
tests/test_jsonplus.py::test_serde_jsonplus_pandas_series[series11],20,pass
tests/test_jsonplus.py::test_serde_jsonplus_pandas_series[series11],21,pass
tests/test_jsonplus.py::test_serde_jsonplus_pandas_series[series11],22,pass
tests/test_jsonplus.py::test_serde_jsonplus_pandas_series[series11],23,pass
tests/test_jsonplus.py::test_serde_jsonplus_pandas_series[series11],24,pass
tests/test_jsonplus.py::test_serde_jsonplus_pandas_series[series11],25,pass
tests/test_jsonplus.py::test_serde_jsonplus_pandas_series[series11],26,pass
tests/test_jsonplus.py::test_serde_jsonplus_pandas_series[series11],27,pass
tests/test_jsonplus.py::test_serde_jsonplus_pandas_series[series11],28,pass
tests/test_jsonplus.py::test_serde_jsonplus_pandas_series[series11],29,pass
tests/test_jsonplus.py::test_serde_jsonplus_pandas_series[series11],30,pass
tests/test_jsonplus.py::test_serde_jsonplus_pandas_series[series11],31,pass
tests/test_jsonplus.py::test_serde_jsonplus_pandas_series[series11],32,pass
tests/test_jsonplus.py::test_serde_jsonplus_pandas_series[series11],33,pass
tests/test_jsonplus.py::test_serde_jsonplus_pandas_series[series11],34,pass
tests/test_jsonplus.py::test_serde_jsonplus_pandas_series[series11],35,pass
tests/test_jsonplus.py::test_serde_jsonplus_pandas_series[series11],36,pass
tests/test_jsonplus.py::test_serde_jsonplus_pandas_series[series11],37,pass
tests/test_jsonplus.py::test_serde_jsonplus_pandas_series[series11],38,pass
tests/test_jsonplus.py::test_serde_jsonplus_pandas_series[series11],39,pass
tests/test_jsonplus.py::test_serde_jsonplus_pandas_series[series11],40,pass
tests/test_jsonplus.py::test_serde_jsonplus_pandas_series[series11],41,pass
tests/test_jsonplus.py::test_serde_jsonplus_pandas_series[series11],42,pass
tests/test_jsonplus.py::test_serde_jsonplus_pandas_series[series11],43,pass
tests/test_jsonplus.py::test_serde_jsonplus_pandas_series[series11],44,pass
tests/test_jsonplus.py::test_serde_jsonplus_pandas_series[series11],45,pass
tests/test_jsonplus.py::test_serde_jsonplus_pandas_series[series11],46,pass
tests/test_jsonplus.py::test_serde_jsonplus_pandas_series[series11],47,pass
tests/test_jsonplus.py::test_serde_jsonplus_pandas_series[series11],48,pass
tests/test_jsonplus.py::test_serde_jsonplus_pandas_series[series11],49,pass
tests/test_jsonplus.py::test_serde_jsonplus_pandas_series[series11],50,pass
tests/test_jsonplus.py::test_serde_jsonplus_pandas_series[series12],1,pass
tests/test_jsonplus.py::test_serde_jsonplus_pandas_series[series12],2,pass
tests/test_jsonplus.py::test_serde_jsonplus_pandas_series[series12],3,pass
tests/test_jsonplus.py::test_serde_jsonplus_pandas_series[series12],4,pass
tests/test_jsonplus.py::test_serde_jsonplus_pandas_series[series12],5,pass
tests/test_jsonplus.py::test_serde_jsonplus_pandas_series[series12],6,pass
tests/test_jsonplus.py::test_serde_jsonplus_pandas_series[series12],7,pass
tests/test_jsonplus.py::test_serde_jsonplus_pandas_series[series12],8,pass
tests/test_jsonplus.py::test_serde_jsonplus_pandas_series[series12],9,pass
tests/test_jsonplus.py::test_serde_jsonplus_pandas_series[series12],10,pass
tests/test_jsonplus.py::test_serde_jsonplus_pandas_series[series12],11,pass
tests/test_jsonplus.py::test_serde_jsonplus_pandas_series[series12],12,pass
tests/test_jsonplus.py::test_serde_jsonplus_pandas_series[series12],13,pass
tests/test_jsonplus.py::test_serde_jsonplus_pandas_series[series12],14,pass
tests/test_jsonplus.py::test_serde_jsonplus_pandas_series[series12],15,pass
tests/test_jsonplus.py::test_serde_jsonplus_pandas_series[series12],16,pass
tests/test_jsonplus.py::test_serde_jsonplus_pandas_series[series12],17,pass
tests/test_jsonplus.py::test_serde_jsonplus_pandas_series[series12],18,pass
tests/test_jsonplus.py::test_serde_jsonplus_pandas_series[series12],19,pass
tests/test_jsonplus.py::test_serde_jsonplus_pandas_series[series12],20,pass
tests/test_jsonplus.py::test_serde_jsonplus_pandas_series[series12],21,pass
tests/test_jsonplus.py::test_serde_jsonplus_pandas_series[series12],22,pass
tests/test_jsonplus.py::test_serde_jsonplus_pandas_series[series12],23,pass
tests/test_jsonplus.py::test_serde_jsonplus_pandas_series[series12],24,pass
tests/test_jsonplus.py::test_serde_jsonplus_pandas_series[series12],25,pass
tests/test_jsonplus.py::test_serde_jsonplus_pandas_series[series12],26,pass
tests/test_jsonplus.py::test_serde_jsonplus_pandas_series[series12],27,pass
tests/test_jsonplus.py::test_serde_jsonplus_pandas_series[series12],28,pass
tests/test_jsonplus.py::test_serde_jsonplus_pandas_series[series12],29,pass
tests/test_jsonplus.py::test_serde_jsonplus_pandas_series[series12],30,pass
tests/test_jsonplus.py::test_serde_jsonplus_pandas_series[series12],31,pass
tests/test_jsonplus.py::test_serde_jsonplus_pandas_series[series12],32,pass
tests/test_jsonplus.py::test_serde_jsonplus_pandas_series[series12],33,pass
tests/test_jsonplus.py::test_serde_jsonplus_pandas_series[series12],34,pass
tests/test_jsonplus.py::test_serde_jsonplus_pandas_series[series12],35,pass
tests/test_jsonplus.py::test_serde_jsonplus_pandas_series[series12],36,pass
tests/test_jsonplus.py::test_serde_jsonplus_pandas_series[series12],37,pass
tests/test_jsonplus.py::test_serde_jsonplus_pandas_series[series12],38,pass
tests/test_jsonplus.py::test_serde_jsonplus_pandas_series[series12],39,pass
tests/test_jsonplus.py::test_serde_jsonplus_pandas_series[series12],40,pass
tests/test_jsonplus.py::test_serde_jsonplus_pandas_series[series12],41,pass
tests/test_jsonplus.py::test_serde_jsonplus_pandas_series[series12],42,pass
tests/test_jsonplus.py::test_serde_jsonplus_pandas_series[series12],43,pass
tests/test_jsonplus.py::test_serde_jsonplus_pandas_series[series12],44,pass
tests/test_jsonplus.py::test_serde_jsonplus_pandas_series[series12],45,pass
tests/test_jsonplus.py::test_serde_jsonplus_pandas_series[series12],46,pass
tests/test_jsonplus.py::test_serde_jsonplus_pandas_series[series12],47,pass
tests/test_jsonplus.py::test_serde_jsonplus_pandas_series[series12],48,pass
tests/test_jsonplus.py::test_serde_jsonplus_pandas_series[series12],49,pass
tests/test_jsonplus.py::test_serde_jsonplus_pandas_series[series12],50,pass
tests/test_jsonplus.py::test_serde_jsonplus_pandas_series[series13],1,pass
tests/test_jsonplus.py::test_serde_jsonplus_pandas_series[series13],2,pass
tests/test_jsonplus.py::test_serde_jsonplus_pandas_series[series13],3,pass
tests/test_jsonplus.py::test_serde_jsonplus_pandas_series[series13],4,pass
tests/test_jsonplus.py::test_serde_jsonplus_pandas_series[series13],5,pass
tests/test_jsonplus.py::test_serde_jsonplus_pandas_series[series13],6,pass
tests/test_jsonplus.py::test_serde_jsonplus_pandas_series[series13],7,pass
tests/test_jsonplus.py::test_serde_jsonplus_pandas_series[series13],8,pass
tests/test_jsonplus.py::test_serde_jsonplus_pandas_series[series13],9,pass
tests/test_jsonplus.py::test_serde_jsonplus_pandas_series[series13],10,pass
tests/test_jsonplus.py::test_serde_jsonplus_pandas_series[series13],11,pass
tests/test_jsonplus.py::test_serde_jsonplus_pandas_series[series13],12,pass
tests/test_jsonplus.py::test_serde_jsonplus_pandas_series[series13],13,pass
tests/test_jsonplus.py::test_serde_jsonplus_pandas_series[series13],14,pass
tests/test_jsonplus.py::test_serde_jsonplus_pandas_series[series13],15,pass
tests/test_jsonplus.py::test_serde_jsonplus_pandas_series[series13],16,pass
tests/test_jsonplus.py::test_serde_jsonplus_pandas_series[series13],17,pass
tests/test_jsonplus.py::test_serde_jsonplus_pandas_series[series13],18,pass
tests/test_jsonplus.py::test_serde_jsonplus_pandas_series[series13],19,pass
tests/test_jsonplus.py::test_serde_jsonplus_pandas_series[series13],20,pass
tests/test_jsonplus.py::test_serde_jsonplus_pandas_series[series13],21,pass
tests/test_jsonplus.py::test_serde_jsonplus_pandas_series[series13],22,pass
tests/test_jsonplus.py::test_serde_jsonplus_pandas_series[series13],23,pass
tests/test_jsonplus.py::test_serde_jsonplus_pandas_series[series13],24,pass
tests/test_jsonplus.py::test_serde_jsonplus_pandas_series[series13],25,pass
tests/test_jsonplus.py::test_serde_jsonplus_pandas_series[series13],26,pass
tests/test_jsonplus.py::test_serde_jsonplus_pandas_series[series13],27,pass
tests/test_jsonplus.py::test_serde_jsonplus_pandas_series[series13],28,pass
tests/test_jsonplus.py::test_serde_jsonplus_pandas_series[series13],29,pass
tests/test_jsonplus.py::test_serde_jsonplus_pandas_series[series13],30,pass
tests/test_jsonplus.py::test_serde_jsonplus_pandas_series[series13],31,pass
tests/test_jsonplus.py::test_serde_jsonplus_pandas_series[series13],32,pass
tests/test_jsonplus.py::test_serde_jsonplus_pandas_series[series13],33,pass
tests/test_jsonplus.py::test_serde_jsonplus_pandas_series[series13],34,pass
tests/test_jsonplus.py::test_serde_jsonplus_pandas_series[series13],35,pass
tests/test_jsonplus.py::test_serde_jsonplus_pandas_series[series13],36,pass
tests/test_jsonplus.py::test_serde_jsonplus_pandas_series[series13],37,pass
tests/test_jsonplus.py::test_serde_jsonplus_pandas_series[series13],38,pass
tests/test_jsonplus.py::test_serde_jsonplus_pandas_series[series13],39,pass
tests/test_jsonplus.py::test_serde_jsonplus_pandas_series[series13],40,pass
tests/test_jsonplus.py::test_serde_jsonplus_pandas_series[series13],41,pass
tests/test_jsonplus.py::test_serde_jsonplus_pandas_series[series13],42,pass
tests/test_jsonplus.py::test_serde_jsonplus_pandas_series[series13],43,pass
tests/test_jsonplus.py::test_serde_jsonplus_pandas_series[series13],44,pass
tests/test_jsonplus.py::test_serde_jsonplus_pandas_series[series13],45,pass
tests/test_jsonplus.py::test_serde_jsonplus_pandas_series[series13],46,pass
tests/test_jsonplus.py::test_serde_jsonplus_pandas_series[series13],47,pass
tests/test_jsonplus.py::test_serde_jsonplus_pandas_series[series13],48,pass
tests/test_jsonplus.py::test_serde_jsonplus_pandas_series[series13],49,pass
tests/test_jsonplus.py::test_serde_jsonplus_pandas_series[series13],50,pass
tests/test_jsonplus.py::test_serde_jsonplus_pandas_series[series14],1,pass
tests/test_jsonplus.py::test_serde_jsonplus_pandas_series[series14],2,pass
tests/test_jsonplus.py::test_serde_jsonplus_pandas_series[series14],3,pass
tests/test_jsonplus.py::test_serde_jsonplus_pandas_series[series14],4,pass
tests/test_jsonplus.py::test_serde_jsonplus_pandas_series[series14],5,pass
tests/test_jsonplus.py::test_serde_jsonplus_pandas_series[series14],6,pass
tests/test_jsonplus.py::test_serde_jsonplus_pandas_series[series14],7,pass
tests/test_jsonplus.py::test_serde_jsonplus_pandas_series[series14],8,pass
tests/test_jsonplus.py::test_serde_jsonplus_pandas_series[series14],9,pass
tests/test_jsonplus.py::test_serde_jsonplus_pandas_series[series14],10,pass
tests/test_jsonplus.py::test_serde_jsonplus_pandas_series[series14],11,pass
tests/test_jsonplus.py::test_serde_jsonplus_pandas_series[series14],12,pass
tests/test_jsonplus.py::test_serde_jsonplus_pandas_series[series14],13,pass
tests/test_jsonplus.py::test_serde_jsonplus_pandas_series[series14],14,pass
tests/test_jsonplus.py::test_serde_jsonplus_pandas_series[series14],15,pass
tests/test_jsonplus.py::test_serde_jsonplus_pandas_series[series14],16,pass
tests/test_jsonplus.py::test_serde_jsonplus_pandas_series[series14],17,pass
tests/test_jsonplus.py::test_serde_jsonplus_pandas_series[series14],18,pass
tests/test_jsonplus.py::test_serde_jsonplus_pandas_series[series14],19,pass
tests/test_jsonplus.py::test_serde_jsonplus_pandas_series[series14],20,pass
tests/test_jsonplus.py::test_serde_jsonplus_pandas_series[series14],21,pass
tests/test_jsonplus.py::test_serde_jsonplus_pandas_series[series14],22,pass
tests/test_jsonplus.py::test_serde_jsonplus_pandas_series[series14],23,pass
tests/test_jsonplus.py::test_serde_jsonplus_pandas_series[series14],24,pass
tests/test_jsonplus.py::test_serde_jsonplus_pandas_series[series14],25,pass
tests/test_jsonplus.py::test_serde_jsonplus_pandas_series[series14],26,pass
tests/test_jsonplus.py::test_serde_jsonplus_pandas_series[series14],27,pass
tests/test_jsonplus.py::test_serde_jsonplus_pandas_series[series14],28,pass
tests/test_jsonplus.py::test_serde_jsonplus_pandas_series[series14],29,pass
tests/test_jsonplus.py::test_serde_jsonplus_pandas_series[series14],30,pass
tests/test_jsonplus.py::test_serde_jsonplus_pandas_series[series14],31,pass
tests/test_jsonplus.py::test_serde_jsonplus_pandas_series[series14],32,pass
tests/test_jsonplus.py::test_serde_jsonplus_pandas_series[series14],33,pass
tests/test_jsonplus.py::test_serde_jsonplus_pandas_series[series14],34,pass
tests/test_jsonplus.py::test_serde_jsonplus_pandas_series[series14],35,pass
tests/test_jsonplus.py::test_serde_jsonplus_pandas_series[series14],36,pass
tests/test_jsonplus.py::test_serde_jsonplus_pandas_series[series14],37,pass
tests/test_jsonplus.py::test_serde_jsonplus_pandas_series[series14],38,pass
tests/test_jsonplus.py::test_serde_jsonplus_pandas_series[series14],39,pass
tests/test_jsonplus.py::test_serde_jsonplus_pandas_series[series14],40,pass
tests/test_jsonplus.py::test_serde_jsonplus_pandas_series[series14],41,pass
tests/test_jsonplus.py::test_serde_jsonplus_pandas_series[series14],42,pass
tests/test_jsonplus.py::test_serde_jsonplus_pandas_series[series14],43,pass
tests/test_jsonplus.py::test_serde_jsonplus_pandas_series[series14],44,pass
tests/test_jsonplus.py::test_serde_jsonplus_pandas_series[series14],45,pass
tests/test_jsonplus.py::test_serde_jsonplus_pandas_series[series14],46,pass
tests/test_jsonplus.py::test_serde_jsonplus_pandas_series[series14],47,pass
tests/test_jsonplus.py::test_serde_jsonplus_pandas_series[series14],48,pass
tests/test_jsonplus.py::test_serde_jsonplus_pandas_series[series14],49,pass
tests/test_jsonplus.py::test_serde_jsonplus_pandas_series[series14],50,pass
tests/test_jsonplus.py::test_serde_jsonplus_pandas_series[series15],1,pass
tests/test_jsonplus.py::test_serde_jsonplus_pandas_series[series15],2,pass
tests/test_jsonplus.py::test_serde_jsonplus_pandas_series[series15],3,pass
tests/test_jsonplus.py::test_serde_jsonplus_pandas_series[series15],4,pass
tests/test_jsonplus.py::test_serde_jsonplus_pandas_series[series15],5,pass
tests/test_jsonplus.py::test_serde_jsonplus_pandas_series[series15],6,pass
tests/test_jsonplus.py::test_serde_jsonplus_pandas_series[series15],7,pass
tests/test_jsonplus.py::test_serde_jsonplus_pandas_series[series15],8,pass
tests/test_jsonplus.py::test_serde_jsonplus_pandas_series[series15],9,pass
tests/test_jsonplus.py::test_serde_jsonplus_pandas_series[series15],10,pass
tests/test_jsonplus.py::test_serde_jsonplus_pandas_series[series15],11,pass
tests/test_jsonplus.py::test_serde_jsonplus_pandas_series[series15],12,pass
tests/test_jsonplus.py::test_serde_jsonplus_pandas_series[series15],13,pass
tests/test_jsonplus.py::test_serde_jsonplus_pandas_series[series15],14,pass
tests/test_jsonplus.py::test_serde_jsonplus_pandas_series[series15],15,pass
tests/test_jsonplus.py::test_serde_jsonplus_pandas_series[series15],16,pass
tests/test_jsonplus.py::test_serde_jsonplus_pandas_series[series15],17,pass
tests/test_jsonplus.py::test_serde_jsonplus_pandas_series[series15],18,pass
tests/test_jsonplus.py::test_serde_jsonplus_pandas_series[series15],19,pass
tests/test_jsonplus.py::test_serde_jsonplus_pandas_series[series15],20,pass
tests/test_jsonplus.py::test_serde_jsonplus_pandas_series[series15],21,pass
tests/test_jsonplus.py::test_serde_jsonplus_pandas_series[series15],22,pass
tests/test_jsonplus.py::test_serde_jsonplus_pandas_series[series15],23,pass
tests/test_jsonplus.py::test_serde_jsonplus_pandas_series[series15],24,pass
tests/test_jsonplus.py::test_serde_jsonplus_pandas_series[series15],25,pass
tests/test_jsonplus.py::test_serde_jsonplus_pandas_series[series15],26,pass
tests/test_jsonplus.py::test_serde_jsonplus_pandas_series[series15],27,pass
tests/test_jsonplus.py::test_serde_jsonplus_pandas_series[series15],28,pass
tests/test_jsonplus.py::test_serde_jsonplus_pandas_series[series15],29,pass
tests/test_jsonplus.py::test_serde_jsonplus_pandas_series[series15],30,pass
tests/test_jsonplus.py::test_serde_jsonplus_pandas_series[series15],31,pass
tests/test_jsonplus.py::test_serde_jsonplus_pandas_series[series15],32,pass
tests/test_jsonplus.py::test_serde_jsonplus_pandas_series[series15],33,pass
tests/test_jsonplus.py::test_serde_jsonplus_pandas_series[series15],34,pass
tests/test_jsonplus.py::test_serde_jsonplus_pandas_series[series15],35,pass
tests/test_jsonplus.py::test_serde_jsonplus_pandas_series[series15],36,pass
tests/test_jsonplus.py::test_serde_jsonplus_pandas_series[series15],37,pass
tests/test_jsonplus.py::test_serde_jsonplus_pandas_series[series15],38,pass
tests/test_jsonplus.py::test_serde_jsonplus_pandas_series[series15],39,pass
tests/test_jsonplus.py::test_serde_jsonplus_pandas_series[series15],40,pass
tests/test_jsonplus.py::test_serde_jsonplus_pandas_series[series15],41,pass
tests/test_jsonplus.py::test_serde_jsonplus_pandas_series[series15],42,pass
tests/test_jsonplus.py::test_serde_jsonplus_pandas_series[series15],43,pass
tests/test_jsonplus.py::test_serde_jsonplus_pandas_series[series15],44,pass
tests/test_jsonplus.py::test_serde_jsonplus_pandas_series[series15],45,pass
tests/test_jsonplus.py::test_serde_jsonplus_pandas_series[series15],46,pass
tests/test_jsonplus.py::test_serde_jsonplus_pandas_series[series15],47,pass
tests/test_jsonplus.py::test_serde_jsonplus_pandas_series[series15],48,pass
tests/test_jsonplus.py::test_serde_jsonplus_pandas_series[series15],49,pass
tests/test_jsonplus.py::test_serde_jsonplus_pandas_series[series15],50,pass
tests/test_jsonplus.py::test_serde_jsonplus_pandas_series[series16],1,pass
tests/test_jsonplus.py::test_serde_jsonplus_pandas_series[series16],2,pass
tests/test_jsonplus.py::test_serde_jsonplus_pandas_series[series16],3,pass
tests/test_jsonplus.py::test_serde_jsonplus_pandas_series[series16],4,pass
tests/test_jsonplus.py::test_serde_jsonplus_pandas_series[series16],5,pass
tests/test_jsonplus.py::test_serde_jsonplus_pandas_series[series16],6,pass
tests/test_jsonplus.py::test_serde_jsonplus_pandas_series[series16],7,pass
tests/test_jsonplus.py::test_serde_jsonplus_pandas_series[series16],8,pass
tests/test_jsonplus.py::test_serde_jsonplus_pandas_series[series16],9,pass
tests/test_jsonplus.py::test_serde_jsonplus_pandas_series[series16],10,pass
tests/test_jsonplus.py::test_serde_jsonplus_pandas_series[series16],11,pass
tests/test_jsonplus.py::test_serde_jsonplus_pandas_series[series16],12,pass
tests/test_jsonplus.py::test_serde_jsonplus_pandas_series[series16],13,pass
tests/test_jsonplus.py::test_serde_jsonplus_pandas_series[series16],14,pass
tests/test_jsonplus.py::test_serde_jsonplus_pandas_series[series16],15,pass
tests/test_jsonplus.py::test_serde_jsonplus_pandas_series[series16],16,pass
tests/test_jsonplus.py::test_serde_jsonplus_pandas_series[series16],17,pass
tests/test_jsonplus.py::test_serde_jsonplus_pandas_series[series16],18,pass
tests/test_jsonplus.py::test_serde_jsonplus_pandas_series[series16],19,pass
tests/test_jsonplus.py::test_serde_jsonplus_pandas_series[series16],20,pass
tests/test_jsonplus.py::test_serde_jsonplus_pandas_series[series16],21,pass
tests/test_jsonplus.py::test_serde_jsonplus_pandas_series[series16],22,pass
tests/test_jsonplus.py::test_serde_jsonplus_pandas_series[series16],23,pass
tests/test_jsonplus.py::test_serde_jsonplus_pandas_series[series16],24,pass
tests/test_jsonplus.py::test_serde_jsonplus_pandas_series[series16],25,pass
tests/test_jsonplus.py::test_serde_jsonplus_pandas_series[series16],26,pass
tests/test_jsonplus.py::test_serde_jsonplus_pandas_series[series16],27,pass
tests/test_jsonplus.py::test_serde_jsonplus_pandas_series[series16],28,pass
tests/test_jsonplus.py::test_serde_jsonplus_pandas_series[series16],29,pass
tests/test_jsonplus.py::test_serde_jsonplus_pandas_series[series16],30,pass
tests/test_jsonplus.py::test_serde_jsonplus_pandas_series[series16],31,pass
tests/test_jsonplus.py::test_serde_jsonplus_pandas_series[series16],32,pass
tests/test_jsonplus.py::test_serde_jsonplus_pandas_series[series16],33,pass
tests/test_jsonplus.py::test_serde_jsonplus_pandas_series[series16],34,pass
tests/test_jsonplus.py::test_serde_jsonplus_pandas_series[series16],35,pass
tests/test_jsonplus.py::test_serde_jsonplus_pandas_series[series16],36,pass
tests/test_jsonplus.py::test_serde_jsonplus_pandas_series[series16],37,pass
tests/test_jsonplus.py::test_serde_jsonplus_pandas_series[series16],38,pass
tests/test_jsonplus.py::test_serde_jsonplus_pandas_series[series16],39,pass
tests/test_jsonplus.py::test_serde_jsonplus_pandas_series[series16],40,pass
tests/test_jsonplus.py::test_serde_jsonplus_pandas_series[series16],41,pass
tests/test_jsonplus.py::test_serde_jsonplus_pandas_series[series16],42,pass
tests/test_jsonplus.py::test_serde_jsonplus_pandas_series[series16],43,pass
tests/test_jsonplus.py::test_serde_jsonplus_pandas_series[series16],44,pass
tests/test_jsonplus.py::test_serde_jsonplus_pandas_series[series16],45,pass
tests/test_jsonplus.py::test_serde_jsonplus_pandas_series[series16],46,pass
tests/test_jsonplus.py::test_serde_jsonplus_pandas_series[series16],47,pass
tests/test_jsonplus.py::test_serde_jsonplus_pandas_series[series16],48,pass
tests/test_jsonplus.py::test_serde_jsonplus_pandas_series[series16],49,pass
tests/test_jsonplus.py::test_serde_jsonplus_pandas_series[series16],50,pass
tests/test_jsonplus.py::test_serde_jsonplus_pandas_series[series17],1,pass
tests/test_jsonplus.py::test_serde_jsonplus_pandas_series[series17],2,pass
tests/test_jsonplus.py::test_serde_jsonplus_pandas_series[series17],3,pass
tests/test_jsonplus.py::test_serde_jsonplus_pandas_series[series17],4,pass
tests/test_jsonplus.py::test_serde_jsonplus_pandas_series[series17],5,pass
tests/test_jsonplus.py::test_serde_jsonplus_pandas_series[series17],6,pass
tests/test_jsonplus.py::test_serde_jsonplus_pandas_series[series17],7,pass
tests/test_jsonplus.py::test_serde_jsonplus_pandas_series[series17],8,pass
tests/test_jsonplus.py::test_serde_jsonplus_pandas_series[series17],9,pass
tests/test_jsonplus.py::test_serde_jsonplus_pandas_series[series17],10,pass
tests/test_jsonplus.py::test_serde_jsonplus_pandas_series[series17],11,pass
tests/test_jsonplus.py::test_serde_jsonplus_pandas_series[series17],12,pass
tests/test_jsonplus.py::test_serde_jsonplus_pandas_series[series17],13,pass
tests/test_jsonplus.py::test_serde_jsonplus_pandas_series[series17],14,pass
tests/test_jsonplus.py::test_serde_jsonplus_pandas_series[series17],15,pass
tests/test_jsonplus.py::test_serde_jsonplus_pandas_series[series17],16,pass
tests/test_jsonplus.py::test_serde_jsonplus_pandas_series[series17],17,pass
tests/test_jsonplus.py::test_serde_jsonplus_pandas_series[series17],18,pass
tests/test_jsonplus.py::test_serde_jsonplus_pandas_series[series17],19,pass
tests/test_jsonplus.py::test_serde_jsonplus_pandas_series[series17],20,pass
tests/test_jsonplus.py::test_serde_jsonplus_pandas_series[series17],21,pass
tests/test_jsonplus.py::test_serde_jsonplus_pandas_series[series17],22,pass
tests/test_jsonplus.py::test_serde_jsonplus_pandas_series[series17],23,pass
tests/test_jsonplus.py::test_serde_jsonplus_pandas_series[series17],24,pass
tests/test_jsonplus.py::test_serde_jsonplus_pandas_series[series17],25,pass
tests/test_jsonplus.py::test_serde_jsonplus_pandas_series[series17],26,pass
tests/test_jsonplus.py::test_serde_jsonplus_pandas_series[series17],27,pass
tests/test_jsonplus.py::test_serde_jsonplus_pandas_series[series17],28,pass
tests/test_jsonplus.py::test_serde_jsonplus_pandas_series[series17],29,pass
tests/test_jsonplus.py::test_serde_jsonplus_pandas_series[series17],30,pass
tests/test_jsonplus.py::test_serde_jsonplus_pandas_series[series17],31,pass
tests/test_jsonplus.py::test_serde_jsonplus_pandas_series[series17],32,pass
tests/test_jsonplus.py::test_serde_jsonplus_pandas_series[series17],33,pass
tests/test_jsonplus.py::test_serde_jsonplus_pandas_series[series17],34,pass
tests/test_jsonplus.py::test_serde_jsonplus_pandas_series[series17],35,pass
tests/test_jsonplus.py::test_serde_jsonplus_pandas_series[series17],36,pass
tests/test_jsonplus.py::test_serde_jsonplus_pandas_series[series17],37,pass
tests/test_jsonplus.py::test_serde_jsonplus_pandas_series[series17],38,pass
tests/test_jsonplus.py::test_serde_jsonplus_pandas_series[series17],39,pass
tests/test_jsonplus.py::test_serde_jsonplus_pandas_series[series17],40,pass
tests/test_jsonplus.py::test_serde_jsonplus_pandas_series[series17],41,pass
tests/test_jsonplus.py::test_serde_jsonplus_pandas_series[series17],42,pass
tests/test_jsonplus.py::test_serde_jsonplus_pandas_series[series17],43,pass
tests/test_jsonplus.py::test_serde_jsonplus_pandas_series[series17],44,pass
tests/test_jsonplus.py::test_serde_jsonplus_pandas_series[series17],45,pass
tests/test_jsonplus.py::test_serde_jsonplus_pandas_series[series17],46,pass
tests/test_jsonplus.py::test_serde_jsonplus_pandas_series[series17],47,pass
tests/test_jsonplus.py::test_serde_jsonplus_pandas_series[series17],48,pass
tests/test_jsonplus.py::test_serde_jsonplus_pandas_series[series17],49,pass
tests/test_jsonplus.py::test_serde_jsonplus_pandas_series[series17],50,pass
tests/test_jsonplus.py::test_serde_jsonplus_pandas_series[series18],1,pass
tests/test_jsonplus.py::test_serde_jsonplus_pandas_series[series18],2,pass
tests/test_jsonplus.py::test_serde_jsonplus_pandas_series[series18],3,pass
tests/test_jsonplus.py::test_serde_jsonplus_pandas_series[series18],4,pass
tests/test_jsonplus.py::test_serde_jsonplus_pandas_series[series18],5,pass
tests/test_jsonplus.py::test_serde_jsonplus_pandas_series[series18],6,pass
tests/test_jsonplus.py::test_serde_jsonplus_pandas_series[series18],7,pass
tests/test_jsonplus.py::test_serde_jsonplus_pandas_series[series18],8,pass
tests/test_jsonplus.py::test_serde_jsonplus_pandas_series[series18],9,pass
tests/test_jsonplus.py::test_serde_jsonplus_pandas_series[series18],10,pass
tests/test_jsonplus.py::test_serde_jsonplus_pandas_series[series18],11,pass
tests/test_jsonplus.py::test_serde_jsonplus_pandas_series[series18],12,pass
tests/test_jsonplus.py::test_serde_jsonplus_pandas_series[series18],13,pass
tests/test_jsonplus.py::test_serde_jsonplus_pandas_series[series18],14,pass
tests/test_jsonplus.py::test_serde_jsonplus_pandas_series[series18],15,pass
tests/test_jsonplus.py::test_serde_jsonplus_pandas_series[series18],16,pass
tests/test_jsonplus.py::test_serde_jsonplus_pandas_series[series18],17,pass
tests/test_jsonplus.py::test_serde_jsonplus_pandas_series[series18],18,pass
tests/test_jsonplus.py::test_serde_jsonplus_pandas_series[series18],19,pass
tests/test_jsonplus.py::test_serde_jsonplus_pandas_series[series18],20,pass
tests/test_jsonplus.py::test_serde_jsonplus_pandas_series[series18],21,pass
tests/test_jsonplus.py::test_serde_jsonplus_pandas_series[series18],22,pass
tests/test_jsonplus.py::test_serde_jsonplus_pandas_series[series18],23,pass
tests/test_jsonplus.py::test_serde_jsonplus_pandas_series[series18],24,pass
tests/test_jsonplus.py::test_serde_jsonplus_pandas_series[series18],25,pass
tests/test_jsonplus.py::test_serde_jsonplus_pandas_series[series18],26,pass
tests/test_jsonplus.py::test_serde_jsonplus_pandas_series[series18],27,pass
tests/test_jsonplus.py::test_serde_jsonplus_pandas_series[series18],28,pass
tests/test_jsonplus.py::test_serde_jsonplus_pandas_series[series18],29,pass
tests/test_jsonplus.py::test_serde_jsonplus_pandas_series[series18],30,pass
tests/test_jsonplus.py::test_serde_jsonplus_pandas_series[series18],31,pass
tests/test_jsonplus.py::test_serde_jsonplus_pandas_series[series18],32,pass
tests/test_jsonplus.py::test_serde_jsonplus_pandas_series[series18],33,pass
tests/test_jsonplus.py::test_serde_jsonplus_pandas_series[series18],34,pass
tests/test_jsonplus.py::test_serde_jsonplus_pandas_series[series18],35,pass
tests/test_jsonplus.py::test_serde_jsonplus_pandas_series[series18],36,pass
tests/test_jsonplus.py::test_serde_jsonplus_pandas_series[series18],37,pass
tests/test_jsonplus.py::test_serde_jsonplus_pandas_series[series18],38,pass
tests/test_jsonplus.py::test_serde_jsonplus_pandas_series[series18],39,pass
tests/test_jsonplus.py::test_serde_jsonplus_pandas_series[series18],40,pass
tests/test_jsonplus.py::test_serde_jsonplus_pandas_series[series18],41,pass
tests/test_jsonplus.py::test_serde_jsonplus_pandas_series[series18],42,pass
tests/test_jsonplus.py::test_serde_jsonplus_pandas_series[series18],43,pass
tests/test_jsonplus.py::test_serde_jsonplus_pandas_series[series18],44,pass
tests/test_jsonplus.py::test_serde_jsonplus_pandas_series[series18],45,pass
tests/test_jsonplus.py::test_serde_jsonplus_pandas_series[series18],46,pass
tests/test_jsonplus.py::test_serde_jsonplus_pandas_series[series18],47,pass
tests/test_jsonplus.py::test_serde_jsonplus_pandas_series[series18],48,pass
tests/test_jsonplus.py::test_serde_jsonplus_pandas_series[series18],49,pass
tests/test_jsonplus.py::test_serde_jsonplus_pandas_series[series18],50,pass
tests/test_jsonplus.py::test_serde_jsonplus_pandas_series[series19],1,pass
tests/test_jsonplus.py::test_serde_jsonplus_pandas_series[series19],2,pass
tests/test_jsonplus.py::test_serde_jsonplus_pandas_series[series19],3,pass
tests/test_jsonplus.py::test_serde_jsonplus_pandas_series[series19],4,pass
tests/test_jsonplus.py::test_serde_jsonplus_pandas_series[series19],5,pass
tests/test_jsonplus.py::test_serde_jsonplus_pandas_series[series19],6,pass
tests/test_jsonplus.py::test_serde_jsonplus_pandas_series[series19],7,pass
tests/test_jsonplus.py::test_serde_jsonplus_pandas_series[series19],8,pass
tests/test_jsonplus.py::test_serde_jsonplus_pandas_series[series19],9,pass
tests/test_jsonplus.py::test_serde_jsonplus_pandas_series[series19],10,pass
tests/test_jsonplus.py::test_serde_jsonplus_pandas_series[series19],11,pass
tests/test_jsonplus.py::test_serde_jsonplus_pandas_series[series19],12,pass
tests/test_jsonplus.py::test_serde_jsonplus_pandas_series[series19],13,pass
tests/test_jsonplus.py::test_serde_jsonplus_pandas_series[series19],14,pass
tests/test_jsonplus.py::test_serde_jsonplus_pandas_series[series19],15,pass
tests/test_jsonplus.py::test_serde_jsonplus_pandas_series[series19],16,pass
tests/test_jsonplus.py::test_serde_jsonplus_pandas_series[series19],17,pass
tests/test_jsonplus.py::test_serde_jsonplus_pandas_series[series19],18,pass
tests/test_jsonplus.py::test_serde_jsonplus_pandas_series[series19],19,pass
tests/test_jsonplus.py::test_serde_jsonplus_pandas_series[series19],20,pass
tests/test_jsonplus.py::test_serde_jsonplus_pandas_series[series19],21,pass
tests/test_jsonplus.py::test_serde_jsonplus_pandas_series[series19],22,pass
tests/test_jsonplus.py::test_serde_jsonplus_pandas_series[series19],23,pass
tests/test_jsonplus.py::test_serde_jsonplus_pandas_series[series19],24,pass
tests/test_jsonplus.py::test_serde_jsonplus_pandas_series[series19],25,pass
tests/test_jsonplus.py::test_serde_jsonplus_pandas_series[series19],26,pass
tests/test_jsonplus.py::test_serde_jsonplus_pandas_series[series19],27,pass
tests/test_jsonplus.py::test_serde_jsonplus_pandas_series[series19],28,pass
tests/test_jsonplus.py::test_serde_jsonplus_pandas_series[series19],29,pass
tests/test_jsonplus.py::test_serde_jsonplus_pandas_series[series19],30,pass
tests/test_jsonplus.py::test_serde_jsonplus_pandas_series[series19],31,pass
tests/test_jsonplus.py::test_serde_jsonplus_pandas_series[series19],32,pass
tests/test_jsonplus.py::test_serde_jsonplus_pandas_series[series19],33,pass
tests/test_jsonplus.py::test_serde_jsonplus_pandas_series[series19],34,pass
tests/test_jsonplus.py::test_serde_jsonplus_pandas_series[series19],35,pass
tests/test_jsonplus.py::test_serde_jsonplus_pandas_series[series19],36,pass
tests/test_jsonplus.py::test_serde_jsonplus_pandas_series[series19],37,pass
tests/test_jsonplus.py::test_serde_jsonplus_pandas_series[series19],38,pass
tests/test_jsonplus.py::test_serde_jsonplus_pandas_series[series19],39,pass
tests/test_jsonplus.py::test_serde_jsonplus_pandas_series[series19],40,pass
tests/test_jsonplus.py::test_serde_jsonplus_pandas_series[series19],41,pass
tests/test_jsonplus.py::test_serde_jsonplus_pandas_series[series19],42,pass
tests/test_jsonplus.py::test_serde_jsonplus_pandas_series[series19],43,pass
tests/test_jsonplus.py::test_serde_jsonplus_pandas_series[series19],44,pass
tests/test_jsonplus.py::test_serde_jsonplus_pandas_series[series19],45,pass
tests/test_jsonplus.py::test_serde_jsonplus_pandas_series[series19],46,pass
tests/test_jsonplus.py::test_serde_jsonplus_pandas_series[series19],47,pass
tests/test_jsonplus.py::test_serde_jsonplus_pandas_series[series19],48,pass
tests/test_jsonplus.py::test_serde_jsonplus_pandas_series[series19],49,pass
tests/test_jsonplus.py::test_serde_jsonplus_pandas_series[series19],50,pass
tests/test_jsonplus.py::test_serde_jsonplus_pandas_series[series1],1,pass
tests/test_jsonplus.py::test_serde_jsonplus_pandas_series[series1],2,pass
tests/test_jsonplus.py::test_serde_jsonplus_pandas_series[series1],3,pass
tests/test_jsonplus.py::test_serde_jsonplus_pandas_series[series1],4,pass
tests/test_jsonplus.py::test_serde_jsonplus_pandas_series[series1],5,pass
tests/test_jsonplus.py::test_serde_jsonplus_pandas_series[series1],6,pass
tests/test_jsonplus.py::test_serde_jsonplus_pandas_series[series1],7,pass
tests/test_jsonplus.py::test_serde_jsonplus_pandas_series[series1],8,pass
tests/test_jsonplus.py::test_serde_jsonplus_pandas_series[series1],9,pass
tests/test_jsonplus.py::test_serde_jsonplus_pandas_series[series1],10,pass
tests/test_jsonplus.py::test_serde_jsonplus_pandas_series[series1],11,pass
tests/test_jsonplus.py::test_serde_jsonplus_pandas_series[series1],12,pass
tests/test_jsonplus.py::test_serde_jsonplus_pandas_series[series1],13,pass
tests/test_jsonplus.py::test_serde_jsonplus_pandas_series[series1],14,pass
tests/test_jsonplus.py::test_serde_jsonplus_pandas_series[series1],15,pass
tests/test_jsonplus.py::test_serde_jsonplus_pandas_series[series1],16,pass
tests/test_jsonplus.py::test_serde_jsonplus_pandas_series[series1],17,pass
tests/test_jsonplus.py::test_serde_jsonplus_pandas_series[series1],18,pass
tests/test_jsonplus.py::test_serde_jsonplus_pandas_series[series1],19,pass
tests/test_jsonplus.py::test_serde_jsonplus_pandas_series[series1],20,pass
tests/test_jsonplus.py::test_serde_jsonplus_pandas_series[series1],21,pass
tests/test_jsonplus.py::test_serde_jsonplus_pandas_series[series1],22,pass
tests/test_jsonplus.py::test_serde_jsonplus_pandas_series[series1],23,pass
tests/test_jsonplus.py::test_serde_jsonplus_pandas_series[series1],24,pass
tests/test_jsonplus.py::test_serde_jsonplus_pandas_series[series1],25,pass
tests/test_jsonplus.py::test_serde_jsonplus_pandas_series[series1],26,pass
tests/test_jsonplus.py::test_serde_jsonplus_pandas_series[series1],27,pass
tests/test_jsonplus.py::test_serde_jsonplus_pandas_series[series1],28,pass
tests/test_jsonplus.py::test_serde_jsonplus_pandas_series[series1],29,pass
tests/test_jsonplus.py::test_serde_jsonplus_pandas_series[series1],30,pass
tests/test_jsonplus.py::test_serde_jsonplus_pandas_series[series1],31,pass
tests/test_jsonplus.py::test_serde_jsonplus_pandas_series[series1],32,pass
tests/test_jsonplus.py::test_serde_jsonplus_pandas_series[series1],33,pass
tests/test_jsonplus.py::test_serde_jsonplus_pandas_series[series1],34,pass
tests/test_jsonplus.py::test_serde_jsonplus_pandas_series[series1],35,pass
tests/test_jsonplus.py::test_serde_jsonplus_pandas_series[series1],36,pass
tests/test_jsonplus.py::test_serde_jsonplus_pandas_series[series1],37,pass
tests/test_jsonplus.py::test_serde_jsonplus_pandas_series[series1],38,pass
tests/test_jsonplus.py::test_serde_jsonplus_pandas_series[series1],39,pass
tests/test_jsonplus.py::test_serde_jsonplus_pandas_series[series1],40,pass
tests/test_jsonplus.py::test_serde_jsonplus_pandas_series[series1],41,pass
tests/test_jsonplus.py::test_serde_jsonplus_pandas_series[series1],42,pass
tests/test_jsonplus.py::test_serde_jsonplus_pandas_series[series1],43,pass
tests/test_jsonplus.py::test_serde_jsonplus_pandas_series[series1],44,pass
tests/test_jsonplus.py::test_serde_jsonplus_pandas_series[series1],45,pass
tests/test_jsonplus.py::test_serde_jsonplus_pandas_series[series1],46,pass
tests/test_jsonplus.py::test_serde_jsonplus_pandas_series[series1],47,pass
tests/test_jsonplus.py::test_serde_jsonplus_pandas_series[series1],48,pass
tests/test_jsonplus.py::test_serde_jsonplus_pandas_series[series1],49,pass
tests/test_jsonplus.py::test_serde_jsonplus_pandas_series[series1],50,pass
tests/test_jsonplus.py::test_serde_jsonplus_pandas_series[series20],1,pass
tests/test_jsonplus.py::test_serde_jsonplus_pandas_series[series20],2,pass
tests/test_jsonplus.py::test_serde_jsonplus_pandas_series[series20],3,pass
tests/test_jsonplus.py::test_serde_jsonplus_pandas_series[series20],4,pass
tests/test_jsonplus.py::test_serde_jsonplus_pandas_series[series20],5,pass
tests/test_jsonplus.py::test_serde_jsonplus_pandas_series[series20],6,pass
tests/test_jsonplus.py::test_serde_jsonplus_pandas_series[series20],7,pass
tests/test_jsonplus.py::test_serde_jsonplus_pandas_series[series20],8,pass
tests/test_jsonplus.py::test_serde_jsonplus_pandas_series[series20],9,pass
tests/test_jsonplus.py::test_serde_jsonplus_pandas_series[series20],10,pass
tests/test_jsonplus.py::test_serde_jsonplus_pandas_series[series20],11,pass
tests/test_jsonplus.py::test_serde_jsonplus_pandas_series[series20],12,pass
tests/test_jsonplus.py::test_serde_jsonplus_pandas_series[series20],13,pass
tests/test_jsonplus.py::test_serde_jsonplus_pandas_series[series20],14,pass
tests/test_jsonplus.py::test_serde_jsonplus_pandas_series[series20],15,pass
tests/test_jsonplus.py::test_serde_jsonplus_pandas_series[series20],16,pass
tests/test_jsonplus.py::test_serde_jsonplus_pandas_series[series20],17,pass
tests/test_jsonplus.py::test_serde_jsonplus_pandas_series[series20],18,pass
tests/test_jsonplus.py::test_serde_jsonplus_pandas_series[series20],19,pass
tests/test_jsonplus.py::test_serde_jsonplus_pandas_series[series20],20,pass
tests/test_jsonplus.py::test_serde_jsonplus_pandas_series[series20],21,pass
tests/test_jsonplus.py::test_serde_jsonplus_pandas_series[series20],22,pass
tests/test_jsonplus.py::test_serde_jsonplus_pandas_series[series20],23,pass
tests/test_jsonplus.py::test_serde_jsonplus_pandas_series[series20],24,pass
tests/test_jsonplus.py::test_serde_jsonplus_pandas_series[series20],25,pass
tests/test_jsonplus.py::test_serde_jsonplus_pandas_series[series20],26,pass
tests/test_jsonplus.py::test_serde_jsonplus_pandas_series[series20],27,pass
tests/test_jsonplus.py::test_serde_jsonplus_pandas_series[series20],28,pass
tests/test_jsonplus.py::test_serde_jsonplus_pandas_series[series20],29,pass
tests/test_jsonplus.py::test_serde_jsonplus_pandas_series[series20],30,pass
tests/test_jsonplus.py::test_serde_jsonplus_pandas_series[series20],31,pass
tests/test_jsonplus.py::test_serde_jsonplus_pandas_series[series20],32,pass
tests/test_jsonplus.py::test_serde_jsonplus_pandas_series[series20],33,pass
tests/test_jsonplus.py::test_serde_jsonplus_pandas_series[series20],34,pass
tests/test_jsonplus.py::test_serde_jsonplus_pandas_series[series20],35,pass
tests/test_jsonplus.py::test_serde_jsonplus_pandas_series[series20],36,pass
tests/test_jsonplus.py::test_serde_jsonplus_pandas_series[series20],37,pass
tests/test_jsonplus.py::test_serde_jsonplus_pandas_series[series20],38,pass
tests/test_jsonplus.py::test_serde_jsonplus_pandas_series[series20],39,pass
tests/test_jsonplus.py::test_serde_jsonplus_pandas_series[series20],40,pass
tests/test_jsonplus.py::test_serde_jsonplus_pandas_series[series20],41,pass
tests/test_jsonplus.py::test_serde_jsonplus_pandas_series[series20],42,pass
tests/test_jsonplus.py::test_serde_jsonplus_pandas_series[series20],43,pass
tests/test_jsonplus.py::test_serde_jsonplus_pandas_series[series20],44,pass
tests/test_jsonplus.py::test_serde_jsonplus_pandas_series[series20],45,pass
tests/test_jsonplus.py::test_serde_jsonplus_pandas_series[series20],46,pass
tests/test_jsonplus.py::test_serde_jsonplus_pandas_series[series20],47,pass
tests/test_jsonplus.py::test_serde_jsonplus_pandas_series[series20],48,pass
tests/test_jsonplus.py::test_serde_jsonplus_pandas_series[series20],49,pass
tests/test_jsonplus.py::test_serde_jsonplus_pandas_series[series20],50,pass
tests/test_jsonplus.py::test_serde_jsonplus_pandas_series[series21],1,pass
tests/test_jsonplus.py::test_serde_jsonplus_pandas_series[series21],2,pass
tests/test_jsonplus.py::test_serde_jsonplus_pandas_series[series21],3,pass
tests/test_jsonplus.py::test_serde_jsonplus_pandas_series[series21],4,pass
tests/test_jsonplus.py::test_serde_jsonplus_pandas_series[series21],5,pass
tests/test_jsonplus.py::test_serde_jsonplus_pandas_series[series21],6,pass
tests/test_jsonplus.py::test_serde_jsonplus_pandas_series[series21],7,pass
tests/test_jsonplus.py::test_serde_jsonplus_pandas_series[series21],8,pass
tests/test_jsonplus.py::test_serde_jsonplus_pandas_series[series21],9,pass
tests/test_jsonplus.py::test_serde_jsonplus_pandas_series[series21],10,pass
tests/test_jsonplus.py::test_serde_jsonplus_pandas_series[series21],11,pass
tests/test_jsonplus.py::test_serde_jsonplus_pandas_series[series21],12,pass
tests/test_jsonplus.py::test_serde_jsonplus_pandas_series[series21],13,pass
tests/test_jsonplus.py::test_serde_jsonplus_pandas_series[series21],14,pass
tests/test_jsonplus.py::test_serde_jsonplus_pandas_series[series21],15,pass
tests/test_jsonplus.py::test_serde_jsonplus_pandas_series[series21],16,pass
tests/test_jsonplus.py::test_serde_jsonplus_pandas_series[series21],17,pass
tests/test_jsonplus.py::test_serde_jsonplus_pandas_series[series21],18,pass
tests/test_jsonplus.py::test_serde_jsonplus_pandas_series[series21],19,pass
tests/test_jsonplus.py::test_serde_jsonplus_pandas_series[series21],20,pass
tests/test_jsonplus.py::test_serde_jsonplus_pandas_series[series21],21,pass
tests/test_jsonplus.py::test_serde_jsonplus_pandas_series[series21],22,pass
tests/test_jsonplus.py::test_serde_jsonplus_pandas_series[series21],23,pass
tests/test_jsonplus.py::test_serde_jsonplus_pandas_series[series21],24,pass
tests/test_jsonplus.py::test_serde_jsonplus_pandas_series[series21],25,pass
tests/test_jsonplus.py::test_serde_jsonplus_pandas_series[series21],26,pass
tests/test_jsonplus.py::test_serde_jsonplus_pandas_series[series21],27,pass
tests/test_jsonplus.py::test_serde_jsonplus_pandas_series[series21],28,pass
tests/test_jsonplus.py::test_serde_jsonplus_pandas_series[series21],29,pass
tests/test_jsonplus.py::test_serde_jsonplus_pandas_series[series21],30,pass
tests/test_jsonplus.py::test_serde_jsonplus_pandas_series[series21],31,pass
tests/test_jsonplus.py::test_serde_jsonplus_pandas_series[series21],32,pass
tests/test_jsonplus.py::test_serde_jsonplus_pandas_series[series21],33,pass
tests/test_jsonplus.py::test_serde_jsonplus_pandas_series[series21],34,pass
tests/test_jsonplus.py::test_serde_jsonplus_pandas_series[series21],35,pass
tests/test_jsonplus.py::test_serde_jsonplus_pandas_series[series21],36,pass
tests/test_jsonplus.py::test_serde_jsonplus_pandas_series[series21],37,pass
tests/test_jsonplus.py::test_serde_jsonplus_pandas_series[series21],38,pass
tests/test_jsonplus.py::test_serde_jsonplus_pandas_series[series21],39,pass
tests/test_jsonplus.py::test_serde_jsonplus_pandas_series[series21],40,pass
tests/test_jsonplus.py::test_serde_jsonplus_pandas_series[series21],41,pass
tests/test_jsonplus.py::test_serde_jsonplus_pandas_series[series21],42,pass
tests/test_jsonplus.py::test_serde_jsonplus_pandas_series[series21],43,pass
tests/test_jsonplus.py::test_serde_jsonplus_pandas_series[series21],44,pass
tests/test_jsonplus.py::test_serde_jsonplus_pandas_series[series21],45,pass
tests/test_jsonplus.py::test_serde_jsonplus_pandas_series[series21],46,pass
tests/test_jsonplus.py::test_serde_jsonplus_pandas_series[series21],47,pass
tests/test_jsonplus.py::test_serde_jsonplus_pandas_series[series21],48,pass
tests/test_jsonplus.py::test_serde_jsonplus_pandas_series[series21],49,pass
tests/test_jsonplus.py::test_serde_jsonplus_pandas_series[series21],50,pass
tests/test_jsonplus.py::test_serde_jsonplus_pandas_series[series22],1,pass
tests/test_jsonplus.py::test_serde_jsonplus_pandas_series[series22],2,pass
tests/test_jsonplus.py::test_serde_jsonplus_pandas_series[series22],3,pass
tests/test_jsonplus.py::test_serde_jsonplus_pandas_series[series22],4,pass
tests/test_jsonplus.py::test_serde_jsonplus_pandas_series[series22],5,pass
tests/test_jsonplus.py::test_serde_jsonplus_pandas_series[series22],6,pass
tests/test_jsonplus.py::test_serde_jsonplus_pandas_series[series22],7,pass
tests/test_jsonplus.py::test_serde_jsonplus_pandas_series[series22],8,pass
tests/test_jsonplus.py::test_serde_jsonplus_pandas_series[series22],9,pass
tests/test_jsonplus.py::test_serde_jsonplus_pandas_series[series22],10,pass
tests/test_jsonplus.py::test_serde_jsonplus_pandas_series[series22],11,pass
tests/test_jsonplus.py::test_serde_jsonplus_pandas_series[series22],12,pass
tests/test_jsonplus.py::test_serde_jsonplus_pandas_series[series22],13,pass
tests/test_jsonplus.py::test_serde_jsonplus_pandas_series[series22],14,pass
tests/test_jsonplus.py::test_serde_jsonplus_pandas_series[series22],15,pass
tests/test_jsonplus.py::test_serde_jsonplus_pandas_series[series22],16,pass
tests/test_jsonplus.py::test_serde_jsonplus_pandas_series[series22],17,pass
tests/test_jsonplus.py::test_serde_jsonplus_pandas_series[series22],18,pass
tests/test_jsonplus.py::test_serde_jsonplus_pandas_series[series22],19,pass
tests/test_jsonplus.py::test_serde_jsonplus_pandas_series[series22],20,pass
tests/test_jsonplus.py::test_serde_jsonplus_pandas_series[series22],21,pass
tests/test_jsonplus.py::test_serde_jsonplus_pandas_series[series22],22,pass
tests/test_jsonplus.py::test_serde_jsonplus_pandas_series[series22],23,pass
tests/test_jsonplus.py::test_serde_jsonplus_pandas_series[series22],24,pass
tests/test_jsonplus.py::test_serde_jsonplus_pandas_series[series22],25,pass
tests/test_jsonplus.py::test_serde_jsonplus_pandas_series[series22],26,pass
tests/test_jsonplus.py::test_serde_jsonplus_pandas_series[series22],27,pass
tests/test_jsonplus.py::test_serde_jsonplus_pandas_series[series22],28,pass
tests/test_jsonplus.py::test_serde_jsonplus_pandas_series[series22],29,pass
tests/test_jsonplus.py::test_serde_jsonplus_pandas_series[series22],30,pass
tests/test_jsonplus.py::test_serde_jsonplus_pandas_series[series22],31,pass
tests/test_jsonplus.py::test_serde_jsonplus_pandas_series[series22],32,pass
tests/test_jsonplus.py::test_serde_jsonplus_pandas_series[series22],33,pass
tests/test_jsonplus.py::test_serde_jsonplus_pandas_series[series22],34,pass
tests/test_jsonplus.py::test_serde_jsonplus_pandas_series[series22],35,pass
tests/test_jsonplus.py::test_serde_jsonplus_pandas_series[series22],36,pass
tests/test_jsonplus.py::test_serde_jsonplus_pandas_series[series22],37,pass
tests/test_jsonplus.py::test_serde_jsonplus_pandas_series[series22],38,pass
tests/test_jsonplus.py::test_serde_jsonplus_pandas_series[series22],39,pass
tests/test_jsonplus.py::test_serde_jsonplus_pandas_series[series22],40,pass
tests/test_jsonplus.py::test_serde_jsonplus_pandas_series[series22],41,pass
tests/test_jsonplus.py::test_serde_jsonplus_pandas_series[series22],42,pass
tests/test_jsonplus.py::test_serde_jsonplus_pandas_series[series22],43,pass
tests/test_jsonplus.py::test_serde_jsonplus_pandas_series[series22],44,pass
tests/test_jsonplus.py::test_serde_jsonplus_pandas_series[series22],45,pass
tests/test_jsonplus.py::test_serde_jsonplus_pandas_series[series22],46,pass
tests/test_jsonplus.py::test_serde_jsonplus_pandas_series[series22],47,pass
tests/test_jsonplus.py::test_serde_jsonplus_pandas_series[series22],48,pass
tests/test_jsonplus.py::test_serde_jsonplus_pandas_series[series22],49,pass
tests/test_jsonplus.py::test_serde_jsonplus_pandas_series[series22],50,pass
tests/test_jsonplus.py::test_serde_jsonplus_pandas_series[series23],1,pass
tests/test_jsonplus.py::test_serde_jsonplus_pandas_series[series23],2,pass
tests/test_jsonplus.py::test_serde_jsonplus_pandas_series[series23],3,pass
tests/test_jsonplus.py::test_serde_jsonplus_pandas_series[series23],4,pass
tests/test_jsonplus.py::test_serde_jsonplus_pandas_series[series23],5,pass
tests/test_jsonplus.py::test_serde_jsonplus_pandas_series[series23],6,pass
tests/test_jsonplus.py::test_serde_jsonplus_pandas_series[series23],7,pass
tests/test_jsonplus.py::test_serde_jsonplus_pandas_series[series23],8,pass
tests/test_jsonplus.py::test_serde_jsonplus_pandas_series[series23],9,pass
tests/test_jsonplus.py::test_serde_jsonplus_pandas_series[series23],10,pass
tests/test_jsonplus.py::test_serde_jsonplus_pandas_series[series23],11,pass
tests/test_jsonplus.py::test_serde_jsonplus_pandas_series[series23],12,pass
tests/test_jsonplus.py::test_serde_jsonplus_pandas_series[series23],13,pass
tests/test_jsonplus.py::test_serde_jsonplus_pandas_series[series23],14,pass
tests/test_jsonplus.py::test_serde_jsonplus_pandas_series[series23],15,pass
tests/test_jsonplus.py::test_serde_jsonplus_pandas_series[series23],16,pass
tests/test_jsonplus.py::test_serde_jsonplus_pandas_series[series23],17,pass
tests/test_jsonplus.py::test_serde_jsonplus_pandas_series[series23],18,pass
tests/test_jsonplus.py::test_serde_jsonplus_pandas_series[series23],19,pass
tests/test_jsonplus.py::test_serde_jsonplus_pandas_series[series23],20,pass
tests/test_jsonplus.py::test_serde_jsonplus_pandas_series[series23],21,pass
tests/test_jsonplus.py::test_serde_jsonplus_pandas_series[series23],22,pass
tests/test_jsonplus.py::test_serde_jsonplus_pandas_series[series23],23,pass
tests/test_jsonplus.py::test_serde_jsonplus_pandas_series[series23],24,pass
tests/test_jsonplus.py::test_serde_jsonplus_pandas_series[series23],25,pass
tests/test_jsonplus.py::test_serde_jsonplus_pandas_series[series23],26,pass
tests/test_jsonplus.py::test_serde_jsonplus_pandas_series[series23],27,pass
tests/test_jsonplus.py::test_serde_jsonplus_pandas_series[series23],28,pass
tests/test_jsonplus.py::test_serde_jsonplus_pandas_series[series23],29,pass
tests/test_jsonplus.py::test_serde_jsonplus_pandas_series[series23],30,pass
tests/test_jsonplus.py::test_serde_jsonplus_pandas_series[series23],31,pass
tests/test_jsonplus.py::test_serde_jsonplus_pandas_series[series23],32,pass
tests/test_jsonplus.py::test_serde_jsonplus_pandas_series[series23],33,pass
tests/test_jsonplus.py::test_serde_jsonplus_pandas_series[series23],34,pass
tests/test_jsonplus.py::test_serde_jsonplus_pandas_series[series23],35,pass
tests/test_jsonplus.py::test_serde_jsonplus_pandas_series[series23],36,pass
tests/test_jsonplus.py::test_serde_jsonplus_pandas_series[series23],37,pass
tests/test_jsonplus.py::test_serde_jsonplus_pandas_series[series23],38,pass
tests/test_jsonplus.py::test_serde_jsonplus_pandas_series[series23],39,pass
tests/test_jsonplus.py::test_serde_jsonplus_pandas_series[series23],40,pass
tests/test_jsonplus.py::test_serde_jsonplus_pandas_series[series23],41,pass
tests/test_jsonplus.py::test_serde_jsonplus_pandas_series[series23],42,pass
tests/test_jsonplus.py::test_serde_jsonplus_pandas_series[series23],43,pass
tests/test_jsonplus.py::test_serde_jsonplus_pandas_series[series23],44,pass
tests/test_jsonplus.py::test_serde_jsonplus_pandas_series[series23],45,pass
tests/test_jsonplus.py::test_serde_jsonplus_pandas_series[series23],46,pass
tests/test_jsonplus.py::test_serde_jsonplus_pandas_series[series23],47,pass
tests/test_jsonplus.py::test_serde_jsonplus_pandas_series[series23],48,pass
tests/test_jsonplus.py::test_serde_jsonplus_pandas_series[series23],49,pass
tests/test_jsonplus.py::test_serde_jsonplus_pandas_series[series23],50,pass
tests/test_jsonplus.py::test_serde_jsonplus_pandas_series[series24],1,pass
tests/test_jsonplus.py::test_serde_jsonplus_pandas_series[series24],2,pass
tests/test_jsonplus.py::test_serde_jsonplus_pandas_series[series24],3,pass
tests/test_jsonplus.py::test_serde_jsonplus_pandas_series[series24],4,pass
tests/test_jsonplus.py::test_serde_jsonplus_pandas_series[series24],5,pass
tests/test_jsonplus.py::test_serde_jsonplus_pandas_series[series24],6,pass
tests/test_jsonplus.py::test_serde_jsonplus_pandas_series[series24],7,pass
tests/test_jsonplus.py::test_serde_jsonplus_pandas_series[series24],8,pass
tests/test_jsonplus.py::test_serde_jsonplus_pandas_series[series24],9,pass
tests/test_jsonplus.py::test_serde_jsonplus_pandas_series[series24],10,pass
tests/test_jsonplus.py::test_serde_jsonplus_pandas_series[series24],11,pass
tests/test_jsonplus.py::test_serde_jsonplus_pandas_series[series24],12,pass
tests/test_jsonplus.py::test_serde_jsonplus_pandas_series[series24],13,pass
tests/test_jsonplus.py::test_serde_jsonplus_pandas_series[series24],14,pass
tests/test_jsonplus.py::test_serde_jsonplus_pandas_series[series24],15,pass
tests/test_jsonplus.py::test_serde_jsonplus_pandas_series[series24],16,pass
tests/test_jsonplus.py::test_serde_jsonplus_pandas_series[series24],17,pass
tests/test_jsonplus.py::test_serde_jsonplus_pandas_series[series24],18,pass
tests/test_jsonplus.py::test_serde_jsonplus_pandas_series[series24],19,pass
tests/test_jsonplus.py::test_serde_jsonplus_pandas_series[series24],20,pass
tests/test_jsonplus.py::test_serde_jsonplus_pandas_series[series24],21,pass
tests/test_jsonplus.py::test_serde_jsonplus_pandas_series[series24],22,pass
tests/test_jsonplus.py::test_serde_jsonplus_pandas_series[series24],23,pass
tests/test_jsonplus.py::test_serde_jsonplus_pandas_series[series24],24,pass
tests/test_jsonplus.py::test_serde_jsonplus_pandas_series[series24],25,pass
tests/test_jsonplus.py::test_serde_jsonplus_pandas_series[series24],26,pass
tests/test_jsonplus.py::test_serde_jsonplus_pandas_series[series24],27,pass
tests/test_jsonplus.py::test_serde_jsonplus_pandas_series[series24],28,pass
tests/test_jsonplus.py::test_serde_jsonplus_pandas_series[series24],29,pass
tests/test_jsonplus.py::test_serde_jsonplus_pandas_series[series24],30,pass
tests/test_jsonplus.py::test_serde_jsonplus_pandas_series[series24],31,pass
tests/test_jsonplus.py::test_serde_jsonplus_pandas_series[series24],32,pass
tests/test_jsonplus.py::test_serde_jsonplus_pandas_series[series24],33,pass
tests/test_jsonplus.py::test_serde_jsonplus_pandas_series[series24],34,pass
tests/test_jsonplus.py::test_serde_jsonplus_pandas_series[series24],35,pass
tests/test_jsonplus.py::test_serde_jsonplus_pandas_series[series24],36,pass
tests/test_jsonplus.py::test_serde_jsonplus_pandas_series[series24],37,pass
tests/test_jsonplus.py::test_serde_jsonplus_pandas_series[series24],38,pass
tests/test_jsonplus.py::test_serde_jsonplus_pandas_series[series24],39,pass
tests/test_jsonplus.py::test_serde_jsonplus_pandas_series[series24],40,pass
tests/test_jsonplus.py::test_serde_jsonplus_pandas_series[series24],41,pass
tests/test_jsonplus.py::test_serde_jsonplus_pandas_series[series24],42,pass
tests/test_jsonplus.py::test_serde_jsonplus_pandas_series[series24],43,pass
tests/test_jsonplus.py::test_serde_jsonplus_pandas_series[series24],44,pass
tests/test_jsonplus.py::test_serde_jsonplus_pandas_series[series24],45,pass
tests/test_jsonplus.py::test_serde_jsonplus_pandas_series[series24],46,pass
tests/test_jsonplus.py::test_serde_jsonplus_pandas_series[series24],47,pass
tests/test_jsonplus.py::test_serde_jsonplus_pandas_series[series24],48,pass
tests/test_jsonplus.py::test_serde_jsonplus_pandas_series[series24],49,pass
tests/test_jsonplus.py::test_serde_jsonplus_pandas_series[series24],50,pass
tests/test_jsonplus.py::test_serde_jsonplus_pandas_series[series25],1,pass
tests/test_jsonplus.py::test_serde_jsonplus_pandas_series[series25],2,pass
tests/test_jsonplus.py::test_serde_jsonplus_pandas_series[series25],3,pass
tests/test_jsonplus.py::test_serde_jsonplus_pandas_series[series25],4,pass
tests/test_jsonplus.py::test_serde_jsonplus_pandas_series[series25],5,pass
tests/test_jsonplus.py::test_serde_jsonplus_pandas_series[series25],6,pass
tests/test_jsonplus.py::test_serde_jsonplus_pandas_series[series25],7,pass
tests/test_jsonplus.py::test_serde_jsonplus_pandas_series[series25],8,pass
tests/test_jsonplus.py::test_serde_jsonplus_pandas_series[series25],9,pass
tests/test_jsonplus.py::test_serde_jsonplus_pandas_series[series25],10,pass
tests/test_jsonplus.py::test_serde_jsonplus_pandas_series[series25],11,pass
tests/test_jsonplus.py::test_serde_jsonplus_pandas_series[series25],12,pass
tests/test_jsonplus.py::test_serde_jsonplus_pandas_series[series25],13,pass
tests/test_jsonplus.py::test_serde_jsonplus_pandas_series[series25],14,pass
tests/test_jsonplus.py::test_serde_jsonplus_pandas_series[series25],15,pass
tests/test_jsonplus.py::test_serde_jsonplus_pandas_series[series25],16,pass
tests/test_jsonplus.py::test_serde_jsonplus_pandas_series[series25],17,pass
tests/test_jsonplus.py::test_serde_jsonplus_pandas_series[series25],18,pass
tests/test_jsonplus.py::test_serde_jsonplus_pandas_series[series25],19,pass
tests/test_jsonplus.py::test_serde_jsonplus_pandas_series[series25],20,pass
tests/test_jsonplus.py::test_serde_jsonplus_pandas_series[series25],21,pass
tests/test_jsonplus.py::test_serde_jsonplus_pandas_series[series25],22,pass
tests/test_jsonplus.py::test_serde_jsonplus_pandas_series[series25],23,pass
tests/test_jsonplus.py::test_serde_jsonplus_pandas_series[series25],24,pass
tests/test_jsonplus.py::test_serde_jsonplus_pandas_series[series25],25,pass
tests/test_jsonplus.py::test_serde_jsonplus_pandas_series[series25],26,pass
tests/test_jsonplus.py::test_serde_jsonplus_pandas_series[series25],27,pass
tests/test_jsonplus.py::test_serde_jsonplus_pandas_series[series25],28,pass
tests/test_jsonplus.py::test_serde_jsonplus_pandas_series[series25],29,pass
tests/test_jsonplus.py::test_serde_jsonplus_pandas_series[series25],30,pass
tests/test_jsonplus.py::test_serde_jsonplus_pandas_series[series25],31,pass
tests/test_jsonplus.py::test_serde_jsonplus_pandas_series[series25],32,pass
tests/test_jsonplus.py::test_serde_jsonplus_pandas_series[series25],33,pass
tests/test_jsonplus.py::test_serde_jsonplus_pandas_series[series25],34,pass
tests/test_jsonplus.py::test_serde_jsonplus_pandas_series[series25],35,pass
tests/test_jsonplus.py::test_serde_jsonplus_pandas_series[series25],36,pass
tests/test_jsonplus.py::test_serde_jsonplus_pandas_series[series25],37,pass
tests/test_jsonplus.py::test_serde_jsonplus_pandas_series[series25],38,pass
tests/test_jsonplus.py::test_serde_jsonplus_pandas_series[series25],39,pass
tests/test_jsonplus.py::test_serde_jsonplus_pandas_series[series25],40,pass
tests/test_jsonplus.py::test_serde_jsonplus_pandas_series[series25],41,pass
tests/test_jsonplus.py::test_serde_jsonplus_pandas_series[series25],42,pass
tests/test_jsonplus.py::test_serde_jsonplus_pandas_series[series25],43,pass
tests/test_jsonplus.py::test_serde_jsonplus_pandas_series[series25],44,pass
tests/test_jsonplus.py::test_serde_jsonplus_pandas_series[series25],45,pass
tests/test_jsonplus.py::test_serde_jsonplus_pandas_series[series25],46,pass
tests/test_jsonplus.py::test_serde_jsonplus_pandas_series[series25],47,pass
tests/test_jsonplus.py::test_serde_jsonplus_pandas_series[series25],48,pass
tests/test_jsonplus.py::test_serde_jsonplus_pandas_series[series25],49,pass
tests/test_jsonplus.py::test_serde_jsonplus_pandas_series[series25],50,pass
tests/test_jsonplus.py::test_serde_jsonplus_pandas_series[series26],1,pass
tests/test_jsonplus.py::test_serde_jsonplus_pandas_series[series26],2,pass
tests/test_jsonplus.py::test_serde_jsonplus_pandas_series[series26],3,pass
tests/test_jsonplus.py::test_serde_jsonplus_pandas_series[series26],4,pass
tests/test_jsonplus.py::test_serde_jsonplus_pandas_series[series26],5,pass
tests/test_jsonplus.py::test_serde_jsonplus_pandas_series[series26],6,pass
tests/test_jsonplus.py::test_serde_jsonplus_pandas_series[series26],7,pass
tests/test_jsonplus.py::test_serde_jsonplus_pandas_series[series26],8,pass
tests/test_jsonplus.py::test_serde_jsonplus_pandas_series[series26],9,pass
tests/test_jsonplus.py::test_serde_jsonplus_pandas_series[series26],10,pass
tests/test_jsonplus.py::test_serde_jsonplus_pandas_series[series26],11,pass
tests/test_jsonplus.py::test_serde_jsonplus_pandas_series[series26],12,pass
tests/test_jsonplus.py::test_serde_jsonplus_pandas_series[series26],13,pass
tests/test_jsonplus.py::test_serde_jsonplus_pandas_series[series26],14,pass
tests/test_jsonplus.py::test_serde_jsonplus_pandas_series[series26],15,pass
tests/test_jsonplus.py::test_serde_jsonplus_pandas_series[series26],16,pass
tests/test_jsonplus.py::test_serde_jsonplus_pandas_series[series26],17,pass
tests/test_jsonplus.py::test_serde_jsonplus_pandas_series[series26],18,pass
tests/test_jsonplus.py::test_serde_jsonplus_pandas_series[series26],19,pass
tests/test_jsonplus.py::test_serde_jsonplus_pandas_series[series26],20,pass
tests/test_jsonplus.py::test_serde_jsonplus_pandas_series[series26],21,pass
tests/test_jsonplus.py::test_serde_jsonplus_pandas_series[series26],22,pass
tests/test_jsonplus.py::test_serde_jsonplus_pandas_series[series26],23,pass
tests/test_jsonplus.py::test_serde_jsonplus_pandas_series[series26],24,pass
tests/test_jsonplus.py::test_serde_jsonplus_pandas_series[series26],25,pass
tests/test_jsonplus.py::test_serde_jsonplus_pandas_series[series26],26,pass
tests/test_jsonplus.py::test_serde_jsonplus_pandas_series[series26],27,pass
tests/test_jsonplus.py::test_serde_jsonplus_pandas_series[series26],28,pass
tests/test_jsonplus.py::test_serde_jsonplus_pandas_series[series26],29,pass
tests/test_jsonplus.py::test_serde_jsonplus_pandas_series[series26],30,pass
tests/test_jsonplus.py::test_serde_jsonplus_pandas_series[series26],31,pass
tests/test_jsonplus.py::test_serde_jsonplus_pandas_series[series26],32,pass
tests/test_jsonplus.py::test_serde_jsonplus_pandas_series[series26],33,pass
tests/test_jsonplus.py::test_serde_jsonplus_pandas_series[series26],34,pass
tests/test_jsonplus.py::test_serde_jsonplus_pandas_series[series26],35,pass
tests/test_jsonplus.py::test_serde_jsonplus_pandas_series[series26],36,pass
tests/test_jsonplus.py::test_serde_jsonplus_pandas_series[series26],37,pass
tests/test_jsonplus.py::test_serde_jsonplus_pandas_series[series26],38,pass
tests/test_jsonplus.py::test_serde_jsonplus_pandas_series[series26],39,pass
tests/test_jsonplus.py::test_serde_jsonplus_pandas_series[series26],40,pass
tests/test_jsonplus.py::test_serde_jsonplus_pandas_series[series26],41,pass
tests/test_jsonplus.py::test_serde_jsonplus_pandas_series[series26],42,pass
tests/test_jsonplus.py::test_serde_jsonplus_pandas_series[series26],43,pass
tests/test_jsonplus.py::test_serde_jsonplus_pandas_series[series26],44,pass
tests/test_jsonplus.py::test_serde_jsonplus_pandas_series[series26],45,pass
tests/test_jsonplus.py::test_serde_jsonplus_pandas_series[series26],46,pass
tests/test_jsonplus.py::test_serde_jsonplus_pandas_series[series26],47,pass
tests/test_jsonplus.py::test_serde_jsonplus_pandas_series[series26],48,pass
tests/test_jsonplus.py::test_serde_jsonplus_pandas_series[series26],49,pass
tests/test_jsonplus.py::test_serde_jsonplus_pandas_series[series26],50,pass
tests/test_jsonplus.py::test_serde_jsonplus_pandas_series[series27],1,pass
tests/test_jsonplus.py::test_serde_jsonplus_pandas_series[series27],2,pass
tests/test_jsonplus.py::test_serde_jsonplus_pandas_series[series27],3,pass
tests/test_jsonplus.py::test_serde_jsonplus_pandas_series[series27],4,pass
tests/test_jsonplus.py::test_serde_jsonplus_pandas_series[series27],5,pass
tests/test_jsonplus.py::test_serde_jsonplus_pandas_series[series27],6,pass
tests/test_jsonplus.py::test_serde_jsonplus_pandas_series[series27],7,pass
tests/test_jsonplus.py::test_serde_jsonplus_pandas_series[series27],8,pass
tests/test_jsonplus.py::test_serde_jsonplus_pandas_series[series27],9,pass
tests/test_jsonplus.py::test_serde_jsonplus_pandas_series[series27],10,pass
tests/test_jsonplus.py::test_serde_jsonplus_pandas_series[series27],11,pass
tests/test_jsonplus.py::test_serde_jsonplus_pandas_series[series27],12,pass
tests/test_jsonplus.py::test_serde_jsonplus_pandas_series[series27],13,pass
tests/test_jsonplus.py::test_serde_jsonplus_pandas_series[series27],14,pass
tests/test_jsonplus.py::test_serde_jsonplus_pandas_series[series27],15,pass
tests/test_jsonplus.py::test_serde_jsonplus_pandas_series[series27],16,pass
tests/test_jsonplus.py::test_serde_jsonplus_pandas_series[series27],17,pass
tests/test_jsonplus.py::test_serde_jsonplus_pandas_series[series27],18,pass
tests/test_jsonplus.py::test_serde_jsonplus_pandas_series[series27],19,pass
tests/test_jsonplus.py::test_serde_jsonplus_pandas_series[series27],20,pass
tests/test_jsonplus.py::test_serde_jsonplus_pandas_series[series27],21,pass
tests/test_jsonplus.py::test_serde_jsonplus_pandas_series[series27],22,pass
tests/test_jsonplus.py::test_serde_jsonplus_pandas_series[series27],23,pass
tests/test_jsonplus.py::test_serde_jsonplus_pandas_series[series27],24,pass
tests/test_jsonplus.py::test_serde_jsonplus_pandas_series[series27],25,pass
tests/test_jsonplus.py::test_serde_jsonplus_pandas_series[series27],26,pass
tests/test_jsonplus.py::test_serde_jsonplus_pandas_series[series27],27,pass
tests/test_jsonplus.py::test_serde_jsonplus_pandas_series[series27],28,pass
tests/test_jsonplus.py::test_serde_jsonplus_pandas_series[series27],29,pass
tests/test_jsonplus.py::test_serde_jsonplus_pandas_series[series27],30,pass
tests/test_jsonplus.py::test_serde_jsonplus_pandas_series[series27],31,pass
tests/test_jsonplus.py::test_serde_jsonplus_pandas_series[series27],32,pass
tests/test_jsonplus.py::test_serde_jsonplus_pandas_series[series27],33,pass
tests/test_jsonplus.py::test_serde_jsonplus_pandas_series[series27],34,pass
tests/test_jsonplus.py::test_serde_jsonplus_pandas_series[series27],35,pass
tests/test_jsonplus.py::test_serde_jsonplus_pandas_series[series27],36,pass
tests/test_jsonplus.py::test_serde_jsonplus_pandas_series[series27],37,pass
tests/test_jsonplus.py::test_serde_jsonplus_pandas_series[series27],38,pass
tests/test_jsonplus.py::test_serde_jsonplus_pandas_series[series27],39,pass
tests/test_jsonplus.py::test_serde_jsonplus_pandas_series[series27],40,pass
tests/test_jsonplus.py::test_serde_jsonplus_pandas_series[series27],41,pass
tests/test_jsonplus.py::test_serde_jsonplus_pandas_series[series27],42,pass
tests/test_jsonplus.py::test_serde_jsonplus_pandas_series[series27],43,pass
tests/test_jsonplus.py::test_serde_jsonplus_pandas_series[series27],44,pass
tests/test_jsonplus.py::test_serde_jsonplus_pandas_series[series27],45,pass
tests/test_jsonplus.py::test_serde_jsonplus_pandas_series[series27],46,pass
tests/test_jsonplus.py::test_serde_jsonplus_pandas_series[series27],47,pass
tests/test_jsonplus.py::test_serde_jsonplus_pandas_series[series27],48,pass
tests/test_jsonplus.py::test_serde_jsonplus_pandas_series[series27],49,pass
tests/test_jsonplus.py::test_serde_jsonplus_pandas_series[series27],50,pass
tests/test_jsonplus.py::test_serde_jsonplus_pandas_series[series28],1,pass
tests/test_jsonplus.py::test_serde_jsonplus_pandas_series[series28],2,pass
tests/test_jsonplus.py::test_serde_jsonplus_pandas_series[series28],3,pass
tests/test_jsonplus.py::test_serde_jsonplus_pandas_series[series28],4,pass
tests/test_jsonplus.py::test_serde_jsonplus_pandas_series[series28],5,pass
tests/test_jsonplus.py::test_serde_jsonplus_pandas_series[series28],6,pass
tests/test_jsonplus.py::test_serde_jsonplus_pandas_series[series28],7,pass
tests/test_jsonplus.py::test_serde_jsonplus_pandas_series[series28],8,pass
tests/test_jsonplus.py::test_serde_jsonplus_pandas_series[series28],9,pass
tests/test_jsonplus.py::test_serde_jsonplus_pandas_series[series28],10,pass
tests/test_jsonplus.py::test_serde_jsonplus_pandas_series[series28],11,pass
tests/test_jsonplus.py::test_serde_jsonplus_pandas_series[series28],12,pass
tests/test_jsonplus.py::test_serde_jsonplus_pandas_series[series28],13,pass
tests/test_jsonplus.py::test_serde_jsonplus_pandas_series[series28],14,pass
tests/test_jsonplus.py::test_serde_jsonplus_pandas_series[series28],15,pass
tests/test_jsonplus.py::test_serde_jsonplus_pandas_series[series28],16,pass
tests/test_jsonplus.py::test_serde_jsonplus_pandas_series[series28],17,pass
tests/test_jsonplus.py::test_serde_jsonplus_pandas_series[series28],18,pass
tests/test_jsonplus.py::test_serde_jsonplus_pandas_series[series28],19,pass
tests/test_jsonplus.py::test_serde_jsonplus_pandas_series[series28],20,pass
tests/test_jsonplus.py::test_serde_jsonplus_pandas_series[series28],21,pass
tests/test_jsonplus.py::test_serde_jsonplus_pandas_series[series28],22,pass
tests/test_jsonplus.py::test_serde_jsonplus_pandas_series[series28],23,pass
tests/test_jsonplus.py::test_serde_jsonplus_pandas_series[series28],24,pass
tests/test_jsonplus.py::test_serde_jsonplus_pandas_series[series28],25,pass
tests/test_jsonplus.py::test_serde_jsonplus_pandas_series[series28],26,pass
tests/test_jsonplus.py::test_serde_jsonplus_pandas_series[series28],27,pass
tests/test_jsonplus.py::test_serde_jsonplus_pandas_series[series28],28,pass
tests/test_jsonplus.py::test_serde_jsonplus_pandas_series[series28],29,pass
tests/test_jsonplus.py::test_serde_jsonplus_pandas_series[series28],30,pass
tests/test_jsonplus.py::test_serde_jsonplus_pandas_series[series28],31,pass
tests/test_jsonplus.py::test_serde_jsonplus_pandas_series[series28],32,pass
tests/test_jsonplus.py::test_serde_jsonplus_pandas_series[series28],33,pass
tests/test_jsonplus.py::test_serde_jsonplus_pandas_series[series28],34,pass
tests/test_jsonplus.py::test_serde_jsonplus_pandas_series[series28],35,pass
tests/test_jsonplus.py::test_serde_jsonplus_pandas_series[series28],36,pass
tests/test_jsonplus.py::test_serde_jsonplus_pandas_series[series28],37,pass
tests/test_jsonplus.py::test_serde_jsonplus_pandas_series[series28],38,pass
tests/test_jsonplus.py::test_serde_jsonplus_pandas_series[series28],39,pass
tests/test_jsonplus.py::test_serde_jsonplus_pandas_series[series28],40,pass
tests/test_jsonplus.py::test_serde_jsonplus_pandas_series[series28],41,pass
tests/test_jsonplus.py::test_serde_jsonplus_pandas_series[series28],42,pass
tests/test_jsonplus.py::test_serde_jsonplus_pandas_series[series28],43,pass
tests/test_jsonplus.py::test_serde_jsonplus_pandas_series[series28],44,pass
tests/test_jsonplus.py::test_serde_jsonplus_pandas_series[series28],45,pass
tests/test_jsonplus.py::test_serde_jsonplus_pandas_series[series28],46,pass
tests/test_jsonplus.py::test_serde_jsonplus_pandas_series[series28],47,pass
tests/test_jsonplus.py::test_serde_jsonplus_pandas_series[series28],48,pass
tests/test_jsonplus.py::test_serde_jsonplus_pandas_series[series28],49,pass
tests/test_jsonplus.py::test_serde_jsonplus_pandas_series[series28],50,pass
tests/test_jsonplus.py::test_serde_jsonplus_pandas_series[series29],1,pass
tests/test_jsonplus.py::test_serde_jsonplus_pandas_series[series29],2,pass
tests/test_jsonplus.py::test_serde_jsonplus_pandas_series[series29],3,pass
tests/test_jsonplus.py::test_serde_jsonplus_pandas_series[series29],4,pass
tests/test_jsonplus.py::test_serde_jsonplus_pandas_series[series29],5,pass
tests/test_jsonplus.py::test_serde_jsonplus_pandas_series[series29],6,pass
tests/test_jsonplus.py::test_serde_jsonplus_pandas_series[series29],7,pass
tests/test_jsonplus.py::test_serde_jsonplus_pandas_series[series29],8,pass
tests/test_jsonplus.py::test_serde_jsonplus_pandas_series[series29],9,pass
tests/test_jsonplus.py::test_serde_jsonplus_pandas_series[series29],10,pass
tests/test_jsonplus.py::test_serde_jsonplus_pandas_series[series29],11,pass
tests/test_jsonplus.py::test_serde_jsonplus_pandas_series[series29],12,pass
tests/test_jsonplus.py::test_serde_jsonplus_pandas_series[series29],13,pass
tests/test_jsonplus.py::test_serde_jsonplus_pandas_series[series29],14,pass
tests/test_jsonplus.py::test_serde_jsonplus_pandas_series[series29],15,pass
tests/test_jsonplus.py::test_serde_jsonplus_pandas_series[series29],16,pass
tests/test_jsonplus.py::test_serde_jsonplus_pandas_series[series29],17,pass
tests/test_jsonplus.py::test_serde_jsonplus_pandas_series[series29],18,pass
tests/test_jsonplus.py::test_serde_jsonplus_pandas_series[series29],19,pass
tests/test_jsonplus.py::test_serde_jsonplus_pandas_series[series29],20,pass
tests/test_jsonplus.py::test_serde_jsonplus_pandas_series[series29],21,pass
tests/test_jsonplus.py::test_serde_jsonplus_pandas_series[series29],22,pass
tests/test_jsonplus.py::test_serde_jsonplus_pandas_series[series29],23,pass
tests/test_jsonplus.py::test_serde_jsonplus_pandas_series[series29],24,pass
tests/test_jsonplus.py::test_serde_jsonplus_pandas_series[series29],25,pass
tests/test_jsonplus.py::test_serde_jsonplus_pandas_series[series29],26,pass
tests/test_jsonplus.py::test_serde_jsonplus_pandas_series[series29],27,pass
tests/test_jsonplus.py::test_serde_jsonplus_pandas_series[series29],28,pass
tests/test_jsonplus.py::test_serde_jsonplus_pandas_series[series29],29,pass
tests/test_jsonplus.py::test_serde_jsonplus_pandas_series[series29],30,pass
tests/test_jsonplus.py::test_serde_jsonplus_pandas_series[series29],31,pass
tests/test_jsonplus.py::test_serde_jsonplus_pandas_series[series29],32,pass
tests/test_jsonplus.py::test_serde_jsonplus_pandas_series[series29],33,pass
tests/test_jsonplus.py::test_serde_jsonplus_pandas_series[series29],34,pass
tests/test_jsonplus.py::test_serde_jsonplus_pandas_series[series29],35,pass
tests/test_jsonplus.py::test_serde_jsonplus_pandas_series[series29],36,pass
tests/test_jsonplus.py::test_serde_jsonplus_pandas_series[series29],37,pass
tests/test_jsonplus.py::test_serde_jsonplus_pandas_series[series29],38,pass
tests/test_jsonplus.py::test_serde_jsonplus_pandas_series[series29],39,pass
tests/test_jsonplus.py::test_serde_jsonplus_pandas_series[series29],40,pass
tests/test_jsonplus.py::test_serde_jsonplus_pandas_series[series29],41,pass
tests/test_jsonplus.py::test_serde_jsonplus_pandas_series[series29],42,pass
tests/test_jsonplus.py::test_serde_jsonplus_pandas_series[series29],43,pass
tests/test_jsonplus.py::test_serde_jsonplus_pandas_series[series29],44,pass
tests/test_jsonplus.py::test_serde_jsonplus_pandas_series[series29],45,pass
tests/test_jsonplus.py::test_serde_jsonplus_pandas_series[series29],46,pass
tests/test_jsonplus.py::test_serde_jsonplus_pandas_series[series29],47,pass
tests/test_jsonplus.py::test_serde_jsonplus_pandas_series[series29],48,pass
tests/test_jsonplus.py::test_serde_jsonplus_pandas_series[series29],49,pass
tests/test_jsonplus.py::test_serde_jsonplus_pandas_series[series29],50,pass
tests/test_jsonplus.py::test_serde_jsonplus_pandas_series[series2],1,pass
tests/test_jsonplus.py::test_serde_jsonplus_pandas_series[series2],2,pass
tests/test_jsonplus.py::test_serde_jsonplus_pandas_series[series2],3,pass
tests/test_jsonplus.py::test_serde_jsonplus_pandas_series[series2],4,pass
tests/test_jsonplus.py::test_serde_jsonplus_pandas_series[series2],5,pass
tests/test_jsonplus.py::test_serde_jsonplus_pandas_series[series2],6,pass
tests/test_jsonplus.py::test_serde_jsonplus_pandas_series[series2],7,pass
tests/test_jsonplus.py::test_serde_jsonplus_pandas_series[series2],8,pass
tests/test_jsonplus.py::test_serde_jsonplus_pandas_series[series2],9,pass
tests/test_jsonplus.py::test_serde_jsonplus_pandas_series[series2],10,pass
tests/test_jsonplus.py::test_serde_jsonplus_pandas_series[series2],11,pass
tests/test_jsonplus.py::test_serde_jsonplus_pandas_series[series2],12,pass
tests/test_jsonplus.py::test_serde_jsonplus_pandas_series[series2],13,pass
tests/test_jsonplus.py::test_serde_jsonplus_pandas_series[series2],14,pass
tests/test_jsonplus.py::test_serde_jsonplus_pandas_series[series2],15,pass
tests/test_jsonplus.py::test_serde_jsonplus_pandas_series[series2],16,pass
tests/test_jsonplus.py::test_serde_jsonplus_pandas_series[series2],17,pass
tests/test_jsonplus.py::test_serde_jsonplus_pandas_series[series2],18,pass
tests/test_jsonplus.py::test_serde_jsonplus_pandas_series[series2],19,pass
tests/test_jsonplus.py::test_serde_jsonplus_pandas_series[series2],20,pass
tests/test_jsonplus.py::test_serde_jsonplus_pandas_series[series2],21,pass
tests/test_jsonplus.py::test_serde_jsonplus_pandas_series[series2],22,pass
tests/test_jsonplus.py::test_serde_jsonplus_pandas_series[series2],23,pass
tests/test_jsonplus.py::test_serde_jsonplus_pandas_series[series2],24,pass
tests/test_jsonplus.py::test_serde_jsonplus_pandas_series[series2],25,pass
tests/test_jsonplus.py::test_serde_jsonplus_pandas_series[series2],26,pass
tests/test_jsonplus.py::test_serde_jsonplus_pandas_series[series2],27,pass
tests/test_jsonplus.py::test_serde_jsonplus_pandas_series[series2],28,pass
tests/test_jsonplus.py::test_serde_jsonplus_pandas_series[series2],29,pass
tests/test_jsonplus.py::test_serde_jsonplus_pandas_series[series2],30,pass
tests/test_jsonplus.py::test_serde_jsonplus_pandas_series[series2],31,pass
tests/test_jsonplus.py::test_serde_jsonplus_pandas_series[series2],32,pass
tests/test_jsonplus.py::test_serde_jsonplus_pandas_series[series2],33,pass
tests/test_jsonplus.py::test_serde_jsonplus_pandas_series[series2],34,pass
tests/test_jsonplus.py::test_serde_jsonplus_pandas_series[series2],35,pass
tests/test_jsonplus.py::test_serde_jsonplus_pandas_series[series2],36,pass
tests/test_jsonplus.py::test_serde_jsonplus_pandas_series[series2],37,pass
tests/test_jsonplus.py::test_serde_jsonplus_pandas_series[series2],38,pass
tests/test_jsonplus.py::test_serde_jsonplus_pandas_series[series2],39,pass
tests/test_jsonplus.py::test_serde_jsonplus_pandas_series[series2],40,pass
tests/test_jsonplus.py::test_serde_jsonplus_pandas_series[series2],41,pass
tests/test_jsonplus.py::test_serde_jsonplus_pandas_series[series2],42,pass
tests/test_jsonplus.py::test_serde_jsonplus_pandas_series[series2],43,pass
tests/test_jsonplus.py::test_serde_jsonplus_pandas_series[series2],44,pass
tests/test_jsonplus.py::test_serde_jsonplus_pandas_series[series2],45,pass
tests/test_jsonplus.py::test_serde_jsonplus_pandas_series[series2],46,pass
tests/test_jsonplus.py::test_serde_jsonplus_pandas_series[series2],47,pass
tests/test_jsonplus.py::test_serde_jsonplus_pandas_series[series2],48,pass
tests/test_jsonplus.py::test_serde_jsonplus_pandas_series[series2],49,pass
tests/test_jsonplus.py::test_serde_jsonplus_pandas_series[series2],50,pass
tests/test_jsonplus.py::test_serde_jsonplus_pandas_series[series30],1,pass
tests/test_jsonplus.py::test_serde_jsonplus_pandas_series[series30],2,pass
tests/test_jsonplus.py::test_serde_jsonplus_pandas_series[series30],3,pass
tests/test_jsonplus.py::test_serde_jsonplus_pandas_series[series30],4,pass
tests/test_jsonplus.py::test_serde_jsonplus_pandas_series[series30],5,pass
tests/test_jsonplus.py::test_serde_jsonplus_pandas_series[series30],6,pass
tests/test_jsonplus.py::test_serde_jsonplus_pandas_series[series30],7,pass
tests/test_jsonplus.py::test_serde_jsonplus_pandas_series[series30],8,pass
tests/test_jsonplus.py::test_serde_jsonplus_pandas_series[series30],9,pass
tests/test_jsonplus.py::test_serde_jsonplus_pandas_series[series30],10,pass
tests/test_jsonplus.py::test_serde_jsonplus_pandas_series[series30],11,pass
tests/test_jsonplus.py::test_serde_jsonplus_pandas_series[series30],12,pass
tests/test_jsonplus.py::test_serde_jsonplus_pandas_series[series30],13,pass
tests/test_jsonplus.py::test_serde_jsonplus_pandas_series[series30],14,pass
tests/test_jsonplus.py::test_serde_jsonplus_pandas_series[series30],15,pass
tests/test_jsonplus.py::test_serde_jsonplus_pandas_series[series30],16,pass
tests/test_jsonplus.py::test_serde_jsonplus_pandas_series[series30],17,pass
tests/test_jsonplus.py::test_serde_jsonplus_pandas_series[series30],18,pass
tests/test_jsonplus.py::test_serde_jsonplus_pandas_series[series30],19,pass
tests/test_jsonplus.py::test_serde_jsonplus_pandas_series[series30],20,pass
tests/test_jsonplus.py::test_serde_jsonplus_pandas_series[series30],21,pass
tests/test_jsonplus.py::test_serde_jsonplus_pandas_series[series30],22,pass
tests/test_jsonplus.py::test_serde_jsonplus_pandas_series[series30],23,pass
tests/test_jsonplus.py::test_serde_jsonplus_pandas_series[series30],24,pass
tests/test_jsonplus.py::test_serde_jsonplus_pandas_series[series30],25,pass
tests/test_jsonplus.py::test_serde_jsonplus_pandas_series[series30],26,pass
tests/test_jsonplus.py::test_serde_jsonplus_pandas_series[series30],27,pass
tests/test_jsonplus.py::test_serde_jsonplus_pandas_series[series30],28,pass
tests/test_jsonplus.py::test_serde_jsonplus_pandas_series[series30],29,pass
tests/test_jsonplus.py::test_serde_jsonplus_pandas_series[series30],30,pass
tests/test_jsonplus.py::test_serde_jsonplus_pandas_series[series30],31,pass
tests/test_jsonplus.py::test_serde_jsonplus_pandas_series[series30],32,pass
tests/test_jsonplus.py::test_serde_jsonplus_pandas_series[series30],33,pass
tests/test_jsonplus.py::test_serde_jsonplus_pandas_series[series30],34,pass
tests/test_jsonplus.py::test_serde_jsonplus_pandas_series[series30],35,pass
tests/test_jsonplus.py::test_serde_jsonplus_pandas_series[series30],36,pass
tests/test_jsonplus.py::test_serde_jsonplus_pandas_series[series30],37,pass
tests/test_jsonplus.py::test_serde_jsonplus_pandas_series[series30],38,pass
tests/test_jsonplus.py::test_serde_jsonplus_pandas_series[series30],39,pass
tests/test_jsonplus.py::test_serde_jsonplus_pandas_series[series30],40,pass
tests/test_jsonplus.py::test_serde_jsonplus_pandas_series[series30],41,pass
tests/test_jsonplus.py::test_serde_jsonplus_pandas_series[series30],42,pass
tests/test_jsonplus.py::test_serde_jsonplus_pandas_series[series30],43,pass
tests/test_jsonplus.py::test_serde_jsonplus_pandas_series[series30],44,pass
tests/test_jsonplus.py::test_serde_jsonplus_pandas_series[series30],45,pass
tests/test_jsonplus.py::test_serde_jsonplus_pandas_series[series30],46,pass
tests/test_jsonplus.py::test_serde_jsonplus_pandas_series[series30],47,pass
tests/test_jsonplus.py::test_serde_jsonplus_pandas_series[series30],48,pass
tests/test_jsonplus.py::test_serde_jsonplus_pandas_series[series30],49,pass
tests/test_jsonplus.py::test_serde_jsonplus_pandas_series[series30],50,pass
tests/test_jsonplus.py::test_serde_jsonplus_pandas_series[series31],1,pass
tests/test_jsonplus.py::test_serde_jsonplus_pandas_series[series31],2,pass
tests/test_jsonplus.py::test_serde_jsonplus_pandas_series[series31],3,pass
tests/test_jsonplus.py::test_serde_jsonplus_pandas_series[series31],4,pass
tests/test_jsonplus.py::test_serde_jsonplus_pandas_series[series31],5,pass
tests/test_jsonplus.py::test_serde_jsonplus_pandas_series[series31],6,pass
tests/test_jsonplus.py::test_serde_jsonplus_pandas_series[series31],7,pass
tests/test_jsonplus.py::test_serde_jsonplus_pandas_series[series31],8,pass
tests/test_jsonplus.py::test_serde_jsonplus_pandas_series[series31],9,pass
tests/test_jsonplus.py::test_serde_jsonplus_pandas_series[series31],10,pass
tests/test_jsonplus.py::test_serde_jsonplus_pandas_series[series31],11,pass
tests/test_jsonplus.py::test_serde_jsonplus_pandas_series[series31],12,pass
tests/test_jsonplus.py::test_serde_jsonplus_pandas_series[series31],13,pass
tests/test_jsonplus.py::test_serde_jsonplus_pandas_series[series31],14,pass
tests/test_jsonplus.py::test_serde_jsonplus_pandas_series[series31],15,pass
tests/test_jsonplus.py::test_serde_jsonplus_pandas_series[series31],16,pass
tests/test_jsonplus.py::test_serde_jsonplus_pandas_series[series31],17,pass
tests/test_jsonplus.py::test_serde_jsonplus_pandas_series[series31],18,pass
tests/test_jsonplus.py::test_serde_jsonplus_pandas_series[series31],19,pass
tests/test_jsonplus.py::test_serde_jsonplus_pandas_series[series31],20,pass
tests/test_jsonplus.py::test_serde_jsonplus_pandas_series[series31],21,pass
tests/test_jsonplus.py::test_serde_jsonplus_pandas_series[series31],22,pass
tests/test_jsonplus.py::test_serde_jsonplus_pandas_series[series31],23,pass
tests/test_jsonplus.py::test_serde_jsonplus_pandas_series[series31],24,pass
tests/test_jsonplus.py::test_serde_jsonplus_pandas_series[series31],25,pass
tests/test_jsonplus.py::test_serde_jsonplus_pandas_series[series31],26,pass
tests/test_jsonplus.py::test_serde_jsonplus_pandas_series[series31],27,pass
tests/test_jsonplus.py::test_serde_jsonplus_pandas_series[series31],28,pass
tests/test_jsonplus.py::test_serde_jsonplus_pandas_series[series31],29,pass
tests/test_jsonplus.py::test_serde_jsonplus_pandas_series[series31],30,pass
tests/test_jsonplus.py::test_serde_jsonplus_pandas_series[series31],31,pass
tests/test_jsonplus.py::test_serde_jsonplus_pandas_series[series31],32,pass
tests/test_jsonplus.py::test_serde_jsonplus_pandas_series[series31],33,pass
tests/test_jsonplus.py::test_serde_jsonplus_pandas_series[series31],34,pass
tests/test_jsonplus.py::test_serde_jsonplus_pandas_series[series31],35,pass
tests/test_jsonplus.py::test_serde_jsonplus_pandas_series[series31],36,pass
tests/test_jsonplus.py::test_serde_jsonplus_pandas_series[series31],37,pass
tests/test_jsonplus.py::test_serde_jsonplus_pandas_series[series31],38,pass
tests/test_jsonplus.py::test_serde_jsonplus_pandas_series[series31],39,pass
tests/test_jsonplus.py::test_serde_jsonplus_pandas_series[series31],40,pass
tests/test_jsonplus.py::test_serde_jsonplus_pandas_series[series31],41,pass
tests/test_jsonplus.py::test_serde_jsonplus_pandas_series[series31],42,pass
tests/test_jsonplus.py::test_serde_jsonplus_pandas_series[series31],43,pass
tests/test_jsonplus.py::test_serde_jsonplus_pandas_series[series31],44,pass
tests/test_jsonplus.py::test_serde_jsonplus_pandas_series[series31],45,pass
tests/test_jsonplus.py::test_serde_jsonplus_pandas_series[series31],46,pass
tests/test_jsonplus.py::test_serde_jsonplus_pandas_series[series31],47,pass
tests/test_jsonplus.py::test_serde_jsonplus_pandas_series[series31],48,pass
tests/test_jsonplus.py::test_serde_jsonplus_pandas_series[series31],49,pass
tests/test_jsonplus.py::test_serde_jsonplus_pandas_series[series31],50,pass
tests/test_jsonplus.py::test_serde_jsonplus_pandas_series[series3],1,pass
tests/test_jsonplus.py::test_serde_jsonplus_pandas_series[series3],2,pass
tests/test_jsonplus.py::test_serde_jsonplus_pandas_series[series3],3,pass
tests/test_jsonplus.py::test_serde_jsonplus_pandas_series[series3],4,pass
tests/test_jsonplus.py::test_serde_jsonplus_pandas_series[series3],5,pass
tests/test_jsonplus.py::test_serde_jsonplus_pandas_series[series3],6,pass
tests/test_jsonplus.py::test_serde_jsonplus_pandas_series[series3],7,pass
tests/test_jsonplus.py::test_serde_jsonplus_pandas_series[series3],8,pass
tests/test_jsonplus.py::test_serde_jsonplus_pandas_series[series3],9,pass
tests/test_jsonplus.py::test_serde_jsonplus_pandas_series[series3],10,pass
tests/test_jsonplus.py::test_serde_jsonplus_pandas_series[series3],11,pass
tests/test_jsonplus.py::test_serde_jsonplus_pandas_series[series3],12,pass
tests/test_jsonplus.py::test_serde_jsonplus_pandas_series[series3],13,pass
tests/test_jsonplus.py::test_serde_jsonplus_pandas_series[series3],14,pass
tests/test_jsonplus.py::test_serde_jsonplus_pandas_series[series3],15,pass
tests/test_jsonplus.py::test_serde_jsonplus_pandas_series[series3],16,pass
tests/test_jsonplus.py::test_serde_jsonplus_pandas_series[series3],17,pass
tests/test_jsonplus.py::test_serde_jsonplus_pandas_series[series3],18,pass
tests/test_jsonplus.py::test_serde_jsonplus_pandas_series[series3],19,pass
tests/test_jsonplus.py::test_serde_jsonplus_pandas_series[series3],20,pass
tests/test_jsonplus.py::test_serde_jsonplus_pandas_series[series3],21,pass
tests/test_jsonplus.py::test_serde_jsonplus_pandas_series[series3],22,pass
tests/test_jsonplus.py::test_serde_jsonplus_pandas_series[series3],23,pass
tests/test_jsonplus.py::test_serde_jsonplus_pandas_series[series3],24,pass
tests/test_jsonplus.py::test_serde_jsonplus_pandas_series[series3],25,pass
tests/test_jsonplus.py::test_serde_jsonplus_pandas_series[series3],26,pass
tests/test_jsonplus.py::test_serde_jsonplus_pandas_series[series3],27,pass
tests/test_jsonplus.py::test_serde_jsonplus_pandas_series[series3],28,pass
tests/test_jsonplus.py::test_serde_jsonplus_pandas_series[series3],29,pass
tests/test_jsonplus.py::test_serde_jsonplus_pandas_series[series3],30,pass
tests/test_jsonplus.py::test_serde_jsonplus_pandas_series[series3],31,pass
tests/test_jsonplus.py::test_serde_jsonplus_pandas_series[series3],32,pass
tests/test_jsonplus.py::test_serde_jsonplus_pandas_series[series3],33,pass
tests/test_jsonplus.py::test_serde_jsonplus_pandas_series[series3],34,pass
tests/test_jsonplus.py::test_serde_jsonplus_pandas_series[series3],35,pass
tests/test_jsonplus.py::test_serde_jsonplus_pandas_series[series3],36,pass
tests/test_jsonplus.py::test_serde_jsonplus_pandas_series[series3],37,pass
tests/test_jsonplus.py::test_serde_jsonplus_pandas_series[series3],38,pass
tests/test_jsonplus.py::test_serde_jsonplus_pandas_series[series3],39,pass
tests/test_jsonplus.py::test_serde_jsonplus_pandas_series[series3],40,pass
tests/test_jsonplus.py::test_serde_jsonplus_pandas_series[series3],41,pass
tests/test_jsonplus.py::test_serde_jsonplus_pandas_series[series3],42,pass
tests/test_jsonplus.py::test_serde_jsonplus_pandas_series[series3],43,pass
tests/test_jsonplus.py::test_serde_jsonplus_pandas_series[series3],44,pass
tests/test_jsonplus.py::test_serde_jsonplus_pandas_series[series3],45,pass
tests/test_jsonplus.py::test_serde_jsonplus_pandas_series[series3],46,pass
tests/test_jsonplus.py::test_serde_jsonplus_pandas_series[series3],47,pass
tests/test_jsonplus.py::test_serde_jsonplus_pandas_series[series3],48,pass
tests/test_jsonplus.py::test_serde_jsonplus_pandas_series[series3],49,pass
tests/test_jsonplus.py::test_serde_jsonplus_pandas_series[series3],50,pass
tests/test_jsonplus.py::test_serde_jsonplus_pandas_series[series4],1,pass
tests/test_jsonplus.py::test_serde_jsonplus_pandas_series[series4],2,pass
tests/test_jsonplus.py::test_serde_jsonplus_pandas_series[series4],3,pass
tests/test_jsonplus.py::test_serde_jsonplus_pandas_series[series4],4,pass
tests/test_jsonplus.py::test_serde_jsonplus_pandas_series[series4],5,pass
tests/test_jsonplus.py::test_serde_jsonplus_pandas_series[series4],6,pass
tests/test_jsonplus.py::test_serde_jsonplus_pandas_series[series4],7,pass
tests/test_jsonplus.py::test_serde_jsonplus_pandas_series[series4],8,pass
tests/test_jsonplus.py::test_serde_jsonplus_pandas_series[series4],9,pass
tests/test_jsonplus.py::test_serde_jsonplus_pandas_series[series4],10,pass
tests/test_jsonplus.py::test_serde_jsonplus_pandas_series[series4],11,pass
tests/test_jsonplus.py::test_serde_jsonplus_pandas_series[series4],12,pass
tests/test_jsonplus.py::test_serde_jsonplus_pandas_series[series4],13,pass
tests/test_jsonplus.py::test_serde_jsonplus_pandas_series[series4],14,pass
tests/test_jsonplus.py::test_serde_jsonplus_pandas_series[series4],15,pass
tests/test_jsonplus.py::test_serde_jsonplus_pandas_series[series4],16,pass
tests/test_jsonplus.py::test_serde_jsonplus_pandas_series[series4],17,pass
tests/test_jsonplus.py::test_serde_jsonplus_pandas_series[series4],18,pass
tests/test_jsonplus.py::test_serde_jsonplus_pandas_series[series4],19,pass
tests/test_jsonplus.py::test_serde_jsonplus_pandas_series[series4],20,pass
tests/test_jsonplus.py::test_serde_jsonplus_pandas_series[series4],21,pass
tests/test_jsonplus.py::test_serde_jsonplus_pandas_series[series4],22,pass
tests/test_jsonplus.py::test_serde_jsonplus_pandas_series[series4],23,pass
tests/test_jsonplus.py::test_serde_jsonplus_pandas_series[series4],24,pass
tests/test_jsonplus.py::test_serde_jsonplus_pandas_series[series4],25,pass
tests/test_jsonplus.py::test_serde_jsonplus_pandas_series[series4],26,pass
tests/test_jsonplus.py::test_serde_jsonplus_pandas_series[series4],27,pass
tests/test_jsonplus.py::test_serde_jsonplus_pandas_series[series4],28,pass
tests/test_jsonplus.py::test_serde_jsonplus_pandas_series[series4],29,pass
tests/test_jsonplus.py::test_serde_jsonplus_pandas_series[series4],30,pass
tests/test_jsonplus.py::test_serde_jsonplus_pandas_series[series4],31,pass
tests/test_jsonplus.py::test_serde_jsonplus_pandas_series[series4],32,pass
tests/test_jsonplus.py::test_serde_jsonplus_pandas_series[series4],33,pass
tests/test_jsonplus.py::test_serde_jsonplus_pandas_series[series4],34,pass
tests/test_jsonplus.py::test_serde_jsonplus_pandas_series[series4],35,pass
tests/test_jsonplus.py::test_serde_jsonplus_pandas_series[series4],36,pass
tests/test_jsonplus.py::test_serde_jsonplus_pandas_series[series4],37,pass
tests/test_jsonplus.py::test_serde_jsonplus_pandas_series[series4],38,pass
tests/test_jsonplus.py::test_serde_jsonplus_pandas_series[series4],39,pass
tests/test_jsonplus.py::test_serde_jsonplus_pandas_series[series4],40,pass
tests/test_jsonplus.py::test_serde_jsonplus_pandas_series[series4],41,pass
tests/test_jsonplus.py::test_serde_jsonplus_pandas_series[series4],42,pass
tests/test_jsonplus.py::test_serde_jsonplus_pandas_series[series4],43,pass
tests/test_jsonplus.py::test_serde_jsonplus_pandas_series[series4],44,pass
tests/test_jsonplus.py::test_serde_jsonplus_pandas_series[series4],45,pass
tests/test_jsonplus.py::test_serde_jsonplus_pandas_series[series4],46,pass
tests/test_jsonplus.py::test_serde_jsonplus_pandas_series[series4],47,pass
tests/test_jsonplus.py::test_serde_jsonplus_pandas_series[series4],48,pass
tests/test_jsonplus.py::test_serde_jsonplus_pandas_series[series4],49,pass
tests/test_jsonplus.py::test_serde_jsonplus_pandas_series[series4],50,pass
tests/test_jsonplus.py::test_serde_jsonplus_pandas_series[series5],1,pass
tests/test_jsonplus.py::test_serde_jsonplus_pandas_series[series5],2,pass
tests/test_jsonplus.py::test_serde_jsonplus_pandas_series[series5],3,pass
tests/test_jsonplus.py::test_serde_jsonplus_pandas_series[series5],4,pass
tests/test_jsonplus.py::test_serde_jsonplus_pandas_series[series5],5,pass
tests/test_jsonplus.py::test_serde_jsonplus_pandas_series[series5],6,pass
tests/test_jsonplus.py::test_serde_jsonplus_pandas_series[series5],7,pass
tests/test_jsonplus.py::test_serde_jsonplus_pandas_series[series5],8,pass
tests/test_jsonplus.py::test_serde_jsonplus_pandas_series[series5],9,pass
tests/test_jsonplus.py::test_serde_jsonplus_pandas_series[series5],10,pass
tests/test_jsonplus.py::test_serde_jsonplus_pandas_series[series5],11,pass
tests/test_jsonplus.py::test_serde_jsonplus_pandas_series[series5],12,pass
tests/test_jsonplus.py::test_serde_jsonplus_pandas_series[series5],13,pass
tests/test_jsonplus.py::test_serde_jsonplus_pandas_series[series5],14,pass
tests/test_jsonplus.py::test_serde_jsonplus_pandas_series[series5],15,pass
tests/test_jsonplus.py::test_serde_jsonplus_pandas_series[series5],16,pass
tests/test_jsonplus.py::test_serde_jsonplus_pandas_series[series5],17,pass
tests/test_jsonplus.py::test_serde_jsonplus_pandas_series[series5],18,pass
tests/test_jsonplus.py::test_serde_jsonplus_pandas_series[series5],19,pass
tests/test_jsonplus.py::test_serde_jsonplus_pandas_series[series5],20,pass
tests/test_jsonplus.py::test_serde_jsonplus_pandas_series[series5],21,pass
tests/test_jsonplus.py::test_serde_jsonplus_pandas_series[series5],22,pass
tests/test_jsonplus.py::test_serde_jsonplus_pandas_series[series5],23,pass
tests/test_jsonplus.py::test_serde_jsonplus_pandas_series[series5],24,pass
tests/test_jsonplus.py::test_serde_jsonplus_pandas_series[series5],25,pass
tests/test_jsonplus.py::test_serde_jsonplus_pandas_series[series5],26,pass
tests/test_jsonplus.py::test_serde_jsonplus_pandas_series[series5],27,pass
tests/test_jsonplus.py::test_serde_jsonplus_pandas_series[series5],28,pass
tests/test_jsonplus.py::test_serde_jsonplus_pandas_series[series5],29,pass
tests/test_jsonplus.py::test_serde_jsonplus_pandas_series[series5],30,pass
tests/test_jsonplus.py::test_serde_jsonplus_pandas_series[series5],31,pass
tests/test_jsonplus.py::test_serde_jsonplus_pandas_series[series5],32,pass
tests/test_jsonplus.py::test_serde_jsonplus_pandas_series[series5],33,pass
tests/test_jsonplus.py::test_serde_jsonplus_pandas_series[series5],34,pass
tests/test_jsonplus.py::test_serde_jsonplus_pandas_series[series5],35,pass
tests/test_jsonplus.py::test_serde_jsonplus_pandas_series[series5],36,pass
tests/test_jsonplus.py::test_serde_jsonplus_pandas_series[series5],37,pass
tests/test_jsonplus.py::test_serde_jsonplus_pandas_series[series5],38,pass
tests/test_jsonplus.py::test_serde_jsonplus_pandas_series[series5],39,pass
tests/test_jsonplus.py::test_serde_jsonplus_pandas_series[series5],40,pass
tests/test_jsonplus.py::test_serde_jsonplus_pandas_series[series5],41,pass
tests/test_jsonplus.py::test_serde_jsonplus_pandas_series[series5],42,pass
tests/test_jsonplus.py::test_serde_jsonplus_pandas_series[series5],43,pass
tests/test_jsonplus.py::test_serde_jsonplus_pandas_series[series5],44,pass
tests/test_jsonplus.py::test_serde_jsonplus_pandas_series[series5],45,pass
tests/test_jsonplus.py::test_serde_jsonplus_pandas_series[series5],46,pass
tests/test_jsonplus.py::test_serde_jsonplus_pandas_series[series5],47,pass
tests/test_jsonplus.py::test_serde_jsonplus_pandas_series[series5],48,pass
tests/test_jsonplus.py::test_serde_jsonplus_pandas_series[series5],49,pass
tests/test_jsonplus.py::test_serde_jsonplus_pandas_series[series5],50,pass
tests/test_jsonplus.py::test_serde_jsonplus_pandas_series[series6],1,pass
tests/test_jsonplus.py::test_serde_jsonplus_pandas_series[series6],2,pass
tests/test_jsonplus.py::test_serde_jsonplus_pandas_series[series6],3,pass
tests/test_jsonplus.py::test_serde_jsonplus_pandas_series[series6],4,pass
tests/test_jsonplus.py::test_serde_jsonplus_pandas_series[series6],5,pass
tests/test_jsonplus.py::test_serde_jsonplus_pandas_series[series6],6,pass
tests/test_jsonplus.py::test_serde_jsonplus_pandas_series[series6],7,pass
tests/test_jsonplus.py::test_serde_jsonplus_pandas_series[series6],8,pass
tests/test_jsonplus.py::test_serde_jsonplus_pandas_series[series6],9,pass
tests/test_jsonplus.py::test_serde_jsonplus_pandas_series[series6],10,pass
tests/test_jsonplus.py::test_serde_jsonplus_pandas_series[series6],11,pass
tests/test_jsonplus.py::test_serde_jsonplus_pandas_series[series6],12,pass
tests/test_jsonplus.py::test_serde_jsonplus_pandas_series[series6],13,pass
tests/test_jsonplus.py::test_serde_jsonplus_pandas_series[series6],14,pass
tests/test_jsonplus.py::test_serde_jsonplus_pandas_series[series6],15,pass
tests/test_jsonplus.py::test_serde_jsonplus_pandas_series[series6],16,pass
tests/test_jsonplus.py::test_serde_jsonplus_pandas_series[series6],17,pass
tests/test_jsonplus.py::test_serde_jsonplus_pandas_series[series6],18,pass
tests/test_jsonplus.py::test_serde_jsonplus_pandas_series[series6],19,pass
tests/test_jsonplus.py::test_serde_jsonplus_pandas_series[series6],20,pass
tests/test_jsonplus.py::test_serde_jsonplus_pandas_series[series6],21,pass
tests/test_jsonplus.py::test_serde_jsonplus_pandas_series[series6],22,pass
tests/test_jsonplus.py::test_serde_jsonplus_pandas_series[series6],23,pass
tests/test_jsonplus.py::test_serde_jsonplus_pandas_series[series6],24,pass
tests/test_jsonplus.py::test_serde_jsonplus_pandas_series[series6],25,pass
tests/test_jsonplus.py::test_serde_jsonplus_pandas_series[series6],26,pass
tests/test_jsonplus.py::test_serde_jsonplus_pandas_series[series6],27,pass
tests/test_jsonplus.py::test_serde_jsonplus_pandas_series[series6],28,pass
tests/test_jsonplus.py::test_serde_jsonplus_pandas_series[series6],29,pass
tests/test_jsonplus.py::test_serde_jsonplus_pandas_series[series6],30,pass
tests/test_jsonplus.py::test_serde_jsonplus_pandas_series[series6],31,pass
tests/test_jsonplus.py::test_serde_jsonplus_pandas_series[series6],32,pass
tests/test_jsonplus.py::test_serde_jsonplus_pandas_series[series6],33,pass
tests/test_jsonplus.py::test_serde_jsonplus_pandas_series[series6],34,pass
tests/test_jsonplus.py::test_serde_jsonplus_pandas_series[series6],35,pass
tests/test_jsonplus.py::test_serde_jsonplus_pandas_series[series6],36,pass
tests/test_jsonplus.py::test_serde_jsonplus_pandas_series[series6],37,pass
tests/test_jsonplus.py::test_serde_jsonplus_pandas_series[series6],38,pass
tests/test_jsonplus.py::test_serde_jsonplus_pandas_series[series6],39,pass
tests/test_jsonplus.py::test_serde_jsonplus_pandas_series[series6],40,pass
tests/test_jsonplus.py::test_serde_jsonplus_pandas_series[series6],41,pass
tests/test_jsonplus.py::test_serde_jsonplus_pandas_series[series6],42,pass
tests/test_jsonplus.py::test_serde_jsonplus_pandas_series[series6],43,pass
tests/test_jsonplus.py::test_serde_jsonplus_pandas_series[series6],44,pass
tests/test_jsonplus.py::test_serde_jsonplus_pandas_series[series6],45,pass
tests/test_jsonplus.py::test_serde_jsonplus_pandas_series[series6],46,pass
tests/test_jsonplus.py::test_serde_jsonplus_pandas_series[series6],47,pass
tests/test_jsonplus.py::test_serde_jsonplus_pandas_series[series6],48,pass
tests/test_jsonplus.py::test_serde_jsonplus_pandas_series[series6],49,pass
tests/test_jsonplus.py::test_serde_jsonplus_pandas_series[series6],50,pass
tests/test_jsonplus.py::test_serde_jsonplus_pandas_series[series7],1,pass
tests/test_jsonplus.py::test_serde_jsonplus_pandas_series[series7],2,pass
tests/test_jsonplus.py::test_serde_jsonplus_pandas_series[series7],3,pass
tests/test_jsonplus.py::test_serde_jsonplus_pandas_series[series7],4,pass
tests/test_jsonplus.py::test_serde_jsonplus_pandas_series[series7],5,pass
tests/test_jsonplus.py::test_serde_jsonplus_pandas_series[series7],6,pass
tests/test_jsonplus.py::test_serde_jsonplus_pandas_series[series7],7,pass
tests/test_jsonplus.py::test_serde_jsonplus_pandas_series[series7],8,pass
tests/test_jsonplus.py::test_serde_jsonplus_pandas_series[series7],9,pass
tests/test_jsonplus.py::test_serde_jsonplus_pandas_series[series7],10,pass
tests/test_jsonplus.py::test_serde_jsonplus_pandas_series[series7],11,pass
tests/test_jsonplus.py::test_serde_jsonplus_pandas_series[series7],12,pass
tests/test_jsonplus.py::test_serde_jsonplus_pandas_series[series7],13,pass
tests/test_jsonplus.py::test_serde_jsonplus_pandas_series[series7],14,pass
tests/test_jsonplus.py::test_serde_jsonplus_pandas_series[series7],15,pass
tests/test_jsonplus.py::test_serde_jsonplus_pandas_series[series7],16,pass
tests/test_jsonplus.py::test_serde_jsonplus_pandas_series[series7],17,pass
tests/test_jsonplus.py::test_serde_jsonplus_pandas_series[series7],18,pass
tests/test_jsonplus.py::test_serde_jsonplus_pandas_series[series7],19,pass
tests/test_jsonplus.py::test_serde_jsonplus_pandas_series[series7],20,pass
tests/test_jsonplus.py::test_serde_jsonplus_pandas_series[series7],21,pass
tests/test_jsonplus.py::test_serde_jsonplus_pandas_series[series7],22,pass
tests/test_jsonplus.py::test_serde_jsonplus_pandas_series[series7],23,pass
tests/test_jsonplus.py::test_serde_jsonplus_pandas_series[series7],24,pass
tests/test_jsonplus.py::test_serde_jsonplus_pandas_series[series7],25,pass
tests/test_jsonplus.py::test_serde_jsonplus_pandas_series[series7],26,pass
tests/test_jsonplus.py::test_serde_jsonplus_pandas_series[series7],27,pass
tests/test_jsonplus.py::test_serde_jsonplus_pandas_series[series7],28,pass
tests/test_jsonplus.py::test_serde_jsonplus_pandas_series[series7],29,pass
tests/test_jsonplus.py::test_serde_jsonplus_pandas_series[series7],30,pass
tests/test_jsonplus.py::test_serde_jsonplus_pandas_series[series7],31,pass
tests/test_jsonplus.py::test_serde_jsonplus_pandas_series[series7],32,pass
tests/test_jsonplus.py::test_serde_jsonplus_pandas_series[series7],33,pass
tests/test_jsonplus.py::test_serde_jsonplus_pandas_series[series7],34,pass
tests/test_jsonplus.py::test_serde_jsonplus_pandas_series[series7],35,pass
tests/test_jsonplus.py::test_serde_jsonplus_pandas_series[series7],36,pass
tests/test_jsonplus.py::test_serde_jsonplus_pandas_series[series7],37,pass
tests/test_jsonplus.py::test_serde_jsonplus_pandas_series[series7],38,pass
tests/test_jsonplus.py::test_serde_jsonplus_pandas_series[series7],39,pass
tests/test_jsonplus.py::test_serde_jsonplus_pandas_series[series7],40,pass
tests/test_jsonplus.py::test_serde_jsonplus_pandas_series[series7],41,pass
tests/test_jsonplus.py::test_serde_jsonplus_pandas_series[series7],42,pass
tests/test_jsonplus.py::test_serde_jsonplus_pandas_series[series7],43,pass
tests/test_jsonplus.py::test_serde_jsonplus_pandas_series[series7],44,pass
tests/test_jsonplus.py::test_serde_jsonplus_pandas_series[series7],45,pass
tests/test_jsonplus.py::test_serde_jsonplus_pandas_series[series7],46,pass
tests/test_jsonplus.py::test_serde_jsonplus_pandas_series[series7],47,pass
tests/test_jsonplus.py::test_serde_jsonplus_pandas_series[series7],48,pass
tests/test_jsonplus.py::test_serde_jsonplus_pandas_series[series7],49,pass
tests/test_jsonplus.py::test_serde_jsonplus_pandas_series[series7],50,pass
tests/test_jsonplus.py::test_serde_jsonplus_pandas_series[series8],1,pass
tests/test_jsonplus.py::test_serde_jsonplus_pandas_series[series8],2,pass
tests/test_jsonplus.py::test_serde_jsonplus_pandas_series[series8],3,pass
tests/test_jsonplus.py::test_serde_jsonplus_pandas_series[series8],4,pass
tests/test_jsonplus.py::test_serde_jsonplus_pandas_series[series8],5,pass
tests/test_jsonplus.py::test_serde_jsonplus_pandas_series[series8],6,pass
tests/test_jsonplus.py::test_serde_jsonplus_pandas_series[series8],7,pass
tests/test_jsonplus.py::test_serde_jsonplus_pandas_series[series8],8,pass
tests/test_jsonplus.py::test_serde_jsonplus_pandas_series[series8],9,pass
tests/test_jsonplus.py::test_serde_jsonplus_pandas_series[series8],10,pass
tests/test_jsonplus.py::test_serde_jsonplus_pandas_series[series8],11,pass
tests/test_jsonplus.py::test_serde_jsonplus_pandas_series[series8],12,pass
tests/test_jsonplus.py::test_serde_jsonplus_pandas_series[series8],13,pass
tests/test_jsonplus.py::test_serde_jsonplus_pandas_series[series8],14,pass
tests/test_jsonplus.py::test_serde_jsonplus_pandas_series[series8],15,pass
tests/test_jsonplus.py::test_serde_jsonplus_pandas_series[series8],16,pass
tests/test_jsonplus.py::test_serde_jsonplus_pandas_series[series8],17,pass
tests/test_jsonplus.py::test_serde_jsonplus_pandas_series[series8],18,pass
tests/test_jsonplus.py::test_serde_jsonplus_pandas_series[series8],19,pass
tests/test_jsonplus.py::test_serde_jsonplus_pandas_series[series8],20,pass
tests/test_jsonplus.py::test_serde_jsonplus_pandas_series[series8],21,pass
tests/test_jsonplus.py::test_serde_jsonplus_pandas_series[series8],22,pass
tests/test_jsonplus.py::test_serde_jsonplus_pandas_series[series8],23,pass
tests/test_jsonplus.py::test_serde_jsonplus_pandas_series[series8],24,pass
tests/test_jsonplus.py::test_serde_jsonplus_pandas_series[series8],25,pass
tests/test_jsonplus.py::test_serde_jsonplus_pandas_series[series8],26,pass
tests/test_jsonplus.py::test_serde_jsonplus_pandas_series[series8],27,pass
tests/test_jsonplus.py::test_serde_jsonplus_pandas_series[series8],28,pass
tests/test_jsonplus.py::test_serde_jsonplus_pandas_series[series8],29,pass
tests/test_jsonplus.py::test_serde_jsonplus_pandas_series[series8],30,pass
tests/test_jsonplus.py::test_serde_jsonplus_pandas_series[series8],31,pass
tests/test_jsonplus.py::test_serde_jsonplus_pandas_series[series8],32,pass
tests/test_jsonplus.py::test_serde_jsonplus_pandas_series[series8],33,pass
tests/test_jsonplus.py::test_serde_jsonplus_pandas_series[series8],34,pass
tests/test_jsonplus.py::test_serde_jsonplus_pandas_series[series8],35,pass
tests/test_jsonplus.py::test_serde_jsonplus_pandas_series[series8],36,pass
tests/test_jsonplus.py::test_serde_jsonplus_pandas_series[series8],37,pass
tests/test_jsonplus.py::test_serde_jsonplus_pandas_series[series8],38,pass
tests/test_jsonplus.py::test_serde_jsonplus_pandas_series[series8],39,pass
tests/test_jsonplus.py::test_serde_jsonplus_pandas_series[series8],40,pass
tests/test_jsonplus.py::test_serde_jsonplus_pandas_series[series8],41,pass
tests/test_jsonplus.py::test_serde_jsonplus_pandas_series[series8],42,pass
tests/test_jsonplus.py::test_serde_jsonplus_pandas_series[series8],43,pass
tests/test_jsonplus.py::test_serde_jsonplus_pandas_series[series8],44,pass
tests/test_jsonplus.py::test_serde_jsonplus_pandas_series[series8],45,pass
tests/test_jsonplus.py::test_serde_jsonplus_pandas_series[series8],46,pass
tests/test_jsonplus.py::test_serde_jsonplus_pandas_series[series8],47,pass
tests/test_jsonplus.py::test_serde_jsonplus_pandas_series[series8],48,pass
tests/test_jsonplus.py::test_serde_jsonplus_pandas_series[series8],49,pass
tests/test_jsonplus.py::test_serde_jsonplus_pandas_series[series8],50,pass
tests/test_jsonplus.py::test_serde_jsonplus_pandas_series[series9],1,pass
tests/test_jsonplus.py::test_serde_jsonplus_pandas_series[series9],2,pass
tests/test_jsonplus.py::test_serde_jsonplus_pandas_series[series9],3,pass
tests/test_jsonplus.py::test_serde_jsonplus_pandas_series[series9],4,pass
tests/test_jsonplus.py::test_serde_jsonplus_pandas_series[series9],5,pass
tests/test_jsonplus.py::test_serde_jsonplus_pandas_series[series9],6,pass
tests/test_jsonplus.py::test_serde_jsonplus_pandas_series[series9],7,pass
tests/test_jsonplus.py::test_serde_jsonplus_pandas_series[series9],8,pass
tests/test_jsonplus.py::test_serde_jsonplus_pandas_series[series9],9,pass
tests/test_jsonplus.py::test_serde_jsonplus_pandas_series[series9],10,pass
tests/test_jsonplus.py::test_serde_jsonplus_pandas_series[series9],11,pass
tests/test_jsonplus.py::test_serde_jsonplus_pandas_series[series9],12,pass
tests/test_jsonplus.py::test_serde_jsonplus_pandas_series[series9],13,pass
tests/test_jsonplus.py::test_serde_jsonplus_pandas_series[series9],14,pass
tests/test_jsonplus.py::test_serde_jsonplus_pandas_series[series9],15,pass
tests/test_jsonplus.py::test_serde_jsonplus_pandas_series[series9],16,pass
tests/test_jsonplus.py::test_serde_jsonplus_pandas_series[series9],17,pass
tests/test_jsonplus.py::test_serde_jsonplus_pandas_series[series9],18,pass
tests/test_jsonplus.py::test_serde_jsonplus_pandas_series[series9],19,pass
tests/test_jsonplus.py::test_serde_jsonplus_pandas_series[series9],20,pass
tests/test_jsonplus.py::test_serde_jsonplus_pandas_series[series9],21,pass
tests/test_jsonplus.py::test_serde_jsonplus_pandas_series[series9],22,pass
tests/test_jsonplus.py::test_serde_jsonplus_pandas_series[series9],23,pass
tests/test_jsonplus.py::test_serde_jsonplus_pandas_series[series9],24,pass
tests/test_jsonplus.py::test_serde_jsonplus_pandas_series[series9],25,pass
tests/test_jsonplus.py::test_serde_jsonplus_pandas_series[series9],26,pass
tests/test_jsonplus.py::test_serde_jsonplus_pandas_series[series9],27,pass
tests/test_jsonplus.py::test_serde_jsonplus_pandas_series[series9],28,pass
tests/test_jsonplus.py::test_serde_jsonplus_pandas_series[series9],29,pass
tests/test_jsonplus.py::test_serde_jsonplus_pandas_series[series9],30,pass
tests/test_jsonplus.py::test_serde_jsonplus_pandas_series[series9],31,pass
tests/test_jsonplus.py::test_serde_jsonplus_pandas_series[series9],32,pass
tests/test_jsonplus.py::test_serde_jsonplus_pandas_series[series9],33,pass
tests/test_jsonplus.py::test_serde_jsonplus_pandas_series[series9],34,pass
tests/test_jsonplus.py::test_serde_jsonplus_pandas_series[series9],35,pass
tests/test_jsonplus.py::test_serde_jsonplus_pandas_series[series9],36,pass
tests/test_jsonplus.py::test_serde_jsonplus_pandas_series[series9],37,pass
tests/test_jsonplus.py::test_serde_jsonplus_pandas_series[series9],38,pass
tests/test_jsonplus.py::test_serde_jsonplus_pandas_series[series9],39,pass
tests/test_jsonplus.py::test_serde_jsonplus_pandas_series[series9],40,pass
tests/test_jsonplus.py::test_serde_jsonplus_pandas_series[series9],41,pass
tests/test_jsonplus.py::test_serde_jsonplus_pandas_series[series9],42,pass
tests/test_jsonplus.py::test_serde_jsonplus_pandas_series[series9],43,pass
tests/test_jsonplus.py::test_serde_jsonplus_pandas_series[series9],44,pass
tests/test_jsonplus.py::test_serde_jsonplus_pandas_series[series9],45,pass
tests/test_jsonplus.py::test_serde_jsonplus_pandas_series[series9],46,pass
tests/test_jsonplus.py::test_serde_jsonplus_pandas_series[series9],47,pass
tests/test_jsonplus.py::test_serde_jsonplus_pandas_series[series9],48,pass
tests/test_jsonplus.py::test_serde_jsonplus_pandas_series[series9],49,pass
tests/test_jsonplus.py::test_serde_jsonplus_pandas_series[series9],50,pass
tests/test_jsonplus.py::test_with_msgpack_allowlist_noop_returns_same_instance,1,pass
tests/test_jsonplus.py::test_with_msgpack_allowlist_noop_returns_same_instance,2,pass
tests/test_jsonplus.py::test_with_msgpack_allowlist_noop_returns_same_instance,3,pass
tests/test_jsonplus.py::test_with_msgpack_allowlist_noop_returns_same_instance,4,pass
tests/test_jsonplus.py::test_with_msgpack_allowlist_noop_returns_same_instance,5,pass
tests/test_jsonplus.py::test_with_msgpack_allowlist_noop_returns_same_instance,6,pass
tests/test_jsonplus.py::test_with_msgpack_allowlist_noop_returns_same_instance,7,pass
tests/test_jsonplus.py::test_with_msgpack_allowlist_noop_returns_same_instance,8,pass
tests/test_jsonplus.py::test_with_msgpack_allowlist_noop_returns_same_instance,9,pass
tests/test_jsonplus.py::test_with_msgpack_allowlist_noop_returns_same_instance,10,pass
tests/test_jsonplus.py::test_with_msgpack_allowlist_noop_returns_same_instance,11,pass
tests/test_jsonplus.py::test_with_msgpack_allowlist_noop_returns_same_instance,12,pass
tests/test_jsonplus.py::test_with_msgpack_allowlist_noop_returns_same_instance,13,pass
tests/test_jsonplus.py::test_with_msgpack_allowlist_noop_returns_same_instance,14,pass
tests/test_jsonplus.py::test_with_msgpack_allowlist_noop_returns_same_instance,15,pass
tests/test_jsonplus.py::test_with_msgpack_allowlist_noop_returns_same_instance,16,pass
tests/test_jsonplus.py::test_with_msgpack_allowlist_noop_returns_same_instance,17,pass
tests/test_jsonplus.py::test_with_msgpack_allowlist_noop_returns_same_instance,18,pass
tests/test_jsonplus.py::test_with_msgpack_allowlist_noop_returns_same_instance,19,pass
tests/test_jsonplus.py::test_with_msgpack_allowlist_noop_returns_same_instance,20,pass
tests/test_jsonplus.py::test_with_msgpack_allowlist_noop_returns_same_instance,21,pass
tests/test_jsonplus.py::test_with_msgpack_allowlist_noop_returns_same_instance,22,pass
tests/test_jsonplus.py::test_with_msgpack_allowlist_noop_returns_same_instance,23,pass
tests/test_jsonplus.py::test_with_msgpack_allowlist_noop_returns_same_instance,24,pass
tests/test_jsonplus.py::test_with_msgpack_allowlist_noop_returns_same_instance,25,pass
tests/test_jsonplus.py::test_with_msgpack_allowlist_noop_returns_same_instance,26,pass
tests/test_jsonplus.py::test_with_msgpack_allowlist_noop_returns_same_instance,27,pass
tests/test_jsonplus.py::test_with_msgpack_allowlist_noop_returns_same_instance,28,pass
tests/test_jsonplus.py::test_with_msgpack_allowlist_noop_returns_same_instance,29,pass
tests/test_jsonplus.py::test_with_msgpack_allowlist_noop_returns_same_instance,30,pass
tests/test_jsonplus.py::test_with_msgpack_allowlist_noop_returns_same_instance,31,pass
tests/test_jsonplus.py::test_with_msgpack_allowlist_noop_returns_same_instance,32,pass
tests/test_jsonplus.py::test_with_msgpack_allowlist_noop_returns_same_instance,33,pass
tests/test_jsonplus.py::test_with_msgpack_allowlist_noop_returns_same_instance,34,pass
tests/test_jsonplus.py::test_with_msgpack_allowlist_noop_returns_same_instance,35,pass
tests/test_jsonplus.py::test_with_msgpack_allowlist_noop_returns_same_instance,36,pass
tests/test_jsonplus.py::test_with_msgpack_allowlist_noop_returns_same_instance,37,pass
tests/test_jsonplus.py::test_with_msgpack_allowlist_noop_returns_same_instance,38,pass
tests/test_jsonplus.py::test_with_msgpack_allowlist_noop_returns_same_instance,39,pass
tests/test_jsonplus.py::test_with_msgpack_allowlist_noop_returns_same_instance,40,pass
tests/test_jsonplus.py::test_with_msgpack_allowlist_noop_returns_same_instance,41,pass
tests/test_jsonplus.py::test_with_msgpack_allowlist_noop_returns_same_instance,42,pass
tests/test_jsonplus.py::test_with_msgpack_allowlist_noop_returns_same_instance,43,pass
tests/test_jsonplus.py::test_with_msgpack_allowlist_noop_returns_same_instance,44,pass
tests/test_jsonplus.py::test_with_msgpack_allowlist_noop_returns_same_instance,45,pass
tests/test_jsonplus.py::test_with_msgpack_allowlist_noop_returns_same_instance,46,pass
tests/test_jsonplus.py::test_with_msgpack_allowlist_noop_returns_same_instance,47,pass
tests/test_jsonplus.py::test_with_msgpack_allowlist_noop_returns_same_instance,48,pass
tests/test_jsonplus.py::test_with_msgpack_allowlist_noop_returns_same_instance,49,pass
tests/test_jsonplus.py::test_with_msgpack_allowlist_noop_returns_same_instance,50,pass
tests/test_jsonplus.py::test_with_msgpack_allowlist_preserves_custom_unpack_hook,1,pass
tests/test_jsonplus.py::test_with_msgpack_allowlist_preserves_custom_unpack_hook,2,pass
tests/test_jsonplus.py::test_with_msgpack_allowlist_preserves_custom_unpack_hook,3,pass
tests/test_jsonplus.py::test_with_msgpack_allowlist_preserves_custom_unpack_hook,4,pass
tests/test_jsonplus.py::test_with_msgpack_allowlist_preserves_custom_unpack_hook,5,pass
tests/test_jsonplus.py::test_with_msgpack_allowlist_preserves_custom_unpack_hook,6,pass
tests/test_jsonplus.py::test_with_msgpack_allowlist_preserves_custom_unpack_hook,7,pass
tests/test_jsonplus.py::test_with_msgpack_allowlist_preserves_custom_unpack_hook,8,pass
tests/test_jsonplus.py::test_with_msgpack_allowlist_preserves_custom_unpack_hook,9,pass
tests/test_jsonplus.py::test_with_msgpack_allowlist_preserves_custom_unpack_hook,10,pass
tests/test_jsonplus.py::test_with_msgpack_allowlist_preserves_custom_unpack_hook,11,pass
tests/test_jsonplus.py::test_with_msgpack_allowlist_preserves_custom_unpack_hook,12,pass
tests/test_jsonplus.py::test_with_msgpack_allowlist_preserves_custom_unpack_hook,13,pass
tests/test_jsonplus.py::test_with_msgpack_allowlist_preserves_custom_unpack_hook,14,pass
tests/test_jsonplus.py::test_with_msgpack_allowlist_preserves_custom_unpack_hook,15,pass
tests/test_jsonplus.py::test_with_msgpack_allowlist_preserves_custom_unpack_hook,16,pass
tests/test_jsonplus.py::test_with_msgpack_allowlist_preserves_custom_unpack_hook,17,pass
tests/test_jsonplus.py::test_with_msgpack_allowlist_preserves_custom_unpack_hook,18,pass
tests/test_jsonplus.py::test_with_msgpack_allowlist_preserves_custom_unpack_hook,19,pass
tests/test_jsonplus.py::test_with_msgpack_allowlist_preserves_custom_unpack_hook,20,pass
tests/test_jsonplus.py::test_with_msgpack_allowlist_preserves_custom_unpack_hook,21,pass
tests/test_jsonplus.py::test_with_msgpack_allowlist_preserves_custom_unpack_hook,22,pass
tests/test_jsonplus.py::test_with_msgpack_allowlist_preserves_custom_unpack_hook,23,pass
tests/test_jsonplus.py::test_with_msgpack_allowlist_preserves_custom_unpack_hook,24,pass
tests/test_jsonplus.py::test_with_msgpack_allowlist_preserves_custom_unpack_hook,25,pass
tests/test_jsonplus.py::test_with_msgpack_allowlist_preserves_custom_unpack_hook,26,pass
tests/test_jsonplus.py::test_with_msgpack_allowlist_preserves_custom_unpack_hook,27,pass
tests/test_jsonplus.py::test_with_msgpack_allowlist_preserves_custom_unpack_hook,28,pass
tests/test_jsonplus.py::test_with_msgpack_allowlist_preserves_custom_unpack_hook,29,pass
tests/test_jsonplus.py::test_with_msgpack_allowlist_preserves_custom_unpack_hook,30,pass
tests/test_jsonplus.py::test_with_msgpack_allowlist_preserves_custom_unpack_hook,31,pass
tests/test_jsonplus.py::test_with_msgpack_allowlist_preserves_custom_unpack_hook,32,pass
tests/test_jsonplus.py::test_with_msgpack_allowlist_preserves_custom_unpack_hook,33,pass
tests/test_jsonplus.py::test_with_msgpack_allowlist_preserves_custom_unpack_hook,34,pass
tests/test_jsonplus.py::test_with_msgpack_allowlist_preserves_custom_unpack_hook,35,pass
tests/test_jsonplus.py::test_with_msgpack_allowlist_preserves_custom_unpack_hook,36,pass
tests/test_jsonplus.py::test_with_msgpack_allowlist_preserves_custom_unpack_hook,37,pass
tests/test_jsonplus.py::test_with_msgpack_allowlist_preserves_custom_unpack_hook,38,pass
tests/test_jsonplus.py::test_with_msgpack_allowlist_preserves_custom_unpack_hook,39,pass
tests/test_jsonplus.py::test_with_msgpack_allowlist_preserves_custom_unpack_hook,40,pass
tests/test_jsonplus.py::test_with_msgpack_allowlist_preserves_custom_unpack_hook,41,pass
tests/test_jsonplus.py::test_with_msgpack_allowlist_preserves_custom_unpack_hook,42,pass
tests/test_jsonplus.py::test_with_msgpack_allowlist_preserves_custom_unpack_hook,43,pass
tests/test_jsonplus.py::test_with_msgpack_allowlist_preserves_custom_unpack_hook,44,pass
tests/test_jsonplus.py::test_with_msgpack_allowlist_preserves_custom_unpack_hook,45,pass
tests/test_jsonplus.py::test_with_msgpack_allowlist_preserves_custom_unpack_hook,46,pass
tests/test_jsonplus.py::test_with_msgpack_allowlist_preserves_custom_unpack_hook,47,pass
tests/test_jsonplus.py::test_with_msgpack_allowlist_preserves_custom_unpack_hook,48,pass
tests/test_jsonplus.py::test_with_msgpack_allowlist_preserves_custom_unpack_hook,49,pass
tests/test_jsonplus.py::test_with_msgpack_allowlist_preserves_custom_unpack_hook,50,pass
tests/test_jsonplus.py::test_with_msgpack_allowlist_rebuilds_default_unpack_hook,1,pass
tests/test_jsonplus.py::test_with_msgpack_allowlist_rebuilds_default_unpack_hook,2,pass
tests/test_jsonplus.py::test_with_msgpack_allowlist_rebuilds_default_unpack_hook,3,pass
tests/test_jsonplus.py::test_with_msgpack_allowlist_rebuilds_default_unpack_hook,4,pass
tests/test_jsonplus.py::test_with_msgpack_allowlist_rebuilds_default_unpack_hook,5,pass
tests/test_jsonplus.py::test_with_msgpack_allowlist_rebuilds_default_unpack_hook,6,pass
tests/test_jsonplus.py::test_with_msgpack_allowlist_rebuilds_default_unpack_hook,7,pass
tests/test_jsonplus.py::test_with_msgpack_allowlist_rebuilds_default_unpack_hook,8,pass
tests/test_jsonplus.py::test_with_msgpack_allowlist_rebuilds_default_unpack_hook,9,pass
tests/test_jsonplus.py::test_with_msgpack_allowlist_rebuilds_default_unpack_hook,10,pass
tests/test_jsonplus.py::test_with_msgpack_allowlist_rebuilds_default_unpack_hook,11,pass
tests/test_jsonplus.py::test_with_msgpack_allowlist_rebuilds_default_unpack_hook,12,pass
tests/test_jsonplus.py::test_with_msgpack_allowlist_rebuilds_default_unpack_hook,13,pass
tests/test_jsonplus.py::test_with_msgpack_allowlist_rebuilds_default_unpack_hook,14,pass
tests/test_jsonplus.py::test_with_msgpack_allowlist_rebuilds_default_unpack_hook,15,pass
tests/test_jsonplus.py::test_with_msgpack_allowlist_rebuilds_default_unpack_hook,16,pass
tests/test_jsonplus.py::test_with_msgpack_allowlist_rebuilds_default_unpack_hook,17,pass
tests/test_jsonplus.py::test_with_msgpack_allowlist_rebuilds_default_unpack_hook,18,pass
tests/test_jsonplus.py::test_with_msgpack_allowlist_rebuilds_default_unpack_hook,19,pass
tests/test_jsonplus.py::test_with_msgpack_allowlist_rebuilds_default_unpack_hook,20,pass
tests/test_jsonplus.py::test_with_msgpack_allowlist_rebuilds_default_unpack_hook,21,pass
tests/test_jsonplus.py::test_with_msgpack_allowlist_rebuilds_default_unpack_hook,22,pass
tests/test_jsonplus.py::test_with_msgpack_allowlist_rebuilds_default_unpack_hook,23,pass
tests/test_jsonplus.py::test_with_msgpack_allowlist_rebuilds_default_unpack_hook,24,pass
tests/test_jsonplus.py::test_with_msgpack_allowlist_rebuilds_default_unpack_hook,25,pass
tests/test_jsonplus.py::test_with_msgpack_allowlist_rebuilds_default_unpack_hook,26,pass
tests/test_jsonplus.py::test_with_msgpack_allowlist_rebuilds_default_unpack_hook,27,pass
tests/test_jsonplus.py::test_with_msgpack_allowlist_rebuilds_default_unpack_hook,28,pass
tests/test_jsonplus.py::test_with_msgpack_allowlist_rebuilds_default_unpack_hook,29,pass
tests/test_jsonplus.py::test_with_msgpack_allowlist_rebuilds_default_unpack_hook,30,pass
tests/test_jsonplus.py::test_with_msgpack_allowlist_rebuilds_default_unpack_hook,31,pass
tests/test_jsonplus.py::test_with_msgpack_allowlist_rebuilds_default_unpack_hook,32,pass
tests/test_jsonplus.py::test_with_msgpack_allowlist_rebuilds_default_unpack_hook,33,pass
tests/test_jsonplus.py::test_with_msgpack_allowlist_rebuilds_default_unpack_hook,34,pass
tests/test_jsonplus.py::test_with_msgpack_allowlist_rebuilds_default_unpack_hook,35,pass
tests/test_jsonplus.py::test_with_msgpack_allowlist_rebuilds_default_unpack_hook,36,pass
tests/test_jsonplus.py::test_with_msgpack_allowlist_rebuilds_default_unpack_hook,37,pass
tests/test_jsonplus.py::test_with_msgpack_allowlist_rebuilds_default_unpack_hook,38,pass
tests/test_jsonplus.py::test_with_msgpack_allowlist_rebuilds_default_unpack_hook,39,pass
tests/test_jsonplus.py::test_with_msgpack_allowlist_rebuilds_default_unpack_hook,40,pass
tests/test_jsonplus.py::test_with_msgpack_allowlist_rebuilds_default_unpack_hook,41,pass
tests/test_jsonplus.py::test_with_msgpack_allowlist_rebuilds_default_unpack_hook,42,pass
tests/test_jsonplus.py::test_with_msgpack_allowlist_rebuilds_default_unpack_hook,43,pass
tests/test_jsonplus.py::test_with_msgpack_allowlist_rebuilds_default_unpack_hook,44,pass
tests/test_jsonplus.py::test_with_msgpack_allowlist_rebuilds_default_unpack_hook,45,pass
tests/test_jsonplus.py::test_with_msgpack_allowlist_rebuilds_default_unpack_hook,46,pass
tests/test_jsonplus.py::test_with_msgpack_allowlist_rebuilds_default_unpack_hook,47,pass
tests/test_jsonplus.py::test_with_msgpack_allowlist_rebuilds_default_unpack_hook,48,pass
tests/test_jsonplus.py::test_with_msgpack_allowlist_rebuilds_default_unpack_hook,49,pass
tests/test_jsonplus.py::test_with_msgpack_allowlist_rebuilds_default_unpack_hook,50,pass
tests/test_jsonplus.py::test_with_msgpack_allowlist_supports_subclass_without_init_kwargs,1,pass
tests/test_jsonplus.py::test_with_msgpack_allowlist_supports_subclass_without_init_kwargs,2,pass
tests/test_jsonplus.py::test_with_msgpack_allowlist_supports_subclass_without_init_kwargs,3,pass
tests/test_jsonplus.py::test_with_msgpack_allowlist_supports_subclass_without_init_kwargs,4,pass
tests/test_jsonplus.py::test_with_msgpack_allowlist_supports_subclass_without_init_kwargs,5,pass
tests/test_jsonplus.py::test_with_msgpack_allowlist_supports_subclass_without_init_kwargs,6,pass
tests/test_jsonplus.py::test_with_msgpack_allowlist_supports_subclass_without_init_kwargs,7,pass
tests/test_jsonplus.py::test_with_msgpack_allowlist_supports_subclass_without_init_kwargs,8,pass
tests/test_jsonplus.py::test_with_msgpack_allowlist_supports_subclass_without_init_kwargs,9,pass
tests/test_jsonplus.py::test_with_msgpack_allowlist_supports_subclass_without_init_kwargs,10,pass
tests/test_jsonplus.py::test_with_msgpack_allowlist_supports_subclass_without_init_kwargs,11,pass
tests/test_jsonplus.py::test_with_msgpack_allowlist_supports_subclass_without_init_kwargs,12,pass
tests/test_jsonplus.py::test_with_msgpack_allowlist_supports_subclass_without_init_kwargs,13,pass
tests/test_jsonplus.py::test_with_msgpack_allowlist_supports_subclass_without_init_kwargs,14,pass
tests/test_jsonplus.py::test_with_msgpack_allowlist_supports_subclass_without_init_kwargs,15,pass
tests/test_jsonplus.py::test_with_msgpack_allowlist_supports_subclass_without_init_kwargs,16,pass
tests/test_jsonplus.py::test_with_msgpack_allowlist_supports_subclass_without_init_kwargs,17,pass
tests/test_jsonplus.py::test_with_msgpack_allowlist_supports_subclass_without_init_kwargs,18,pass
tests/test_jsonplus.py::test_with_msgpack_allowlist_supports_subclass_without_init_kwargs,19,pass
tests/test_jsonplus.py::test_with_msgpack_allowlist_supports_subclass_without_init_kwargs,20,pass
tests/test_jsonplus.py::test_with_msgpack_allowlist_supports_subclass_without_init_kwargs,21,pass
tests/test_jsonplus.py::test_with_msgpack_allowlist_supports_subclass_without_init_kwargs,22,pass
tests/test_jsonplus.py::test_with_msgpack_allowlist_supports_subclass_without_init_kwargs,23,pass
tests/test_jsonplus.py::test_with_msgpack_allowlist_supports_subclass_without_init_kwargs,24,pass
tests/test_jsonplus.py::test_with_msgpack_allowlist_supports_subclass_without_init_kwargs,25,pass
tests/test_jsonplus.py::test_with_msgpack_allowlist_supports_subclass_without_init_kwargs,26,pass
tests/test_jsonplus.py::test_with_msgpack_allowlist_supports_subclass_without_init_kwargs,27,pass
tests/test_jsonplus.py::test_with_msgpack_allowlist_supports_subclass_without_init_kwargs,28,pass
tests/test_jsonplus.py::test_with_msgpack_allowlist_supports_subclass_without_init_kwargs,29,pass
tests/test_jsonplus.py::test_with_msgpack_allowlist_supports_subclass_without_init_kwargs,30,pass
tests/test_jsonplus.py::test_with_msgpack_allowlist_supports_subclass_without_init_kwargs,31,pass
tests/test_jsonplus.py::test_with_msgpack_allowlist_supports_subclass_without_init_kwargs,32,pass
tests/test_jsonplus.py::test_with_msgpack_allowlist_supports_subclass_without_init_kwargs,33,pass
tests/test_jsonplus.py::test_with_msgpack_allowlist_supports_subclass_without_init_kwargs,34,pass
tests/test_jsonplus.py::test_with_msgpack_allowlist_supports_subclass_without_init_kwargs,35,pass
tests/test_jsonplus.py::test_with_msgpack_allowlist_supports_subclass_without_init_kwargs,36,pass
tests/test_jsonplus.py::test_with_msgpack_allowlist_supports_subclass_without_init_kwargs,37,pass
tests/test_jsonplus.py::test_with_msgpack_allowlist_supports_subclass_without_init_kwargs,38,pass
tests/test_jsonplus.py::test_with_msgpack_allowlist_supports_subclass_without_init_kwargs,39,pass
tests/test_jsonplus.py::test_with_msgpack_allowlist_supports_subclass_without_init_kwargs,40,pass
tests/test_jsonplus.py::test_with_msgpack_allowlist_supports_subclass_without_init_kwargs,41,pass
tests/test_jsonplus.py::test_with_msgpack_allowlist_supports_subclass_without_init_kwargs,42,pass
tests/test_jsonplus.py::test_with_msgpack_allowlist_supports_subclass_without_init_kwargs,43,pass
tests/test_jsonplus.py::test_with_msgpack_allowlist_supports_subclass_without_init_kwargs,44,pass
tests/test_jsonplus.py::test_with_msgpack_allowlist_supports_subclass_without_init_kwargs,45,pass
tests/test_jsonplus.py::test_with_msgpack_allowlist_supports_subclass_without_init_kwargs,46,pass
tests/test_jsonplus.py::test_with_msgpack_allowlist_supports_subclass_without_init_kwargs,47,pass
tests/test_jsonplus.py::test_with_msgpack_allowlist_supports_subclass_without_init_kwargs,48,pass
tests/test_jsonplus.py::test_with_msgpack_allowlist_supports_subclass_without_init_kwargs,49,pass
tests/test_jsonplus.py::test_with_msgpack_allowlist_supports_subclass_without_init_kwargs,50,pass
tests/test_memory.py::TestBaseFallbackGetChannelWrites::test_fallback_returns_ancestor_writes_oldest_first,1,pass
tests/test_memory.py::TestBaseFallbackGetChannelWrites::test_fallback_returns_ancestor_writes_oldest_first,2,pass
tests/test_memory.py::TestBaseFallbackGetChannelWrites::test_fallback_returns_ancestor_writes_oldest_first,3,pass
tests/test_memory.py::TestBaseFallbackGetChannelWrites::test_fallback_returns_ancestor_writes_oldest_first,4,pass
tests/test_memory.py::TestBaseFallbackGetChannelWrites::test_fallback_returns_ancestor_writes_oldest_first,5,pass
tests/test_memory.py::TestBaseFallbackGetChannelWrites::test_fallback_returns_ancestor_writes_oldest_first,6,pass
tests/test_memory.py::TestBaseFallbackGetChannelWrites::test_fallback_returns_ancestor_writes_oldest_first,7,pass
tests/test_memory.py::TestBaseFallbackGetChannelWrites::test_fallback_returns_ancestor_writes_oldest_first,8,pass
tests/test_memory.py::TestBaseFallbackGetChannelWrites::test_fallback_returns_ancestor_writes_oldest_first,9,pass
tests/test_memory.py::TestBaseFallbackGetChannelWrites::test_fallback_returns_ancestor_writes_oldest_first,10,pass
tests/test_memory.py::TestBaseFallbackGetChannelWrites::test_fallback_returns_ancestor_writes_oldest_first,11,pass
tests/test_memory.py::TestBaseFallbackGetChannelWrites::test_fallback_returns_ancestor_writes_oldest_first,12,pass
tests/test_memory.py::TestBaseFallbackGetChannelWrites::test_fallback_returns_ancestor_writes_oldest_first,13,pass
tests/test_memory.py::TestBaseFallbackGetChannelWrites::test_fallback_returns_ancestor_writes_oldest_first,14,pass
tests/test_memory.py::TestBaseFallbackGetChannelWrites::test_fallback_returns_ancestor_writes_oldest_first,15,pass
tests/test_memory.py::TestBaseFallbackGetChannelWrites::test_fallback_returns_ancestor_writes_oldest_first,16,pass
tests/test_memory.py::TestBaseFallbackGetChannelWrites::test_fallback_returns_ancestor_writes_oldest_first,17,pass
tests/test_memory.py::TestBaseFallbackGetChannelWrites::test_fallback_returns_ancestor_writes_oldest_first,18,pass
tests/test_memory.py::TestBaseFallbackGetChannelWrites::test_fallback_returns_ancestor_writes_oldest_first,19,pass
tests/test_memory.py::TestBaseFallbackGetChannelWrites::test_fallback_returns_ancestor_writes_oldest_first,20,pass
tests/test_memory.py::TestBaseFallbackGetChannelWrites::test_fallback_returns_ancestor_writes_oldest_first,21,pass
tests/test_memory.py::TestBaseFallbackGetChannelWrites::test_fallback_returns_ancestor_writes_oldest_first,22,pass
tests/test_memory.py::TestBaseFallbackGetChannelWrites::test_fallback_returns_ancestor_writes_oldest_first,23,pass
tests/test_memory.py::TestBaseFallbackGetChannelWrites::test_fallback_returns_ancestor_writes_oldest_first,24,pass
tests/test_memory.py::TestBaseFallbackGetChannelWrites::test_fallback_returns_ancestor_writes_oldest_first,25,pass
tests/test_memory.py::TestBaseFallbackGetChannelWrites::test_fallback_returns_ancestor_writes_oldest_first,26,pass
tests/test_memory.py::TestBaseFallbackGetChannelWrites::test_fallback_returns_ancestor_writes_oldest_first,27,pass
tests/test_memory.py::TestBaseFallbackGetChannelWrites::test_fallback_returns_ancestor_writes_oldest_first,28,pass
tests/test_memory.py::TestBaseFallbackGetChannelWrites::test_fallback_returns_ancestor_writes_oldest_first,29,pass
tests/test_memory.py::TestBaseFallbackGetChannelWrites::test_fallback_returns_ancestor_writes_oldest_first,30,pass
tests/test_memory.py::TestBaseFallbackGetChannelWrites::test_fallback_returns_ancestor_writes_oldest_first,31,pass
tests/test_memory.py::TestBaseFallbackGetChannelWrites::test_fallback_returns_ancestor_writes_oldest_first,32,pass
tests/test_memory.py::TestBaseFallbackGetChannelWrites::test_fallback_returns_ancestor_writes_oldest_first,33,pass
tests/test_memory.py::TestBaseFallbackGetChannelWrites::test_fallback_returns_ancestor_writes_oldest_first,34,pass
tests/test_memory.py::TestBaseFallbackGetChannelWrites::test_fallback_returns_ancestor_writes_oldest_first,35,pass
tests/test_memory.py::TestBaseFallbackGetChannelWrites::test_fallback_returns_ancestor_writes_oldest_first,36,pass
tests/test_memory.py::TestBaseFallbackGetChannelWrites::test_fallback_returns_ancestor_writes_oldest_first,37,pass
tests/test_memory.py::TestBaseFallbackGetChannelWrites::test_fallback_returns_ancestor_writes_oldest_first,38,pass
tests/test_memory.py::TestBaseFallbackGetChannelWrites::test_fallback_returns_ancestor_writes_oldest_first,39,pass
tests/test_memory.py::TestBaseFallbackGetChannelWrites::test_fallback_returns_ancestor_writes_oldest_first,40,pass
tests/test_memory.py::TestBaseFallbackGetChannelWrites::test_fallback_returns_ancestor_writes_oldest_first,41,pass
tests/test_memory.py::TestBaseFallbackGetChannelWrites::test_fallback_returns_ancestor_writes_oldest_first,42,pass
tests/test_memory.py::TestBaseFallbackGetChannelWrites::test_fallback_returns_ancestor_writes_oldest_first,43,pass
tests/test_memory.py::TestBaseFallbackGetChannelWrites::test_fallback_returns_ancestor_writes_oldest_first,44,pass
tests/test_memory.py::TestBaseFallbackGetChannelWrites::test_fallback_returns_ancestor_writes_oldest_first,45,pass
tests/test_memory.py::TestBaseFallbackGetChannelWrites::test_fallback_returns_ancestor_writes_oldest_first,46,pass
tests/test_memory.py::TestBaseFallbackGetChannelWrites::test_fallback_returns_ancestor_writes_oldest_first,47,pass
tests/test_memory.py::TestBaseFallbackGetChannelWrites::test_fallback_returns_ancestor_writes_oldest_first,48,pass
tests/test_memory.py::TestBaseFallbackGetChannelWrites::test_fallback_returns_ancestor_writes_oldest_first,49,pass
tests/test_memory.py::TestBaseFallbackGetChannelWrites::test_fallback_returns_ancestor_writes_oldest_first,50,pass
tests/test_memory.py::TestInMemorySaverDeltaChannel::test_get_channel_writes_at_root_returns_empty,1,pass
tests/test_memory.py::TestInMemorySaverDeltaChannel::test_get_channel_writes_at_root_returns_empty,2,pass
tests/test_memory.py::TestInMemorySaverDeltaChannel::test_get_channel_writes_at_root_returns_empty,3,pass
tests/test_memory.py::TestInMemorySaverDeltaChannel::test_get_channel_writes_at_root_returns_empty,4,pass
tests/test_memory.py::TestInMemorySaverDeltaChannel::test_get_channel_writes_at_root_returns_empty,5,pass
tests/test_memory.py::TestInMemorySaverDeltaChannel::test_get_channel_writes_at_root_returns_empty,6,pass
tests/test_memory.py::TestInMemorySaverDeltaChannel::test_get_channel_writes_at_root_returns_empty,7,pass
tests/test_memory.py::TestInMemorySaverDeltaChannel::test_get_channel_writes_at_root_returns_empty,8,pass
tests/test_memory.py::TestInMemorySaverDeltaChannel::test_get_channel_writes_at_root_returns_empty,9,pass
tests/test_memory.py::TestInMemorySaverDeltaChannel::test_get_channel_writes_at_root_returns_empty,10,pass
tests/test_memory.py::TestInMemorySaverDeltaChannel::test_get_channel_writes_at_root_returns_empty,11,pass
tests/test_memory.py::TestInMemorySaverDeltaChannel::test_get_channel_writes_at_root_returns_empty,12,pass
tests/test_memory.py::TestInMemorySaverDeltaChannel::test_get_channel_writes_at_root_returns_empty,13,pass
tests/test_memory.py::TestInMemorySaverDeltaChannel::test_get_channel_writes_at_root_returns_empty,14,pass
tests/test_memory.py::TestInMemorySaverDeltaChannel::test_get_channel_writes_at_root_returns_empty,15,pass
tests/test_memory.py::TestInMemorySaverDeltaChannel::test_get_channel_writes_at_root_returns_empty,16,pass
tests/test_memory.py::TestInMemorySaverDeltaChannel::test_get_channel_writes_at_root_returns_empty,17,pass
tests/test_memory.py::TestInMemorySaverDeltaChannel::test_get_channel_writes_at_root_returns_empty,18,pass
tests/test_memory.py::TestInMemorySaverDeltaChannel::test_get_channel_writes_at_root_returns_empty,19,pass
tests/test_memory.py::TestInMemorySaverDeltaChannel::test_get_channel_writes_at_root_returns_empty,20,pass
tests/test_memory.py::TestInMemorySaverDeltaChannel::test_get_channel_writes_at_root_returns_empty,21,pass
tests/test_memory.py::TestInMemorySaverDeltaChannel::test_get_channel_writes_at_root_returns_empty,22,pass
tests/test_memory.py::TestInMemorySaverDeltaChannel::test_get_channel_writes_at_root_returns_empty,23,pass
tests/test_memory.py::TestInMemorySaverDeltaChannel::test_get_channel_writes_at_root_returns_empty,24,pass
tests/test_memory.py::TestInMemorySaverDeltaChannel::test_get_channel_writes_at_root_returns_empty,25,pass
tests/test_memory.py::TestInMemorySaverDeltaChannel::test_get_channel_writes_at_root_returns_empty,26,pass
tests/test_memory.py::TestInMemorySaverDeltaChannel::test_get_channel_writes_at_root_returns_empty,27,pass
tests/test_memory.py::TestInMemorySaverDeltaChannel::test_get_channel_writes_at_root_returns_empty,28,pass
tests/test_memory.py::TestInMemorySaverDeltaChannel::test_get_channel_writes_at_root_returns_empty,29,pass
tests/test_memory.py::TestInMemorySaverDeltaChannel::test_get_channel_writes_at_root_returns_empty,30,pass
tests/test_memory.py::TestInMemorySaverDeltaChannel::test_get_channel_writes_at_root_returns_empty,31,pass
tests/test_memory.py::TestInMemorySaverDeltaChannel::test_get_channel_writes_at_root_returns_empty,32,pass
tests/test_memory.py::TestInMemorySaverDeltaChannel::test_get_channel_writes_at_root_returns_empty,33,pass
tests/test_memory.py::TestInMemorySaverDeltaChannel::test_get_channel_writes_at_root_returns_empty,34,pass
tests/test_memory.py::TestInMemorySaverDeltaChannel::test_get_channel_writes_at_root_returns_empty,35,pass
tests/test_memory.py::TestInMemorySaverDeltaChannel::test_get_channel_writes_at_root_returns_empty,36,pass
tests/test_memory.py::TestInMemorySaverDeltaChannel::test_get_channel_writes_at_root_returns_empty,37,pass
tests/test_memory.py::TestInMemorySaverDeltaChannel::test_get_channel_writes_at_root_returns_empty,38,pass
tests/test_memory.py::TestInMemorySaverDeltaChannel::test_get_channel_writes_at_root_returns_empty,39,pass
tests/test_memory.py::TestInMemorySaverDeltaChannel::test_get_channel_writes_at_root_returns_empty,40,pass
tests/test_memory.py::TestInMemorySaverDeltaChannel::test_get_channel_writes_at_root_returns_empty,41,pass
tests/test_memory.py::TestInMemorySaverDeltaChannel::test_get_channel_writes_at_root_returns_empty,42,pass
tests/test_memory.py::TestInMemorySaverDeltaChannel::test_get_channel_writes_at_root_returns_empty,43,pass
tests/test_memory.py::TestInMemorySaverDeltaChannel::test_get_channel_writes_at_root_returns_empty,44,pass
tests/test_memory.py::TestInMemorySaverDeltaChannel::test_get_channel_writes_at_root_returns_empty,45,pass
tests/test_memory.py::TestInMemorySaverDeltaChannel::test_get_channel_writes_at_root_returns_empty,46,pass
tests/test_memory.py::TestInMemorySaverDeltaChannel::test_get_channel_writes_at_root_returns_empty,47,pass
tests/test_memory.py::TestInMemorySaverDeltaChannel::test_get_channel_writes_at_root_returns_empty,48,pass
tests/test_memory.py::TestInMemorySaverDeltaChannel::test_get_channel_writes_at_root_returns_empty,49,pass
tests/test_memory.py::TestInMemorySaverDeltaChannel::test_get_channel_writes_at_root_returns_empty,50,pass
tests/test_memory.py::TestInMemorySaverDeltaChannel::test_get_channel_writes_collects_ancestor_writes_only,1,pass
tests/test_memory.py::TestInMemorySaverDeltaChannel::test_get_channel_writes_collects_ancestor_writes_only,2,pass
tests/test_memory.py::TestInMemorySaverDeltaChannel::test_get_channel_writes_collects_ancestor_writes_only,3,pass
tests/test_memory.py::TestInMemorySaverDeltaChannel::test_get_channel_writes_collects_ancestor_writes_only,4,pass
tests/test_memory.py::TestInMemorySaverDeltaChannel::test_get_channel_writes_collects_ancestor_writes_only,5,pass
tests/test_memory.py::TestInMemorySaverDeltaChannel::test_get_channel_writes_collects_ancestor_writes_only,6,pass
tests/test_memory.py::TestInMemorySaverDeltaChannel::test_get_channel_writes_collects_ancestor_writes_only,7,pass
tests/test_memory.py::TestInMemorySaverDeltaChannel::test_get_channel_writes_collects_ancestor_writes_only,8,pass
tests/test_memory.py::TestInMemorySaverDeltaChannel::test_get_channel_writes_collects_ancestor_writes_only,9,pass
tests/test_memory.py::TestInMemorySaverDeltaChannel::test_get_channel_writes_collects_ancestor_writes_only,10,pass
tests/test_memory.py::TestInMemorySaverDeltaChannel::test_get_channel_writes_collects_ancestor_writes_only,11,pass
tests/test_memory.py::TestInMemorySaverDeltaChannel::test_get_channel_writes_collects_ancestor_writes_only,12,pass
tests/test_memory.py::TestInMemorySaverDeltaChannel::test_get_channel_writes_collects_ancestor_writes_only,13,pass
tests/test_memory.py::TestInMemorySaverDeltaChannel::test_get_channel_writes_collects_ancestor_writes_only,14,pass
tests/test_memory.py::TestInMemorySaverDeltaChannel::test_get_channel_writes_collects_ancestor_writes_only,15,pass
tests/test_memory.py::TestInMemorySaverDeltaChannel::test_get_channel_writes_collects_ancestor_writes_only,16,pass
tests/test_memory.py::TestInMemorySaverDeltaChannel::test_get_channel_writes_collects_ancestor_writes_only,17,pass
tests/test_memory.py::TestInMemorySaverDeltaChannel::test_get_channel_writes_collects_ancestor_writes_only,18,pass
tests/test_memory.py::TestInMemorySaverDeltaChannel::test_get_channel_writes_collects_ancestor_writes_only,19,pass
tests/test_memory.py::TestInMemorySaverDeltaChannel::test_get_channel_writes_collects_ancestor_writes_only,20,pass
tests/test_memory.py::TestInMemorySaverDeltaChannel::test_get_channel_writes_collects_ancestor_writes_only,21,pass
tests/test_memory.py::TestInMemorySaverDeltaChannel::test_get_channel_writes_collects_ancestor_writes_only,22,pass
tests/test_memory.py::TestInMemorySaverDeltaChannel::test_get_channel_writes_collects_ancestor_writes_only,23,pass
tests/test_memory.py::TestInMemorySaverDeltaChannel::test_get_channel_writes_collects_ancestor_writes_only,24,pass
tests/test_memory.py::TestInMemorySaverDeltaChannel::test_get_channel_writes_collects_ancestor_writes_only,25,pass
tests/test_memory.py::TestInMemorySaverDeltaChannel::test_get_channel_writes_collects_ancestor_writes_only,26,pass
tests/test_memory.py::TestInMemorySaverDeltaChannel::test_get_channel_writes_collects_ancestor_writes_only,27,pass
tests/test_memory.py::TestInMemorySaverDeltaChannel::test_get_channel_writes_collects_ancestor_writes_only,28,pass
tests/test_memory.py::TestInMemorySaverDeltaChannel::test_get_channel_writes_collects_ancestor_writes_only,29,pass
tests/test_memory.py::TestInMemorySaverDeltaChannel::test_get_channel_writes_collects_ancestor_writes_only,30,pass
tests/test_memory.py::TestInMemorySaverDeltaChannel::test_get_channel_writes_collects_ancestor_writes_only,31,pass
tests/test_memory.py::TestInMemorySaverDeltaChannel::test_get_channel_writes_collects_ancestor_writes_only,32,pass
tests/test_memory.py::TestInMemorySaverDeltaChannel::test_get_channel_writes_collects_ancestor_writes_only,33,pass
tests/test_memory.py::TestInMemorySaverDeltaChannel::test_get_channel_writes_collects_ancestor_writes_only,34,pass
tests/test_memory.py::TestInMemorySaverDeltaChannel::test_get_channel_writes_collects_ancestor_writes_only,35,pass
tests/test_memory.py::TestInMemorySaverDeltaChannel::test_get_channel_writes_collects_ancestor_writes_only,36,pass
tests/test_memory.py::TestInMemorySaverDeltaChannel::test_get_channel_writes_collects_ancestor_writes_only,37,pass
tests/test_memory.py::TestInMemorySaverDeltaChannel::test_get_channel_writes_collects_ancestor_writes_only,38,pass
tests/test_memory.py::TestInMemorySaverDeltaChannel::test_get_channel_writes_collects_ancestor_writes_only,39,pass
tests/test_memory.py::TestInMemorySaverDeltaChannel::test_get_channel_writes_collects_ancestor_writes_only,40,pass
tests/test_memory.py::TestInMemorySaverDeltaChannel::test_get_channel_writes_collects_ancestor_writes_only,41,pass
tests/test_memory.py::TestInMemorySaverDeltaChannel::test_get_channel_writes_collects_ancestor_writes_only,42,pass
tests/test_memory.py::TestInMemorySaverDeltaChannel::test_get_channel_writes_collects_ancestor_writes_only,43,pass
tests/test_memory.py::TestInMemorySaverDeltaChannel::test_get_channel_writes_collects_ancestor_writes_only,44,pass
tests/test_memory.py::TestInMemorySaverDeltaChannel::test_get_channel_writes_collects_ancestor_writes_only,45,pass
tests/test_memory.py::TestInMemorySaverDeltaChannel::test_get_channel_writes_collects_ancestor_writes_only,46,pass
tests/test_memory.py::TestInMemorySaverDeltaChannel::test_get_channel_writes_collects_ancestor_writes_only,47,pass
tests/test_memory.py::TestInMemorySaverDeltaChannel::test_get_channel_writes_collects_ancestor_writes_only,48,pass
tests/test_memory.py::TestInMemorySaverDeltaChannel::test_get_channel_writes_collects_ancestor_writes_only,49,pass
tests/test_memory.py::TestInMemorySaverDeltaChannel::test_get_channel_writes_collects_ancestor_writes_only,50,pass
tests/test_memory.py::TestInMemorySaverDeltaChannel::test_load_blobs_omits_delta_channel,1,pass
tests/test_memory.py::TestInMemorySaverDeltaChannel::test_load_blobs_omits_delta_channel,2,pass
tests/test_memory.py::TestInMemorySaverDeltaChannel::test_load_blobs_omits_delta_channel,3,pass
tests/test_memory.py::TestInMemorySaverDeltaChannel::test_load_blobs_omits_delta_channel,4,pass
tests/test_memory.py::TestInMemorySaverDeltaChannel::test_load_blobs_omits_delta_channel,5,pass
tests/test_memory.py::TestInMemorySaverDeltaChannel::test_load_blobs_omits_delta_channel,6,pass
tests/test_memory.py::TestInMemorySaverDeltaChannel::test_load_blobs_omits_delta_channel,7,pass
tests/test_memory.py::TestInMemorySaverDeltaChannel::test_load_blobs_omits_delta_channel,8,pass
tests/test_memory.py::TestInMemorySaverDeltaChannel::test_load_blobs_omits_delta_channel,9,pass
tests/test_memory.py::TestInMemorySaverDeltaChannel::test_load_blobs_omits_delta_channel,10,pass
tests/test_memory.py::TestInMemorySaverDeltaChannel::test_load_blobs_omits_delta_channel,11,pass
tests/test_memory.py::TestInMemorySaverDeltaChannel::test_load_blobs_omits_delta_channel,12,pass
tests/test_memory.py::TestInMemorySaverDeltaChannel::test_load_blobs_omits_delta_channel,13,pass
tests/test_memory.py::TestInMemorySaverDeltaChannel::test_load_blobs_omits_delta_channel,14,pass
tests/test_memory.py::TestInMemorySaverDeltaChannel::test_load_blobs_omits_delta_channel,15,pass
tests/test_memory.py::TestInMemorySaverDeltaChannel::test_load_blobs_omits_delta_channel,16,pass
tests/test_memory.py::TestInMemorySaverDeltaChannel::test_load_blobs_omits_delta_channel,17,pass
tests/test_memory.py::TestInMemorySaverDeltaChannel::test_load_blobs_omits_delta_channel,18,pass
tests/test_memory.py::TestInMemorySaverDeltaChannel::test_load_blobs_omits_delta_channel,19,pass
tests/test_memory.py::TestInMemorySaverDeltaChannel::test_load_blobs_omits_delta_channel,20,pass
tests/test_memory.py::TestInMemorySaverDeltaChannel::test_load_blobs_omits_delta_channel,21,pass
tests/test_memory.py::TestInMemorySaverDeltaChannel::test_load_blobs_omits_delta_channel,22,pass
tests/test_memory.py::TestInMemorySaverDeltaChannel::test_load_blobs_omits_delta_channel,23,pass
tests/test_memory.py::TestInMemorySaverDeltaChannel::test_load_blobs_omits_delta_channel,24,pass
tests/test_memory.py::TestInMemorySaverDeltaChannel::test_load_blobs_omits_delta_channel,25,pass
tests/test_memory.py::TestInMemorySaverDeltaChannel::test_load_blobs_omits_delta_channel,26,pass
tests/test_memory.py::TestInMemorySaverDeltaChannel::test_load_blobs_omits_delta_channel,27,pass
tests/test_memory.py::TestInMemorySaverDeltaChannel::test_load_blobs_omits_delta_channel,28,pass
tests/test_memory.py::TestInMemorySaverDeltaChannel::test_load_blobs_omits_delta_channel,29,pass
tests/test_memory.py::TestInMemorySaverDeltaChannel::test_load_blobs_omits_delta_channel,30,pass
tests/test_memory.py::TestInMemorySaverDeltaChannel::test_load_blobs_omits_delta_channel,31,pass
tests/test_memory.py::TestInMemorySaverDeltaChannel::test_load_blobs_omits_delta_channel,32,pass
tests/test_memory.py::TestInMemorySaverDeltaChannel::test_load_blobs_omits_delta_channel,33,pass
tests/test_memory.py::TestInMemorySaverDeltaChannel::test_load_blobs_omits_delta_channel,34,pass
tests/test_memory.py::TestInMemorySaverDeltaChannel::test_load_blobs_omits_delta_channel,35,pass
tests/test_memory.py::TestInMemorySaverDeltaChannel::test_load_blobs_omits_delta_channel,36,pass
tests/test_memory.py::TestInMemorySaverDeltaChannel::test_load_blobs_omits_delta_channel,37,pass
tests/test_memory.py::TestInMemorySaverDeltaChannel::test_load_blobs_omits_delta_channel,38,pass
tests/test_memory.py::TestInMemorySaverDeltaChannel::test_load_blobs_omits_delta_channel,39,pass
tests/test_memory.py::TestInMemorySaverDeltaChannel::test_load_blobs_omits_delta_channel,40,pass
tests/test_memory.py::TestInMemorySaverDeltaChannel::test_load_blobs_omits_delta_channel,41,pass
tests/test_memory.py::TestInMemorySaverDeltaChannel::test_load_blobs_omits_delta_channel,42,pass
tests/test_memory.py::TestInMemorySaverDeltaChannel::test_load_blobs_omits_delta_channel,43,pass
tests/test_memory.py::TestInMemorySaverDeltaChannel::test_load_blobs_omits_delta_channel,44,pass
tests/test_memory.py::TestInMemorySaverDeltaChannel::test_load_blobs_omits_delta_channel,45,pass
tests/test_memory.py::TestInMemorySaverDeltaChannel::test_load_blobs_omits_delta_channel,46,pass
tests/test_memory.py::TestInMemorySaverDeltaChannel::test_load_blobs_omits_delta_channel,47,pass
tests/test_memory.py::TestInMemorySaverDeltaChannel::test_load_blobs_omits_delta_channel,48,pass
tests/test_memory.py::TestInMemorySaverDeltaChannel::test_load_blobs_omits_delta_channel,49,pass
tests/test_memory.py::TestInMemorySaverDeltaChannel::test_load_blobs_omits_delta_channel,50,pass
tests/test_memory.py::TestMemorySaver::test_asearch,1,pass
tests/test_memory.py::TestMemorySaver::test_asearch,2,pass
tests/test_memory.py::TestMemorySaver::test_asearch,3,pass
tests/test_memory.py::TestMemorySaver::test_asearch,4,pass
tests/test_memory.py::TestMemorySaver::test_asearch,5,pass
tests/test_memory.py::TestMemorySaver::test_asearch,6,pass
tests/test_memory.py::TestMemorySaver::test_asearch,7,pass
tests/test_memory.py::TestMemorySaver::test_asearch,8,pass
tests/test_memory.py::TestMemorySaver::test_asearch,9,pass
tests/test_memory.py::TestMemorySaver::test_asearch,10,pass
tests/test_memory.py::TestMemorySaver::test_asearch,11,pass
tests/test_memory.py::TestMemorySaver::test_asearch,12,pass
tests/test_memory.py::TestMemorySaver::test_asearch,13,pass
tests/test_memory.py::TestMemorySaver::test_asearch,14,pass
tests/test_memory.py::TestMemorySaver::test_asearch,15,pass
tests/test_memory.py::TestMemorySaver::test_asearch,16,pass
tests/test_memory.py::TestMemorySaver::test_asearch,17,pass
tests/test_memory.py::TestMemorySaver::test_asearch,18,pass
tests/test_memory.py::TestMemorySaver::test_asearch,19,pass
tests/test_memory.py::TestMemorySaver::test_asearch,20,pass
tests/test_memory.py::TestMemorySaver::test_asearch,21,pass
tests/test_memory.py::TestMemorySaver::test_asearch,22,pass
tests/test_memory.py::TestMemorySaver::test_asearch,23,pass
tests/test_memory.py::TestMemorySaver::test_asearch,24,pass
tests/test_memory.py::TestMemorySaver::test_asearch,25,pass
tests/test_memory.py::TestMemorySaver::test_asearch,26,pass
tests/test_memory.py::TestMemorySaver::test_asearch,27,pass
tests/test_memory.py::TestMemorySaver::test_asearch,28,pass
tests/test_memory.py::TestMemorySaver::test_asearch,29,pass
tests/test_memory.py::TestMemorySaver::test_asearch,30,pass
tests/test_memory.py::TestMemorySaver::test_asearch,31,pass
tests/test_memory.py::TestMemorySaver::test_asearch,32,pass
tests/test_memory.py::TestMemorySaver::test_asearch,33,pass
tests/test_memory.py::TestMemorySaver::test_asearch,34,pass
tests/test_memory.py::TestMemorySaver::test_asearch,35,pass
tests/test_memory.py::TestMemorySaver::test_asearch,36,pass
tests/test_memory.py::TestMemorySaver::test_asearch,37,pass
tests/test_memory.py::TestMemorySaver::test_asearch,38,pass
tests/test_memory.py::TestMemorySaver::test_asearch,39,pass
tests/test_memory.py::TestMemorySaver::test_asearch,40,pass
tests/test_memory.py::TestMemorySaver::test_asearch,41,pass
tests/test_memory.py::TestMemorySaver::test_asearch,42,pass
tests/test_memory.py::TestMemorySaver::test_asearch,43,pass
tests/test_memory.py::TestMemorySaver::test_asearch,44,pass
tests/test_memory.py::TestMemorySaver::test_asearch,45,pass
tests/test_memory.py::TestMemorySaver::test_asearch,46,pass
tests/test_memory.py::TestMemorySaver::test_asearch,47,pass
tests/test_memory.py::TestMemorySaver::test_asearch,48,pass
tests/test_memory.py::TestMemorySaver::test_asearch,49,pass
tests/test_memory.py::TestMemorySaver::test_asearch,50,pass
tests/test_memory.py::TestMemorySaver::test_combined_metadata,1,pass
tests/test_memory.py::TestMemorySaver::test_combined_metadata,2,pass
tests/test_memory.py::TestMemorySaver::test_combined_metadata,3,pass
tests/test_memory.py::TestMemorySaver::test_combined_metadata,4,pass
tests/test_memory.py::TestMemorySaver::test_combined_metadata,5,pass
tests/test_memory.py::TestMemorySaver::test_combined_metadata,6,pass
tests/test_memory.py::TestMemorySaver::test_combined_metadata,7,pass
tests/test_memory.py::TestMemorySaver::test_combined_metadata,8,pass
tests/test_memory.py::TestMemorySaver::test_combined_metadata,9,pass
tests/test_memory.py::TestMemorySaver::test_combined_metadata,10,pass
tests/test_memory.py::TestMemorySaver::test_combined_metadata,11,pass
tests/test_memory.py::TestMemorySaver::test_combined_metadata,12,pass
tests/test_memory.py::TestMemorySaver::test_combined_metadata,13,pass
tests/test_memory.py::TestMemorySaver::test_combined_metadata,14,pass
tests/test_memory.py::TestMemorySaver::test_combined_metadata,15,pass
tests/test_memory.py::TestMemorySaver::test_combined_metadata,16,pass
tests/test_memory.py::TestMemorySaver::test_combined_metadata,17,pass
tests/test_memory.py::TestMemorySaver::test_combined_metadata,18,pass
tests/test_memory.py::TestMemorySaver::test_combined_metadata,19,pass
tests/test_memory.py::TestMemorySaver::test_combined_metadata,20,pass
tests/test_memory.py::TestMemorySaver::test_combined_metadata,21,pass
tests/test_memory.py::TestMemorySaver::test_combined_metadata,22,pass
tests/test_memory.py::TestMemorySaver::test_combined_metadata,23,pass
tests/test_memory.py::TestMemorySaver::test_combined_metadata,24,pass
tests/test_memory.py::TestMemorySaver::test_combined_metadata,25,pass
tests/test_memory.py::TestMemorySaver::test_combined_metadata,26,pass
tests/test_memory.py::TestMemorySaver::test_combined_metadata,27,pass
tests/test_memory.py::TestMemorySaver::test_combined_metadata,28,pass
tests/test_memory.py::TestMemorySaver::test_combined_metadata,29,pass
tests/test_memory.py::TestMemorySaver::test_combined_metadata,30,pass
tests/test_memory.py::TestMemorySaver::test_combined_metadata,31,pass
tests/test_memory.py::TestMemorySaver::test_combined_metadata,32,pass
tests/test_memory.py::TestMemorySaver::test_combined_metadata,33,pass
tests/test_memory.py::TestMemorySaver::test_combined_metadata,34,pass
tests/test_memory.py::TestMemorySaver::test_combined_metadata,35,pass
tests/test_memory.py::TestMemorySaver::test_combined_metadata,36,pass
tests/test_memory.py::TestMemorySaver::test_combined_metadata,37,pass
tests/test_memory.py::TestMemorySaver::test_combined_metadata,38,pass
tests/test_memory.py::TestMemorySaver::test_combined_metadata,39,pass
tests/test_memory.py::TestMemorySaver::test_combined_metadata,40,pass
tests/test_memory.py::TestMemorySaver::test_combined_metadata,41,pass
tests/test_memory.py::TestMemorySaver::test_combined_metadata,42,pass
tests/test_memory.py::TestMemorySaver::test_combined_metadata,43,pass
tests/test_memory.py::TestMemorySaver::test_combined_metadata,44,pass
tests/test_memory.py::TestMemorySaver::test_combined_metadata,45,pass
tests/test_memory.py::TestMemorySaver::test_combined_metadata,46,pass
tests/test_memory.py::TestMemorySaver::test_combined_metadata,47,pass
tests/test_memory.py::TestMemorySaver::test_combined_metadata,48,pass
tests/test_memory.py::TestMemorySaver::test_combined_metadata,49,pass
tests/test_memory.py::TestMemorySaver::test_combined_metadata,50,pass
tests/test_memory.py::TestMemorySaver::test_search,1,pass
tests/test_memory.py::TestMemorySaver::test_search,2,pass
tests/test_memory.py::TestMemorySaver::test_search,3,pass
tests/test_memory.py::TestMemorySaver::test_search,4,pass
tests/test_memory.py::TestMemorySaver::test_search,5,pass
tests/test_memory.py::TestMemorySaver::test_search,6,pass
tests/test_memory.py::TestMemorySaver::test_search,7,pass
tests/test_memory.py::TestMemorySaver::test_search,8,pass
tests/test_memory.py::TestMemorySaver::test_search,9,pass
tests/test_memory.py::TestMemorySaver::test_search,10,pass
tests/test_memory.py::TestMemorySaver::test_search,11,pass
tests/test_memory.py::TestMemorySaver::test_search,12,pass
tests/test_memory.py::TestMemorySaver::test_search,13,pass
tests/test_memory.py::TestMemorySaver::test_search,14,pass
tests/test_memory.py::TestMemorySaver::test_search,15,pass
tests/test_memory.py::TestMemorySaver::test_search,16,pass
tests/test_memory.py::TestMemorySaver::test_search,17,pass
tests/test_memory.py::TestMemorySaver::test_search,18,pass
tests/test_memory.py::TestMemorySaver::test_search,19,pass
tests/test_memory.py::TestMemorySaver::test_search,20,pass
tests/test_memory.py::TestMemorySaver::test_search,21,pass
tests/test_memory.py::TestMemorySaver::test_search,22,pass
tests/test_memory.py::TestMemorySaver::test_search,23,pass
tests/test_memory.py::TestMemorySaver::test_search,24,pass
tests/test_memory.py::TestMemorySaver::test_search,25,pass
tests/test_memory.py::TestMemorySaver::test_search,26,pass
tests/test_memory.py::TestMemorySaver::test_search,27,pass
tests/test_memory.py::TestMemorySaver::test_search,28,pass
tests/test_memory.py::TestMemorySaver::test_search,29,pass
tests/test_memory.py::TestMemorySaver::test_search,30,pass
tests/test_memory.py::TestMemorySaver::test_search,31,pass
tests/test_memory.py::TestMemorySaver::test_search,32,pass
tests/test_memory.py::TestMemorySaver::test_search,33,pass
tests/test_memory.py::TestMemorySaver::test_search,34,pass
tests/test_memory.py::TestMemorySaver::test_search,35,pass
tests/test_memory.py::TestMemorySaver::test_search,36,pass
tests/test_memory.py::TestMemorySaver::test_search,37,pass
tests/test_memory.py::TestMemorySaver::test_search,38,pass
tests/test_memory.py::TestMemorySaver::test_search,39,pass
tests/test_memory.py::TestMemorySaver::test_search,40,pass
tests/test_memory.py::TestMemorySaver::test_search,41,pass
tests/test_memory.py::TestMemorySaver::test_search,42,pass
tests/test_memory.py::TestMemorySaver::test_search,43,pass
tests/test_memory.py::TestMemorySaver::test_search,44,pass
tests/test_memory.py::TestMemorySaver::test_search,45,pass
tests/test_memory.py::TestMemorySaver::test_search,46,pass
tests/test_memory.py::TestMemorySaver::test_search,47,pass
tests/test_memory.py::TestMemorySaver::test_search,48,pass
tests/test_memory.py::TestMemorySaver::test_search,49,pass
tests/test_memory.py::TestMemorySaver::test_search,50,pass
tests/test_memory.py::TestPreDeltaBlobTerminator::test_seed_bounds_walk_without_dropping_its_own_writes,1,pass
tests/test_memory.py::TestPreDeltaBlobTerminator::test_seed_bounds_walk_without_dropping_its_own_writes,2,pass
tests/test_memory.py::TestPreDeltaBlobTerminator::test_seed_bounds_walk_without_dropping_its_own_writes,3,pass
tests/test_memory.py::TestPreDeltaBlobTerminator::test_seed_bounds_walk_without_dropping_its_own_writes,4,pass
tests/test_memory.py::TestPreDeltaBlobTerminator::test_seed_bounds_walk_without_dropping_its_own_writes,5,pass
tests/test_memory.py::TestPreDeltaBlobTerminator::test_seed_bounds_walk_without_dropping_its_own_writes,6,pass
tests/test_memory.py::TestPreDeltaBlobTerminator::test_seed_bounds_walk_without_dropping_its_own_writes,7,pass
tests/test_memory.py::TestPreDeltaBlobTerminator::test_seed_bounds_walk_without_dropping_its_own_writes,8,pass
tests/test_memory.py::TestPreDeltaBlobTerminator::test_seed_bounds_walk_without_dropping_its_own_writes,9,pass
tests/test_memory.py::TestPreDeltaBlobTerminator::test_seed_bounds_walk_without_dropping_its_own_writes,10,pass
tests/test_memory.py::TestPreDeltaBlobTerminator::test_seed_bounds_walk_without_dropping_its_own_writes,11,pass
tests/test_memory.py::TestPreDeltaBlobTerminator::test_seed_bounds_walk_without_dropping_its_own_writes,12,pass
tests/test_memory.py::TestPreDeltaBlobTerminator::test_seed_bounds_walk_without_dropping_its_own_writes,13,pass
tests/test_memory.py::TestPreDeltaBlobTerminator::test_seed_bounds_walk_without_dropping_its_own_writes,14,pass
tests/test_memory.py::TestPreDeltaBlobTerminator::test_seed_bounds_walk_without_dropping_its_own_writes,15,pass
tests/test_memory.py::TestPreDeltaBlobTerminator::test_seed_bounds_walk_without_dropping_its_own_writes,16,pass
tests/test_memory.py::TestPreDeltaBlobTerminator::test_seed_bounds_walk_without_dropping_its_own_writes,17,pass
tests/test_memory.py::TestPreDeltaBlobTerminator::test_seed_bounds_walk_without_dropping_its_own_writes,18,pass
tests/test_memory.py::TestPreDeltaBlobTerminator::test_seed_bounds_walk_without_dropping_its_own_writes,19,pass
tests/test_memory.py::TestPreDeltaBlobTerminator::test_seed_bounds_walk_without_dropping_its_own_writes,20,pass
tests/test_memory.py::TestPreDeltaBlobTerminator::test_seed_bounds_walk_without_dropping_its_own_writes,21,pass
tests/test_memory.py::TestPreDeltaBlobTerminator::test_seed_bounds_walk_without_dropping_its_own_writes,22,pass
tests/test_memory.py::TestPreDeltaBlobTerminator::test_seed_bounds_walk_without_dropping_its_own_writes,23,pass
tests/test_memory.py::TestPreDeltaBlobTerminator::test_seed_bounds_walk_without_dropping_its_own_writes,24,pass
tests/test_memory.py::TestPreDeltaBlobTerminator::test_seed_bounds_walk_without_dropping_its_own_writes,25,pass
tests/test_memory.py::TestPreDeltaBlobTerminator::test_seed_bounds_walk_without_dropping_its_own_writes,26,pass
tests/test_memory.py::TestPreDeltaBlobTerminator::test_seed_bounds_walk_without_dropping_its_own_writes,27,pass
tests/test_memory.py::TestPreDeltaBlobTerminator::test_seed_bounds_walk_without_dropping_its_own_writes,28,pass
tests/test_memory.py::TestPreDeltaBlobTerminator::test_seed_bounds_walk_without_dropping_its_own_writes,29,pass
tests/test_memory.py::TestPreDeltaBlobTerminator::test_seed_bounds_walk_without_dropping_its_own_writes,30,pass
tests/test_memory.py::TestPreDeltaBlobTerminator::test_seed_bounds_walk_without_dropping_its_own_writes,31,pass
tests/test_memory.py::TestPreDeltaBlobTerminator::test_seed_bounds_walk_without_dropping_its_own_writes,32,pass
tests/test_memory.py::TestPreDeltaBlobTerminator::test_seed_bounds_walk_without_dropping_its_own_writes,33,pass
tests/test_memory.py::TestPreDeltaBlobTerminator::test_seed_bounds_walk_without_dropping_its_own_writes,34,pass
tests/test_memory.py::TestPreDeltaBlobTerminator::test_seed_bounds_walk_without_dropping_its_own_writes,35,pass
tests/test_memory.py::TestPreDeltaBlobTerminator::test_seed_bounds_walk_without_dropping_its_own_writes,36,pass
tests/test_memory.py::TestPreDeltaBlobTerminator::test_seed_bounds_walk_without_dropping_its_own_writes,37,pass
tests/test_memory.py::TestPreDeltaBlobTerminator::test_seed_bounds_walk_without_dropping_its_own_writes,38,pass
tests/test_memory.py::TestPreDeltaBlobTerminator::test_seed_bounds_walk_without_dropping_its_own_writes,39,pass
tests/test_memory.py::TestPreDeltaBlobTerminator::test_seed_bounds_walk_without_dropping_its_own_writes,40,pass
tests/test_memory.py::TestPreDeltaBlobTerminator::test_seed_bounds_walk_without_dropping_its_own_writes,41,pass
tests/test_memory.py::TestPreDeltaBlobTerminator::test_seed_bounds_walk_without_dropping_its_own_writes,42,pass
tests/test_memory.py::TestPreDeltaBlobTerminator::test_seed_bounds_walk_without_dropping_its_own_writes,43,pass
tests/test_memory.py::TestPreDeltaBlobTerminator::test_seed_bounds_walk_without_dropping_its_own_writes,44,pass
tests/test_memory.py::TestPreDeltaBlobTerminator::test_seed_bounds_walk_without_dropping_its_own_writes,45,pass
tests/test_memory.py::TestPreDeltaBlobTerminator::test_seed_bounds_walk_without_dropping_its_own_writes,46,pass
tests/test_memory.py::TestPreDeltaBlobTerminator::test_seed_bounds_walk_without_dropping_its_own_writes,47,pass
tests/test_memory.py::TestPreDeltaBlobTerminator::test_seed_bounds_walk_without_dropping_its_own_writes,48,pass
tests/test_memory.py::TestPreDeltaBlobTerminator::test_seed_bounds_walk_without_dropping_its_own_writes,49,pass
tests/test_memory.py::TestPreDeltaBlobTerminator::test_seed_bounds_walk_without_dropping_its_own_writes,50,pass
tests/test_memory.py::TestPreDeltaBlobTerminator::test_seed_from_pre_delta_ancestor_blob,1,pass
tests/test_memory.py::TestPreDeltaBlobTerminator::test_seed_from_pre_delta_ancestor_blob,2,pass
tests/test_memory.py::TestPreDeltaBlobTerminator::test_seed_from_pre_delta_ancestor_blob,3,pass
tests/test_memory.py::TestPreDeltaBlobTerminator::test_seed_from_pre_delta_ancestor_blob,4,pass
tests/test_memory.py::TestPreDeltaBlobTerminator::test_seed_from_pre_delta_ancestor_blob,5,pass
tests/test_memory.py::TestPreDeltaBlobTerminator::test_seed_from_pre_delta_ancestor_blob,6,pass
tests/test_memory.py::TestPreDeltaBlobTerminator::test_seed_from_pre_delta_ancestor_blob,7,pass
tests/test_memory.py::TestPreDeltaBlobTerminator::test_seed_from_pre_delta_ancestor_blob,8,pass
tests/test_memory.py::TestPreDeltaBlobTerminator::test_seed_from_pre_delta_ancestor_blob,9,pass
tests/test_memory.py::TestPreDeltaBlobTerminator::test_seed_from_pre_delta_ancestor_blob,10,pass
tests/test_memory.py::TestPreDeltaBlobTerminator::test_seed_from_pre_delta_ancestor_blob,11,pass
tests/test_memory.py::TestPreDeltaBlobTerminator::test_seed_from_pre_delta_ancestor_blob,12,pass
tests/test_memory.py::TestPreDeltaBlobTerminator::test_seed_from_pre_delta_ancestor_blob,13,pass
tests/test_memory.py::TestPreDeltaBlobTerminator::test_seed_from_pre_delta_ancestor_blob,14,pass
tests/test_memory.py::TestPreDeltaBlobTerminator::test_seed_from_pre_delta_ancestor_blob,15,pass
tests/test_memory.py::TestPreDeltaBlobTerminator::test_seed_from_pre_delta_ancestor_blob,16,pass
tests/test_memory.py::TestPreDeltaBlobTerminator::test_seed_from_pre_delta_ancestor_blob,17,pass
tests/test_memory.py::TestPreDeltaBlobTerminator::test_seed_from_pre_delta_ancestor_blob,18,pass
tests/test_memory.py::TestPreDeltaBlobTerminator::test_seed_from_pre_delta_ancestor_blob,19,pass
tests/test_memory.py::TestPreDeltaBlobTerminator::test_seed_from_pre_delta_ancestor_blob,20,pass
tests/test_memory.py::TestPreDeltaBlobTerminator::test_seed_from_pre_delta_ancestor_blob,21,pass
tests/test_memory.py::TestPreDeltaBlobTerminator::test_seed_from_pre_delta_ancestor_blob,22,pass
tests/test_memory.py::TestPreDeltaBlobTerminator::test_seed_from_pre_delta_ancestor_blob,23,pass
tests/test_memory.py::TestPreDeltaBlobTerminator::test_seed_from_pre_delta_ancestor_blob,24,pass
tests/test_memory.py::TestPreDeltaBlobTerminator::test_seed_from_pre_delta_ancestor_blob,25,pass
tests/test_memory.py::TestPreDeltaBlobTerminator::test_seed_from_pre_delta_ancestor_blob,26,pass
tests/test_memory.py::TestPreDeltaBlobTerminator::test_seed_from_pre_delta_ancestor_blob,27,pass
tests/test_memory.py::TestPreDeltaBlobTerminator::test_seed_from_pre_delta_ancestor_blob,28,pass
tests/test_memory.py::TestPreDeltaBlobTerminator::test_seed_from_pre_delta_ancestor_blob,29,pass
tests/test_memory.py::TestPreDeltaBlobTerminator::test_seed_from_pre_delta_ancestor_blob,30,pass
tests/test_memory.py::TestPreDeltaBlobTerminator::test_seed_from_pre_delta_ancestor_blob,31,pass
tests/test_memory.py::TestPreDeltaBlobTerminator::test_seed_from_pre_delta_ancestor_blob,32,pass
tests/test_memory.py::TestPreDeltaBlobTerminator::test_seed_from_pre_delta_ancestor_blob,33,pass
tests/test_memory.py::TestPreDeltaBlobTerminator::test_seed_from_pre_delta_ancestor_blob,34,pass
tests/test_memory.py::TestPreDeltaBlobTerminator::test_seed_from_pre_delta_ancestor_blob,35,pass
tests/test_memory.py::TestPreDeltaBlobTerminator::test_seed_from_pre_delta_ancestor_blob,36,pass
tests/test_memory.py::TestPreDeltaBlobTerminator::test_seed_from_pre_delta_ancestor_blob,37,pass
tests/test_memory.py::TestPreDeltaBlobTerminator::test_seed_from_pre_delta_ancestor_blob,38,pass
tests/test_memory.py::TestPreDeltaBlobTerminator::test_seed_from_pre_delta_ancestor_blob,39,pass
tests/test_memory.py::TestPreDeltaBlobTerminator::test_seed_from_pre_delta_ancestor_blob,40,pass
tests/test_memory.py::TestPreDeltaBlobTerminator::test_seed_from_pre_delta_ancestor_blob,41,pass
tests/test_memory.py::TestPreDeltaBlobTerminator::test_seed_from_pre_delta_ancestor_blob,42,pass
tests/test_memory.py::TestPreDeltaBlobTerminator::test_seed_from_pre_delta_ancestor_blob,43,pass
tests/test_memory.py::TestPreDeltaBlobTerminator::test_seed_from_pre_delta_ancestor_blob,44,pass
tests/test_memory.py::TestPreDeltaBlobTerminator::test_seed_from_pre_delta_ancestor_blob,45,pass
tests/test_memory.py::TestPreDeltaBlobTerminator::test_seed_from_pre_delta_ancestor_blob,46,pass
tests/test_memory.py::TestPreDeltaBlobTerminator::test_seed_from_pre_delta_ancestor_blob,47,pass
tests/test_memory.py::TestPreDeltaBlobTerminator::test_seed_from_pre_delta_ancestor_blob,48,pass
tests/test_memory.py::TestPreDeltaBlobTerminator::test_seed_from_pre_delta_ancestor_blob,49,pass
tests/test_memory.py::TestPreDeltaBlobTerminator::test_seed_from_pre_delta_ancestor_blob,50,pass
tests/test_memory.py::test_memory_saver,1,pass
tests/test_memory.py::test_memory_saver,2,pass
tests/test_memory.py::test_memory_saver,3,pass
tests/test_memory.py::test_memory_saver,4,pass
tests/test_memory.py::test_memory_saver,5,pass
tests/test_memory.py::test_memory_saver,6,pass
tests/test_memory.py::test_memory_saver,7,pass
tests/test_memory.py::test_memory_saver,8,pass
tests/test_memory.py::test_memory_saver,9,pass
tests/test_memory.py::test_memory_saver,10,pass
tests/test_memory.py::test_memory_saver,11,pass
tests/test_memory.py::test_memory_saver,12,pass
tests/test_memory.py::test_memory_saver,13,pass
tests/test_memory.py::test_memory_saver,14,pass
tests/test_memory.py::test_memory_saver,15,pass
tests/test_memory.py::test_memory_saver,16,pass
tests/test_memory.py::test_memory_saver,17,pass
tests/test_memory.py::test_memory_saver,18,pass
tests/test_memory.py::test_memory_saver,19,pass
tests/test_memory.py::test_memory_saver,20,pass
tests/test_memory.py::test_memory_saver,21,pass
tests/test_memory.py::test_memory_saver,22,pass
tests/test_memory.py::test_memory_saver,23,pass
tests/test_memory.py::test_memory_saver,24,pass
tests/test_memory.py::test_memory_saver,25,pass
tests/test_memory.py::test_memory_saver,26,pass
tests/test_memory.py::test_memory_saver,27,pass
tests/test_memory.py::test_memory_saver,28,pass
tests/test_memory.py::test_memory_saver,29,pass
tests/test_memory.py::test_memory_saver,30,pass
tests/test_memory.py::test_memory_saver,31,pass
tests/test_memory.py::test_memory_saver,32,pass
tests/test_memory.py::test_memory_saver,33,pass
tests/test_memory.py::test_memory_saver,34,pass
tests/test_memory.py::test_memory_saver,35,pass
tests/test_memory.py::test_memory_saver,36,pass
tests/test_memory.py::test_memory_saver,37,pass
tests/test_memory.py::test_memory_saver,38,pass
tests/test_memory.py::test_memory_saver,39,pass
tests/test_memory.py::test_memory_saver,40,pass
tests/test_memory.py::test_memory_saver,41,pass
tests/test_memory.py::test_memory_saver,42,pass
tests/test_memory.py::test_memory_saver,43,pass
tests/test_memory.py::test_memory_saver,44,pass
tests/test_memory.py::test_memory_saver,45,pass
tests/test_memory.py::test_memory_saver,46,pass
tests/test_memory.py::test_memory_saver,47,pass
tests/test_memory.py::test_memory_saver,48,pass
tests/test_memory.py::test_memory_saver,49,pass
tests/test_memory.py::test_memory_saver,50,pass
tests/test_memory.py::test_memory_saver_allowlist_silences_warning,1,pass
tests/test_memory.py::test_memory_saver_allowlist_silences_warning,2,pass
tests/test_memory.py::test_memory_saver_allowlist_silences_warning,3,pass
tests/test_memory.py::test_memory_saver_allowlist_silences_warning,4,pass
tests/test_memory.py::test_memory_saver_allowlist_silences_warning,5,pass
tests/test_memory.py::test_memory_saver_allowlist_silences_warning,6,pass
tests/test_memory.py::test_memory_saver_allowlist_silences_warning,7,pass
tests/test_memory.py::test_memory_saver_allowlist_silences_warning,8,pass
tests/test_memory.py::test_memory_saver_allowlist_silences_warning,9,pass
tests/test_memory.py::test_memory_saver_allowlist_silences_warning,10,pass
tests/test_memory.py::test_memory_saver_allowlist_silences_warning,11,pass
tests/test_memory.py::test_memory_saver_allowlist_silences_warning,12,pass
tests/test_memory.py::test_memory_saver_allowlist_silences_warning,13,pass
tests/test_memory.py::test_memory_saver_allowlist_silences_warning,14,pass
tests/test_memory.py::test_memory_saver_allowlist_silences_warning,15,pass
tests/test_memory.py::test_memory_saver_allowlist_silences_warning,16,pass
tests/test_memory.py::test_memory_saver_allowlist_silences_warning,17,pass
tests/test_memory.py::test_memory_saver_allowlist_silences_warning,18,pass
tests/test_memory.py::test_memory_saver_allowlist_silences_warning,19,pass
tests/test_memory.py::test_memory_saver_allowlist_silences_warning,20,pass
tests/test_memory.py::test_memory_saver_allowlist_silences_warning,21,pass
tests/test_memory.py::test_memory_saver_allowlist_silences_warning,22,pass
tests/test_memory.py::test_memory_saver_allowlist_silences_warning,23,pass
tests/test_memory.py::test_memory_saver_allowlist_silences_warning,24,pass
tests/test_memory.py::test_memory_saver_allowlist_silences_warning,25,pass
tests/test_memory.py::test_memory_saver_allowlist_silences_warning,26,pass
tests/test_memory.py::test_memory_saver_allowlist_silences_warning,27,pass
tests/test_memory.py::test_memory_saver_allowlist_silences_warning,28,pass
tests/test_memory.py::test_memory_saver_allowlist_silences_warning,29,pass
tests/test_memory.py::test_memory_saver_allowlist_silences_warning,30,pass
tests/test_memory.py::test_memory_saver_allowlist_silences_warning,31,pass
tests/test_memory.py::test_memory_saver_allowlist_silences_warning,32,pass
tests/test_memory.py::test_memory_saver_allowlist_silences_warning,33,pass
tests/test_memory.py::test_memory_saver_allowlist_silences_warning,34,pass
tests/test_memory.py::test_memory_saver_allowlist_silences_warning,35,pass
tests/test_memory.py::test_memory_saver_allowlist_silences_warning,36,pass
tests/test_memory.py::test_memory_saver_allowlist_silences_warning,37,pass
tests/test_memory.py::test_memory_saver_allowlist_silences_warning,38,pass
tests/test_memory.py::test_memory_saver_allowlist_silences_warning,39,pass
tests/test_memory.py::test_memory_saver_allowlist_silences_warning,40,pass
tests/test_memory.py::test_memory_saver_allowlist_silences_warning,41,pass
tests/test_memory.py::test_memory_saver_allowlist_silences_warning,42,pass
tests/test_memory.py::test_memory_saver_allowlist_silences_warning,43,pass
tests/test_memory.py::test_memory_saver_allowlist_silences_warning,44,pass
tests/test_memory.py::test_memory_saver_allowlist_silences_warning,45,pass
tests/test_memory.py::test_memory_saver_allowlist_silences_warning,46,pass
tests/test_memory.py::test_memory_saver_allowlist_silences_warning,47,pass
tests/test_memory.py::test_memory_saver_allowlist_silences_warning,48,pass
tests/test_memory.py::test_memory_saver_allowlist_silences_warning,49,pass
tests/test_memory.py::test_memory_saver_allowlist_silences_warning,50,pass
tests/test_memory.py::test_memory_saver_strict_blocks_unregistered,1,pass
tests/test_memory.py::test_memory_saver_strict_blocks_unregistered,2,pass
tests/test_memory.py::test_memory_saver_strict_blocks_unregistered,3,pass
tests/test_memory.py::test_memory_saver_strict_blocks_unregistered,4,pass
tests/test_memory.py::test_memory_saver_strict_blocks_unregistered,5,pass
tests/test_memory.py::test_memory_saver_strict_blocks_unregistered,6,pass
tests/test_memory.py::test_memory_saver_strict_blocks_unregistered,7,pass
tests/test_memory.py::test_memory_saver_strict_blocks_unregistered,8,pass
tests/test_memory.py::test_memory_saver_strict_blocks_unregistered,9,pass
tests/test_memory.py::test_memory_saver_strict_blocks_unregistered,10,pass
tests/test_memory.py::test_memory_saver_strict_blocks_unregistered,11,pass
tests/test_memory.py::test_memory_saver_strict_blocks_unregistered,12,pass
tests/test_memory.py::test_memory_saver_strict_blocks_unregistered,13,pass
tests/test_memory.py::test_memory_saver_strict_blocks_unregistered,14,pass
tests/test_memory.py::test_memory_saver_strict_blocks_unregistered,15,pass
tests/test_memory.py::test_memory_saver_strict_blocks_unregistered,16,pass
tests/test_memory.py::test_memory_saver_strict_blocks_unregistered,17,pass
tests/test_memory.py::test_memory_saver_strict_blocks_unregistered,18,pass
tests/test_memory.py::test_memory_saver_strict_blocks_unregistered,19,pass
tests/test_memory.py::test_memory_saver_strict_blocks_unregistered,20,pass
tests/test_memory.py::test_memory_saver_strict_blocks_unregistered,21,pass
tests/test_memory.py::test_memory_saver_strict_blocks_unregistered,22,pass
tests/test_memory.py::test_memory_saver_strict_blocks_unregistered,23,pass
tests/test_memory.py::test_memory_saver_strict_blocks_unregistered,24,pass
tests/test_memory.py::test_memory_saver_strict_blocks_unregistered,25,pass
tests/test_memory.py::test_memory_saver_strict_blocks_unregistered,26,pass
tests/test_memory.py::test_memory_saver_strict_blocks_unregistered,27,pass
tests/test_memory.py::test_memory_saver_strict_blocks_unregistered,28,pass
tests/test_memory.py::test_memory_saver_strict_blocks_unregistered,29,pass
tests/test_memory.py::test_memory_saver_strict_blocks_unregistered,30,pass
tests/test_memory.py::test_memory_saver_strict_blocks_unregistered,31,pass
tests/test_memory.py::test_memory_saver_strict_blocks_unregistered,32,pass
tests/test_memory.py::test_memory_saver_strict_blocks_unregistered,33,pass
tests/test_memory.py::test_memory_saver_strict_blocks_unregistered,34,pass
tests/test_memory.py::test_memory_saver_strict_blocks_unregistered,35,pass
tests/test_memory.py::test_memory_saver_strict_blocks_unregistered,36,pass
tests/test_memory.py::test_memory_saver_strict_blocks_unregistered,37,pass
tests/test_memory.py::test_memory_saver_strict_blocks_unregistered,38,pass
tests/test_memory.py::test_memory_saver_strict_blocks_unregistered,39,pass
tests/test_memory.py::test_memory_saver_strict_blocks_unregistered,40,pass
tests/test_memory.py::test_memory_saver_strict_blocks_unregistered,41,pass
tests/test_memory.py::test_memory_saver_strict_blocks_unregistered,42,pass
tests/test_memory.py::test_memory_saver_strict_blocks_unregistered,43,pass
tests/test_memory.py::test_memory_saver_strict_blocks_unregistered,44,pass
tests/test_memory.py::test_memory_saver_strict_blocks_unregistered,45,pass
tests/test_memory.py::test_memory_saver_strict_blocks_unregistered,46,pass
tests/test_memory.py::test_memory_saver_strict_blocks_unregistered,47,pass
tests/test_memory.py::test_memory_saver_strict_blocks_unregistered,48,pass
tests/test_memory.py::test_memory_saver_strict_blocks_unregistered,49,pass
tests/test_memory.py::test_memory_saver_strict_blocks_unregistered,50,pass
tests/test_memory.py::test_memory_saver_warns_on_unregistered_msgpack,1,pass
tests/test_memory.py::test_memory_saver_warns_on_unregistered_msgpack,2,pass
tests/test_memory.py::test_memory_saver_warns_on_unregistered_msgpack,3,pass
tests/test_memory.py::test_memory_saver_warns_on_unregistered_msgpack,4,pass
tests/test_memory.py::test_memory_saver_warns_on_unregistered_msgpack,5,pass
tests/test_memory.py::test_memory_saver_warns_on_unregistered_msgpack,6,pass
tests/test_memory.py::test_memory_saver_warns_on_unregistered_msgpack,7,pass
tests/test_memory.py::test_memory_saver_warns_on_unregistered_msgpack,8,pass
tests/test_memory.py::test_memory_saver_warns_on_unregistered_msgpack,9,pass
tests/test_memory.py::test_memory_saver_warns_on_unregistered_msgpack,10,pass
tests/test_memory.py::test_memory_saver_warns_on_unregistered_msgpack,11,pass
tests/test_memory.py::test_memory_saver_warns_on_unregistered_msgpack,12,pass
tests/test_memory.py::test_memory_saver_warns_on_unregistered_msgpack,13,pass
tests/test_memory.py::test_memory_saver_warns_on_unregistered_msgpack,14,pass
tests/test_memory.py::test_memory_saver_warns_on_unregistered_msgpack,15,pass
tests/test_memory.py::test_memory_saver_warns_on_unregistered_msgpack,16,pass
tests/test_memory.py::test_memory_saver_warns_on_unregistered_msgpack,17,pass
tests/test_memory.py::test_memory_saver_warns_on_unregistered_msgpack,18,pass
tests/test_memory.py::test_memory_saver_warns_on_unregistered_msgpack,19,pass
tests/test_memory.py::test_memory_saver_warns_on_unregistered_msgpack,20,pass
tests/test_memory.py::test_memory_saver_warns_on_unregistered_msgpack,21,pass
tests/test_memory.py::test_memory_saver_warns_on_unregistered_msgpack,22,pass
tests/test_memory.py::test_memory_saver_warns_on_unregistered_msgpack,23,pass
tests/test_memory.py::test_memory_saver_warns_on_unregistered_msgpack,24,pass
tests/test_memory.py::test_memory_saver_warns_on_unregistered_msgpack,25,pass
tests/test_memory.py::test_memory_saver_warns_on_unregistered_msgpack,26,pass
tests/test_memory.py::test_memory_saver_warns_on_unregistered_msgpack,27,pass
tests/test_memory.py::test_memory_saver_warns_on_unregistered_msgpack,28,pass
tests/test_memory.py::test_memory_saver_warns_on_unregistered_msgpack,29,pass
tests/test_memory.py::test_memory_saver_warns_on_unregistered_msgpack,30,pass
tests/test_memory.py::test_memory_saver_warns_on_unregistered_msgpack,31,pass
tests/test_memory.py::test_memory_saver_warns_on_unregistered_msgpack,32,pass
tests/test_memory.py::test_memory_saver_warns_on_unregistered_msgpack,33,pass
tests/test_memory.py::test_memory_saver_warns_on_unregistered_msgpack,34,pass
tests/test_memory.py::test_memory_saver_warns_on_unregistered_msgpack,35,pass
tests/test_memory.py::test_memory_saver_warns_on_unregistered_msgpack,36,pass
tests/test_memory.py::test_memory_saver_warns_on_unregistered_msgpack,37,pass
tests/test_memory.py::test_memory_saver_warns_on_unregistered_msgpack,38,pass
tests/test_memory.py::test_memory_saver_warns_on_unregistered_msgpack,39,pass
tests/test_memory.py::test_memory_saver_warns_on_unregistered_msgpack,40,pass
tests/test_memory.py::test_memory_saver_warns_on_unregistered_msgpack,41,pass
tests/test_memory.py::test_memory_saver_warns_on_unregistered_msgpack,42,pass
tests/test_memory.py::test_memory_saver_warns_on_unregistered_msgpack,43,pass
tests/test_memory.py::test_memory_saver_warns_on_unregistered_msgpack,44,pass
tests/test_memory.py::test_memory_saver_warns_on_unregistered_msgpack,45,pass
tests/test_memory.py::test_memory_saver_warns_on_unregistered_msgpack,46,pass
tests/test_memory.py::test_memory_saver_warns_on_unregistered_msgpack,47,pass
tests/test_memory.py::test_memory_saver_warns_on_unregistered_msgpack,48,pass
tests/test_memory.py::test_memory_saver_warns_on_unregistered_msgpack,49,pass
tests/test_memory.py::test_memory_saver_warns_on_unregistered_msgpack,50,pass
tests/test_memory.py::test_memory_saver_with_allowlist_proxy_isolated,1,pass
tests/test_memory.py::test_memory_saver_with_allowlist_proxy_isolated,2,pass
tests/test_memory.py::test_memory_saver_with_allowlist_proxy_isolated,3,pass
tests/test_memory.py::test_memory_saver_with_allowlist_proxy_isolated,4,pass
tests/test_memory.py::test_memory_saver_with_allowlist_proxy_isolated,5,pass
tests/test_memory.py::test_memory_saver_with_allowlist_proxy_isolated,6,pass
tests/test_memory.py::test_memory_saver_with_allowlist_proxy_isolated,7,pass
tests/test_memory.py::test_memory_saver_with_allowlist_proxy_isolated,8,pass
tests/test_memory.py::test_memory_saver_with_allowlist_proxy_isolated,9,pass
tests/test_memory.py::test_memory_saver_with_allowlist_proxy_isolated,10,pass
tests/test_memory.py::test_memory_saver_with_allowlist_proxy_isolated,11,pass
tests/test_memory.py::test_memory_saver_with_allowlist_proxy_isolated,12,pass
tests/test_memory.py::test_memory_saver_with_allowlist_proxy_isolated,13,pass
tests/test_memory.py::test_memory_saver_with_allowlist_proxy_isolated,14,pass
tests/test_memory.py::test_memory_saver_with_allowlist_proxy_isolated,15,pass
tests/test_memory.py::test_memory_saver_with_allowlist_proxy_isolated,16,pass
tests/test_memory.py::test_memory_saver_with_allowlist_proxy_isolated,17,pass
tests/test_memory.py::test_memory_saver_with_allowlist_proxy_isolated,18,pass
tests/test_memory.py::test_memory_saver_with_allowlist_proxy_isolated,19,pass
tests/test_memory.py::test_memory_saver_with_allowlist_proxy_isolated,20,pass
tests/test_memory.py::test_memory_saver_with_allowlist_proxy_isolated,21,pass
tests/test_memory.py::test_memory_saver_with_allowlist_proxy_isolated,22,pass
tests/test_memory.py::test_memory_saver_with_allowlist_proxy_isolated,23,pass
tests/test_memory.py::test_memory_saver_with_allowlist_proxy_isolated,24,pass
tests/test_memory.py::test_memory_saver_with_allowlist_proxy_isolated,25,pass
tests/test_memory.py::test_memory_saver_with_allowlist_proxy_isolated,26,pass
tests/test_memory.py::test_memory_saver_with_allowlist_proxy_isolated,27,pass
tests/test_memory.py::test_memory_saver_with_allowlist_proxy_isolated,28,pass
tests/test_memory.py::test_memory_saver_with_allowlist_proxy_isolated,29,pass
tests/test_memory.py::test_memory_saver_with_allowlist_proxy_isolated,30,pass
tests/test_memory.py::test_memory_saver_with_allowlist_proxy_isolated,31,pass
tests/test_memory.py::test_memory_saver_with_allowlist_proxy_isolated,32,pass
tests/test_memory.py::test_memory_saver_with_allowlist_proxy_isolated,33,pass
tests/test_memory.py::test_memory_saver_with_allowlist_proxy_isolated,34,pass
tests/test_memory.py::test_memory_saver_with_allowlist_proxy_isolated,35,pass
tests/test_memory.py::test_memory_saver_with_allowlist_proxy_isolated,36,pass
tests/test_memory.py::test_memory_saver_with_allowlist_proxy_isolated,37,pass
tests/test_memory.py::test_memory_saver_with_allowlist_proxy_isolated,38,pass
tests/test_memory.py::test_memory_saver_with_allowlist_proxy_isolated,39,pass
tests/test_memory.py::test_memory_saver_with_allowlist_proxy_isolated,40,pass
tests/test_memory.py::test_memory_saver_with_allowlist_proxy_isolated,41,pass
tests/test_memory.py::test_memory_saver_with_allowlist_proxy_isolated,42,pass
tests/test_memory.py::test_memory_saver_with_allowlist_proxy_isolated,43,pass
tests/test_memory.py::test_memory_saver_with_allowlist_proxy_isolated,44,pass
tests/test_memory.py::test_memory_saver_with_allowlist_proxy_isolated,45,pass
tests/test_memory.py::test_memory_saver_with_allowlist_proxy_isolated,46,pass
tests/test_memory.py::test_memory_saver_with_allowlist_proxy_isolated,47,pass
tests/test_memory.py::test_memory_saver_with_allowlist_proxy_isolated,48,pass
tests/test_memory.py::test_memory_saver_with_allowlist_proxy_isolated,49,pass
tests/test_memory.py::test_memory_saver_with_allowlist_proxy_isolated,50,pass
