test_id,pass,fail,missing,total,verdict
tests/test_checkpoint_migration.py::test_latest_checkpoint_state_graph_async[memory],50,0,0,50,NOT_FLAKY
tests/test_checkpoint_migration.py::test_latest_checkpoint_state_graph_async[sqlite_aio],50,0,0,50,NOT_FLAKY
tests/test_checkpoint_migration.py::test_saved_checkpoint_state_graph_async[memory-2-quadratic],50,0,0,50,NOT_FLAKY
tests/test_checkpoint_migration.py::test_saved_checkpoint_state_graph_async[memory-2-start:*],50,0,0,50,NOT_FLAKY
tests/test_checkpoint_migration.py::test_saved_checkpoint_state_graph_async[memory-3],50,0,0,50,NOT_FLAKY
tests/test_checkpoint_migration.py::test_saved_checkpoint_state_graph_async[sqlite_aio-2-quadratic],50,0,0,50,NOT_FLAKY
tests/test_checkpoint_migration.py::test_saved_checkpoint_state_graph_async[sqlite_aio-2-start:*],50,0,0,50,NOT_FLAKY
tests/test_checkpoint_migration.py::test_saved_checkpoint_state_graph_async[sqlite_aio-3],50,0,0,50,NOT_FLAKY
tests/test_config_async.py::test_new_async_manager_includes_tags,50,0,0,50,NOT_FLAKY
tests/test_config_async.py::test_new_async_manager_merges_tags_with_config,50,0,0,50,NOT_FLAKY
tests/test_config_async.py::test_with_config_callbacks_preserved_in_astream_events,50,0,0,50,NOT_FLAKY
tests/test_config_async.py::test_with_config_configurable_preserved_on_invoke,50,0,0,50,NOT_FLAKY
tests/test_config_async.py::test_with_config_metadata_preserved_on_invoke,50,0,0,50,NOT_FLAKY
tests/test_config_async.py::test_with_config_tags_preserved_on_invoke,50,0,0,50,NOT_FLAKY
tests/test_delta_channel_id_stability.py::test_delta_channel_message_gets_id_and_stays_stable_async,50,0,0,50,NOT_FLAKY
tests/test_delta_channel_migration.py::test_add_messages_to_delta_migration_preserves_message_history_async,50,0,0,50,NOT_FLAKY
tests/test_delta_channel_migration.py::test_basic_migration_preserves_pre_migration_state_async,50,0,0,50,NOT_FLAKY
tests/test_delta_channel_migration.py::test_first_post_migration_write_survives_cold_read_async,50,0,0,50,NOT_FLAKY
tests/test_delta_channel_migration.py::test_tip_of_pre_migration_hydrates_directly_async,50,0,0,50,NOT_FLAKY
tests/test_graph_callbacks.py::test_graph_callbacks_continue_when_handler_raises_async,50,0,0,50,NOT_FLAKY
tests/test_graph_callbacks.py::test_graph_callbacks_interrupt_and_resume_async,50,0,0,50,NOT_FLAKY
tests/test_graph_callbacks.py::test_graph_callbacks_raise_error_propagates_async,50,0,0,50,NOT_FLAKY
tests/test_graph_callbacks.py::test_non_graph_handler_does_not_receive_lifecycle_events_async,50,0,0,50,NOT_FLAKY
tests/test_interruption.py::test_interruption_without_state_updates[memory-async],50,0,0,50,NOT_FLAKY
tests/test_interruption.py::test_interruption_without_state_updates[sqlite-async],50,0,0,50,NOT_FLAKY
tests/test_interruption.py::test_interruption_without_state_updates[sqlite_aes-async],50,0,0,50,NOT_FLAKY
tests/test_interruption.py::test_interruption_without_state_updates_async[memory-async],50,0,0,50,NOT_FLAKY
tests/test_interruption.py::test_interruption_without_state_updates_async[memory-exit],50,0,0,50,NOT_FLAKY
tests/test_interruption.py::test_interruption_without_state_updates_async[memory-sync],50,0,0,50,NOT_FLAKY
tests/test_interruption.py::test_interruption_without_state_updates_async[sqlite_aio-async],50,0,0,50,NOT_FLAKY
tests/test_interruption.py::test_interruption_without_state_updates_async[sqlite_aio-exit],50,0,0,50,NOT_FLAKY
tests/test_interruption.py::test_interruption_without_state_updates_async[sqlite_aio-sync],50,0,0,50,NOT_FLAKY
tests/test_large_cases.py::test_send_dedupe_on_resume[memory-async],50,0,0,50,NOT_FLAKY
tests/test_large_cases.py::test_send_dedupe_on_resume[sqlite-async],50,0,0,50,NOT_FLAKY
tests/test_large_cases.py::test_send_dedupe_on_resume[sqlite_aes-async],50,0,0,50,NOT_FLAKY
tests/test_large_cases_async.py::test_conditional_graph_state[memory],50,0,0,50,NOT_FLAKY
tests/test_large_cases_async.py::test_conditional_graph_state[sqlite_aio],50,0,0,50,NOT_FLAKY
tests/test_large_cases_async.py::test_doubly_nested_graph_state[memory],50,0,0,50,NOT_FLAKY
tests/test_large_cases_async.py::test_doubly_nested_graph_state[sqlite_aio],50,0,0,50,NOT_FLAKY
tests/test_large_cases_async.py::test_fork_always_re_runs_nodes[memory],50,0,0,50,NOT_FLAKY
tests/test_large_cases_async.py::test_fork_always_re_runs_nodes[sqlite_aio],50,0,0,50,NOT_FLAKY
tests/test_large_cases_async.py::test_in_one_fan_out_out_one_graph_state,50,0,0,50,NOT_FLAKY
tests/test_large_cases_async.py::test_invoke_two_processes_in_out_interrupt[memory],50,0,0,50,NOT_FLAKY
tests/test_large_cases_async.py::test_invoke_two_processes_in_out_interrupt[sqlite_aio],50,0,0,50,NOT_FLAKY
tests/test_large_cases_async.py::test_message_graph[memory],50,0,0,50,NOT_FLAKY
tests/test_large_cases_async.py::test_message_graph[sqlite_aio],50,0,0,50,NOT_FLAKY
tests/test_large_cases_async.py::test_nested_graph_state[memory],50,0,0,50,NOT_FLAKY
tests/test_large_cases_async.py::test_nested_graph_state[sqlite_aio],50,0,0,50,NOT_FLAKY
tests/test_large_cases_async.py::test_prebuilt_tool_chat,50,0,0,50,NOT_FLAKY
tests/test_large_cases_async.py::test_send_to_nested_graphs[memory],50,0,0,50,NOT_FLAKY
tests/test_large_cases_async.py::test_send_to_nested_graphs[sqlite_aio],50,0,0,50,NOT_FLAKY
tests/test_large_cases_async.py::test_state_graph_packets[memory],50,0,0,50,NOT_FLAKY
tests/test_large_cases_async.py::test_state_graph_packets[sqlite_aio],50,0,0,50,NOT_FLAKY
tests/test_large_cases_async.py::test_weather_subgraph[memory],50,0,0,50,NOT_FLAKY
tests/test_large_cases_async.py::test_weather_subgraph[sqlite_aio],50,0,0,50,NOT_FLAKY
tests/test_parent_command_async.py::test_parent_command_from_nested_subgraph,50,0,0,50,NOT_FLAKY
tests/test_pregel.py::test_batch_update_as_input[memory-async],50,0,0,50,NOT_FLAKY
tests/test_pregel.py::test_batch_update_as_input[sqlite-async],50,0,0,50,NOT_FLAKY
tests/test_pregel.py::test_batch_update_as_input[sqlite_aes-async],50,0,0,50,NOT_FLAKY
tests/test_pregel.py::test_checkpoint_recovery[memory-async],50,0,0,50,NOT_FLAKY
tests/test_pregel.py::test_checkpoint_recovery[sqlite-async],50,0,0,50,NOT_FLAKY
tests/test_pregel.py::test_checkpoint_recovery[sqlite_aes-async],50,0,0,50,NOT_FLAKY
tests/test_pregel.py::test_debug_nested_subgraphs[memory-async],50,0,0,50,NOT_FLAKY
tests/test_pregel.py::test_debug_nested_subgraphs[sqlite-async],50,0,0,50,NOT_FLAKY
tests/test_pregel.py::test_debug_nested_subgraphs[sqlite_aes-async],50,0,0,50,NOT_FLAKY
tests/test_pregel.py::test_debug_subgraphs[memory-async],50,0,0,50,NOT_FLAKY
tests/test_pregel.py::test_debug_subgraphs[sqlite-async],50,0,0,50,NOT_FLAKY
tests/test_pregel.py::test_debug_subgraphs[sqlite_aes-async],50,0,0,50,NOT_FLAKY
tests/test_pregel.py::test_delta_channel_async_write_ordering,50,0,0,50,NOT_FLAKY
tests/test_pregel.py::test_doubly_nested_graph_interrupts[memory-async],50,0,0,50,NOT_FLAKY
tests/test_pregel.py::test_doubly_nested_graph_interrupts[sqlite-async],50,0,0,50,NOT_FLAKY
tests/test_pregel.py::test_doubly_nested_graph_interrupts[sqlite_aes-async],50,0,0,50,NOT_FLAKY
tests/test_pregel.py::test_imp_nested[memory-async],50,0,0,50,NOT_FLAKY
tests/test_pregel.py::test_imp_nested[sqlite-async],50,0,0,50,NOT_FLAKY
tests/test_pregel.py::test_imp_nested[sqlite_aes-async],50,0,0,50,NOT_FLAKY
tests/test_pregel.py::test_imp_stream_order[memory-async],50,0,0,50,NOT_FLAKY
tests/test_pregel.py::test_imp_stream_order[sqlite-async],50,0,0,50,NOT_FLAKY
tests/test_pregel.py::test_imp_stream_order[sqlite_aes-async],50,0,0,50,NOT_FLAKY
tests/test_pregel.py::test_imp_task[memory-async],50,0,0,50,NOT_FLAKY
tests/test_pregel.py::test_imp_task[sqlite-async],50,0,0,50,NOT_FLAKY
tests/test_pregel.py::test_imp_task[sqlite_aes-async],50,0,0,50,NOT_FLAKY
tests/test_pregel.py::test_nested_graph_interrupts_parallel[memory-async],50,0,0,50,NOT_FLAKY
tests/test_pregel.py::test_nested_graph_interrupts_parallel[sqlite-async],50,0,0,50,NOT_FLAKY
tests/test_pregel.py::test_nested_graph_interrupts_parallel[sqlite_aes-async],50,0,0,50,NOT_FLAKY
tests/test_pregel.py::test_pending_writes_resume[memory-async],50,0,0,50,NOT_FLAKY
tests/test_pregel.py::test_pending_writes_resume[sqlite-async],50,0,0,50,NOT_FLAKY
tests/test_pregel.py::test_pending_writes_resume[sqlite_aes-async],50,0,0,50,NOT_FLAKY
tests/test_pregel.py::test_subgraph_checkpoint_true[memory-async],50,0,0,50,NOT_FLAKY
tests/test_pregel.py::test_subgraph_checkpoint_true[sqlite-async],50,0,0,50,NOT_FLAKY
tests/test_pregel.py::test_subgraph_checkpoint_true[sqlite_aes-async],50,0,0,50,NOT_FLAKY
tests/test_pregel.py::test_subgraph_checkpoint_true_interrupt[memory-async],50,0,0,50,NOT_FLAKY
tests/test_pregel.py::test_subgraph_checkpoint_true_interrupt[sqlite-async],50,0,0,50,NOT_FLAKY
tests/test_pregel.py::test_subgraph_checkpoint_true_interrupt[sqlite_aes-async],50,0,0,50,NOT_FLAKY
tests/test_pregel.py::test_subgraph_durability_inherited[async],50,0,0,50,NOT_FLAKY
tests/test_pregel.py::test_update_as_input[memory-async],50,0,0,50,NOT_FLAKY
tests/test_pregel.py::test_update_as_input[sqlite-async],50,0,0,50,NOT_FLAKY
tests/test_pregel.py::test_update_as_input[sqlite_aes-async],50,0,0,50,NOT_FLAKY
tests/test_pregel_async.py::test_astream_waiter_cleanup_on_cancel,50,0,0,50,NOT_FLAKY
tests/test_pregel_async.py::test_async_entrypoint_without_checkpointer,50,0,0,50,NOT_FLAKY
tests/test_pregel_async.py::test_async_streaming_with_functional_api,50,0,0,50,NOT_FLAKY
tests/test_pregel_async.py::test_batch_many_processes_in_out,50,0,0,50,NOT_FLAKY
tests/test_pregel_async.py::test_batch_two_processes_in_out,50,0,0,50,NOT_FLAKY
tests/test_pregel_async.py::test_batch_update_as_input[memory-async],50,0,0,50,NOT_FLAKY
tests/test_pregel_async.py::test_batch_update_as_input[memory-exit],50,0,0,50,NOT_FLAKY
tests/test_pregel_async.py::test_batch_update_as_input[memory-sync],50,0,0,50,NOT_FLAKY
tests/test_pregel_async.py::test_batch_update_as_input[sqlite_aio-async],50,0,0,50,NOT_FLAKY
tests/test_pregel_async.py::test_batch_update_as_input[sqlite_aio-exit],50,0,0,50,NOT_FLAKY
tests/test_pregel_async.py::test_batch_update_as_input[sqlite_aio-sync],50,0,0,50,NOT_FLAKY
tests/test_pregel_async.py::test_bulk_state_updates[memory],50,0,0,50,NOT_FLAKY
tests/test_pregel_async.py::test_bulk_state_updates[sqlite_aio],50,0,0,50,NOT_FLAKY
tests/test_pregel_async.py::test_cancel_graph_astream[memory],50,0,0,50,NOT_FLAKY
tests/test_pregel_async.py::test_cancel_graph_astream[sqlite_aio],50,0,0,50,NOT_FLAKY
tests/test_pregel_async.py::test_cancel_graph_astream_events_v2[memory],50,0,0,50,NOT_FLAKY
tests/test_pregel_async.py::test_cancel_graph_astream_events_v2[sqlite_aio],50,0,0,50,NOT_FLAKY
tests/test_pregel_async.py::test_checkpoint_errors,50,0,0,50,NOT_FLAKY
tests/test_pregel_async.py::test_checkpoint_metadata[memory],50,0,0,50,NOT_FLAKY
tests/test_pregel_async.py::test_checkpoint_metadata[sqlite_aio],50,0,0,50,NOT_FLAKY
tests/test_pregel_async.py::test_checkpoint_put_after_cancellation,50,0,0,50,NOT_FLAKY
tests/test_pregel_async.py::test_checkpoint_put_after_cancellation_stream_anext,50,0,0,50,NOT_FLAKY
tests/test_pregel_async.py::test_checkpoint_put_after_cancellation_stream_events_anext,50,0,0,50,NOT_FLAKY
tests/test_pregel_async.py::test_checkpoint_recovery_async[memory-async],50,0,0,50,NOT_FLAKY
tests/test_pregel_async.py::test_checkpoint_recovery_async[memory-exit],50,0,0,50,NOT_FLAKY
tests/test_pregel_async.py::test_checkpoint_recovery_async[memory-sync],50,0,0,50,NOT_FLAKY
tests/test_pregel_async.py::test_checkpoint_recovery_async[sqlite_aio-async],50,0,0,50,NOT_FLAKY
tests/test_pregel_async.py::test_checkpoint_recovery_async[sqlite_aio-exit],50,0,0,50,NOT_FLAKY
tests/test_pregel_async.py::test_checkpoint_recovery_async[sqlite_aio-sync],50,0,0,50,NOT_FLAKY
tests/test_pregel_async.py::test_checkpointer_null_pending_writes,50,0,0,50,NOT_FLAKY
tests/test_pregel_async.py::test_command_goto_with_static_breakpoints[memory],50,0,0,50,NOT_FLAKY
tests/test_pregel_async.py::test_command_goto_with_static_breakpoints[sqlite_aio],50,0,0,50,NOT_FLAKY
tests/test_pregel_async.py::test_command_with_static_breakpoints[memory],50,0,0,50,NOT_FLAKY
tests/test_pregel_async.py::test_command_with_static_breakpoints[sqlite_aio],50,0,0,50,NOT_FLAKY
tests/test_pregel_async.py::test_concurrent_emit_sends,50,0,0,50,NOT_FLAKY
tests/test_pregel_async.py::test_concurrent_execution,50,0,0,50,NOT_FLAKY
tests/test_pregel_async.py::test_cond_edge_after_send,50,0,0,50,NOT_FLAKY
tests/test_pregel_async.py::test_conditional_entrypoint_graph_state,50,0,0,50,NOT_FLAKY
tests/test_pregel_async.py::test_configurable_propagates_to_stream_metadata,50,0,0,50,NOT_FLAKY
tests/test_pregel_async.py::test_debug_nested_subgraphs[memory-async],50,0,0,50,NOT_FLAKY
tests/test_pregel_async.py::test_debug_nested_subgraphs[memory-exit],50,0,0,50,NOT_FLAKY
tests/test_pregel_async.py::test_debug_nested_subgraphs[memory-sync],50,0,0,50,NOT_FLAKY
tests/test_pregel_async.py::test_debug_nested_subgraphs[sqlite_aio-async],50,0,0,50,NOT_FLAKY
tests/test_pregel_async.py::test_debug_nested_subgraphs[sqlite_aio-exit],50,0,0,50,NOT_FLAKY
tests/test_pregel_async.py::test_debug_nested_subgraphs[sqlite_aio-sync],50,0,0,50,NOT_FLAKY
tests/test_pregel_async.py::test_debug_retry[memory],50,0,0,50,NOT_FLAKY
tests/test_pregel_async.py::test_debug_retry[sqlite_aio],50,0,0,50,NOT_FLAKY
tests/test_pregel_async.py::test_debug_subgraphs[memory-async],50,0,0,50,NOT_FLAKY
tests/test_pregel_async.py::test_debug_subgraphs[memory-exit],50,0,0,50,NOT_FLAKY
tests/test_pregel_async.py::test_debug_subgraphs[memory-sync],50,0,0,50,NOT_FLAKY
tests/test_pregel_async.py::test_debug_subgraphs[sqlite_aio-async],50,0,0,50,NOT_FLAKY
tests/test_pregel_async.py::test_debug_subgraphs[sqlite_aio-exit],50,0,0,50,NOT_FLAKY
tests/test_pregel_async.py::test_debug_subgraphs[sqlite_aio-sync],50,0,0,50,NOT_FLAKY
tests/test_pregel_async.py::test_delta_channel_durability_exit_stores_snapshot_async,50,0,0,50,NOT_FLAKY
tests/test_pregel_async.py::test_double_interrupt_subgraph[memory],50,0,0,50,NOT_FLAKY
tests/test_pregel_async.py::test_double_interrupt_subgraph[sqlite_aio],50,0,0,50,NOT_FLAKY
tests/test_pregel_async.py::test_doubly_nested_graph_interrupts[memory-async],50,0,0,50,NOT_FLAKY
tests/test_pregel_async.py::test_doubly_nested_graph_interrupts[memory-exit],50,0,0,50,NOT_FLAKY
tests/test_pregel_async.py::test_doubly_nested_graph_interrupts[memory-sync],50,0,0,50,NOT_FLAKY
tests/test_pregel_async.py::test_doubly_nested_graph_interrupts[sqlite_aio-async],50,0,0,50,NOT_FLAKY
tests/test_pregel_async.py::test_doubly_nested_graph_interrupts[sqlite_aio-exit],50,0,0,50,NOT_FLAKY
tests/test_pregel_async.py::test_doubly_nested_graph_interrupts[sqlite_aio-sync],50,0,0,50,NOT_FLAKY
tests/test_pregel_async.py::test_draw_invalid,50,0,0,50,NOT_FLAKY
tests/test_pregel_async.py::test_dynamic_interrupt[memory],50,0,0,50,NOT_FLAKY
tests/test_pregel_async.py::test_dynamic_interrupt[sqlite_aio],50,0,0,50,NOT_FLAKY
tests/test_pregel_async.py::test_dynamic_interrupt_subgraph[memory],50,0,0,50,NOT_FLAKY
tests/test_pregel_async.py::test_dynamic_interrupt_subgraph[sqlite_aio],50,0,0,50,NOT_FLAKY
tests/test_pregel_async.py::test_entrypoint_from_async_generator,50,0,0,50,NOT_FLAKY
tests/test_pregel_async.py::test_entrypoint_stateful[memory],50,0,0,50,NOT_FLAKY
tests/test_pregel_async.py::test_entrypoint_stateful[sqlite_aio],50,0,0,50,NOT_FLAKY
tests/test_pregel_async.py::test_entrypoint_stateful_update_state[memory],50,0,0,50,NOT_FLAKY
tests/test_pregel_async.py::test_entrypoint_stateful_update_state[sqlite_aio],50,0,0,50,NOT_FLAKY
tests/test_pregel_async.py::test_entrypoint_without_checkpointer,50,0,0,50,NOT_FLAKY
tests/test_pregel_async.py::test_falsy_return_from_task[memory],50,0,0,50,NOT_FLAKY
tests/test_pregel_async.py::test_falsy_return_from_task[sqlite_aio],50,0,0,50,NOT_FLAKY
tests/test_pregel_async.py::test_fork_and_update_task_results[memory],50,0,0,50,NOT_FLAKY
tests/test_pregel_async.py::test_fork_and_update_task_results[sqlite_aio],50,0,0,50,NOT_FLAKY
tests/test_pregel_async.py::test_fork_does_not_apply_pending_writes[memory],50,0,0,50,NOT_FLAKY
tests/test_pregel_async.py::test_fork_does_not_apply_pending_writes[sqlite_aio],50,0,0,50,NOT_FLAKY
tests/test_pregel_async.py::test_graph_error_handler_async_runtime_info,50,0,0,50,NOT_FLAKY
tests/test_pregel_async.py::test_graph_error_handler_does_not_swallow_interrupt_concurrent,50,0,0,50,NOT_FLAKY
tests/test_pregel_async.py::test_handles_multiple_interrupts_from_tasks[memory],50,0,0,50,NOT_FLAKY
tests/test_pregel_async.py::test_handles_multiple_interrupts_from_tasks[sqlite_aio],50,0,0,50,NOT_FLAKY
tests/test_pregel_async.py::test_imp_exception[memory],50,0,0,50,NOT_FLAKY
tests/test_pregel_async.py::test_imp_exception[sqlite_aio],50,0,0,50,NOT_FLAKY
tests/test_pregel_async.py::test_imp_nested[memory-async],50,0,0,50,NOT_FLAKY
tests/test_pregel_async.py::test_imp_nested[memory-exit],50,0,0,50,NOT_FLAKY
tests/test_pregel_async.py::test_imp_nested[memory-sync],50,0,0,50,NOT_FLAKY
tests/test_pregel_async.py::test_imp_nested[sqlite_aio-async],50,0,0,50,NOT_FLAKY
tests/test_pregel_async.py::test_imp_nested[sqlite_aio-exit],50,0,0,50,NOT_FLAKY
tests/test_pregel_async.py::test_imp_nested[sqlite_aio-sync],50,0,0,50,NOT_FLAKY
tests/test_pregel_async.py::test_imp_stream_order[memory-async],50,0,0,50,NOT_FLAKY
tests/test_pregel_async.py::test_imp_stream_order[memory-exit],50,0,0,50,NOT_FLAKY
tests/test_pregel_async.py::test_imp_stream_order[memory-sync],50,0,0,50,NOT_FLAKY
tests/test_pregel_async.py::test_imp_stream_order[sqlite_aio-async],50,0,0,50,NOT_FLAKY
tests/test_pregel_async.py::test_imp_stream_order[sqlite_aio-exit],50,0,0,50,NOT_FLAKY
tests/test_pregel_async.py::test_imp_stream_order[sqlite_aio-sync],50,0,0,50,NOT_FLAKY
tests/test_pregel_async.py::test_imp_sync_from_async[memory-async],50,0,0,50,NOT_FLAKY
tests/test_pregel_async.py::test_imp_sync_from_async[memory-exit],50,0,0,50,NOT_FLAKY
tests/test_pregel_async.py::test_imp_sync_from_async[memory-sync],50,0,0,50,NOT_FLAKY
tests/test_pregel_async.py::test_imp_sync_from_async[sqlite_aio-async],50,0,0,50,NOT_FLAKY
tests/test_pregel_async.py::test_imp_sync_from_async[sqlite_aio-exit],50,0,0,50,NOT_FLAKY
tests/test_pregel_async.py::test_imp_sync_from_async[sqlite_aio-sync],50,0,0,50,NOT_FLAKY
tests/test_pregel_async.py::test_imp_task[memory-async],50,0,0,50,NOT_FLAKY
tests/test_pregel_async.py::test_imp_task[memory-exit],50,0,0,50,NOT_FLAKY
tests/test_pregel_async.py::test_imp_task[memory-sync],50,0,0,50,NOT_FLAKY
tests/test_pregel_async.py::test_imp_task[sqlite_aio-async],50,0,0,50,NOT_FLAKY
tests/test_pregel_async.py::test_imp_task[sqlite_aio-exit],50,0,0,50,NOT_FLAKY
tests/test_pregel_async.py::test_imp_task[sqlite_aio-sync],50,0,0,50,NOT_FLAKY
tests/test_pregel_async.py::test_imp_task_cancel[memory-async],50,0,0,50,NOT_FLAKY
tests/test_pregel_async.py::test_imp_task_cancel[memory-exit],50,0,0,50,NOT_FLAKY
tests/test_pregel_async.py::test_imp_task_cancel[memory-sync],50,0,0,50,NOT_FLAKY
tests/test_pregel_async.py::test_imp_task_cancel[sqlite_aio-async],50,0,0,50,NOT_FLAKY
tests/test_pregel_async.py::test_imp_task_cancel[sqlite_aio-exit],50,0,0,50,NOT_FLAKY
tests/test_pregel_async.py::test_imp_task_cancel[sqlite_aio-sync],50,0,0,50,NOT_FLAKY
tests/test_pregel_async.py::test_in_one_fan_out_state_graph_defer_node[memory-False],50,0,0,50,NOT_FLAKY
tests/test_pregel_async.py::test_in_one_fan_out_state_graph_defer_node[memory-True],50,0,0,50,NOT_FLAKY
tests/test_pregel_async.py::test_in_one_fan_out_state_graph_defer_node[sqlite_aio-False],50,0,0,50,NOT_FLAKY
tests/test_pregel_async.py::test_in_one_fan_out_state_graph_defer_node[sqlite_aio-True],50,0,0,50,NOT_FLAKY
tests/test_pregel_async.py::test_in_one_fan_out_state_graph_waiting_edge[memory],50,0,0,50,NOT_FLAKY
tests/test_pregel_async.py::test_in_one_fan_out_state_graph_waiting_edge[sqlite_aio],50,0,0,50,NOT_FLAKY
tests/test_pregel_async.py::test_in_one_fan_out_state_graph_waiting_edge_custom_state_class[memory],50,0,0,50,NOT_FLAKY
tests/test_pregel_async.py::test_in_one_fan_out_state_graph_waiting_edge_custom_state_class[sqlite_aio],50,0,0,50,NOT_FLAKY
tests/test_pregel_async.py::test_in_one_fan_out_state_graph_waiting_edge_custom_state_class_pydantic2[memory],50,0,0,50,NOT_FLAKY
tests/test_pregel_async.py::test_in_one_fan_out_state_graph_waiting_edge_custom_state_class_pydantic2[sqlite_aio],50,0,0,50,NOT_FLAKY
tests/test_pregel_async.py::test_in_one_fan_out_state_graph_waiting_edge_multiple[memory-False],50,0,0,50,NOT_FLAKY
tests/test_pregel_async.py::test_in_one_fan_out_state_graph_waiting_edge_multiple[memory-True],50,0,0,50,NOT_FLAKY
tests/test_pregel_async.py::test_in_one_fan_out_state_graph_waiting_edge_multiple[sqlite-False],50,0,0,50,NOT_FLAKY
tests/test_pregel_async.py::test_in_one_fan_out_state_graph_waiting_edge_multiple[sqlite-True],50,0,0,50,NOT_FLAKY
tests/test_pregel_async.py::test_in_one_fan_out_state_graph_waiting_edge_multiple_cond_edge,50,0,0,50,NOT_FLAKY
tests/test_pregel_async.py::test_in_one_fan_out_state_graph_waiting_edge_plus_regular[memory],50,0,0,50,NOT_FLAKY
tests/test_pregel_async.py::test_in_one_fan_out_state_graph_waiting_edge_plus_regular[sqlite_aio],50,0,0,50,NOT_FLAKY
tests/test_pregel_async.py::test_in_one_fan_out_state_graph_waiting_edge_via_branch[memory],50,0,0,50,NOT_FLAKY
tests/test_pregel_async.py::test_in_one_fan_out_state_graph_waiting_edge_via_branch[sqlite_aio],50,0,0,50,NOT_FLAKY
tests/test_pregel_async.py::test_interrupt_functional[memory],50,0,0,50,NOT_FLAKY
tests/test_pregel_async.py::test_interrupt_functional[sqlite_aio],50,0,0,50,NOT_FLAKY
tests/test_pregel_async.py::test_interrupt_loop[memory],50,0,0,50,NOT_FLAKY
tests/test_pregel_async.py::test_interrupt_loop[sqlite_aio],50,0,0,50,NOT_FLAKY
tests/test_pregel_async.py::test_interrupt_multiple[memory],50,0,0,50,NOT_FLAKY
tests/test_pregel_async.py::test_interrupt_multiple[sqlite_aio],50,0,0,50,NOT_FLAKY
tests/test_pregel_async.py::test_interrupt_stream_mode_values[memory],50,0,0,50,NOT_FLAKY
tests/test_pregel_async.py::test_interrupt_stream_mode_values[sqlite_aio],50,0,0,50,NOT_FLAKY
tests/test_pregel_async.py::test_interrupt_subgraph[memory],50,0,0,50,NOT_FLAKY
tests/test_pregel_async.py::test_interrupt_subgraph[sqlite_aio],50,0,0,50,NOT_FLAKY
tests/test_pregel_async.py::test_interrupt_subgraph_reenter_checkpointer_true[memory],50,0,0,50,NOT_FLAKY
tests/test_pregel_async.py::test_interrupt_subgraph_reenter_checkpointer_true[sqlite_aio],50,0,0,50,NOT_FLAKY
tests/test_pregel_async.py::test_interrupt_task_functional[memory],50,0,0,50,NOT_FLAKY
tests/test_pregel_async.py::test_interrupt_task_functional[sqlite_aio],50,0,0,50,NOT_FLAKY
tests/test_pregel_async.py::test_interrupts_in_tasks_surfaced_once[memory],50,0,0,50,NOT_FLAKY
tests/test_pregel_async.py::test_interrupts_in_tasks_surfaced_once[sqlite_aio],50,0,0,50,NOT_FLAKY
tests/test_pregel_async.py::test_invoke_checkpoint[memory],50,0,0,50,NOT_FLAKY
tests/test_pregel_async.py::test_invoke_checkpoint[sqlite_aio],50,0,0,50,NOT_FLAKY
tests/test_pregel_async.py::test_invoke_checkpoint_three[memory],50,0,0,50,NOT_FLAKY
tests/test_pregel_async.py::test_invoke_checkpoint_three[sqlite_aio],50,0,0,50,NOT_FLAKY
tests/test_pregel_async.py::test_invoke_many_processes_in_out,50,0,0,50,NOT_FLAKY
tests/test_pregel_async.py::test_invoke_single_process_in_dict_out_dict,50,0,0,50,NOT_FLAKY
tests/test_pregel_async.py::test_invoke_single_process_in_out,50,0,0,50,NOT_FLAKY
tests/test_pregel_async.py::test_invoke_single_process_in_out_dict,50,0,0,50,NOT_FLAKY
tests/test_pregel_async.py::test_invoke_single_process_in_write_kwargs,50,0,0,50,NOT_FLAKY
tests/test_pregel_async.py::test_invoke_two_processes_in_out,50,0,0,50,NOT_FLAKY
tests/test_pregel_async.py::test_invoke_two_processes_no_out,50,0,0,50,NOT_FLAKY
tests/test_pregel_async.py::test_invoke_two_processes_one_in_two_out,50,0,0,50,NOT_FLAKY
tests/test_pregel_async.py::test_invoke_two_processes_two_in_join_two_out,50,0,0,50,NOT_FLAKY
tests/test_pregel_async.py::test_invoke_two_processes_two_in_two_out_invalid,50,0,0,50,NOT_FLAKY
tests/test_pregel_async.py::test_invoke_two_processes_two_in_two_out_valid,50,0,0,50,NOT_FLAKY
tests/test_pregel_async.py::test_max_concurrency[memory],50,0,0,50,NOT_FLAKY
tests/test_pregel_async.py::test_max_concurrency[sqlite_aio],50,0,0,50,NOT_FLAKY
tests/test_pregel_async.py::test_max_concurrency_control[memory],50,0,0,50,NOT_FLAKY
tests/test_pregel_async.py::test_max_concurrency_control[sqlite_aio],50,0,0,50,NOT_FLAKY
tests/test_pregel_async.py::test_multiple_interrupt_state_persistence[memory],50,0,0,50,NOT_FLAKY
tests/test_pregel_async.py::test_multiple_interrupt_state_persistence[sqlite_aio],50,0,0,50,NOT_FLAKY
tests/test_pregel_async.py::test_multiple_interrupts_functional[memory],50,0,0,50,NOT_FLAKY
tests/test_pregel_async.py::test_multiple_interrupts_functional[sqlite_aio],50,0,0,50,NOT_FLAKY
tests/test_pregel_async.py::test_multiple_interrupts_functional_cache[memory-memory],50,0,0,50,NOT_FLAKY
tests/test_pregel_async.py::test_multiple_interrupts_functional_cache[memory-sqlite],50,0,0,50,NOT_FLAKY
tests/test_pregel_async.py::test_multiple_interrupts_functional_cache[sqlite_aio-memory],50,0,0,50,NOT_FLAKY
tests/test_pregel_async.py::test_multiple_interrupts_functional_cache[sqlite_aio-sqlite],50,0,0,50,NOT_FLAKY
tests/test_pregel_async.py::test_multiple_nodes_before_interrupt_resume_graph_api[memory],50,0,0,50,NOT_FLAKY
tests/test_pregel_async.py::test_multiple_nodes_before_interrupt_resume_graph_api[sqlite_aio],50,0,0,50,NOT_FLAKY
tests/test_pregel_async.py::test_multiple_subgraphs[memory],50,0,0,50,NOT_FLAKY
tests/test_pregel_async.py::test_multiple_subgraphs[sqlite_aio],50,0,0,50,NOT_FLAKY
tests/test_pregel_async.py::test_multiple_subgraphs_checkpointer[memory],50,0,0,50,NOT_FLAKY
tests/test_pregel_async.py::test_multiple_subgraphs_checkpointer[sqlite_aio],50,0,0,50,NOT_FLAKY
tests/test_pregel_async.py::test_multiple_subgraphs_functional[memory],50,0,0,50,NOT_FLAKY
tests/test_pregel_async.py::test_multiple_subgraphs_functional[sqlite_aio],50,0,0,50,NOT_FLAKY
tests/test_pregel_async.py::test_multiple_subgraphs_mixed_entrypoint[memory],50,0,0,50,NOT_FLAKY
tests/test_pregel_async.py::test_multiple_subgraphs_mixed_entrypoint[sqlite_aio],50,0,0,50,NOT_FLAKY
tests/test_pregel_async.py::test_multiple_subgraphs_mixed_state_graph[memory],50,0,0,50,NOT_FLAKY
tests/test_pregel_async.py::test_multiple_subgraphs_mixed_state_graph[sqlite_aio],50,0,0,50,NOT_FLAKY
tests/test_pregel_async.py::test_multiple_tasks_before_interrupt_resume[memory],50,0,0,50,NOT_FLAKY
tests/test_pregel_async.py::test_multiple_tasks_before_interrupt_resume[sqlite_aio],50,0,0,50,NOT_FLAKY
tests/test_pregel_async.py::test_multiple_updates,50,0,0,50,NOT_FLAKY
tests/test_pregel_async.py::test_multiple_updates_root,50,0,0,50,NOT_FLAKY
tests/test_pregel_async.py::test_multistep_plan[memory],50,0,0,50,NOT_FLAKY
tests/test_pregel_async.py::test_multistep_plan[sqlite_aio],50,0,0,50,NOT_FLAKY
tests/test_pregel_async.py::test_named_tasks_functional,50,0,0,50,NOT_FLAKY
tests/test_pregel_async.py::test_nested_graph,50,0,0,50,NOT_FLAKY
tests/test_pregel_async.py::test_nested_graph_interrupts_parallel[memory-async],50,0,0,50,NOT_FLAKY
tests/test_pregel_async.py::test_nested_graph_interrupts_parallel[memory-exit],50,0,0,50,NOT_FLAKY
tests/test_pregel_async.py::test_nested_graph_interrupts_parallel[memory-sync],50,0,0,50,NOT_FLAKY
tests/test_pregel_async.py::test_nested_graph_interrupts_parallel[sqlite_aio-async],50,0,0,50,NOT_FLAKY
tests/test_pregel_async.py::test_nested_graph_interrupts_parallel[sqlite_aio-exit],50,0,0,50,NOT_FLAKY
tests/test_pregel_async.py::test_nested_graph_interrupts_parallel[sqlite_aio-sync],50,0,0,50,NOT_FLAKY
tests/test_pregel_async.py::test_nested_pydantic_models,50,0,0,50,NOT_FLAKY
tests/test_pregel_async.py::test_no_redundant_put_writes_for_cached_task[memory],50,0,0,50,NOT_FLAKY
tests/test_pregel_async.py::test_no_redundant_put_writes_for_cached_task[sqlite_aio],50,0,0,50,NOT_FLAKY
tests/test_pregel_async.py::test_node_before_interrupt_resume_graph_api[memory],50,0,0,50,NOT_FLAKY
tests/test_pregel_async.py::test_node_before_interrupt_resume_graph_api[sqlite_aio],50,0,0,50,NOT_FLAKY
tests/test_pregel_async.py::test_node_before_multiple_interrupt_cycles_graph_api[memory],50,0,0,50,NOT_FLAKY
tests/test_pregel_async.py::test_node_before_multiple_interrupt_cycles_graph_api[sqlite_aio],50,0,0,50,NOT_FLAKY
tests/test_pregel_async.py::test_node_cancellation_on_external_cancel,50,0,0,50,NOT_FLAKY
tests/test_pregel_async.py::test_node_cancellation_on_other_node_exception,50,0,0,50,NOT_FLAKY
tests/test_pregel_async.py::test_node_cancellation_on_other_node_exception_two,50,0,0,50,NOT_FLAKY
tests/test_pregel_async.py::test_node_error_handler_handles_subgraph_internal_failure_async,50,0,0,50,NOT_FLAKY
tests/test_pregel_async.py::test_node_not_cancelled_on_other_node_interrupted[memory],50,0,0,50,NOT_FLAKY
tests/test_pregel_async.py::test_node_not_cancelled_on_other_node_interrupted[sqlite_aio],50,0,0,50,NOT_FLAKY
tests/test_pregel_async.py::test_node_schemas_custom_output,50,0,0,50,NOT_FLAKY
tests/test_pregel_async.py::test_null_resume_disallowed_with_multiple_interrupts[memory],50,0,0,50,NOT_FLAKY
tests/test_pregel_async.py::test_null_resume_disallowed_with_multiple_interrupts[sqlite_aio],50,0,0,50,NOT_FLAKY
tests/test_pregel_async.py::test_overriding_injectable_args_with_async_task[in_memory],50,0,0,50,NOT_FLAKY
tests/test_pregel_async.py::test_parallel_node_execution,50,0,0,50,NOT_FLAKY
tests/test_pregel_async.py::test_parent_command[memory-False],50,0,0,50,NOT_FLAKY
tests/test_pregel_async.py::test_parent_command[memory-True],50,0,0,50,NOT_FLAKY
tests/test_pregel_async.py::test_parent_command[sqlite_aio-False],50,0,0,50,NOT_FLAKY
tests/test_pregel_async.py::test_parent_command[sqlite_aio-True],50,0,0,50,NOT_FLAKY
tests/test_pregel_async.py::test_parent_command_goto[memory-False-False],50,0,0,50,NOT_FLAKY
tests/test_pregel_async.py::test_parent_command_goto[memory-False-both],50,0,0,50,NOT_FLAKY
tests/test_pregel_async.py::test_parent_command_goto[memory-False-inner],50,0,0,50,NOT_FLAKY
tests/test_pregel_async.py::test_parent_command_goto[memory-False-outer],50,0,0,50,NOT_FLAKY
tests/test_pregel_async.py::test_parent_command_goto[memory-True-False],50,0,0,50,NOT_FLAKY
tests/test_pregel_async.py::test_parent_command_goto[memory-True-both],50,0,0,50,NOT_FLAKY
tests/test_pregel_async.py::test_parent_command_goto[memory-True-inner],50,0,0,50,NOT_FLAKY
tests/test_pregel_async.py::test_parent_command_goto[memory-True-outer],50,0,0,50,NOT_FLAKY
tests/test_pregel_async.py::test_parent_command_goto[sqlite_aio-False-False],50,0,0,50,NOT_FLAKY
tests/test_pregel_async.py::test_parent_command_goto[sqlite_aio-False-both],50,0,0,50,NOT_FLAKY
tests/test_pregel_async.py::test_parent_command_goto[sqlite_aio-False-inner],50,0,0,50,NOT_FLAKY
tests/test_pregel_async.py::test_parent_command_goto[sqlite_aio-False-outer],50,0,0,50,NOT_FLAKY
tests/test_pregel_async.py::test_parent_command_goto[sqlite_aio-True-False],50,0,0,50,NOT_FLAKY
tests/test_pregel_async.py::test_parent_command_goto[sqlite_aio-True-both],50,0,0,50,NOT_FLAKY
tests/test_pregel_async.py::test_parent_command_goto[sqlite_aio-True-inner],50,0,0,50,NOT_FLAKY
tests/test_pregel_async.py::test_parent_command_goto[sqlite_aio-True-outer],50,0,0,50,NOT_FLAKY
tests/test_pregel_async.py::test_partial_pending_checkpoint[memory],50,0,0,50,NOT_FLAKY
tests/test_pregel_async.py::test_partial_pending_checkpoint[sqlite_aio],50,0,0,50,NOT_FLAKY
tests/test_pregel_async.py::test_pending_writes_resume[memory-async],50,0,0,50,NOT_FLAKY
tests/test_pregel_async.py::test_pending_writes_resume[memory-exit],50,0,0,50,NOT_FLAKY
tests/test_pregel_async.py::test_pending_writes_resume[memory-sync],50,0,0,50,NOT_FLAKY
tests/test_pregel_async.py::test_pending_writes_resume[sqlite_aio-async],50,0,0,50,NOT_FLAKY
tests/test_pregel_async.py::test_pending_writes_resume[sqlite_aio-exit],50,0,0,50,NOT_FLAKY
tests/test_pregel_async.py::test_pending_writes_resume[sqlite_aio-sync],50,0,0,50,NOT_FLAKY
tests/test_pregel_async.py::test_pregel_loop_refcount,50,0,0,50,NOT_FLAKY
tests/test_pregel_async.py::test_py_async_with_cancel_behavior,50,0,0,50,NOT_FLAKY
tests/test_pregel_async.py::test_request_drain_allows_inflight_acall_scheduling[memory],50,0,0,50,NOT_FLAKY
tests/test_pregel_async.py::test_request_drain_allows_inflight_acall_scheduling[sqlite_aio],50,0,0,50,NOT_FLAKY
tests/test_pregel_async.py::test_run_from_checkpoint_id_retains_previous_writes[memory],50,0,0,50,NOT_FLAKY
tests/test_pregel_async.py::test_run_from_checkpoint_id_retains_previous_writes[sqlite_aio],50,0,0,50,NOT_FLAKY
tests/test_pregel_async.py::test_send_dedupe_on_resume[memory-async],50,0,0,50,NOT_FLAKY
tests/test_pregel_async.py::test_send_dedupe_on_resume[memory-exit],50,0,0,50,NOT_FLAKY
tests/test_pregel_async.py::test_send_dedupe_on_resume[memory-sync],50,0,0,50,NOT_FLAKY
tests/test_pregel_async.py::test_send_dedupe_on_resume[sqlite_aio-async],50,0,0,50,NOT_FLAKY
tests/test_pregel_async.py::test_send_dedupe_on_resume[sqlite_aio-exit],50,0,0,50,NOT_FLAKY
tests/test_pregel_async.py::test_send_dedupe_on_resume[sqlite_aio-sync],50,0,0,50,NOT_FLAKY
tests/test_pregel_async.py::test_send_react_interrupt[memory],50,0,0,50,NOT_FLAKY
tests/test_pregel_async.py::test_send_react_interrupt[sqlite_aio],50,0,0,50,NOT_FLAKY
tests/test_pregel_async.py::test_send_react_interrupt_control[memory],50,0,0,50,NOT_FLAKY
tests/test_pregel_async.py::test_send_react_interrupt_control[sqlite_aio],50,0,0,50,NOT_FLAKY
tests/test_pregel_async.py::test_send_sequences[memory],50,0,0,50,NOT_FLAKY
tests/test_pregel_async.py::test_send_sequences[sqlite_aio],50,0,0,50,NOT_FLAKY
tests/test_pregel_async.py::test_step_timeout_on_stream_hang[0.3],50,0,0,50,NOT_FLAKY
tests/test_pregel_async.py::test_step_timeout_on_stream_hang[0.6],50,0,0,50,NOT_FLAKY
tests/test_pregel_async.py::test_store_injected_async[memory-in_memory],50,0,0,50,NOT_FLAKY
tests/test_pregel_async.py::test_store_injected_async[sqlite_aio-in_memory],50,0,0,50,NOT_FLAKY
tests/test_pregel_async.py::test_stream_buffering_single_node[memory],50,0,0,50,NOT_FLAKY
tests/test_pregel_async.py::test_stream_buffering_single_node[sqlite_aio],50,0,0,50,NOT_FLAKY
tests/test_pregel_async.py::test_stream_messages_dedupe_inputs,50,0,0,50,NOT_FLAKY
tests/test_pregel_async.py::test_stream_messages_dedupe_state[memory],50,0,0,50,NOT_FLAKY
tests/test_pregel_async.py::test_stream_messages_dedupe_state[sqlite_aio],50,0,0,50,NOT_FLAKY
tests/test_pregel_async.py::test_stream_mode_messages_command,50,0,0,50,NOT_FLAKY
tests/test_pregel_async.py::test_stream_subgraphs_during_execution[memory],50,0,0,50,NOT_FLAKY
tests/test_pregel_async.py::test_stream_subgraphs_during_execution[sqlite_aio],50,0,0,50,NOT_FLAKY
tests/test_pregel_async.py::test_subgraph_checkpoint_true[memory-async],50,0,0,50,NOT_FLAKY
tests/test_pregel_async.py::test_subgraph_checkpoint_true[memory-exit],50,0,0,50,NOT_FLAKY
tests/test_pregel_async.py::test_subgraph_checkpoint_true[memory-sync],50,0,0,50,NOT_FLAKY
tests/test_pregel_async.py::test_subgraph_checkpoint_true[sqlite_aio-async],50,0,0,50,NOT_FLAKY
tests/test_pregel_async.py::test_subgraph_checkpoint_true[sqlite_aio-exit],50,0,0,50,NOT_FLAKY
tests/test_pregel_async.py::test_subgraph_checkpoint_true[sqlite_aio-sync],50,0,0,50,NOT_FLAKY
tests/test_pregel_async.py::test_subgraph_checkpoint_true_interrupt[memory-async],50,0,0,50,NOT_FLAKY
tests/test_pregel_async.py::test_subgraph_checkpoint_true_interrupt[memory-exit],50,0,0,50,NOT_FLAKY
tests/test_pregel_async.py::test_subgraph_checkpoint_true_interrupt[memory-sync],50,0,0,50,NOT_FLAKY
tests/test_pregel_async.py::test_subgraph_checkpoint_true_interrupt[sqlite_aio-async],50,0,0,50,NOT_FLAKY
tests/test_pregel_async.py::test_subgraph_checkpoint_true_interrupt[sqlite_aio-exit],50,0,0,50,NOT_FLAKY
tests/test_pregel_async.py::test_subgraph_checkpoint_true_interrupt[sqlite_aio-sync],50,0,0,50,NOT_FLAKY
tests/test_pregel_async.py::test_subgraph_durability_inherited[async],50,0,0,50,NOT_FLAKY
tests/test_pregel_async.py::test_subgraph_durability_inherited[exit],50,0,0,50,NOT_FLAKY
tests/test_pregel_async.py::test_subgraph_durability_inherited[sync],50,0,0,50,NOT_FLAKY
tests/test_pregel_async.py::test_subgraph_streaming_async,50,0,0,50,NOT_FLAKY
tests/test_pregel_async.py::test_supersteps_populate_task_results[memory],50,0,0,50,NOT_FLAKY
tests/test_pregel_async.py::test_supersteps_populate_task_results[sqlite_aio],50,0,0,50,NOT_FLAKY
tests/test_pregel_async.py::test_tags_stream_mode_messages,50,0,0,50,NOT_FLAKY
tests/test_pregel_async.py::test_task_before_interrupt_resume[memory],50,0,0,50,NOT_FLAKY
tests/test_pregel_async.py::test_task_before_interrupt_resume[sqlite_aio],50,0,0,50,NOT_FLAKY
tests/test_pregel_async.py::test_timeout_with_parent_command[memory-False],50,0,0,50,NOT_FLAKY
tests/test_pregel_async.py::test_timeout_with_parent_command[memory-True],50,0,0,50,NOT_FLAKY
tests/test_pregel_async.py::test_timeout_with_parent_command[sqlite_aio-False],50,0,0,50,NOT_FLAKY
tests/test_pregel_async.py::test_timeout_with_parent_command[sqlite_aio-True],50,0,0,50,NOT_FLAKY
tests/test_pregel_async.py::test_update_as_input[memory-async],50,0,0,50,NOT_FLAKY
tests/test_pregel_async.py::test_update_as_input[memory-exit],50,0,0,50,NOT_FLAKY
tests/test_pregel_async.py::test_update_as_input[memory-sync],50,0,0,50,NOT_FLAKY
tests/test_pregel_async.py::test_update_as_input[sqlite_aio-async],50,0,0,50,NOT_FLAKY
tests/test_pregel_async.py::test_update_as_input[sqlite_aio-exit],50,0,0,50,NOT_FLAKY
tests/test_pregel_async.py::test_update_as_input[sqlite_aio-sync],50,0,0,50,NOT_FLAKY
tests/test_pregel_stream_events_v3.py::TestAsyncTransformerLane::test_afail_cancels_pending_scheduled_tasks,50,0,0,50,NOT_FLAKY
tests/test_pregel_stream_events_v3.py::TestAsyncTransformerLane::test_aprocess_is_awaited_before_next_transformer,50,0,0,50,NOT_FLAKY
tests/test_pregel_stream_events_v3.py::TestAsyncTransformerLane::test_handler_astream_with_scheduled_work,50,0,0,50,NOT_FLAKY
tests/test_pregel_stream_events_v3.py::TestAsyncTransformerLane::test_mixed_sync_and_async_transformers,50,0,0,50,NOT_FLAKY
tests/test_pregel_stream_events_v3.py::TestAsyncTransformerLane::test_schedule_joins_tasks_before_afinalize,50,0,0,50,NOT_FLAKY
tests/test_pregel_stream_events_v3.py::TestAsyncTransformerLane::test_schedule_on_error_log_swallows_exceptions,50,0,0,50,NOT_FLAKY
tests/test_pregel_stream_events_v3.py::TestAsyncTransformerLane::test_schedule_on_error_raise_fails_the_run,50,0,0,50,NOT_FLAKY
tests/test_pregel_stream_events_v3.py::TestAsyncTransformerLane::test_sync_stream_rejects_aprocess_override,50,0,0,50,NOT_FLAKY
tests/test_pregel_stream_events_v3.py::TestAsyncTransformerLane::test_sync_stream_rejects_async_transformer,50,0,0,50,NOT_FLAKY
tests/test_pregel_stream_events_v3.py::TestMemoryBounds::test_async_single_consumer_buffer_stays_at_most_one,50,0,0,50,NOT_FLAKY
tests/test_pregel_stream_events_v3.py::TestMemoryBounds::test_async_unsubscribed_projections_never_accumulate,50,0,0,50,NOT_FLAKY
tests/test_pregel_stream_events_v3.py::TestOutputWithoutValuesTransformer::test_async_output_without_values_transformer,50,0,0,50,NOT_FLAKY
tests/test_pregel_stream_events_v3.py::TestStreamChannelLocal::test_async_bound_iter_raises,50,0,0,50,NOT_FLAKY
tests/test_pregel_stream_events_v3.py::TestStreamChannelLocal::test_async_cursor_yields_items_before_error,50,0,0,50,NOT_FLAKY
tests/test_pregel_stream_events_v3.py::TestStreamChannelLocal::test_async_fail,50,0,0,50,NOT_FLAKY
tests/test_pregel_stream_events_v3.py::TestStreamChannelLocal::test_async_iteration,50,0,0,50,NOT_FLAKY
tests/test_pregel_stream_events_v3.py::TestStreamChannelLocal::test_async_second_subscribe_raises,50,0,0,50,NOT_FLAKY
tests/test_pregel_stream_events_v3.py::TestStreamChannelLocal::test_empty_log_async,50,0,0,50,NOT_FLAKY
tests/test_pregel_stream_events_v3.py::TestStreamChannelLocal::test_empty_log_fail_async,50,0,0,50,NOT_FLAKY
tests/test_pregel_stream_events_v3.py::TestStreamChannelNamed::test_async_iteration,50,0,0,50,NOT_FLAKY
tests/test_pregel_stream_events_v3.py::TestStreamV2Async::test_abort_cancels_deeply_nested_subgraph,50,0,0,50,NOT_FLAKY
tests/test_pregel_stream_events_v3.py::TestStreamV2Async::test_abort_cancels_running_subgraph,50,0,0,50,NOT_FLAKY
tests/test_pregel_stream_events_v3.py::TestStreamV2Async::test_abort_cancels_subgraph_during_inflight_pump,50,0,0,50,NOT_FLAKY
tests/test_pregel_stream_events_v3.py::TestStreamV2Async::test_abort_marks_exhausted_and_closes_mux,50,0,0,50,NOT_FLAKY
tests/test_pregel_stream_events_v3.py::TestStreamV2Async::test_context_manager_calls_abort_on_exit,50,0,0,50,NOT_FLAKY
tests/test_pregel_stream_events_v3.py::TestStreamV2Async::test_custom_stream_events,50,0,0,50,NOT_FLAKY
tests/test_pregel_stream_events_v3.py::TestStreamV2Async::test_extensions_has_native_keys,50,0,0,50,NOT_FLAKY
tests/test_pregel_stream_events_v3.py::TestStreamV2Async::test_output,50,0,0,50,NOT_FLAKY
tests/test_pregel_stream_events_v3.py::TestStreamV2Async::test_raw_event_iteration,50,0,0,50,NOT_FLAKY
tests/test_pregel_stream_events_v3.py::TestStreamV2Async::test_values_projection,50,0,0,50,NOT_FLAKY
tests/test_pregel_stream_events_v3.py::TestStreamV2AsyncErrors::test_error_propagation_interrupted,50,0,0,50,NOT_FLAKY
tests/test_pregel_stream_events_v3.py::TestStreamV2AsyncErrors::test_error_propagation_interrupts,50,0,0,50,NOT_FLAKY
tests/test_pregel_stream_events_v3.py::TestStreamV2AsyncErrors::test_error_propagation_output,50,0,0,50,NOT_FLAKY
tests/test_pregel_stream_events_v3.py::TestStreamV2AsyncErrors::test_error_propagation_raw_events,50,0,0,50,NOT_FLAKY
tests/test_pregel_stream_events_v3.py::TestStreamV2AsyncErrors::test_error_propagation_values,50,0,0,50,NOT_FLAKY
tests/test_pregel_stream_events_v3.py::TestStreamV2AsyncInterrupt::test_interrupted,50,0,0,50,NOT_FLAKY
tests/test_remote_graph_v3.py::test_async_abort_before_aenter_skips_cancel,50,0,0,50,NOT_FLAKY
tests/test_remote_graph_v3.py::test_async_abort_cancels_run_and_closes_sdk,50,0,0,50,NOT_FLAKY
tests/test_remote_graph_v3.py::test_async_abort_swallows_cancel_failure,50,0,0,50,NOT_FLAKY
tests/test_remote_graph_v3.py::test_async_adapter_has_no_interleave,50,0,0,50,NOT_FLAKY
tests/test_remote_graph_v3.py::test_async_output_interrupted_interrupts_passthrough,50,0,0,50,NOT_FLAKY
tests/test_remote_graph_v3.py::test_async_projection_attrs_forward_to_sdk,50,0,0,50,NOT_FLAKY
tests/test_remote_graph_v3.py::test_channel_projection_decodes_params_data_async,50,0,0,50,NOT_FLAKY
tests/test_retry.py::test_arun_with_retry_does_not_swallow_proc_asyncio_timeout,50,0,0,50,NOT_FLAKY
tests/test_retry.py::test_arun_with_retry_timeout_fires_async,50,0,0,50,NOT_FLAKY
tests/test_retry.py::test_pregel_validate_accepts_async_runnable_lambda_timeout,50,0,0,50,NOT_FLAKY
tests/test_retry.py::test_pregel_validate_accepts_runnable_callable_with_sync_and_async_timeout,50,0,0,50,NOT_FLAKY
tests/test_retry.py::test_pregel_validate_accepts_wrapped_async_runnable_lambda_timeout,50,0,0,50,NOT_FLAKY
tests/test_retry.py::test_sync_sleep_in_async_node_bypasses_timeout_and_emits_finish_success,50,0,0,50,NOT_FLAKY
tests/test_runnable.py::test_config_ensured_async,50,0,0,50,NOT_FLAKY
tests/test_runnable.py::test_runnable_callable_injectable_arguments_async,50,0,0,50,NOT_FLAKY
tests/test_runtime.py::test_cancel_ainvoke_with_async_node,50,0,0,50,NOT_FLAKY
tests/test_runtime.py::test_context_coercion_async,50,0,0,50,NOT_FLAKY
tests/test_runtime.py::test_drain_requested_in_terminal_step_finishes_normally_async,50,0,0,50,NOT_FLAKY
tests/test_runtime.py::test_execution_info_populated_in_graph_async,50,0,0,50,NOT_FLAKY
tests/test_runtime.py::test_external_drain_concurrent_async,50,0,0,50,NOT_FLAKY
tests/test_runtime.py::test_run_control_request_drain_stops_future_steps_async,50,0,0,50,NOT_FLAKY
tests/test_stream_events_v3.py::TestV2InvokeAsync::test_ainvoke_v2_dataclass_state,50,0,0,50,NOT_FLAKY
tests/test_stream_events_v3.py::TestV2InvokeAsync::test_ainvoke_v2_graph_output_no_interrupts,50,0,0,50,NOT_FLAKY
tests/test_stream_events_v3.py::TestV2InvokeAsync::test_ainvoke_v2_graph_output_with_interrupts,50,0,0,50,NOT_FLAKY
tests/test_stream_events_v3.py::TestV2InvokeAsync::test_ainvoke_v2_pydantic_state,50,0,0,50,NOT_FLAKY
tests/test_stream_events_v3.py::TestV2InvokeAsync::test_multiple_modes,50,0,0,50,NOT_FLAKY
tests/test_stream_events_v3.py::TestV2InvokeAsync::test_updates_mode,50,0,0,50,NOT_FLAKY
tests/test_stream_events_v3.py::TestV2InvokeAsync::test_values_default,50,0,0,50,NOT_FLAKY
tests/test_stream_events_v3.py::TestV2StreamAsync::test_checkpoints,50,0,0,50,NOT_FLAKY
tests/test_stream_events_v3.py::TestV2StreamAsync::test_custom,50,0,0,50,NOT_FLAKY
tests/test_stream_events_v3.py::TestV2StreamAsync::test_debug,50,0,0,50,NOT_FLAKY
tests/test_stream_events_v3.py::TestV2StreamAsync::test_messages,50,0,0,50,NOT_FLAKY
tests/test_stream_events_v3.py::TestV2StreamAsync::test_multiple_modes,50,0,0,50,NOT_FLAKY
tests/test_stream_events_v3.py::TestV2StreamAsync::test_subgraphs_ns,50,0,0,50,NOT_FLAKY
tests/test_stream_events_v3.py::TestV2StreamAsync::test_tasks,50,0,0,50,NOT_FLAKY
tests/test_stream_events_v3.py::TestV2StreamAsync::test_updates,50,0,0,50,NOT_FLAKY
tests/test_stream_events_v3.py::TestV2StreamAsync::test_values,50,0,0,50,NOT_FLAKY
tests/test_stream_events_v3_e2e.py::TestStreamV2E2EAsync::test_all_projections_async,50,0,0,50,NOT_FLAKY
tests/test_stream_events_v3_e2e.py::TestStreamV2E2EAsync::test_async_context_manager,50,0,0,50,NOT_FLAKY
tests/test_stream_events_v3_e2e.py::TestStreamV2E2EAsync::test_async_custom_transformer,50,0,0,50,NOT_FLAKY
tests/test_stream_events_v3_e2e.py::TestStreamV2E2EAsync::test_async_error_propagation,50,0,0,50,NOT_FLAKY
tests/test_stream_events_v3_e2e.py::TestStreamV2E2EAsync::test_async_extensions_present,50,0,0,50,NOT_FLAKY
tests/test_stream_events_v3_e2e.py::TestStreamV2E2EAsync::test_async_interrupt,50,0,0,50,NOT_FLAKY
tests/test_stream_events_v3_e2e.py::TestStreamV2E2EAsync::test_async_messages_projection,50,0,0,50,NOT_FLAKY
tests/test_stream_events_v3_e2e.py::TestStreamV2E2EAsync::test_async_output,50,0,0,50,NOT_FLAKY
tests/test_stream_events_v3_e2e.py::TestStreamV2E2EAsync::test_async_raw_events,50,0,0,50,NOT_FLAKY
tests/test_stream_events_v3_kwarg_forwarding.py::TestKwargForwardingAsync::test_context_reaches_node,50,0,0,50,NOT_FLAKY
tests/test_stream_events_v3_kwarg_forwarding.py::TestKwargForwardingAsync::test_rejects_stream_mode,50,0,0,50,NOT_FLAKY
tests/test_stream_events_v3_kwarg_forwarding.py::TestKwargForwardingAsync::test_rejects_subgraphs,50,0,0,50,NOT_FLAKY
tests/test_stream_messages_transformer.py::TestAsyncMode::test_async_mode_creates_async_stream,50,0,0,50,NOT_FLAKY
tests/test_stream_messages_transformer.py::TestAsyncMode::test_output_awaitable,50,0,0,50,NOT_FLAKY
tests/test_stream_messages_transformer.py::TestAsyncMode::test_text_projection_yields_deltas,50,0,0,50,NOT_FLAKY
tests/test_stream_messages_transformer.py::TestEndToEnd::test_async_node_calling_astream_v2,50,0,0,50,NOT_FLAKY
tests/test_stream_messages_transformer.py::TestEndToEnd::test_nested_async_iteration_yields_text_deltas,50,0,0,50,NOT_FLAKY
tests/test_stream_messages_transformer.py::TestViaMux::test_async_streaming_via_mux,50,0,0,50,NOT_FLAKY
tests/test_stream_subgraph_transformer.py::test_async_child_mini_mux_fail_uses_async_lane,50,0,0,50,NOT_FLAKY
tests/test_stream_subgraph_transformer.py::test_async_child_mini_mux_uses_async_lane,50,0,0,50,NOT_FLAKY
tests/test_stream_subgraph_transformer.py::test_child_finalize_errors_propagate_to_async_run,50,0,0,50,NOT_FLAKY
tests/test_stream_subgraph_transformer.py::test_child_forwarding_errors_fail_async_run,50,0,0,50,NOT_FLAKY
tests/test_subgraph_detection.py::test_subgraph_detection[async_node-module_global],50,0,0,50,NOT_FLAKY
tests/test_subgraph_persistence_async.py::test_checkpointer_false_no_persistence_async[memory],50,0,0,50,NOT_FLAKY
tests/test_subgraph_persistence_async.py::test_checkpointer_false_no_persistence_async[sqlite_aio],50,0,0,50,NOT_FLAKY
tests/test_subgraph_persistence_async.py::test_child_with_own_thread_id_keeps_namespace_async[memory],50,0,0,50,NOT_FLAKY
tests/test_subgraph_persistence_async.py::test_child_with_own_thread_id_keeps_namespace_async[sqlite_aio],50,0,0,50,NOT_FLAKY
tests/test_subgraph_persistence_async.py::test_stateful_interrupt_resume_async[memory],50,0,0,50,NOT_FLAKY
tests/test_subgraph_persistence_async.py::test_stateful_interrupt_resume_async[sqlite_aio],50,0,0,50,NOT_FLAKY
tests/test_subgraph_persistence_async.py::test_stateful_namespace_isolation_async[memory],50,0,0,50,NOT_FLAKY
tests/test_subgraph_persistence_async.py::test_stateful_namespace_isolation_async[sqlite_aio],50,0,0,50,NOT_FLAKY
tests/test_subgraph_persistence_async.py::test_stateful_state_accumulates_async[memory],50,0,0,50,NOT_FLAKY
tests/test_subgraph_persistence_async.py::test_stateful_state_accumulates_async[sqlite_aio],50,0,0,50,NOT_FLAKY
tests/test_subgraph_persistence_async.py::test_stateful_state_accumulates_with_interrupt_async[memory],50,0,0,50,NOT_FLAKY
tests/test_subgraph_persistence_async.py::test_stateful_state_accumulates_with_interrupt_async[sqlite_aio],50,0,0,50,NOT_FLAKY
tests/test_subgraph_persistence_async.py::test_stateless_interrupt_resume_async[memory],50,0,0,50,NOT_FLAKY
tests/test_subgraph_persistence_async.py::test_stateless_interrupt_resume_async[sqlite_aio],50,0,0,50,NOT_FLAKY
tests/test_subgraph_persistence_async.py::test_stateless_state_resets_async[memory],50,0,0,50,NOT_FLAKY
tests/test_subgraph_persistence_async.py::test_stateless_state_resets_async[sqlite_aio],50,0,0,50,NOT_FLAKY
tests/test_subgraph_persistence_async.py::test_stateless_state_resets_with_interrupt_async[memory],50,0,0,50,NOT_FLAKY
tests/test_subgraph_persistence_async.py::test_stateless_state_resets_with_interrupt_async[sqlite_aio],50,0,0,50,NOT_FLAKY
tests/test_time_travel_async.py::test_3_levels_deep_middle_has_interrupts_async[memory],50,0,0,50,NOT_FLAKY
tests/test_time_travel_async.py::test_3_levels_deep_middle_has_interrupts_async[sqlite_aio],50,0,0,50,NOT_FLAKY
tests/test_time_travel_async.py::test_3_levels_deep_time_travel_to_first_interrupt_async[memory],50,0,0,50,NOT_FLAKY
tests/test_time_travel_async.py::test_3_levels_deep_time_travel_to_first_interrupt_async[sqlite_aio],50,0,0,50,NOT_FLAKY
tests/test_time_travel_async.py::test_3_levels_deep_time_travel_to_middle_subgraph_async[memory],50,0,0,50,NOT_FLAKY
tests/test_time_travel_async.py::test_3_levels_deep_time_travel_to_middle_subgraph_async[sqlite_aio],50,0,0,50,NOT_FLAKY
tests/test_time_travel_async.py::test_3_levels_deep_time_travel_to_second_interrupt_async[memory],50,0,0,50,NOT_FLAKY
tests/test_time_travel_async.py::test_3_levels_deep_time_travel_to_second_interrupt_async[sqlite_aio],50,0,0,50,NOT_FLAKY
tests/test_time_travel_async.py::test_checkpoint_ns_accessible_in_subgraph[memory],50,0,0,50,NOT_FLAKY
tests/test_time_travel_async.py::test_checkpoint_ns_accessible_in_subgraph[sqlite_aio],50,0,0,50,NOT_FLAKY
tests/test_time_travel_async.py::test_copy_fork_creates_sibling_checkpoint[memory],50,0,0,50,NOT_FLAKY
tests/test_time_travel_async.py::test_copy_fork_creates_sibling_checkpoint[sqlite_aio],50,0,0,50,NOT_FLAKY
tests/test_time_travel_async.py::test_copy_fork_retriggers_interrupt[memory],50,0,0,50,NOT_FLAKY
tests/test_time_travel_async.py::test_copy_fork_retriggers_interrupt[sqlite_aio],50,0,0,50,NOT_FLAKY
tests/test_time_travel_async.py::test_fork_creates_branch_in_subgraph[memory],50,0,0,50,NOT_FLAKY
tests/test_time_travel_async.py::test_fork_creates_branch_in_subgraph[sqlite_aio],50,0,0,50,NOT_FLAKY
tests/test_time_travel_async.py::test_fork_creates_branch_preserving_old_checkpoints[memory],50,0,0,50,NOT_FLAKY
tests/test_time_travel_async.py::test_fork_creates_branch_preserving_old_checkpoints[sqlite_aio],50,0,0,50,NOT_FLAKY
tests/test_time_travel_async.py::test_fork_from_before_interrupt_refires[memory],50,0,0,50,NOT_FLAKY
tests/test_time_travel_async.py::test_fork_from_before_interrupt_refires[sqlite_aio],50,0,0,50,NOT_FLAKY
tests/test_time_travel_async.py::test_fork_from_interrupt_checkpoint_refires[memory],50,0,0,50,NOT_FLAKY
tests/test_time_travel_async.py::test_fork_from_interrupt_checkpoint_refires[sqlite_aio],50,0,0,50,NOT_FLAKY
tests/test_time_travel_async.py::test_fork_reruns_with_modified_state[memory],50,0,0,50,NOT_FLAKY
tests/test_time_travel_async.py::test_fork_reruns_with_modified_state[sqlite_aio],50,0,0,50,NOT_FLAKY
tests/test_time_travel_async.py::test_get_state_with_subgraphs_returns_subgraph_state[memory],50,0,0,50,NOT_FLAKY
tests/test_time_travel_async.py::test_get_state_with_subgraphs_returns_subgraph_state[sqlite_aio],50,0,0,50,NOT_FLAKY
tests/test_time_travel_async.py::test_multiple_forks_from_same_checkpoint[memory],50,0,0,50,NOT_FLAKY
tests/test_time_travel_async.py::test_multiple_forks_from_same_checkpoint[sqlite_aio],50,0,0,50,NOT_FLAKY
tests/test_time_travel_async.py::test_multiple_interrupts_in_one_node[memory],50,0,0,50,NOT_FLAKY
tests/test_time_travel_async.py::test_multiple_interrupts_in_one_node[sqlite_aio],50,0,0,50,NOT_FLAKY
tests/test_time_travel_async.py::test_replay_creates_branch_in_subgraph[memory],50,0,0,50,NOT_FLAKY
tests/test_time_travel_async.py::test_replay_creates_branch_in_subgraph[sqlite_aio],50,0,0,50,NOT_FLAKY
tests/test_time_travel_async.py::test_replay_creates_branch_preserving_old_checkpoints[memory],50,0,0,50,NOT_FLAKY
tests/test_time_travel_async.py::test_replay_creates_branch_preserving_old_checkpoints[sqlite_aio],50,0,0,50,NOT_FLAKY
tests/test_time_travel_async.py::test_replay_from_before_interrupt_refires[memory],50,0,0,50,NOT_FLAKY
tests/test_time_travel_async.py::test_replay_from_before_interrupt_refires[sqlite_aio],50,0,0,50,NOT_FLAKY
tests/test_time_travel_async.py::test_replay_from_before_interrupt_then_resume_async[memory],50,0,0,50,NOT_FLAKY
tests/test_time_travel_async.py::test_replay_from_before_interrupt_then_resume_async[sqlite_aio],50,0,0,50,NOT_FLAKY
tests/test_time_travel_async.py::test_replay_from_final_checkpoint_is_noop[memory],50,0,0,50,NOT_FLAKY
tests/test_time_travel_async.py::test_replay_from_final_checkpoint_is_noop[sqlite_aio],50,0,0,50,NOT_FLAKY
tests/test_time_travel_async.py::test_replay_from_first_invocation_checkpoint[memory],50,0,0,50,NOT_FLAKY
tests/test_time_travel_async.py::test_replay_from_first_invocation_checkpoint[sqlite_aio],50,0,0,50,NOT_FLAKY
tests/test_time_travel_async.py::test_replay_interrupt_stable_across_replays[memory],50,0,0,50,NOT_FLAKY
tests/test_time_travel_async.py::test_replay_interrupt_stable_across_replays[sqlite_aio],50,0,0,50,NOT_FLAKY
tests/test_time_travel_async.py::test_replay_reruns_nodes_after_checkpoint[memory],50,0,0,50,NOT_FLAKY
tests/test_time_travel_async.py::test_replay_reruns_nodes_after_checkpoint[sqlite_aio],50,0,0,50,NOT_FLAKY
tests/test_time_travel_async.py::test_sequential_interrupts_fork_from_middle[memory],50,0,0,50,NOT_FLAKY
tests/test_time_travel_async.py::test_sequential_interrupts_fork_from_middle[sqlite_aio],50,0,0,50,NOT_FLAKY
tests/test_time_travel_async.py::test_stateful_subgraph_loads_latest_after_replay[memory],50,0,0,50,NOT_FLAKY
tests/test_time_travel_async.py::test_stateful_subgraph_loads_latest_after_replay[sqlite_aio],50,0,0,50,NOT_FLAKY
tests/test_time_travel_async.py::test_stateful_subgraph_retains_state_on_parent_fork[memory],50,0,0,50,NOT_FLAKY
tests/test_time_travel_async.py::test_stateful_subgraph_retains_state_on_parent_fork[sqlite_aio],50,0,0,50,NOT_FLAKY
tests/test_time_travel_async.py::test_stateful_subgraph_retains_state_on_parent_replay[memory],50,0,0,50,NOT_FLAKY
tests/test_time_travel_async.py::test_stateful_subgraph_retains_state_on_parent_replay[sqlite_aio],50,0,0,50,NOT_FLAKY
tests/test_time_travel_async.py::test_stateless_subgraph_starts_fresh_on_parent_replay[memory],50,0,0,50,NOT_FLAKY
tests/test_time_travel_async.py::test_stateless_subgraph_starts_fresh_on_parent_replay[sqlite_aio],50,0,0,50,NOT_FLAKY
tests/test_time_travel_async.py::test_subgraph_fork_from_before[memory],50,0,0,50,NOT_FLAKY
tests/test_time_travel_async.py::test_subgraph_fork_from_before[sqlite_aio],50,0,0,50,NOT_FLAKY
tests/test_time_travel_async.py::test_subgraph_interrupt_full_flow[memory],50,0,0,50,NOT_FLAKY
tests/test_time_travel_async.py::test_subgraph_interrupt_full_flow[sqlite_aio],50,0,0,50,NOT_FLAKY
tests/test_time_travel_async.py::test_subgraph_interrupt_full_flow_no_sub_checkpointer[memory],50,0,0,50,NOT_FLAKY
tests/test_time_travel_async.py::test_subgraph_interrupt_full_flow_no_sub_checkpointer[sqlite_aio],50,0,0,50,NOT_FLAKY
tests/test_time_travel_async.py::test_subgraph_interrupt_replay_from_interrupt_checkpoint[memory],50,0,0,50,NOT_FLAKY
tests/test_time_travel_async.py::test_subgraph_interrupt_replay_from_interrupt_checkpoint[sqlite_aio],50,0,0,50,NOT_FLAKY
tests/test_time_travel_async.py::test_subgraph_interrupt_replay_from_parent[memory],50,0,0,50,NOT_FLAKY
tests/test_time_travel_async.py::test_subgraph_interrupt_replay_from_parent[sqlite_aio],50,0,0,50,NOT_FLAKY
tests/test_time_travel_async.py::test_subgraph_replay_from_before[memory],50,0,0,50,NOT_FLAKY
tests/test_time_travel_async.py::test_subgraph_replay_from_before[sqlite_aio],50,0,0,50,NOT_FLAKY
tests/test_time_travel_async.py::test_subgraph_time_travel_after_completion_async[memory],50,0,0,50,NOT_FLAKY
tests/test_time_travel_async.py::test_subgraph_time_travel_after_completion_async[sqlite_aio],50,0,0,50,NOT_FLAKY
tests/test_time_travel_async.py::test_subgraph_time_travel_checkpoint_pattern_async[memory],50,0,0,50,NOT_FLAKY
tests/test_time_travel_async.py::test_subgraph_time_travel_checkpoint_pattern_async[sqlite_aio],50,0,0,50,NOT_FLAKY
tests/test_time_travel_async.py::test_subgraph_time_travel_resume_from_first_interrupt_async[memory],50,0,0,50,NOT_FLAKY
tests/test_time_travel_async.py::test_subgraph_time_travel_resume_from_first_interrupt_async[sqlite_aio],50,0,0,50,NOT_FLAKY
tests/test_time_travel_async.py::test_subgraph_time_travel_resume_from_second_interrupt_async[memory],50,0,0,50,NOT_FLAKY
tests/test_time_travel_async.py::test_subgraph_time_travel_resume_from_second_interrupt_async[sqlite_aio],50,0,0,50,NOT_FLAKY
tests/test_time_travel_async.py::test_subgraph_time_travel_to_first_interrupt_async[memory],50,0,0,50,NOT_FLAKY
tests/test_time_travel_async.py::test_subgraph_time_travel_to_first_interrupt_async[sqlite_aio],50,0,0,50,NOT_FLAKY
tests/test_time_travel_async.py::test_subgraph_time_travel_to_second_interrupt_async[memory],50,0,0,50,NOT_FLAKY
tests/test_time_travel_async.py::test_subgraph_time_travel_to_second_interrupt_async[sqlite_aio],50,0,0,50,NOT_FLAKY
tests/test_time_travel_async.py::test_three_level_nested_subgraph_loads_state_on_fork[memory],50,0,0,50,NOT_FLAKY
tests/test_time_travel_async.py::test_three_level_nested_subgraph_loads_state_on_fork[sqlite_aio],50,0,0,50,NOT_FLAKY
tests/test_time_travel_async.py::test_three_level_nested_subgraph_loads_state_on_replay[memory],50,0,0,50,NOT_FLAKY
tests/test_time_travel_async.py::test_three_level_nested_subgraph_loads_state_on_replay[sqlite_aio],50,0,0,50,NOT_FLAKY
tests/test_time_travel_async.py::test_update_state_with_none_values[memory],50,0,0,50,NOT_FLAKY
tests/test_time_travel_async.py::test_update_state_with_none_values[sqlite_aio],50,0,0,50,NOT_FLAKY
tests/test_tool_stream_handler.py::TestAsyncGraphAsyncTool::test_async_tool_produces_events,50,0,0,50,NOT_FLAKY
tests/test_trace_policy.py::test_trace_policy_transforms_recorded_inputs_async,50,0,0,50,NOT_FLAKY
tests/test_utils.py::test_is_async,50,0,0,50,NOT_FLAKY
tests/test_utils.py::test_runnable_callable_tracing_nested_async,50,0,0,50,NOT_FLAKY
tests/test_delta_channel_migration.py::test_continuing_migrated_thread_folds_deltas_on_seed,50,0,0,50,NOT_FLAKY
tests/test_delta_channel_migration.py::test_delta_and_migrated_threads_do_not_cross_contaminate,50,0,0,50,NOT_FLAKY
tests/test_delta_channel_update_state.py::test_aupdate_state_fresh_thread_delta_channel,50,0,0,50,NOT_FLAKY
tests/test_delta_channel_update_state.py::test_update_state_fresh_thread_delta_channel,50,0,0,50,NOT_FLAKY
tests/test_pregel.py::test_concurrent_emit_sends,50,0,0,50,NOT_FLAKY
tests/test_pregel.py::test_concurrent_execution_thread_safety,50,0,0,50,NOT_FLAKY
tests/test_pregel.py::test_nested_graph_interrupts_parallel[memory-exit],50,0,0,50,NOT_FLAKY
tests/test_pregel.py::test_nested_graph_interrupts_parallel[memory-sync],50,0,0,50,NOT_FLAKY
tests/test_pregel.py::test_nested_graph_interrupts_parallel[sqlite-exit],50,0,0,50,NOT_FLAKY
tests/test_pregel.py::test_nested_graph_interrupts_parallel[sqlite-sync],50,0,0,50,NOT_FLAKY
tests/test_pregel.py::test_nested_graph_interrupts_parallel[sqlite_aes-exit],50,0,0,50,NOT_FLAKY
tests/test_pregel.py::test_nested_graph_interrupts_parallel[sqlite_aes-sync],50,0,0,50,NOT_FLAKY
tests/test_pregel.py::test_overwrite_parallel[memory-False],50,0,0,50,NOT_FLAKY
tests/test_pregel.py::test_overwrite_parallel[memory-True],50,0,0,50,NOT_FLAKY
tests/test_pregel.py::test_overwrite_parallel[sqlite-False],50,0,0,50,NOT_FLAKY
tests/test_pregel.py::test_overwrite_parallel[sqlite-True],50,0,0,50,NOT_FLAKY
tests/test_pregel.py::test_overwrite_parallel[sqlite_aes-False],50,0,0,50,NOT_FLAKY
tests/test_pregel.py::test_overwrite_parallel[sqlite_aes-True],50,0,0,50,NOT_FLAKY
tests/test_pregel.py::test_overwrite_parallel_error[memory-False],50,0,0,50,NOT_FLAKY
tests/test_pregel.py::test_overwrite_parallel_error[memory-True],50,0,0,50,NOT_FLAKY
tests/test_pregel.py::test_overwrite_parallel_error[sqlite-False],50,0,0,50,NOT_FLAKY
tests/test_pregel.py::test_overwrite_parallel_error[sqlite-True],50,0,0,50,NOT_FLAKY
tests/test_pregel.py::test_overwrite_parallel_error[sqlite_aes-False],50,0,0,50,NOT_FLAKY
tests/test_pregel.py::test_overwrite_parallel_error[sqlite_aes-True],50,0,0,50,NOT_FLAKY
tests/test_pregel.py::test_parallel_interrupts[memory],50,0,0,50,NOT_FLAKY
tests/test_pregel.py::test_parallel_interrupts[sqlite],50,0,0,50,NOT_FLAKY
tests/test_pregel.py::test_parallel_interrupts[sqlite_aes],50,0,0,50,NOT_FLAKY
tests/test_pregel.py::test_parallel_interrupts_double[memory],50,0,0,50,NOT_FLAKY
tests/test_pregel.py::test_parallel_interrupts_double[sqlite],50,0,0,50,NOT_FLAKY
tests/test_pregel.py::test_parallel_interrupts_double[sqlite_aes],50,0,0,50,NOT_FLAKY
tests/test_pregel.py::test_parallel_node_execution,50,0,0,50,NOT_FLAKY
tests/test_remote_graph_v3.py::test_astream_events_v3_constructs_sdk_thread,50,0,0,50,NOT_FLAKY
tests/test_remote_graph_v3.py::test_stream_events_v3_constructs_sdk_thread_with_sanitized_args,50,0,0,50,NOT_FLAKY
tests/test_remote_graph_v3.py::test_stream_events_v3_passes_none_thread_id_when_absent,50,0,0,50,NOT_FLAKY
tests/test_retry.py::test_graph_error_handler_does_not_swallow_interrupt_concurrent,50,0,0,50,NOT_FLAKY
tests/test_retry.py::test_pregel_validate_rejects_parallel_sync_branch_timeout,50,0,0,50,NOT_FLAKY
tests/test_runtime.py::test_drain_then_cancel_after_graceful_timeout,50,0,0,50,NOT_FLAKY
tests/test_runtime.py::test_external_drain_concurrent_sync,50,0,0,50,NOT_FLAKY
tests/test_stream_messages_transformer.py::TestProtocolEventRouting::test_concurrent_streams_routed_by_run_id,50,0,0,50,NOT_FLAKY
tests/test_subgraph_persistence.py::test_child_with_own_thread_id_keeps_namespace[memory],50,0,0,50,NOT_FLAKY
tests/test_subgraph_persistence.py::test_child_with_own_thread_id_keeps_namespace[sqlite],50,0,0,50,NOT_FLAKY
tests/test_subgraph_persistence.py::test_child_with_own_thread_id_keeps_namespace[sqlite_aes],50,0,0,50,NOT_FLAKY
tests/test_time_travel.py::test_parallel_subgraph_nodes_load_correct_state_on_replay[memory],50,0,0,50,NOT_FLAKY
tests/test_time_travel.py::test_parallel_subgraph_nodes_load_correct_state_on_replay[sqlite],50,0,0,50,NOT_FLAKY
tests/test_time_travel.py::test_parallel_subgraph_nodes_load_correct_state_on_replay[sqlite_aes],50,0,0,50,NOT_FLAKY
tests/test_tool_stream_handler.py::TestConcurrentToolCalls::test_parallel_tool_calls_do_not_bleed,50,0,0,50,NOT_FLAKY
tests/test_trace_policy.py::test_trace_policy_none_records_real_payloads,50,0,0,50,NOT_FLAKY
tests/test_trace_policy.py::test_trace_policy_processor_error_does_not_break_execution,50,0,0,50,NOT_FLAKY
tests/test_trace_policy.py::test_trace_policy_processor_error_safe_without_callbacks,50,0,0,50,NOT_FLAKY
tests/test_trace_policy.py::test_trace_policy_transforms_recorded_inputs,50,0,0,50,NOT_FLAKY
tests/test_trace_policy.py::test_trace_policy_transforms_recorded_outputs,50,0,0,50,NOT_FLAKY
tests/test_utils.py::test_ensure_config_same_thread_id_still_clears_ambient,50,0,0,50,NOT_FLAKY
tests/test_pregel.py::test_configurable_propagates_to_stream_metadata,50,0,0,50,NOT_FLAKY
tests/test_pregel.py::test_get_stream_writer,50,0,0,50,NOT_FLAKY
tests/test_pregel.py::test_imp_stream_order[memory-exit],50,0,0,50,NOT_FLAKY
tests/test_pregel.py::test_imp_stream_order[memory-sync],50,0,0,50,NOT_FLAKY
tests/test_pregel.py::test_imp_stream_order[sqlite-exit],50,0,0,50,NOT_FLAKY
tests/test_pregel.py::test_imp_stream_order[sqlite-sync],50,0,0,50,NOT_FLAKY
tests/test_pregel.py::test_imp_stream_order[sqlite_aes-exit],50,0,0,50,NOT_FLAKY
tests/test_pregel.py::test_imp_stream_order[sqlite_aes-sync],50,0,0,50,NOT_FLAKY
tests/test_pregel.py::test_interrupt_stream_mode_values[memory],50,0,0,50,NOT_FLAKY
tests/test_pregel.py::test_interrupt_stream_mode_values[sqlite],50,0,0,50,NOT_FLAKY
tests/test_pregel.py::test_interrupt_stream_mode_values[sqlite_aes],50,0,0,50,NOT_FLAKY
tests/test_pregel.py::test_stream_buffering_single_node[memory],50,0,0,50,NOT_FLAKY
tests/test_pregel.py::test_stream_buffering_single_node[sqlite],50,0,0,50,NOT_FLAKY
tests/test_pregel.py::test_stream_buffering_single_node[sqlite_aes],50,0,0,50,NOT_FLAKY
tests/test_pregel.py::test_stream_messages_dedupe_inputs,50,0,0,50,NOT_FLAKY
tests/test_pregel.py::test_stream_messages_dedupe_pydantic_subgraph_interrupt[memory],50,0,0,50,NOT_FLAKY
tests/test_pregel.py::test_stream_messages_dedupe_pydantic_subgraph_interrupt[sqlite],50,0,0,50,NOT_FLAKY
tests/test_pregel.py::test_stream_messages_dedupe_pydantic_subgraph_interrupt[sqlite_aes],50,0,0,50,NOT_FLAKY
tests/test_pregel.py::test_stream_messages_dedupe_state[memory],50,0,0,50,NOT_FLAKY
tests/test_pregel.py::test_stream_messages_dedupe_state[sqlite],50,0,0,50,NOT_FLAKY
tests/test_pregel.py::test_stream_messages_dedupe_state[sqlite_aes],50,0,0,50,NOT_FLAKY
tests/test_pregel.py::test_stream_mode_messages_command,50,0,0,50,NOT_FLAKY
tests/test_pregel.py::test_stream_subgraphs_during_execution[memory],50,0,0,50,NOT_FLAKY
tests/test_pregel.py::test_stream_subgraphs_during_execution[sqlite],50,0,0,50,NOT_FLAKY
tests/test_pregel.py::test_stream_subgraphs_during_execution[sqlite_aes],50,0,0,50,NOT_FLAKY
tests/test_pregel.py::test_subgraph_streaming_sync,50,0,0,50,NOT_FLAKY
tests/test_pregel.py::test_sync_streaming_with_functional_api,50,0,0,50,NOT_FLAKY
tests/test_pregel.py::test_tags_stream_mode_messages,50,0,0,50,NOT_FLAKY
tests/test_pregel_stream_events_v3.py::TestConvertToProtocolEvent::test_basic_conversion,50,0,0,50,NOT_FLAKY
tests/test_pregel_stream_events_v3.py::TestConvertToProtocolEvent::test_conversion_with_interrupts,50,0,0,50,NOT_FLAKY
tests/test_pregel_stream_events_v3.py::TestConvertToProtocolEvent::test_namespace_tuple_becomes_list,50,0,0,50,NOT_FLAKY
tests/test_pregel_stream_events_v3.py::TestCustomTransformer::test_extension_transformer_with_stream_channel,50,0,0,50,NOT_FLAKY
tests/test_pregel_stream_events_v3.py::TestCustomTransformer::test_native_transformer_gets_direct_attr,50,0,0,50,NOT_FLAKY
tests/test_pregel_stream_events_v3.py::TestCustomTransformer::test_projection_key_conflict_raises,50,0,0,50,NOT_FLAKY
tests/test_pregel_stream_events_v3.py::TestCustomTransformer::test_stream_channel_auto_forward,50,0,0,50,NOT_FLAKY
tests/test_pregel_stream_events_v3.py::TestCustomTransformer::test_stream_channel_seq_ordering,50,0,0,50,NOT_FLAKY
tests/test_pregel_stream_events_v3.py::TestCustomTransformer::test_stream_events_v3_rejects_transformer_instances,50,0,0,50,NOT_FLAKY
tests/test_pregel_stream_events_v3.py::TestDrainOnConsume::test_atee_fans_out,50,0,0,50,NOT_FLAKY
tests/test_pregel_stream_events_v3.py::TestDrainOnConsume::test_invalid_maxlen_raises,50,0,0,50,NOT_FLAKY
tests/test_pregel_stream_events_v3.py::TestDrainOnConsume::test_push_unbounded_by_design,50,0,0,50,NOT_FLAKY
tests/test_pregel_stream_events_v3.py::TestDrainOnConsume::test_tee_fans_out_sync,50,0,0,50,NOT_FLAKY
tests/test_pregel_stream_events_v3.py::TestMemoryBounds::test_drained_subscriber_buffer_returns_to_empty,50,0,0,50,NOT_FLAKY
tests/test_pregel_stream_events_v3.py::TestMemoryBounds::test_output_path_does_not_retain_values,50,0,0,50,NOT_FLAKY
tests/test_pregel_stream_events_v3.py::TestMemoryBounds::test_sync_subscribed_buffer_stays_at_most_one_between_yields,50,0,0,50,NOT_FLAKY
tests/test_pregel_stream_events_v3.py::TestMemoryBounds::test_unsubscribed_projections_never_accumulate,50,0,0,50,NOT_FLAKY
tests/test_pregel_stream_events_v3.py::TestMessagesTransformer::test_captures_root_messages,50,0,0,50,NOT_FLAKY
tests/test_pregel_stream_events_v3.py::TestMessagesTransformer::test_fail_propagates,50,0,0,50,NOT_FLAKY
tests/test_pregel_stream_events_v3.py::TestMessagesTransformer::test_ignores_non_messages_methods,50,0,0,50,NOT_FLAKY
tests/test_pregel_stream_events_v3.py::TestMessagesTransformer::test_ignores_non_root_namespace,50,0,0,50,NOT_FLAKY
tests/test_pregel_stream_events_v3.py::TestOutputWithoutValuesTransformer::test_interrupts_without_values_transformer,50,0,0,50,NOT_FLAKY
tests/test_pregel_stream_events_v3.py::TestOutputWithoutValuesTransformer::test_output_without_values_transformer,50,0,0,50,NOT_FLAKY
tests/test_pregel_stream_events_v3.py::TestStreamChannelAutoLifecycle::test_mux_auto_closes_channels,50,0,0,50,NOT_FLAKY
tests/test_pregel_stream_events_v3.py::TestStreamChannelAutoLifecycle::test_mux_auto_fails_channels,50,0,0,50,NOT_FLAKY
tests/test_pregel_stream_events_v3.py::TestStreamChannelAutoLifecycle::test_no_double_close_if_transformer_closes_own_log,50,0,0,50,NOT_FLAKY
tests/test_pregel_stream_events_v3.py::TestStreamChannelAutoLifecycle::test_transformer_without_finalize_works,50,0,0,50,NOT_FLAKY
tests/test_pregel_stream_events_v3.py::TestStreamChannelLocal::test_double_bind_raises,50,0,0,50,NOT_FLAKY
tests/test_pregel_stream_events_v3.py::TestStreamChannelLocal::test_drain_on_consume,50,0,0,50,NOT_FLAKY
tests/test_pregel_stream_events_v3.py::TestStreamChannelLocal::test_empty_log_fail_sync,50,0,0,50,NOT_FLAKY
tests/test_pregel_stream_events_v3.py::TestStreamChannelLocal::test_empty_log_sync,50,0,0,50,NOT_FLAKY
tests/test_pregel_stream_events_v3.py::TestStreamChannelLocal::test_fail_propagation,50,0,0,50,NOT_FLAKY
tests/test_pregel_stream_events_v3.py::TestStreamChannelLocal::test_pre_subscription_push_is_noop,50,0,0,50,NOT_FLAKY
tests/test_pregel_stream_events_v3.py::TestStreamChannelLocal::test_push_after_close_raises,50,0,0,50,NOT_FLAKY
tests/test_pregel_stream_events_v3.py::TestStreamChannelLocal::test_push_after_fail_raises,50,0,0,50,NOT_FLAKY
tests/test_pregel_stream_events_v3.py::TestStreamChannelLocal::test_second_subscribe_raises,50,0,0,50,NOT_FLAKY
tests/test_pregel_stream_events_v3.py::TestStreamChannelLocal::test_sync_bound_aiter_raises,50,0,0,50,NOT_FLAKY
tests/test_pregel_stream_events_v3.py::TestStreamChannelLocal::test_sync_cursor_yields_items_before_error,50,0,0,50,NOT_FLAKY
tests/test_pregel_stream_events_v3.py::TestStreamChannelLocal::test_sync_iteration,50,0,0,50,NOT_FLAKY
tests/test_pregel_stream_events_v3.py::TestStreamChannelLocal::test_unbound_iter_raises,50,0,0,50,NOT_FLAKY
tests/test_pregel_stream_events_v3.py::TestStreamChannelNamed::test_fail_propagation,50,0,0,50,NOT_FLAKY
tests/test_pregel_stream_events_v3.py::TestStreamChannelNamed::test_push_and_iterate,50,0,0,50,NOT_FLAKY
tests/test_pregel_stream_events_v3.py::TestStreamChannelNamed::test_push_without_wire,50,0,0,50,NOT_FLAKY
tests/test_pregel_stream_events_v3.py::TestStreamChannelNamed::test_wire_callback,50,0,0,50,NOT_FLAKY
tests/test_pregel_stream_events_v3.py::TestStreamMux::test_empty_mux,50,0,0,50,NOT_FLAKY
tests/test_pregel_stream_events_v3.py::TestStreamMux::test_empty_mux_fail,50,0,0,50,NOT_FLAKY
tests/test_pregel_stream_events_v3.py::TestStreamMux::test_event_suppression,50,0,0,50,NOT_FLAKY
tests/test_pregel_stream_events_v3.py::TestStreamMux::test_register_non_dict_raises,50,0,0,50,NOT_FLAKY
tests/test_pregel_stream_events_v3.py::TestStreamMux::test_suppression_all_transformers_still_see_event,50,0,0,50,NOT_FLAKY
tests/test_pregel_stream_events_v3.py::TestStreamMuxResilience::test_channels_closed_after_finalize_error,50,0,0,50,NOT_FLAKY
tests/test_pregel_stream_events_v3.py::TestStreamMuxResilience::test_close_continues_after_finalize_error,50,0,0,50,NOT_FLAKY
tests/test_pregel_stream_events_v3.py::TestStreamMuxResilience::test_fail_continues_after_transformer_error,50,0,0,50,NOT_FLAKY
tests/test_pregel_stream_events_v3.py::TestStreamTransformerSchedule::test_schedule_without_running_loop_raises,50,0,0,50,NOT_FLAKY
tests/test_pregel_stream_events_v3.py::TestStreamV2Sync::test_abort_marks_exhausted_and_closes_mux,50,0,0,50,NOT_FLAKY
tests/test_pregel_stream_events_v3.py::TestStreamV2Sync::test_context_manager_calls_abort_on_exit,50,0,0,50,NOT_FLAKY
tests/test_pregel_stream_events_v3.py::TestStreamV2Sync::test_custom_events_suppressed_without_transformer,50,0,0,50,NOT_FLAKY
tests/test_pregel_stream_events_v3.py::TestStreamV2Sync::test_custom_stream_events,50,0,0,50,NOT_FLAKY
tests/test_pregel_stream_events_v3.py::TestStreamV2Sync::test_extensions_has_native_keys,50,0,0,50,NOT_FLAKY
tests/test_pregel_stream_events_v3.py::TestStreamV2Sync::test_extensions_is_read_only,50,0,0,50,NOT_FLAKY
tests/test_pregel_stream_events_v3.py::TestStreamV2Sync::test_interleave_unknown_projection,50,0,0,50,NOT_FLAKY
tests/test_pregel_stream_events_v3.py::TestStreamV2Sync::test_interleave_values_and_messages,50,0,0,50,NOT_FLAKY
tests/test_pregel_stream_events_v3.py::TestStreamV2Sync::test_output,50,0,0,50,NOT_FLAKY
tests/test_pregel_stream_events_v3.py::TestStreamV2Sync::test_raw_event_iteration,50,0,0,50,NOT_FLAKY
tests/test_pregel_stream_events_v3.py::TestStreamV2Sync::test_values_projection,50,0,0,50,NOT_FLAKY
tests/test_pregel_stream_events_v3.py::TestStreamV2SyncErrors::test_error_propagation_interrupted,50,0,0,50,NOT_FLAKY
tests/test_pregel_stream_events_v3.py::TestStreamV2SyncErrors::test_error_propagation_interrupts,50,0,0,50,NOT_FLAKY
tests/test_pregel_stream_events_v3.py::TestStreamV2SyncErrors::test_error_propagation_output,50,0,0,50,NOT_FLAKY
tests/test_pregel_stream_events_v3.py::TestStreamV2SyncErrors::test_error_propagation_raw_events,50,0,0,50,NOT_FLAKY
tests/test_pregel_stream_events_v3.py::TestStreamV2SyncErrors::test_error_propagation_values,50,0,0,50,NOT_FLAKY
tests/test_pregel_stream_events_v3.py::TestStreamV2SyncInterrupt::test_interrupted,50,0,0,50,NOT_FLAKY
tests/test_pregel_stream_events_v3.py::TestValuesTransformer::test_ignores_non_root_namespace,50,0,0,50,NOT_FLAKY
tests/test_pregel_stream_events_v3.py::TestValuesTransformer::test_ignores_non_values_methods,50,0,0,50,NOT_FLAKY
tests/test_pregel_stream_events_v3.py::TestValuesTransformer::test_tracks_interrupts,50,0,0,50,NOT_FLAKY
tests/test_remote_graph_v3.py::test_astream_events_non_v3_raises_not_implemented,50,0,0,50,NOT_FLAKY
tests/test_remote_graph_v3.py::test_astream_events_v3_rejects_unsupported_kwargs,50,0,0,50,NOT_FLAKY
tests/test_remote_graph_v3.py::test_stream_events_non_v3_delegates_to_super,50,0,0,50,NOT_FLAKY
tests/test_remote_graph_v3.py::test_stream_events_v3_merges_tracing_headers_when_distributed_tracing,50,0,0,50,NOT_FLAKY
tests/test_remote_graph_v3.py::test_stream_events_v3_passes_headers_unchanged_without_tracing,50,0,0,50,NOT_FLAKY
tests/test_remote_graph_v3.py::test_stream_events_v3_rejects_goto_update_command,50,0,0,50,NOT_FLAKY
tests/test_remote_graph_v3.py::test_stream_events_v3_rejects_unsupported_kwargs_before_sdk_call,50,0,0,50,NOT_FLAKY
tests/test_remote_graph_v3.py::test_stream_events_v3_strips_checkpoint_keys_from_configurable,50,0,0,50,NOT_FLAKY
tests/test_remote_graph_v3.py::test_stream_events_v3_translates_command_input,50,0,0,50,NOT_FLAKY
tests/test_retry.py::test_arun_with_retry_heartbeat_refresh_mode_ignores_stream_events,50,0,0,50,NOT_FLAKY
tests/test_retry.py::test_arun_with_retry_idle_timeout_resets_on_runtime_stream_writer,50,0,0,50,NOT_FLAKY
tests/test_retry.py::test_arun_with_retry_idle_timeout_resets_on_stream_event,50,0,0,50,NOT_FLAKY
tests/test_retry.py::test_astream_with_retry_idle_timeout_resets_on_yielded_chunks,50,0,0,50,NOT_FLAKY
tests/test_retry.py::test_astream_with_retry_timeout_cannot_be_swallowed,50,0,0,50,NOT_FLAKY
tests/test_retry.py::test_astream_with_retry_timeout_discards_pre_timeout_writes,50,0,0,50,NOT_FLAKY
tests/test_retry.py::test_idle_timeout_guard_stream_does_not_hold_scope_lock,50,0,0,50,NOT_FLAKY
tests/test_retry.py::test_idle_timeout_guard_stream_writer_does_not_hold_scope_lock,50,0,0,50,NOT_FLAKY
tests/test_retry.py::test_idle_timeout_resets_on_message_stream_callbacks,50,0,0,50,NOT_FLAKY
tests/test_runtime.py::test_context_coercion_stream,50,0,0,50,NOT_FLAKY
tests/test_stream_before_builtins.py::test_before_builtins_factories_run_before_others,50,0,0,50,NOT_FLAKY
tests/test_stream_before_builtins.py::test_default_is_false,50,0,0,50,NOT_FLAKY
tests/test_stream_before_builtins.py::test_lifecycle_unaffected_by_pre_lane_observer,50,0,0,50,NOT_FLAKY
tests/test_stream_before_builtins.py::test_pre_lane_mutation_lands_in_messages_projection,50,0,0,50,NOT_FLAKY
tests/test_stream_before_builtins.py::test_redactor_runs_before_messages_transformer,50,0,0,50,NOT_FLAKY
tests/test_stream_before_builtins.py::test_within_lane_order_preserved,50,0,0,50,NOT_FLAKY
tests/test_stream_data_transformers.py::test_checkpoints_captures_root_scope_events,50,0,0,50,NOT_FLAKY
tests/test_stream_data_transformers.py::test_checkpoints_does_not_suppress_from_main_log,50,0,0,50,NOT_FLAKY
tests/test_stream_data_transformers.py::test_checkpoints_ignores_subgraph_events,50,0,0,50,NOT_FLAKY
tests/test_stream_data_transformers.py::test_checkpoints_is_native,50,0,0,50,NOT_FLAKY
tests/test_stream_data_transformers.py::test_checkpoints_required_stream_modes,50,0,0,50,NOT_FLAKY
tests/test_stream_data_transformers.py::test_checkpoints_scoped_transformer,50,0,0,50,NOT_FLAKY
tests/test_stream_data_transformers.py::test_custom_captures_root_scope_events,50,0,0,50,NOT_FLAKY
tests/test_stream_data_transformers.py::test_custom_does_not_suppress_from_main_log,50,0,0,50,NOT_FLAKY
tests/test_stream_data_transformers.py::test_custom_ignores_other_methods,50,0,0,50,NOT_FLAKY
tests/test_stream_data_transformers.py::test_custom_ignores_subgraph_scope_events,50,0,0,50,NOT_FLAKY
tests/test_stream_data_transformers.py::test_custom_init_returns_correct_key,50,0,0,50,NOT_FLAKY
tests/test_stream_data_transformers.py::test_custom_is_native,50,0,0,50,NOT_FLAKY
tests/test_stream_data_transformers.py::test_custom_preserves_any_payload_type,50,0,0,50,NOT_FLAKY
tests/test_stream_data_transformers.py::test_custom_required_stream_modes,50,0,0,50,NOT_FLAKY
tests/test_stream_data_transformers.py::test_custom_scoped_transformer_captures_own_scope,50,0,0,50,NOT_FLAKY
tests/test_stream_data_transformers.py::test_debug_captures_multiple_event_types,50,0,0,50,NOT_FLAKY
tests/test_stream_data_transformers.py::test_debug_captures_root_scope_events,50,0,0,50,NOT_FLAKY
tests/test_stream_data_transformers.py::test_debug_does_not_suppress_from_main_log,50,0,0,50,NOT_FLAKY
tests/test_stream_data_transformers.py::test_debug_ignores_subgraph_events,50,0,0,50,NOT_FLAKY
tests/test_stream_data_transformers.py::test_debug_is_native,50,0,0,50,NOT_FLAKY
tests/test_stream_data_transformers.py::test_debug_required_stream_modes,50,0,0,50,NOT_FLAKY
tests/test_stream_data_transformers.py::test_stream_events_v3_all_transformers_interleaved,50,0,0,50,NOT_FLAKY
tests/test_stream_data_transformers.py::test_stream_events_v3_all_transformers_with_checkpointer,50,0,0,50,NOT_FLAKY
tests/test_stream_data_transformers.py::test_stream_events_v3_checkpoints_projection_opt_in,50,0,0,50,NOT_FLAKY
tests/test_stream_data_transformers.py::test_stream_events_v3_custom_and_values_coexist,50,0,0,50,NOT_FLAKY
tests/test_stream_data_transformers.py::test_stream_events_v3_custom_projection_opt_in,50,0,0,50,NOT_FLAKY
tests/test_stream_data_transformers.py::test_stream_events_v3_debug_projection_opt_in,50,0,0,50,NOT_FLAKY
tests/test_stream_data_transformers.py::test_stream_events_v3_tasks_projection_opt_in,50,0,0,50,NOT_FLAKY
tests/test_stream_data_transformers.py::test_stream_events_v3_updates_projection_opt_in,50,0,0,50,NOT_FLAKY
tests/test_stream_data_transformers.py::test_tasks_and_lifecycle_coregistration,50,0,0,50,NOT_FLAKY
tests/test_stream_data_transformers.py::test_tasks_and_lifecycle_coregistration_e2e,50,0,0,50,NOT_FLAKY
tests/test_stream_data_transformers.py::test_tasks_captures_root_scope_events,50,0,0,50,NOT_FLAKY
tests/test_stream_data_transformers.py::test_tasks_captures_start_and_result,50,0,0,50,NOT_FLAKY
tests/test_stream_data_transformers.py::test_tasks_does_not_suppress_from_main_log,50,0,0,50,NOT_FLAKY
tests/test_stream_data_transformers.py::test_tasks_ignores_subgraph_events,50,0,0,50,NOT_FLAKY
tests/test_stream_data_transformers.py::test_tasks_is_native,50,0,0,50,NOT_FLAKY
tests/test_stream_data_transformers.py::test_tasks_required_stream_modes,50,0,0,50,NOT_FLAKY
tests/test_stream_data_transformers.py::test_tasks_scoped_transformer,50,0,0,50,NOT_FLAKY
tests/test_stream_data_transformers.py::test_unrelated_events_ignored_by_all,50,0,0,50,NOT_FLAKY
tests/test_stream_data_transformers.py::test_updates_captures_multiple_steps,50,0,0,50,NOT_FLAKY
tests/test_stream_data_transformers.py::test_updates_captures_root_scope_events,50,0,0,50,NOT_FLAKY
tests/test_stream_data_transformers.py::test_updates_does_not_suppress_from_main_log,50,0,0,50,NOT_FLAKY
tests/test_stream_data_transformers.py::test_updates_ignores_subgraph_events,50,0,0,50,NOT_FLAKY
tests/test_stream_data_transformers.py::test_updates_is_native,50,0,0,50,NOT_FLAKY
tests/test_stream_data_transformers.py::test_updates_required_stream_modes,50,0,0,50,NOT_FLAKY
tests/test_stream_data_transformers.py::test_updates_scoped_transformer,50,0,0,50,NOT_FLAKY
tests/test_stream_events_v3.py::TestV1BackwardsCompat::test_stream_default_is_v1,50,0,0,50,NOT_FLAKY
tests/test_stream_events_v3.py::TestV1BackwardsCompat::test_stream_v1_list_mode,50,0,0,50,NOT_FLAKY
tests/test_stream_events_v3.py::TestV1BackwardsCompat::test_stream_v1_subgraphs,50,0,0,50,NOT_FLAKY
tests/test_stream_events_v3.py::TestV1BackwardsCompat::test_stream_v1_updates_mode,50,0,0,50,NOT_FLAKY
tests/test_stream_events_v3.py::TestV2Invoke::test_invoke_v2_dataclass_state,50,0,0,50,NOT_FLAKY
tests/test_stream_events_v3.py::TestV2Invoke::test_invoke_v2_graph_output_interrupt_compat,50,0,0,50,NOT_FLAKY
tests/test_stream_events_v3.py::TestV2Invoke::test_invoke_v2_graph_output_no_interrupts,50,0,0,50,NOT_FLAKY
tests/test_stream_events_v3.py::TestV2Invoke::test_invoke_v2_graph_output_with_interrupts,50,0,0,50,NOT_FLAKY
tests/test_stream_events_v3.py::TestV2Invoke::test_invoke_v2_non_values_mode_pydantic,50,0,0,50,NOT_FLAKY
tests/test_stream_events_v3.py::TestV2Invoke::test_invoke_v2_pydantic_state,50,0,0,50,NOT_FLAKY
tests/test_stream_events_v3.py::TestV2Invoke::test_multiple_modes,50,0,0,50,NOT_FLAKY
tests/test_stream_events_v3.py::TestV2Invoke::test_updates_mode,50,0,0,50,NOT_FLAKY
tests/test_stream_events_v3.py::TestV2Invoke::test_v1_default_unchanged,50,0,0,50,NOT_FLAKY
tests/test_stream_events_v3.py::TestV2Invoke::test_v1_updates_unchanged,50,0,0,50,NOT_FLAKY
tests/test_stream_events_v3.py::TestV2Invoke::test_values_default,50,0,0,50,NOT_FLAKY
tests/test_stream_events_v3.py::TestV2Stream::test_checkpoints,50,0,0,50,NOT_FLAKY
tests/test_stream_events_v3.py::TestV2Stream::test_custom,50,0,0,50,NOT_FLAKY
tests/test_stream_events_v3.py::TestV2Stream::test_debug,50,0,0,50,NOT_FLAKY
tests/test_stream_events_v3.py::TestV2Stream::test_messages,50,0,0,50,NOT_FLAKY
tests/test_stream_events_v3.py::TestV2Stream::test_multiple_modes,50,0,0,50,NOT_FLAKY
tests/test_stream_events_v3.py::TestV2Stream::test_stream_events_v3_accepts_control_for_drain,50,0,0,50,NOT_FLAKY
tests/test_stream_events_v3.py::TestV2Stream::test_subgraphs_ns,50,0,0,50,NOT_FLAKY
tests/test_stream_events_v3.py::TestV2Stream::test_subgraphs_param_does_not_change_format,50,0,0,50,NOT_FLAKY
tests/test_stream_events_v3.py::TestV2Stream::test_tasks,50,0,0,50,NOT_FLAKY
tests/test_stream_events_v3.py::TestV2Stream::test_updates,50,0,0,50,NOT_FLAKY
tests/test_stream_events_v3.py::TestV2Stream::test_values,50,0,0,50,NOT_FLAKY
tests/test_stream_events_v3.py::TestV2TypeSafeStreaming::test_checkpoints_pydantic_state,50,0,0,50,NOT_FLAKY
tests/test_stream_events_v3.py::TestV2TypeSafeStreaming::test_debug_pydantic_state,50,0,0,50,NOT_FLAKY
tests/test_stream_events_v3.py::TestV2TypeSafeStreaming::test_subgraph_different_pydantic_schema,50,0,0,50,NOT_FLAKY
tests/test_stream_events_v3.py::TestV2TypeSafeStreaming::test_values_dataclass_state,50,0,0,50,NOT_FLAKY
tests/test_stream_events_v3.py::TestV2TypeSafeStreaming::test_values_interrupt_v1_compat,50,0,0,50,NOT_FLAKY
tests/test_stream_events_v3.py::TestV2TypeSafeStreaming::test_values_interrupt_v2,50,0,0,50,NOT_FLAKY
tests/test_stream_events_v3.py::TestV2TypeSafeStreaming::test_values_pydantic_interrupt,50,0,0,50,NOT_FLAKY
tests/test_stream_events_v3.py::TestV2TypeSafeStreaming::test_values_pydantic_state,50,0,0,50,NOT_FLAKY
tests/test_stream_events_v3.py::TestV2TypeSafeStreaming::test_values_typeddict_state,50,0,0,50,NOT_FLAKY
tests/test_stream_events_v3.py::TestV2ValidationErrors::test_invoke_v1_pydantic_validation_error,50,0,0,50,NOT_FLAKY
tests/test_stream_events_v3.py::TestV2ValidationErrors::test_invoke_v2_pydantic_validation_error,50,0,0,50,NOT_FLAKY
tests/test_stream_events_v3.py::TestV2ValidationErrors::test_stream_events_v3_pydantic_validation_error,50,0,0,50,NOT_FLAKY
tests/test_stream_events_v3.py::test_getattr_fallback_does_not_recurse_before_init,50,0,0,50,NOT_FLAKY
tests/test_stream_events_v3.py::test_undeclared_native_projection_is_attached,50,0,0,50,NOT_FLAKY
tests/test_stream_events_v3.py::test_unregistered_projection_raises_attribute_error,50,0,0,50,NOT_FLAKY
tests/test_stream_events_v3_e2e.py::TestStreamV2E2ECombined::test_interleave_all_native_projections,50,0,0,50,NOT_FLAKY
tests/test_stream_events_v3_e2e.py::TestStreamV2E2ECombined::test_lifecycle_matches_subgraph_handles,50,0,0,50,NOT_FLAKY
tests/test_stream_events_v3_e2e.py::TestStreamV2E2ECombined::test_multiple_custom_transformers,50,0,0,50,NOT_FLAKY
tests/test_stream_events_v3_e2e.py::TestStreamV2E2ECombined::test_two_sibling_subgraphs_both_discoverable,50,0,0,50,NOT_FLAKY
tests/test_stream_events_v3_e2e.py::TestStreamV2E2ECombined::test_values_plus_messages_plus_custom,50,0,0,50,NOT_FLAKY
tests/test_stream_events_v3_e2e.py::TestStreamV2E2ECustom::test_custom_channel_events_on_main_log,50,0,0,50,NOT_FLAKY
tests/test_stream_events_v3_e2e.py::TestStreamV2E2ECustom::test_custom_events_suppressed_without_transformer,50,0,0,50,NOT_FLAKY
tests/test_stream_events_v3_e2e.py::TestStreamV2E2ECustom::test_custom_events_with_passthrough_transformer,50,0,0,50,NOT_FLAKY
tests/test_stream_events_v3_e2e.py::TestStreamV2E2ECustom::test_custom_transformer_with_stream_channel,50,0,0,50,NOT_FLAKY
tests/test_stream_events_v3_e2e.py::TestStreamV2E2EErrors::test_error_subgraph_handle_status,50,0,0,50,NOT_FLAKY
tests/test_stream_events_v3_e2e.py::TestStreamV2E2EErrors::test_subgraph_error_propagates_through_output,50,0,0,50,NOT_FLAKY
tests/test_stream_events_v3_e2e.py::TestStreamV2E2EErrors::test_subgraph_error_propagates_through_raw_events,50,0,0,50,NOT_FLAKY
tests/test_stream_events_v3_e2e.py::TestStreamV2E2EInterrupt::test_interrupt_sets_flags_and_surfaces_interrupts,50,0,0,50,NOT_FLAKY
tests/test_stream_events_v3_e2e.py::TestStreamV2E2EInterrupt::test_interrupt_values_snapshot_has_partial_state,50,0,0,50,NOT_FLAKY
tests/test_stream_events_v3_e2e.py::TestStreamV2E2EMessages::test_messages_from_whole_ai_message,50,0,0,50,NOT_FLAKY
tests/test_stream_events_v3_e2e.py::TestStreamV2E2EMessages::test_messages_projection_from_invoke,50,0,0,50,NOT_FLAKY
tests/test_stream_events_v3_e2e.py::TestStreamV2E2EMessages::test_messages_text_deltas,50,0,0,50,NOT_FLAKY
tests/test_stream_events_v3_e2e.py::TestStreamV2E2EMessages::test_root_messages_only_shows_root_scope,50,0,0,50,NOT_FLAKY
tests/test_stream_events_v3_e2e.py::TestStreamV2E2EMessages::test_subgraph_handle_messages_drill_down,50,0,0,50,NOT_FLAKY
tests/test_stream_events_v3_e2e.py::TestStreamV2E2ESync::test_all_projections_nested_graph,50,0,0,50,NOT_FLAKY
tests/test_stream_events_v3_e2e.py::TestStreamV2E2ESync::test_context_manager_and_abort,50,0,0,50,NOT_FLAKY
tests/test_stream_events_v3_e2e.py::TestStreamV2E2ESync::test_extensions_has_all_native_keys,50,0,0,50,NOT_FLAKY
tests/test_stream_events_v3_e2e.py::TestStreamV2E2ESync::test_output_matches_final_values_snapshot,50,0,0,50,NOT_FLAKY
tests/test_stream_events_v3_e2e.py::TestStreamV2E2ESync::test_raw_events_have_monotonic_seq,50,0,0,50,NOT_FLAKY
tests/test_stream_events_v3_e2e.py::TestStreamV2E2ESync::test_subgraph_handles_with_drill_down,50,0,0,50,NOT_FLAKY
tests/test_stream_events_v3_kwarg_forwarding.py::TestKwargForwardingSync::test_context_reaches_node,50,0,0,50,NOT_FLAKY
tests/test_stream_events_v3_kwarg_forwarding.py::TestKwargForwardingSync::test_rejects_stream_mode,50,0,0,50,NOT_FLAKY
tests/test_stream_events_v3_kwarg_forwarding.py::TestKwargForwardingSync::test_rejects_subgraphs,50,0,0,50,NOT_FLAKY
tests/test_stream_lifecycle_transformer.py::test_completed_on_parent_task_result,50,0,0,50,NOT_FLAKY
tests/test_stream_lifecycle_transformer.py::test_empty_metadata_dict_falls_through,50,0,0,50,NOT_FLAKY
tests/test_stream_lifecycle_transformer.py::test_fail_emits_failed_for_other_exceptions,50,0,0,50,NOT_FLAKY
tests/test_stream_lifecycle_transformer.py::test_fail_emits_interrupted_for_graph_interrupt,50,0,0,50,NOT_FLAKY
tests/test_stream_lifecycle_transformer.py::test_failed_on_parent_task_result_with_error,50,0,0,50,NOT_FLAKY
tests/test_stream_lifecycle_transformer.py::test_finalize_completes_open_subgraphs,50,0,0,50,NOT_FLAKY
tests/test_stream_lifecycle_transformer.py::test_grandchild_namespace_discovered,50,0,0,50,NOT_FLAKY
tests/test_stream_lifecycle_transformer.py::test_interrupt_takes_precedence_over_error,50,0,0,50,NOT_FLAKY
tests/test_stream_lifecycle_transformer.py::test_interrupted_on_parent_task_result_with_interrupts,50,0,0,50,NOT_FLAKY
tests/test_stream_lifecycle_transformer.py::test_lifecycle_same_name_nested_run_is_surfaced,50,0,0,50,NOT_FLAKY
tests/test_stream_lifecycle_transformer.py::test_lifecycle_subagent_cause_from_legacy_list_input,50,0,0,50,NOT_FLAKY
tests/test_stream_lifecycle_transformer.py::test_lifecycle_subagent_terminal_roundtrip,50,0,0,50,NOT_FLAKY
tests/test_stream_lifecycle_transformer.py::test_lifecycle_unnamed_nested_agent_is_not_subagent,50,0,0,50,NOT_FLAKY
tests/test_stream_lifecycle_transformer.py::test_lifecycle_uses_lc_agent_name_for_subagent,50,0,0,50,NOT_FLAKY
tests/test_stream_lifecycle_transformer.py::test_nested_chain_emits_completed_at_each_depth,50,0,0,50,NOT_FLAKY
tests/test_stream_lifecycle_transformer.py::test_nested_chain_emits_started_at_each_depth,50,0,0,50,NOT_FLAKY
tests/test_stream_lifecycle_transformer.py::test_no_metadata_falls_through_to_existing_behavior,50,0,0,50,NOT_FLAKY
tests/test_stream_lifecycle_transformer.py::test_on_started_override_without_cause_is_backward_compatible,50,0,0,50,NOT_FLAKY
tests/test_stream_lifecycle_transformer.py::test_protocol_event_method_is_native,50,0,0,50,NOT_FLAKY
tests/test_stream_lifecycle_transformer.py::test_required_stream_modes_declared,50,0,0,50,NOT_FLAKY
tests/test_stream_lifecycle_transformer.py::test_scoped_transformer_filters_outside_scope_but_tracks_all_depths,50,0,0,50,NOT_FLAKY
tests/test_stream_lifecycle_transformer.py::test_started_dedup_on_repeat_namespace,50,0,0,50,NOT_FLAKY
tests/test_stream_lifecycle_transformer.py::test_started_emitted_on_first_direct_child_task,50,0,0,50,NOT_FLAKY
tests/test_stream_lifecycle_transformer.py::test_stream_events_v3_real_graph_emits_lifecycle_at_each_depth,50,0,0,50,NOT_FLAKY
tests/test_stream_lifecycle_transformer.py::test_stream_events_v3_with_nested_parent_ns_scopes_lifecycle,50,0,0,50,NOT_FLAKY
tests/test_stream_lifecycle_transformer.py::test_tasks_events_suppressed_from_main_log,50,0,0,50,NOT_FLAKY
tests/test_stream_lifecycle_transformer.py::test_unrelated_methods_pass_through,50,0,0,50,NOT_FLAKY
tests/test_stream_messages_transformer.py::TestDirectMessagesModeStaysV1::test_direct_graph_stream_messages_yields_ai_message_chunks,50,0,0,50,NOT_FLAKY
tests/test_stream_messages_transformer.py::TestDirectMessagesModeStaysV1::test_nested_graph_stream_messages_stays_v1_under_outer_stream_events_v3,50,0,0,50,NOT_FLAKY
tests/test_stream_messages_transformer.py::TestEndToEnd::test_node_calling_stream_v2_populates_messages,50,0,0,50,NOT_FLAKY
tests/test_stream_messages_transformer.py::TestEndToEnd::test_node_stream_v2_text_deltas_iterate,50,0,0,50,NOT_FLAKY
tests/test_stream_messages_transformer.py::TestEndToEnd::test_non_llm_message_returned_from_node,50,0,0,50,NOT_FLAKY
tests/test_stream_messages_transformer.py::TestEndToEndV2Invoke::test_ainvoke_populates_messages,50,0,0,50,NOT_FLAKY
tests/test_stream_messages_transformer.py::TestEndToEndV2Invoke::test_invoke_emits_protocol_events,50,0,0,50,NOT_FLAKY
tests/test_stream_messages_transformer.py::TestEndToEndV2Invoke::test_invoke_plus_constructed_message_two_streams,50,0,0,50,NOT_FLAKY
tests/test_stream_messages_transformer.py::TestEndToEndV2Invoke::test_invoke_populates_messages,50,0,0,50,NOT_FLAKY
tests/test_stream_messages_transformer.py::TestEndToEndV2Invoke::test_invoke_text_deltas_iterate,50,0,0,50,NOT_FLAKY
tests/test_stream_messages_transformer.py::TestEndToEndV2Invoke::test_invoke_two_nodes_two_streams,50,0,0,50,NOT_FLAKY
tests/test_stream_messages_transformer.py::TestFiltering::test_legacy_v1_chunks_ignored,50,0,0,50,NOT_FLAKY
tests/test_stream_messages_transformer.py::TestFiltering::test_non_messages_events_pass_through,50,0,0,50,NOT_FLAKY
tests/test_stream_messages_transformer.py::TestFiltering::test_subgraph_namespace_dropped,50,0,0,50,NOT_FLAKY
tests/test_stream_messages_transformer.py::TestLifecycle::test_fail_propagates_to_open_streams,50,0,0,50,NOT_FLAKY
tests/test_stream_messages_transformer.py::TestLifecycle::test_finalize_clears_routing_state,50,0,0,50,NOT_FLAKY
tests/test_stream_messages_transformer.py::TestProtocolEventRouting::test_events_without_prior_start_are_ignored,50,0,0,50,NOT_FLAKY
tests/test_stream_messages_transformer.py::TestProtocolEventRouting::test_full_lifecycle_yields_done_stream,50,0,0,50,NOT_FLAKY
tests/test_stream_messages_transformer.py::TestProtocolEventRouting::test_message_finish_cleans_up_routing,50,0,0,50,NOT_FLAKY
tests/test_stream_messages_transformer.py::TestProtocolEventRouting::test_message_start_creates_stream,50,0,0,50,NOT_FLAKY
tests/test_stream_messages_transformer.py::TestProtocolEventRouting::test_node_metadata_set_on_stream,50,0,0,50,NOT_FLAKY
tests/test_stream_messages_transformer.py::TestProtocolEventRouting::test_stream_pushed_on_message_start_not_finish,50,0,0,50,NOT_FLAKY
tests/test_stream_messages_transformer.py::TestProtocolEventRouting::test_text_deltas_accumulated_on_stream,50,0,0,50,NOT_FLAKY
tests/test_stream_messages_transformer.py::TestProtocolEventRouting::test_tool_role_protocol_events_are_ignored,50,0,0,50,NOT_FLAKY
tests/test_stream_messages_transformer.py::TestStreamMessagesHandlerV2Unit::test_on_chain_end_does_not_emit_tool_messages,50,0,0,50,NOT_FLAKY
tests/test_stream_messages_transformer.py::TestStreamMessagesHandlerV2Unit::test_on_llm_end_dedupes_when_final_message_id_differs,50,0,0,50,NOT_FLAKY
tests/test_stream_messages_transformer.py::TestStreamMessagesHandlerV2Unit::test_on_llm_new_token_is_noop,50,0,0,50,NOT_FLAKY
tests/test_stream_messages_transformer.py::TestViaMux::test_streaming_via_mux,50,0,0,50,NOT_FLAKY
tests/test_stream_messages_transformer.py::TestViaMux::test_whole_message_via_mux,50,0,0,50,NOT_FLAKY
tests/test_stream_messages_transformer.py::TestWholeMessageFallback::test_whole_ai_message_produces_complete_stream,50,0,0,50,NOT_FLAKY
tests/test_stream_messages_transformer.py::TestWholeMessageFallback::test_whole_message_has_full_lifecycle,50,0,0,50,NOT_FLAKY
tests/test_stream_messages_transformer.py::TestWholeMessageFallback::test_whole_tool_message_is_ignored,50,0,0,50,NOT_FLAKY
tests/test_stream_messages_transformer.py::TestWireRequestMore::test_bind_pump_called_on_wire,50,0,0,50,NOT_FLAKY
tests/test_stream_messages_transformer.py::TestWireRequestMore::test_created_streams_have_request_more,50,0,0,50,NOT_FLAKY
tests/test_stream_subgraph_transformer.py::test_aborted_subgraph_handle_does_not_fail_parent_forwarding,50,0,0,50,NOT_FLAKY
tests/test_stream_subgraph_transformer.py::test_child_finalize_errors_propagate_to_sync_run,50,0,0,50,NOT_FLAKY
tests/test_stream_subgraph_transformer.py::test_child_forwarding_errors_fail_sync_run,50,0,0,50,NOT_FLAKY
tests/test_stream_subgraph_transformer.py::test_child_forwarding_reuses_event_without_assigning_seq,50,0,0,50,NOT_FLAKY
tests/test_stream_subgraph_transformer.py::test_child_mux_requires_factories,50,0,0,50,NOT_FLAKY
tests/test_stream_subgraph_transformer.py::test_fail_marks_open_handles_failed_for_other_errors,50,0,0,50,NOT_FLAKY
tests/test_stream_subgraph_transformer.py::test_fail_marks_open_handles_interrupted_for_graph_interrupt,50,0,0,50,NOT_FLAKY
tests/test_stream_subgraph_transformer.py::test_failed_subgraph_output_raises_terminal_error,50,0,0,50,NOT_FLAKY
tests/test_stream_subgraph_transformer.py::test_finalize_completes_open_handles,50,0,0,50,NOT_FLAKY
tests/test_stream_subgraph_transformer.py::test_grandchild_discovered_via_child_mini_mux,50,0,0,50,NOT_FLAKY
tests/test_stream_subgraph_transformer.py::test_handle_created_on_first_direct_child_task,50,0,0,50,NOT_FLAKY
tests/test_stream_subgraph_transformer.py::test_handle_status_completes_on_parent_result,50,0,0,50,NOT_FLAKY
tests/test_stream_subgraph_transformer.py::test_handle_status_failed_with_error,50,0,0,50,NOT_FLAKY
tests/test_stream_subgraph_transformer.py::test_handle_status_interrupted,50,0,0,50,NOT_FLAKY
tests/test_stream_subgraph_transformer.py::test_normalize_transformer_factories_rejects_instances,50,0,0,50,NOT_FLAKY
tests/test_stream_subgraph_transformer.py::test_normalize_transformer_factories_supports_configured_factories,50,0,0,50,NOT_FLAKY
tests/test_stream_subgraph_transformer.py::test_normalize_transformer_factories_supports_scoped_classes,50,0,0,50,NOT_FLAKY
tests/test_stream_subgraph_transformer.py::test_required_stream_modes_declared,50,0,0,50,NOT_FLAKY
tests/test_stream_subgraph_transformer.py::test_stream_events_v3_grandchild_visible_on_child_handle,50,0,0,50,NOT_FLAKY
tests/test_stream_subgraph_transformer.py::test_stream_events_v3_real_graph_yields_subgraph_handles,50,0,0,50,NOT_FLAKY
tests/test_stream_subgraph_transformer.py::test_subgraph_and_lifecycle_agree_on_terminal_status,50,0,0,50,NOT_FLAKY
tests/test_stream_subgraph_transformer.py::test_subgraph_output_stops_at_own_terminal_without_draining_siblings,50,0,0,50,NOT_FLAKY
tests/test_stream_subgraph_transformer.py::test_tasks_events_suppressed_from_main_log,50,0,0,50,NOT_FLAKY
tests/test_tool_stream_handler.py::TestSubgraphNamespacePropagation::test_tool_inside_subgraph_emits_with_subgraph_ns,50,0,0,50,NOT_FLAKY
tests/test_tool_stream_handler.py::TestSyncGraphSyncTool::test_emit_output_delta_produces_delta_events,50,0,0,50,NOT_FLAKY
tests/test_tool_stream_handler.py::TestSyncGraphSyncTool::test_no_events_without_tools_mode,50,0,0,50,NOT_FLAKY
tests/test_tool_stream_handler.py::TestSyncGraphSyncTool::test_started_finished_cycle,50,0,0,50,NOT_FLAKY
tests/test_tool_stream_handler.py::TestSyncGraphSyncTool::test_tool_error_event,50,0,0,50,NOT_FLAKY
tests/test_tool_stream_handler.py::TestSyncGraphSyncTool::test_writer_unset_outside_tool,50,0,0,50,NOT_FLAKY
tests/test_delta_channel_exit_mode.py::test_exit_delta_task_id_is_valid_uuid_and_ordered,50,0,0,50,NOT_FLAKY
tests/test_interleave_arrival_order.py::TestInterleaveArrivalOrder::test_all_empty,50,0,0,50,NOT_FLAKY
tests/test_interleave_arrival_order.py::TestInterleaveArrivalOrder::test_arrival_order_not_round_robin,50,0,0,50,NOT_FLAKY
tests/test_interleave_arrival_order.py::TestInterleaveArrivalOrder::test_empty_projection,50,0,0,50,NOT_FLAKY
tests/test_interleave_arrival_order.py::TestInterleaveArrivalOrder::test_error_propagation,50,0,0,50,NOT_FLAKY
tests/test_interleave_arrival_order.py::TestInterleaveArrivalOrder::test_single_projection,50,0,0,50,NOT_FLAKY
tests/test_interleave_arrival_order.py::TestInterleaveArrivalOrder::test_unknown_projection_raises,50,0,0,50,NOT_FLAKY
tests/test_interleave_arrival_order.py::TestInterleaveIntegration::test_interleave_rejects_already_subscribed,50,0,0,50,NOT_FLAKY
tests/test_interleave_arrival_order.py::TestInterleaveIntegration::test_interleave_releases_projections_on_completion,50,0,0,50,NOT_FLAKY
tests/test_interleave_arrival_order.py::TestInterleaveIntegration::test_interleave_releases_projections_on_early_break,50,0,0,50,NOT_FLAKY
tests/test_interleave_arrival_order.py::TestInterleaveIntegration::test_interleave_releases_projections_on_validation_failure,50,0,0,50,NOT_FLAKY
tests/test_interleave_arrival_order.py::TestInterleaveIntegration::test_interleave_values_and_messages,50,0,0,50,NOT_FLAKY
tests/test_interleave_arrival_order.py::TestPushStamps::test_channel_without_mux_gets_zero_stamp,50,0,0,50,NOT_FLAKY
tests/test_interleave_arrival_order.py::TestPushStamps::test_events_channel_gets_real_stamps,50,0,0,50,NOT_FLAKY
tests/test_interleave_arrival_order.py::TestPushStamps::test_regular_iter_strips_stamps,50,0,0,50,NOT_FLAKY
tests/test_interleave_arrival_order.py::TestPushStamps::test_stamps_are_monotonic_across_channels,50,0,0,50,NOT_FLAKY
tests/test_remote_graph_v3.py::test_sync_interleave_delegates_to_interleave_projections,50,0,0,50,NOT_FLAKY
tests/test_utils.py::test_ensure_config_tags_concat_preserves_order_and_duplicates,50,0,0,50,NOT_FLAKY
tests/test_deprecation.py::test_add_node_retry_arg,50,0,0,50,NOT_FLAKY
tests/test_deprecation.py::test_entrypoint_retry_arg,50,0,0,50,NOT_FLAKY
tests/test_deprecation.py::test_graph_output_getitem_interrupt_deprecation,50,0,0,50,NOT_FLAKY
tests/test_deprecation.py::test_interrupt_attributes_deprecation,50,0,0,50,NOT_FLAKY
tests/test_deprecation.py::test_node_interrupt_deprecation,50,0,0,50,NOT_FLAKY
tests/test_deprecation.py::test_task_retry_arg,50,0,0,50,NOT_FLAKY
tests/test_graph_callbacks.py::test_graph_callbacks_continue_when_interrupt_handler_raises_sync,50,0,0,50,NOT_FLAKY
tests/test_graph_callbacks.py::test_graph_callbacks_interrupt_and_resume_sync,50,0,0,50,NOT_FLAKY
tests/test_interrupt_migration.py::test_interrupt_legacy_ns,50,0,0,50,NOT_FLAKY
tests/test_interrupt_migration.py::test_serialization_roundtrip,50,0,0,50,NOT_FLAKY
tests/test_interrupt_migration.py::test_serialization_roundtrip_complex_ns,50,0,0,50,NOT_FLAKY
tests/test_interruption.py::test_interruption_without_state_updates[memory-exit],50,0,0,50,NOT_FLAKY
tests/test_interruption.py::test_interruption_without_state_updates[memory-sync],50,0,0,50,NOT_FLAKY
tests/test_interruption.py::test_interruption_without_state_updates[sqlite-exit],50,0,0,50,NOT_FLAKY
tests/test_interruption.py::test_interruption_without_state_updates[sqlite-sync],50,0,0,50,NOT_FLAKY
tests/test_interruption.py::test_interruption_without_state_updates[sqlite_aes-exit],50,0,0,50,NOT_FLAKY
tests/test_interruption.py::test_interruption_without_state_updates[sqlite_aes-sync],50,0,0,50,NOT_FLAKY
tests/test_large_cases.py::test_dynamic_interrupt[memory],50,0,0,50,NOT_FLAKY
tests/test_large_cases.py::test_dynamic_interrupt[sqlite],50,0,0,50,NOT_FLAKY
tests/test_large_cases.py::test_dynamic_interrupt[sqlite_aes],50,0,0,50,NOT_FLAKY
tests/test_large_cases.py::test_dynamic_interrupt_subgraph[memory],50,0,0,50,NOT_FLAKY
tests/test_large_cases.py::test_dynamic_interrupt_subgraph[sqlite],50,0,0,50,NOT_FLAKY
tests/test_large_cases.py::test_dynamic_interrupt_subgraph[sqlite_aes],50,0,0,50,NOT_FLAKY
tests/test_large_cases.py::test_invoke_two_processes_in_out_interrupt[memory],50,0,0,50,NOT_FLAKY
tests/test_large_cases.py::test_invoke_two_processes_in_out_interrupt[sqlite],50,0,0,50,NOT_FLAKY
tests/test_large_cases.py::test_invoke_two_processes_in_out_interrupt[sqlite_aes],50,0,0,50,NOT_FLAKY
tests/test_large_cases.py::test_send_react_interrupt[memory],50,0,0,50,NOT_FLAKY
tests/test_large_cases.py::test_send_react_interrupt[sqlite],50,0,0,50,NOT_FLAKY
tests/test_large_cases.py::test_send_react_interrupt[sqlite_aes],50,0,0,50,NOT_FLAKY
tests/test_large_cases.py::test_send_react_interrupt_control[memory],50,0,0,50,NOT_FLAKY
tests/test_large_cases.py::test_send_react_interrupt_control[sqlite],50,0,0,50,NOT_FLAKY
tests/test_large_cases.py::test_send_react_interrupt_control[sqlite_aes],50,0,0,50,NOT_FLAKY
tests/test_pregel.py::test_debug_retry[memory],50,0,0,50,NOT_FLAKY
tests/test_pregel.py::test_debug_retry[sqlite],50,0,0,50,NOT_FLAKY
tests/test_pregel.py::test_debug_retry[sqlite_aes],50,0,0,50,NOT_FLAKY
tests/test_pregel.py::test_double_interrupt_subgraph[memory],50,0,0,50,NOT_FLAKY
tests/test_pregel.py::test_double_interrupt_subgraph[sqlite],50,0,0,50,NOT_FLAKY
tests/test_pregel.py::test_double_interrupt_subgraph[sqlite_aes],50,0,0,50,NOT_FLAKY
tests/test_pregel.py::test_doubly_nested_graph_interrupts[memory-exit],50,0,0,50,NOT_FLAKY
tests/test_pregel.py::test_doubly_nested_graph_interrupts[memory-sync],50,0,0,50,NOT_FLAKY
tests/test_pregel.py::test_doubly_nested_graph_interrupts[sqlite-exit],50,0,0,50,NOT_FLAKY
tests/test_pregel.py::test_doubly_nested_graph_interrupts[sqlite-sync],50,0,0,50,NOT_FLAKY
tests/test_pregel.py::test_doubly_nested_graph_interrupts[sqlite_aes-exit],50,0,0,50,NOT_FLAKY
tests/test_pregel.py::test_doubly_nested_graph_interrupts[sqlite_aes-sync],50,0,0,50,NOT_FLAKY
tests/test_pregel.py::test_in_one_fan_out_state_graph_defer_node[memory-False],50,0,0,50,NOT_FLAKY
tests/test_pregel.py::test_in_one_fan_out_state_graph_defer_node[memory-True],50,0,0,50,NOT_FLAKY
tests/test_pregel.py::test_in_one_fan_out_state_graph_defer_node[sqlite-False],50,0,0,50,NOT_FLAKY
tests/test_pregel.py::test_in_one_fan_out_state_graph_defer_node[sqlite-True],50,0,0,50,NOT_FLAKY
tests/test_pregel.py::test_in_one_fan_out_state_graph_defer_node[sqlite_aes-False],50,0,0,50,NOT_FLAKY
tests/test_pregel.py::test_in_one_fan_out_state_graph_defer_node[sqlite_aes-True],50,0,0,50,NOT_FLAKY
tests/test_pregel.py::test_interrupt_functional[memory],50,0,0,50,NOT_FLAKY
tests/test_pregel.py::test_interrupt_functional[sqlite],50,0,0,50,NOT_FLAKY
tests/test_pregel.py::test_interrupt_functional[sqlite_aes],50,0,0,50,NOT_FLAKY
tests/test_pregel.py::test_interrupt_loop[memory],50,0,0,50,NOT_FLAKY
tests/test_pregel.py::test_interrupt_loop[sqlite],50,0,0,50,NOT_FLAKY
tests/test_pregel.py::test_interrupt_loop[sqlite_aes],50,0,0,50,NOT_FLAKY
tests/test_pregel.py::test_interrupt_multiple[memory-map],50,0,0,50,NOT_FLAKY
tests/test_pregel.py::test_interrupt_multiple[memory-null],50,0,0,50,NOT_FLAKY
tests/test_pregel.py::test_interrupt_multiple[sqlite-map],50,0,0,50,NOT_FLAKY
tests/test_pregel.py::test_interrupt_multiple[sqlite-null],50,0,0,50,NOT_FLAKY
tests/test_pregel.py::test_interrupt_multiple[sqlite_aes-map],50,0,0,50,NOT_FLAKY
tests/test_pregel.py::test_interrupt_multiple[sqlite_aes-null],50,0,0,50,NOT_FLAKY
tests/test_pregel.py::test_interrupt_subgraph[memory],50,0,0,50,NOT_FLAKY
tests/test_pregel.py::test_interrupt_subgraph[sqlite],50,0,0,50,NOT_FLAKY
tests/test_pregel.py::test_interrupt_subgraph[sqlite_aes],50,0,0,50,NOT_FLAKY
tests/test_pregel.py::test_interrupt_subgraph_reenter_checkpointer_true[memory],50,0,0,50,NOT_FLAKY
tests/test_pregel.py::test_interrupt_subgraph_reenter_checkpointer_true[sqlite],50,0,0,50,NOT_FLAKY
tests/test_pregel.py::test_interrupt_subgraph_reenter_checkpointer_true[sqlite_aes],50,0,0,50,NOT_FLAKY
tests/test_pregel.py::test_interrupt_task_functional[memory],50,0,0,50,NOT_FLAKY
tests/test_pregel.py::test_interrupt_task_functional[sqlite],50,0,0,50,NOT_FLAKY
tests/test_pregel.py::test_interrupt_task_functional[sqlite_aes],50,0,0,50,NOT_FLAKY
tests/test_pregel.py::test_multiple_interrupt_state_persistence[memory],50,0,0,50,NOT_FLAKY
tests/test_pregel.py::test_multiple_interrupt_state_persistence[sqlite],50,0,0,50,NOT_FLAKY
tests/test_pregel.py::test_multiple_interrupt_state_persistence[sqlite_aes],50,0,0,50,NOT_FLAKY
tests/test_pregel.py::test_multiple_interrupts_functional[memory],50,0,0,50,NOT_FLAKY
tests/test_pregel.py::test_multiple_interrupts_functional[sqlite],50,0,0,50,NOT_FLAKY
tests/test_pregel.py::test_multiple_interrupts_functional[sqlite_aes],50,0,0,50,NOT_FLAKY
tests/test_pregel.py::test_multiple_interrupts_functional_cache[memory-memory],50,0,0,50,NOT_FLAKY
tests/test_pregel.py::test_multiple_interrupts_functional_cache[memory-sqlite],50,0,0,50,NOT_FLAKY
tests/test_pregel.py::test_multiple_interrupts_functional_cache[sqlite-memory],50,0,0,50,NOT_FLAKY
tests/test_pregel.py::test_multiple_interrupts_functional_cache[sqlite-sqlite],50,0,0,50,NOT_FLAKY
tests/test_pregel.py::test_multiple_interrupts_functional_cache[sqlite_aes-memory],50,0,0,50,NOT_FLAKY
tests/test_pregel.py::test_multiple_interrupts_functional_cache[sqlite_aes-sqlite],50,0,0,50,NOT_FLAKY
tests/test_pregel.py::test_multiple_nodes_before_interrupt_resume_graph_api[memory],50,0,0,50,NOT_FLAKY
tests/test_pregel.py::test_multiple_nodes_before_interrupt_resume_graph_api[sqlite],50,0,0,50,NOT_FLAKY
tests/test_pregel.py::test_multiple_nodes_before_interrupt_resume_graph_api[sqlite_aes],50,0,0,50,NOT_FLAKY
tests/test_pregel.py::test_multiple_tasks_before_interrupt_resume[memory],50,0,0,50,NOT_FLAKY
tests/test_pregel.py::test_multiple_tasks_before_interrupt_resume[sqlite],50,0,0,50,NOT_FLAKY
tests/test_pregel.py::test_multiple_tasks_before_interrupt_resume[sqlite_aes],50,0,0,50,NOT_FLAKY
tests/test_pregel.py::test_node_before_interrupt_resume_graph_api[memory],50,0,0,50,NOT_FLAKY
tests/test_pregel.py::test_node_before_interrupt_resume_graph_api[sqlite],50,0,0,50,NOT_FLAKY
tests/test_pregel.py::test_node_before_interrupt_resume_graph_api[sqlite_aes],50,0,0,50,NOT_FLAKY
tests/test_pregel.py::test_node_before_multiple_interrupt_cycles_graph_api[memory],50,0,0,50,NOT_FLAKY
tests/test_pregel.py::test_node_before_multiple_interrupt_cycles_graph_api[sqlite],50,0,0,50,NOT_FLAKY
tests/test_pregel.py::test_node_before_multiple_interrupt_cycles_graph_api[sqlite_aes],50,0,0,50,NOT_FLAKY
tests/test_pregel.py::test_null_resume_disallowed_with_multiple_interrupts[memory],50,0,0,50,NOT_FLAKY
tests/test_pregel.py::test_null_resume_disallowed_with_multiple_interrupts[sqlite],50,0,0,50,NOT_FLAKY
tests/test_pregel.py::test_null_resume_disallowed_with_multiple_interrupts[sqlite_aes],50,0,0,50,NOT_FLAKY
tests/test_pregel.py::test_subgraph_checkpoint_true_interrupt[memory-exit],50,0,0,50,NOT_FLAKY
tests/test_pregel.py::test_subgraph_checkpoint_true_interrupt[memory-sync],50,0,0,50,NOT_FLAKY
tests/test_pregel.py::test_subgraph_checkpoint_true_interrupt[sqlite-exit],50,0,0,50,NOT_FLAKY
tests/test_pregel.py::test_subgraph_checkpoint_true_interrupt[sqlite-sync],50,0,0,50,NOT_FLAKY
tests/test_pregel.py::test_subgraph_checkpoint_true_interrupt[sqlite_aes-exit],50,0,0,50,NOT_FLAKY
tests/test_pregel.py::test_subgraph_checkpoint_true_interrupt[sqlite_aes-sync],50,0,0,50,NOT_FLAKY
tests/test_pregel.py::test_task_before_interrupt_resume[memory],50,0,0,50,NOT_FLAKY
tests/test_pregel.py::test_task_before_interrupt_resume[sqlite],50,0,0,50,NOT_FLAKY
tests/test_pregel.py::test_task_before_interrupt_resume[sqlite_aes],50,0,0,50,NOT_FLAKY
tests/test_pregel.py::test_timeout_with_parent_command[memory-False],50,0,0,50,NOT_FLAKY
tests/test_pregel.py::test_timeout_with_parent_command[memory-True],50,0,0,50,NOT_FLAKY
tests/test_pregel.py::test_timeout_with_parent_command[sqlite-False],50,0,0,50,NOT_FLAKY
tests/test_pregel.py::test_timeout_with_parent_command[sqlite-True],50,0,0,50,NOT_FLAKY
tests/test_pregel.py::test_timeout_with_parent_command[sqlite_aes-False],50,0,0,50,NOT_FLAKY
tests/test_pregel.py::test_timeout_with_parent_command[sqlite_aes-True],50,0,0,50,NOT_FLAKY
tests/test_pydantic.py::test_interrupt_functional_pydantic[memory],50,0,0,50,NOT_FLAKY
tests/test_pydantic.py::test_interrupt_functional_pydantic[sqlite],50,0,0,50,NOT_FLAKY
tests/test_pydantic.py::test_interrupt_functional_pydantic[sqlite_aes],50,0,0,50,NOT_FLAKY
tests/test_remote_graph_v3.py::test_output_interrupted_interrupts_passthrough,50,0,0,50,NOT_FLAKY
tests/test_remote_graph_v3.py::test_reject_v3_unsupported_raises_per_kwarg[interrupt_after-kwarg_value3],50,0,0,50,NOT_FLAKY
tests/test_remote_graph_v3.py::test_reject_v3_unsupported_raises_per_kwarg[interrupt_before-kwarg_value2],50,0,0,50,NOT_FLAKY
tests/test_retry.py::test_arun_with_retry_does_not_swallow_proc_node_timeout,50,0,0,50,NOT_FLAKY
tests/test_retry.py::test_arun_with_retry_external_cancel_propagates_as_cancelled,50,0,0,50,NOT_FLAKY
tests/test_retry.py::test_arun_with_retry_heartbeat_refresh_mode_accepts_heartbeat,50,0,0,50,NOT_FLAKY
tests/test_retry.py::test_arun_with_retry_idle_timeout_preserves_existing_callbacks,50,0,0,50,NOT_FLAKY
tests/test_retry.py::test_arun_with_retry_idle_timeout_resets_on_callback_event,50,0,0,50,NOT_FLAKY
tests/test_retry.py::test_arun_with_retry_idle_timeout_resets_on_runtime_heartbeat,50,0,0,50,NOT_FLAKY
tests/test_retry.py::test_arun_with_retry_observer_emits_finish_before_final_raise_on_exhaustion,50,0,0,50,NOT_FLAKY
tests/test_retry.py::test_arun_with_retry_observer_emits_finish_before_retry_backoff,50,0,0,50,NOT_FLAKY
tests/test_retry.py::test_arun_with_retry_run_timeout_is_not_refreshed_by_heartbeat,50,0,0,50,NOT_FLAKY
tests/test_retry.py::test_arun_with_retry_timeout_accepts_timedelta,50,0,0,50,NOT_FLAKY
tests/test_retry.py::test_arun_with_retry_timeout_cannot_be_swallowed,50,0,0,50,NOT_FLAKY
tests/test_retry.py::test_arun_with_retry_timeout_discards_pre_timeout_writes,50,0,0,50,NOT_FLAKY
tests/test_retry.py::test_arun_with_retry_timeout_discards_stale_executor_writes,50,0,0,50,NOT_FLAKY
tests/test_retry.py::test_arun_with_retry_timeout_observer_emits_progress_on_heartbeat,50,0,0,50,NOT_FLAKY
tests/test_retry.py::test_arun_with_retry_timeout_observer_finishes_when_parent_writer_errors,50,0,0,50,NOT_FLAKY
tests/test_retry.py::test_arun_with_retry_timeout_observer_tracks_attempts,50,0,0,50,NOT_FLAKY
tests/test_retry.py::test_arun_with_retry_timeout_observer_treats_bubble_up_as_non_error,50,0,0,50,NOT_FLAKY
tests/test_retry.py::test_arun_with_retry_timeout_observer_treats_parent_command_as_non_error,50,0,0,50,NOT_FLAKY
tests/test_retry.py::test_arun_with_retry_timeout_ok_when_fast,50,0,0,50,NOT_FLAKY
tests/test_retry.py::test_arun_with_retry_timeout_retries_when_retry_on_timeout,50,0,0,50,NOT_FLAKY
tests/test_retry.py::test_arun_with_retry_user_raised_cancelled_becomes_node_cancelled,50,0,0,50,NOT_FLAKY
tests/test_retry.py::test_arun_with_retry_user_raised_cancelled_with_timeout_policy,50,0,0,50,NOT_FLAKY
tests/test_retry.py::test_checkpoint_ns_for_parent_command,50,0,0,50,NOT_FLAKY
tests/test_retry.py::test_coerce_timeout_policy_returns_same_instance_for_already_coerced,50,0,0,50,NOT_FLAKY
tests/test_retry.py::test_coerce_timeout_policy_scalar_is_run_timeout,50,0,0,50,NOT_FLAKY
tests/test_retry.py::test_ensure_execution_info_creates_from_config,50,0,0,50,NOT_FLAKY
tests/test_retry.py::test_ensure_execution_info_falls_back_to_task_id,50,0,0,50,NOT_FLAKY
tests/test_retry.py::test_ensure_execution_info_noop_when_already_set,50,0,0,50,NOT_FLAKY
tests/test_retry.py::test_entrypoint_timeout_allows_pre_timeout_child_task_to_run,50,0,0,50,NOT_FLAKY
tests/test_retry.py::test_entrypoint_timeout_e2e,50,0,0,50,NOT_FLAKY
tests/test_retry.py::test_error_handler_resumes_after_crash,50,0,0,50,NOT_FLAKY
tests/test_retry.py::test_error_handler_resumes_after_crash_multiple_nodes,176,24,0,200,FLAKY_ND
tests/test_retry.py::test_execution_info_identity_fields_populated_on_retry,50,0,0,50,NOT_FLAKY
tests/test_retry.py::test_graph_error_handler_can_route_with_command,50,0,0,50,NOT_FLAKY
tests/test_retry.py::test_graph_error_handler_error_context_survives_checkpoint_resume,50,0,0,50,NOT_FLAKY
tests/test_retry.py::test_graph_error_handler_failure_fails_run,50,0,0,50,NOT_FLAKY
tests/test_retry.py::test_graph_error_handler_handles_subgraph_internal_failure,50,0,0,50,NOT_FLAKY
tests/test_retry.py::test_graph_error_handler_runs_after_retry_exhaustion,50,0,0,50,NOT_FLAKY
tests/test_retry.py::test_graph_with_jitter_retry_policy,50,0,0,50,NOT_FLAKY
tests/test_retry.py::test_graph_with_max_attempts_exceeded,50,0,0,50,NOT_FLAKY
tests/test_retry.py::test_graph_with_multiple_retry_policies,50,0,0,50,NOT_FLAKY
tests/test_retry.py::test_graph_with_single_retry_policy,50,0,0,50,NOT_FLAKY
tests/test_retry.py::test_idle_timeout_guard_call_does_not_hold_scope_lock,50,0,0,50,NOT_FLAKY
tests/test_retry.py::test_node_builder_timeout_e2e,50,0,0,50,NOT_FLAKY
tests/test_retry.py::test_node_error_handlers_route_to_matching_handler,50,0,0,50,NOT_FLAKY
tests/test_retry.py::test_node_timeout_error_carries_both_configured_timeouts,50,0,0,50,NOT_FLAKY
tests/test_retry.py::test_node_without_error_handler_still_fails_run,50,0,0,50,NOT_FLAKY
tests/test_retry.py::test_pregel_user_raised_cancellederror_fails_run,50,0,0,50,NOT_FLAKY
tests/test_retry.py::test_pregel_validate_rejects_sync_node_timeout,50,0,0,50,NOT_FLAKY
tests/test_retry.py::test_pregel_validate_rejects_sync_writer_timeout,50,0,0,50,NOT_FLAKY
tests/test_retry.py::test_pregel_validate_rejects_wrapped_sync_runnable_lambda_timeout,50,0,0,50,NOT_FLAKY
tests/test_retry.py::test_run_with_retry_creates_execution_info_when_missing,50,0,0,50,NOT_FLAKY
tests/test_retry.py::test_run_with_retry_rejects_sync_timeout_without_starting_proc,50,0,0,50,NOT_FLAKY
tests/test_retry.py::test_run_with_retry_sync_node_raising_cancelled_becomes_node_cancelled,50,0,0,50,NOT_FLAKY
tests/test_retry.py::test_run_with_retry_without_timeout_runs_sync_directly,50,0,0,50,NOT_FLAKY
tests/test_retry.py::test_runtime_execution_info_defaults_without_retry,50,0,0,50,NOT_FLAKY
tests/test_retry.py::test_runtime_heartbeat_outside_idle_attempt_is_no_op,50,0,0,50,NOT_FLAKY
tests/test_retry.py::test_send_timeout_overrides_target_node_timeout,50,0,0,50,NOT_FLAKY
tests/test_retry.py::test_send_timeout_round_trips_through_msgpack_serde,50,0,0,50,NOT_FLAKY
tests/test_retry.py::test_send_without_timeout_round_trips_through_msgpack_serde,50,0,0,50,NOT_FLAKY
tests/test_retry.py::test_set_node_defaults_chaining,50,0,0,50,NOT_FLAKY
tests/test_retry.py::test_set_node_defaults_combined_retry_and_error_handler,50,0,0,50,NOT_FLAKY
tests/test_retry.py::test_set_node_defaults_error_handler_catches_all_nodes,50,0,0,50,NOT_FLAKY
tests/test_retry.py::test_set_node_defaults_error_handler_collides_with_user_node,50,0,0,50,NOT_FLAKY
tests/test_retry.py::test_set_node_defaults_error_handler_failure_fails_run,50,0,0,50,NOT_FLAKY
tests/test_retry.py::test_set_node_defaults_error_handler_overridden_by_node_handler,50,0,0,50,NOT_FLAKY
tests/test_retry.py::test_set_node_defaults_error_handler_receives_runnable_config,50,0,0,50,NOT_FLAKY
tests/test_retry.py::test_set_node_defaults_error_handler_skips_per_node_handler_nodes,50,0,0,50,NOT_FLAKY
tests/test_retry.py::test_set_node_defaults_retry_policy,50,0,0,50,NOT_FLAKY
tests/test_retry.py::test_set_node_defaults_retry_policy_per_node_wins,50,0,0,50,NOT_FLAKY
tests/test_retry.py::test_set_node_defaults_timeout,50,0,0,50,NOT_FLAKY
tests/test_retry.py::test_set_node_defaults_timeout_per_node_wins,50,0,0,50,NOT_FLAKY
tests/test_retry.py::test_should_retry_default_retry_on,50,0,0,50,NOT_FLAKY
tests/test_retry.py::test_should_retry_on_callable,50,0,0,50,NOT_FLAKY
tests/test_retry.py::test_should_retry_on_empty_sequence,50,0,0,50,NOT_FLAKY
tests/test_retry.py::test_should_retry_on_invalid_type,50,0,0,50,NOT_FLAKY
tests/test_retry.py::test_should_retry_on_sequence_of_exceptions,50,0,0,50,NOT_FLAKY
tests/test_retry.py::test_should_retry_on_single_exception,50,0,0,50,NOT_FLAKY
tests/test_retry.py::test_should_retry_on_subclass_of_exception,50,0,0,50,NOT_FLAKY
tests/test_retry.py::test_state_graph_add_node_timeout_composes_with_retry,50,0,0,50,NOT_FLAKY
tests/test_retry.py::test_state_graph_add_node_timeout_e2e,50,0,0,50,NOT_FLAKY
tests/test_retry.py::test_state_graph_compile_rejects_sync_node_timeout,50,0,0,50,NOT_FLAKY
tests/test_retry.py::test_state_graph_observer_emits_finish_before_error_handler_start,50,0,0,50,NOT_FLAKY
tests/test_retry.py::test_task_decorator_preserves_user_idle_timeout_kwarg,50,0,0,50,NOT_FLAKY
tests/test_retry.py::test_task_decorator_preserves_user_timeout_kwarg,50,0,0,50,NOT_FLAKY
tests/test_retry.py::test_task_decorator_timeout_e2e,50,0,0,50,NOT_FLAKY
tests/test_retry.py::test_timeout_rejects_sync_functional_apis_at_declaration_time,50,0,0,50,NOT_FLAKY
tests/test_retry.py::test_timeout_validation_is_eager_across_apis,50,0,0,50,NOT_FLAKY
tests/test_subgraph_persistence.py::test_stateful_interrupt_resume[memory],50,0,0,50,NOT_FLAKY
tests/test_subgraph_persistence.py::test_stateful_interrupt_resume[sqlite],50,0,0,50,NOT_FLAKY
tests/test_subgraph_persistence.py::test_stateful_interrupt_resume[sqlite_aes],50,0,0,50,NOT_FLAKY
tests/test_subgraph_persistence.py::test_stateful_state_accumulates_with_interrupt[memory],50,0,0,50,NOT_FLAKY
tests/test_subgraph_persistence.py::test_stateful_state_accumulates_with_interrupt[sqlite],50,0,0,50,NOT_FLAKY
tests/test_subgraph_persistence.py::test_stateful_state_accumulates_with_interrupt[sqlite_aes],50,0,0,50,NOT_FLAKY
tests/test_subgraph_persistence.py::test_stateless_interrupt_resume[memory],50,0,0,50,NOT_FLAKY
tests/test_subgraph_persistence.py::test_stateless_interrupt_resume[sqlite],50,0,0,50,NOT_FLAKY
tests/test_subgraph_persistence.py::test_stateless_interrupt_resume[sqlite_aes],50,0,0,50,NOT_FLAKY
tests/test_subgraph_persistence.py::test_stateless_state_resets_with_interrupt[memory],50,0,0,50,NOT_FLAKY
tests/test_subgraph_persistence.py::test_stateless_state_resets_with_interrupt[sqlite],50,0,0,50,NOT_FLAKY
tests/test_subgraph_persistence.py::test_stateless_state_resets_with_interrupt[sqlite_aes],50,0,0,50,NOT_FLAKY
tests/test_time_travel.py::test_3_levels_deep_middle_has_interrupts[memory],50,0,0,50,NOT_FLAKY
tests/test_time_travel.py::test_3_levels_deep_middle_has_interrupts[sqlite],50,0,0,50,NOT_FLAKY
tests/test_time_travel.py::test_3_levels_deep_middle_has_interrupts[sqlite_aes],50,0,0,50,NOT_FLAKY
tests/test_time_travel.py::test_3_levels_deep_time_travel_to_first_interrupt[memory],50,0,0,50,NOT_FLAKY
tests/test_time_travel.py::test_3_levels_deep_time_travel_to_first_interrupt[sqlite],50,0,0,50,NOT_FLAKY
tests/test_time_travel.py::test_3_levels_deep_time_travel_to_first_interrupt[sqlite_aes],50,0,0,50,NOT_FLAKY
tests/test_time_travel.py::test_3_levels_deep_time_travel_to_second_interrupt[memory],50,0,0,50,NOT_FLAKY
tests/test_time_travel.py::test_3_levels_deep_time_travel_to_second_interrupt[sqlite],50,0,0,50,NOT_FLAKY
tests/test_time_travel.py::test_3_levels_deep_time_travel_to_second_interrupt[sqlite_aes],50,0,0,50,NOT_FLAKY
tests/test_time_travel.py::test_copy_fork_retriggers_interrupt[memory],50,0,0,50,NOT_FLAKY
tests/test_time_travel.py::test_copy_fork_retriggers_interrupt[sqlite],50,0,0,50,NOT_FLAKY
tests/test_time_travel.py::test_copy_fork_retriggers_interrupt[sqlite_aes],50,0,0,50,NOT_FLAKY
tests/test_time_travel.py::test_fork_from_before_interrupt_refires[memory],50,0,0,50,NOT_FLAKY
tests/test_time_travel.py::test_fork_from_before_interrupt_refires[sqlite],50,0,0,50,NOT_FLAKY
tests/test_time_travel.py::test_fork_from_before_interrupt_refires[sqlite_aes],50,0,0,50,NOT_FLAKY
tests/test_time_travel.py::test_fork_from_interrupt_checkpoint_refires[memory],50,0,0,50,NOT_FLAKY
tests/test_time_travel.py::test_fork_from_interrupt_checkpoint_refires[sqlite],50,0,0,50,NOT_FLAKY
tests/test_time_travel.py::test_fork_from_interrupt_checkpoint_refires[sqlite_aes],50,0,0,50,NOT_FLAKY
tests/test_time_travel.py::test_multiple_interrupts_in_one_node[memory],50,0,0,50,NOT_FLAKY
tests/test_time_travel.py::test_multiple_interrupts_in_one_node[sqlite],50,0,0,50,NOT_FLAKY
tests/test_time_travel.py::test_multiple_interrupts_in_one_node[sqlite_aes],50,0,0,50,NOT_FLAKY
tests/test_time_travel.py::test_replay_from_before_interrupt_refires[memory],50,0,0,50,NOT_FLAKY
tests/test_time_travel.py::test_replay_from_before_interrupt_refires[sqlite],50,0,0,50,NOT_FLAKY
tests/test_time_travel.py::test_replay_from_before_interrupt_refires[sqlite_aes],50,0,0,50,NOT_FLAKY
tests/test_time_travel.py::test_replay_from_before_interrupt_then_resume[memory],50,0,0,50,NOT_FLAKY
tests/test_time_travel.py::test_replay_from_before_interrupt_then_resume[sqlite],50,0,0,50,NOT_FLAKY
tests/test_time_travel.py::test_replay_from_before_interrupt_then_resume[sqlite_aes],50,0,0,50,NOT_FLAKY
tests/test_time_travel.py::test_replay_interrupt_stable_across_replays[memory],50,0,0,50,NOT_FLAKY
tests/test_time_travel.py::test_replay_interrupt_stable_across_replays[sqlite],50,0,0,50,NOT_FLAKY
tests/test_time_travel.py::test_replay_interrupt_stable_across_replays[sqlite_aes],50,0,0,50,NOT_FLAKY
tests/test_time_travel.py::test_sequential_interrupts_fork_from_middle[memory],50,0,0,50,NOT_FLAKY
tests/test_time_travel.py::test_sequential_interrupts_fork_from_middle[sqlite],50,0,0,50,NOT_FLAKY
tests/test_time_travel.py::test_sequential_interrupts_fork_from_middle[sqlite_aes],50,0,0,50,NOT_FLAKY
tests/test_time_travel.py::test_subgraph_interrupt_full_flow[memory],50,0,0,50,NOT_FLAKY
tests/test_time_travel.py::test_subgraph_interrupt_full_flow[sqlite],50,0,0,50,NOT_FLAKY
tests/test_time_travel.py::test_subgraph_interrupt_full_flow[sqlite_aes],50,0,0,50,NOT_FLAKY
tests/test_time_travel.py::test_subgraph_interrupt_full_flow_no_sub_checkpointer[memory],50,0,0,50,NOT_FLAKY
tests/test_time_travel.py::test_subgraph_interrupt_full_flow_no_sub_checkpointer[sqlite],50,0,0,50,NOT_FLAKY
tests/test_time_travel.py::test_subgraph_interrupt_full_flow_no_sub_checkpointer[sqlite_aes],50,0,0,50,NOT_FLAKY
tests/test_time_travel.py::test_subgraph_interrupt_replay_from_interrupt_checkpoint[memory],50,0,0,50,NOT_FLAKY
tests/test_time_travel.py::test_subgraph_interrupt_replay_from_interrupt_checkpoint[sqlite],50,0,0,50,NOT_FLAKY
tests/test_time_travel.py::test_subgraph_interrupt_replay_from_interrupt_checkpoint[sqlite_aes],50,0,0,50,NOT_FLAKY
tests/test_time_travel.py::test_subgraph_interrupt_replay_from_parent[memory],50,0,0,50,NOT_FLAKY
tests/test_time_travel.py::test_subgraph_interrupt_replay_from_parent[sqlite],50,0,0,50,NOT_FLAKY
tests/test_time_travel.py::test_subgraph_interrupt_replay_from_parent[sqlite_aes],50,0,0,50,NOT_FLAKY
tests/test_time_travel.py::test_subgraph_interrupt_replay_from_parent_then_resume[memory],50,0,0,50,NOT_FLAKY
tests/test_time_travel.py::test_subgraph_interrupt_replay_from_parent_then_resume[sqlite],50,0,0,50,NOT_FLAKY
tests/test_time_travel.py::test_subgraph_interrupt_replay_from_parent_then_resume[sqlite_aes],50,0,0,50,NOT_FLAKY
tests/test_time_travel.py::test_subgraph_interrupt_resume_with_explicit_head_checkpoint_id[memory],50,0,0,50,NOT_FLAKY
tests/test_time_travel.py::test_subgraph_interrupt_resume_with_explicit_head_checkpoint_id[sqlite],50,0,0,50,NOT_FLAKY
tests/test_time_travel.py::test_subgraph_interrupt_resume_with_explicit_head_checkpoint_id[sqlite_aes],50,0,0,50,NOT_FLAKY
tests/test_time_travel.py::test_subgraph_time_travel_resume_from_first_interrupt[memory],50,0,0,50,NOT_FLAKY
tests/test_time_travel.py::test_subgraph_time_travel_resume_from_first_interrupt[sqlite],50,0,0,50,NOT_FLAKY
tests/test_time_travel.py::test_subgraph_time_travel_resume_from_first_interrupt[sqlite_aes],50,0,0,50,NOT_FLAKY
tests/test_time_travel.py::test_subgraph_time_travel_resume_from_second_interrupt[memory],50,0,0,50,NOT_FLAKY
tests/test_time_travel.py::test_subgraph_time_travel_resume_from_second_interrupt[sqlite],50,0,0,50,NOT_FLAKY
tests/test_time_travel.py::test_subgraph_time_travel_resume_from_second_interrupt[sqlite_aes],50,0,0,50,NOT_FLAKY
tests/test_time_travel.py::test_subgraph_time_travel_to_first_interrupt[memory],50,0,0,50,NOT_FLAKY
tests/test_time_travel.py::test_subgraph_time_travel_to_first_interrupt[sqlite],50,0,0,50,NOT_FLAKY
tests/test_time_travel.py::test_subgraph_time_travel_to_first_interrupt[sqlite_aes],50,0,0,50,NOT_FLAKY
tests/test_time_travel.py::test_subgraph_time_travel_to_second_interrupt[memory],50,0,0,50,NOT_FLAKY
tests/test_time_travel.py::test_subgraph_time_travel_to_second_interrupt[sqlite],50,0,0,50,NOT_FLAKY
tests/test_time_travel.py::test_subgraph_time_travel_to_second_interrupt[sqlite_aes],50,0,0,50,NOT_FLAKY
tests/test_channels.py::test_delta_channel_checkpoint_returns_missing,50,0,0,50,NOT_FLAKY
tests/test_channels.py::test_delta_channel_from_checkpoint_backwards_compat,50,0,0,50,NOT_FLAKY
tests/test_channels.py::test_delta_channel_from_checkpoint_honors_seed,50,0,0,50,NOT_FLAKY
tests/test_channels.py::test_delta_channel_from_checkpoint_seed_none_is_distinct_from_sentinel,50,0,0,50,NOT_FLAKY
tests/test_channels.py::test_delta_channel_from_checkpoint_seed_without_writes,50,0,0,50,NOT_FLAKY
tests/test_channels.py::test_delta_channel_from_checkpoint_writes_list,50,0,0,50,NOT_FLAKY
tests/test_checkpoint_migration.py::test_latest_checkpoint_state_graph[memory],50,0,0,50,NOT_FLAKY
tests/test_checkpoint_migration.py::test_latest_checkpoint_state_graph[sqlite],50,0,0,50,NOT_FLAKY
tests/test_checkpoint_migration.py::test_latest_checkpoint_state_graph[sqlite_aes],50,0,0,50,NOT_FLAKY
tests/test_checkpoint_migration.py::test_migrate_checkpoints[2-quadratic-3],50,0,0,50,NOT_FLAKY
tests/test_checkpoint_migration.py::test_migrate_checkpoints[2-start:*-3],50,0,0,50,NOT_FLAKY
tests/test_checkpoint_migration.py::test_saved_checkpoint_state_graph[memory-2-quadratic],50,0,0,50,NOT_FLAKY
tests/test_checkpoint_migration.py::test_saved_checkpoint_state_graph[memory-2-start:*],50,0,0,50,NOT_FLAKY
tests/test_checkpoint_migration.py::test_saved_checkpoint_state_graph[memory-3],50,0,0,50,NOT_FLAKY
tests/test_checkpoint_migration.py::test_saved_checkpoint_state_graph[sqlite-2-quadratic],50,0,0,50,NOT_FLAKY
tests/test_checkpoint_migration.py::test_saved_checkpoint_state_graph[sqlite-2-start:*],50,0,0,50,NOT_FLAKY
tests/test_checkpoint_migration.py::test_saved_checkpoint_state_graph[sqlite-3],50,0,0,50,NOT_FLAKY
tests/test_checkpoint_migration.py::test_saved_checkpoint_state_graph[sqlite_aes-2-quadratic],50,0,0,50,NOT_FLAKY
tests/test_checkpoint_migration.py::test_saved_checkpoint_state_graph[sqlite_aes-2-start:*],50,0,0,50,NOT_FLAKY
tests/test_checkpoint_migration.py::test_saved_checkpoint_state_graph[sqlite_aes-3],50,0,0,50,NOT_FLAKY
tests/test_delta_channel_exit_mode.py::test_exit_mixed_durability_round_trip,50,0,0,50,NOT_FLAKY
tests/test_delta_channel_migration.py::test_fork_from_update_state_checkpoint,50,0,0,50,NOT_FLAKY
tests/test_delta_channel_migration.py::test_time_travel_into_pre_migration_checkpoint,50,0,0,50,NOT_FLAKY
tests/test_deprecation.py::test_checkpoint_during_deprecation_state_graph,50,0,0,50,NOT_FLAKY
tests/test_large_cases.py::test_conditional_state_graph[sqlite],50,0,0,50,NOT_FLAKY
tests/test_large_cases.py::test_conditional_state_graph[sqlite_aes],50,0,0,50,NOT_FLAKY
tests/test_large_cases.py::test_doubly_nested_graph_state[sqlite],50,0,0,50,NOT_FLAKY
tests/test_large_cases.py::test_doubly_nested_graph_state[sqlite_aes],50,0,0,50,NOT_FLAKY
tests/test_large_cases.py::test_fork_always_re_runs_nodes[sqlite],50,0,0,50,NOT_FLAKY
tests/test_large_cases.py::test_fork_always_re_runs_nodes[sqlite_aes],50,0,0,50,NOT_FLAKY
tests/test_large_cases.py::test_message_graph[sqlite],50,0,0,50,NOT_FLAKY
tests/test_large_cases.py::test_message_graph[sqlite_aes],50,0,0,50,NOT_FLAKY
tests/test_large_cases.py::test_nested_graph_state[sqlite],50,0,0,50,NOT_FLAKY
tests/test_large_cases.py::test_nested_graph_state[sqlite_aes],50,0,0,50,NOT_FLAKY
tests/test_large_cases.py::test_partial_pending_checkpoint[memory],50,0,0,50,NOT_FLAKY
tests/test_large_cases.py::test_partial_pending_checkpoint[sqlite],50,0,0,50,NOT_FLAKY
tests/test_large_cases.py::test_partial_pending_checkpoint[sqlite_aes],50,0,0,50,NOT_FLAKY
tests/test_large_cases.py::test_root_graph[sqlite],50,0,0,50,NOT_FLAKY
tests/test_large_cases.py::test_root_graph[sqlite_aes],50,0,0,50,NOT_FLAKY
tests/test_large_cases.py::test_send_dedupe_on_resume[sqlite-exit],50,0,0,50,NOT_FLAKY
tests/test_large_cases.py::test_send_dedupe_on_resume[sqlite-sync],50,0,0,50,NOT_FLAKY
tests/test_large_cases.py::test_send_dedupe_on_resume[sqlite_aes-exit],50,0,0,50,NOT_FLAKY
tests/test_large_cases.py::test_send_dedupe_on_resume[sqlite_aes-sync],50,0,0,50,NOT_FLAKY
tests/test_large_cases.py::test_send_to_nested_graphs[sqlite],50,0,0,50,NOT_FLAKY
tests/test_large_cases.py::test_send_to_nested_graphs[sqlite_aes],50,0,0,50,NOT_FLAKY
tests/test_large_cases.py::test_state_graph_packets[sqlite],50,0,0,50,NOT_FLAKY
tests/test_large_cases.py::test_state_graph_packets[sqlite_aes],50,0,0,50,NOT_FLAKY
tests/test_large_cases.py::test_weather_subgraph[sqlite],50,0,0,50,NOT_FLAKY
tests/test_large_cases.py::test_weather_subgraph[sqlite_aes],50,0,0,50,NOT_FLAKY
tests/test_pregel.py::test_batch_update_as_input[sqlite-exit],50,0,0,50,NOT_FLAKY
tests/test_pregel.py::test_batch_update_as_input[sqlite-sync],50,0,0,50,NOT_FLAKY
tests/test_pregel.py::test_batch_update_as_input[sqlite_aes-exit],50,0,0,50,NOT_FLAKY
tests/test_pregel.py::test_batch_update_as_input[sqlite_aes-sync],50,0,0,50,NOT_FLAKY
tests/test_pregel.py::test_bulk_state_updates[sqlite],50,0,0,50,NOT_FLAKY
tests/test_pregel.py::test_bulk_state_updates[sqlite_aes],50,0,0,50,NOT_FLAKY
tests/test_pregel.py::test_channel_values[sqlite],50,0,0,50,NOT_FLAKY
tests/test_pregel.py::test_channel_values[sqlite_aes],50,0,0,50,NOT_FLAKY
tests/test_pregel.py::test_checkpoint_errors,50,0,0,50,NOT_FLAKY
tests/test_pregel.py::test_checkpoint_metadata[memory],50,0,0,50,NOT_FLAKY
tests/test_pregel.py::test_checkpoint_metadata[sqlite],50,0,0,50,NOT_FLAKY
tests/test_pregel.py::test_checkpoint_metadata[sqlite_aes],50,0,0,50,NOT_FLAKY
tests/test_pregel.py::test_checkpoint_recovery[memory-exit],50,0,0,50,NOT_FLAKY
tests/test_pregel.py::test_checkpoint_recovery[memory-sync],50,0,0,50,NOT_FLAKY
tests/test_pregel.py::test_checkpoint_recovery[sqlite-exit],50,0,0,50,NOT_FLAKY
tests/test_pregel.py::test_checkpoint_recovery[sqlite-sync],50,0,0,50,NOT_FLAKY
tests/test_pregel.py::test_checkpoint_recovery[sqlite_aes-exit],50,0,0,50,NOT_FLAKY
tests/test_pregel.py::test_checkpoint_recovery[sqlite_aes-sync],50,0,0,50,NOT_FLAKY
tests/test_pregel.py::test_command_goto_with_static_breakpoints[sqlite],50,0,0,50,NOT_FLAKY
tests/test_pregel.py::test_command_goto_with_static_breakpoints[sqlite_aes],50,0,0,50,NOT_FLAKY
tests/test_pregel.py::test_command_with_static_breakpoints[sqlite],50,0,0,50,NOT_FLAKY
tests/test_pregel.py::test_command_with_static_breakpoints[sqlite_aes],50,0,0,50,NOT_FLAKY
tests/test_pregel.py::test_debug_nested_subgraphs[sqlite-exit],50,0,0,50,NOT_FLAKY
tests/test_pregel.py::test_debug_nested_subgraphs[sqlite-sync],50,0,0,50,NOT_FLAKY
tests/test_pregel.py::test_debug_nested_subgraphs[sqlite_aes-exit],50,0,0,50,NOT_FLAKY
tests/test_pregel.py::test_debug_nested_subgraphs[sqlite_aes-sync],50,0,0,50,NOT_FLAKY
tests/test_pregel.py::test_debug_subgraphs[sqlite-exit],50,0,0,50,NOT_FLAKY
tests/test_pregel.py::test_debug_subgraphs[sqlite-sync],50,0,0,50,NOT_FLAKY
tests/test_pregel.py::test_debug_subgraphs[sqlite_aes-exit],50,0,0,50,NOT_FLAKY
tests/test_pregel.py::test_debug_subgraphs[sqlite_aes-sync],50,0,0,50,NOT_FLAKY
tests/test_pregel.py::test_delta_channel_durability_exit_stores_snapshot,50,0,0,50,NOT_FLAKY
tests/test_pregel.py::test_entrypoint_stateful[sqlite],50,0,0,50,NOT_FLAKY
tests/test_pregel.py::test_entrypoint_stateful[sqlite_aes],50,0,0,50,NOT_FLAKY
tests/test_pregel.py::test_entrypoint_stateful_update_state[sqlite],50,0,0,50,NOT_FLAKY
tests/test_pregel.py::test_entrypoint_stateful_update_state[sqlite_aes],50,0,0,50,NOT_FLAKY
tests/test_pregel.py::test_entrypoint_with_return_and_save[sqlite],50,0,0,50,NOT_FLAKY
tests/test_pregel.py::test_entrypoint_with_return_and_save[sqlite_aes],50,0,0,50,NOT_FLAKY
tests/test_pregel.py::test_entrypoint_without_checkpointer,50,0,0,50,NOT_FLAKY
tests/test_pregel.py::test_falsy_return_from_task[sqlite],50,0,0,50,NOT_FLAKY
tests/test_pregel.py::test_falsy_return_from_task[sqlite_aes],50,0,0,50,NOT_FLAKY
tests/test_pregel.py::test_fork_and_update_task_results[sqlite],50,0,0,50,NOT_FLAKY
tests/test_pregel.py::test_fork_and_update_task_results[sqlite_aes],50,0,0,50,NOT_FLAKY
tests/test_pregel.py::test_fork_does_not_apply_pending_writes[sqlite],50,0,0,50,NOT_FLAKY
tests/test_pregel.py::test_fork_does_not_apply_pending_writes[sqlite_aes],50,0,0,50,NOT_FLAKY
tests/test_pregel.py::test_imp_exception[sqlite],50,0,0,50,NOT_FLAKY
tests/test_pregel.py::test_imp_exception[sqlite_aes],50,0,0,50,NOT_FLAKY
tests/test_pregel.py::test_imp_nested[sqlite-exit],50,0,0,50,NOT_FLAKY
tests/test_pregel.py::test_imp_nested[sqlite-sync],50,0,0,50,NOT_FLAKY
tests/test_pregel.py::test_imp_nested[sqlite_aes-exit],50,0,0,50,NOT_FLAKY
tests/test_pregel.py::test_imp_nested[sqlite_aes-sync],50,0,0,50,NOT_FLAKY
tests/test_pregel.py::test_imp_task[sqlite-exit],50,0,0,50,NOT_FLAKY
tests/test_pregel.py::test_imp_task[sqlite-sync],50,0,0,50,NOT_FLAKY
tests/test_pregel.py::test_imp_task[sqlite_aes-exit],50,0,0,50,NOT_FLAKY
tests/test_pregel.py::test_imp_task[sqlite_aes-sync],50,0,0,50,NOT_FLAKY
tests/test_pregel.py::test_in_one_fan_out_state_graph_waiting_edge[sqlite],50,0,0,50,NOT_FLAKY
tests/test_pregel.py::test_in_one_fan_out_state_graph_waiting_edge[sqlite_aes],50,0,0,50,NOT_FLAKY
tests/test_pregel.py::test_in_one_fan_out_state_graph_waiting_edge_custom_state_class_pydantic2[sqlite],50,0,0,50,NOT_FLAKY
tests/test_pregel.py::test_in_one_fan_out_state_graph_waiting_edge_custom_state_class_pydantic2[sqlite_aes],50,0,0,50,NOT_FLAKY
tests/test_pregel.py::test_in_one_fan_out_state_graph_waiting_edge_custom_state_class_pydantic_input[sqlite],50,0,0,50,NOT_FLAKY
tests/test_pregel.py::test_in_one_fan_out_state_graph_waiting_edge_custom_state_class_pydantic_input[sqlite_aes],50,0,0,50,NOT_FLAKY
tests/test_pregel.py::test_in_one_fan_out_state_graph_waiting_edge_multiple[sqlite-False],50,0,0,50,NOT_FLAKY
tests/test_pregel.py::test_in_one_fan_out_state_graph_waiting_edge_multiple[sqlite-True],50,0,0,50,NOT_FLAKY
tests/test_pregel.py::test_in_one_fan_out_state_graph_waiting_edge_plus_regular[sqlite],50,0,0,50,NOT_FLAKY
tests/test_pregel.py::test_in_one_fan_out_state_graph_waiting_edge_plus_regular[sqlite_aes],50,0,0,50,NOT_FLAKY
tests/test_pregel.py::test_in_one_fan_out_state_graph_waiting_edge_via_branch[sqlite],50,0,0,50,NOT_FLAKY
tests/test_pregel.py::test_in_one_fan_out_state_graph_waiting_edge_via_branch[sqlite_aes],50,0,0,50,NOT_FLAKY
tests/test_pregel.py::test_invalid_checkpointer_type,50,0,0,50,NOT_FLAKY
tests/test_pregel.py::test_invoke_checkpoint_three[memory],50,0,0,50,NOT_FLAKY
tests/test_pregel.py::test_invoke_checkpoint_three[sqlite],50,0,0,50,NOT_FLAKY
tests/test_pregel.py::test_invoke_checkpoint_three[sqlite_aes],50,0,0,50,NOT_FLAKY
tests/test_pregel.py::test_invoke_checkpoint_two[memory],50,0,0,50,NOT_FLAKY
tests/test_pregel.py::test_invoke_checkpoint_two[sqlite],50,0,0,50,NOT_FLAKY
tests/test_pregel.py::test_invoke_checkpoint_two[sqlite_aes],50,0,0,50,NOT_FLAKY
tests/test_pregel.py::test_invoke_join_then_call_other_pregel[sqlite],50,0,0,50,NOT_FLAKY
tests/test_pregel.py::test_invoke_join_then_call_other_pregel[sqlite_aes],50,0,0,50,NOT_FLAKY
tests/test_pregel.py::test_multi_resume[sqlite],50,0,0,50,NOT_FLAKY
tests/test_pregel.py::test_multi_resume[sqlite_aes],50,0,0,50,NOT_FLAKY
tests/test_pregel.py::test_multiple_subgraphs[sqlite],50,0,0,50,NOT_FLAKY
tests/test_pregel.py::test_multiple_subgraphs[sqlite_aes],50,0,0,50,NOT_FLAKY
tests/test_pregel.py::test_multiple_subgraphs_checkpointer[memory],50,0,0,50,NOT_FLAKY
tests/test_pregel.py::test_multiple_subgraphs_checkpointer[sqlite],50,0,0,50,NOT_FLAKY
tests/test_pregel.py::test_multiple_subgraphs_checkpointer[sqlite_aes],50,0,0,50,NOT_FLAKY
tests/test_pregel.py::test_multiple_subgraphs_functional[sqlite],50,0,0,50,NOT_FLAKY
tests/test_pregel.py::test_multiple_subgraphs_functional[sqlite_aes],50,0,0,50,NOT_FLAKY
tests/test_pregel.py::test_multiple_subgraphs_mixed_entrypoint[sqlite],50,0,0,50,NOT_FLAKY
tests/test_pregel.py::test_multiple_subgraphs_mixed_entrypoint[sqlite_aes],50,0,0,50,NOT_FLAKY
tests/test_pregel.py::test_multiple_subgraphs_mixed_state_graph[sqlite],50,0,0,50,NOT_FLAKY
tests/test_pregel.py::test_multiple_subgraphs_mixed_state_graph[sqlite_aes],50,0,0,50,NOT_FLAKY
tests/test_pregel.py::test_multiple_writes_same_channel_from_same_node[sqlite],50,0,0,50,NOT_FLAKY
tests/test_pregel.py::test_multiple_writes_same_channel_from_same_node[sqlite_aes],50,0,0,50,NOT_FLAKY
tests/test_pregel.py::test_multistep_plan[sqlite],50,0,0,50,NOT_FLAKY
tests/test_pregel.py::test_multistep_plan[sqlite_aes],50,0,0,50,NOT_FLAKY
tests/test_pregel.py::test_no_redundant_put_writes_for_cached_task[memory],50,0,0,50,NOT_FLAKY
tests/test_pregel.py::test_no_redundant_put_writes_for_cached_task[sqlite],50,0,0,50,NOT_FLAKY
tests/test_pregel.py::test_no_redundant_put_writes_for_cached_task[sqlite_aes],50,0,0,50,NOT_FLAKY
tests/test_pregel.py::test_overwrite_sequential[sqlite-False],50,0,0,50,NOT_FLAKY
tests/test_pregel.py::test_overwrite_sequential[sqlite-True],50,0,0,50,NOT_FLAKY
tests/test_pregel.py::test_overwrite_sequential[sqlite_aes-False],50,0,0,50,NOT_FLAKY
tests/test_pregel.py::test_overwrite_sequential[sqlite_aes-True],50,0,0,50,NOT_FLAKY
tests/test_pregel.py::test_parent_command[sqlite-False],50,0,0,50,NOT_FLAKY
tests/test_pregel.py::test_parent_command[sqlite-True],50,0,0,50,NOT_FLAKY
tests/test_pregel.py::test_parent_command[sqlite_aes-False],50,0,0,50,NOT_FLAKY
tests/test_pregel.py::test_parent_command[sqlite_aes-True],50,0,0,50,NOT_FLAKY
tests/test_pregel.py::test_parent_command_goto[sqlite-False-False],50,0,0,50,NOT_FLAKY
tests/test_pregel.py::test_parent_command_goto[sqlite-False-both],50,0,0,50,NOT_FLAKY
tests/test_pregel.py::test_parent_command_goto[sqlite-False-inner],50,0,0,50,NOT_FLAKY
tests/test_pregel.py::test_parent_command_goto[sqlite-False-outer],50,0,0,50,NOT_FLAKY
tests/test_pregel.py::test_parent_command_goto[sqlite-True-False],50,0,0,50,NOT_FLAKY
tests/test_pregel.py::test_parent_command_goto[sqlite-True-both],50,0,0,50,NOT_FLAKY
tests/test_pregel.py::test_parent_command_goto[sqlite-True-inner],50,0,0,50,NOT_FLAKY
tests/test_pregel.py::test_parent_command_goto[sqlite-True-outer],50,0,0,50,NOT_FLAKY
tests/test_pregel.py::test_parent_command_goto[sqlite_aes-False-False],50,0,0,50,NOT_FLAKY
tests/test_pregel.py::test_parent_command_goto[sqlite_aes-False-both],50,0,0,50,NOT_FLAKY
tests/test_pregel.py::test_parent_command_goto[sqlite_aes-False-inner],50,0,0,50,NOT_FLAKY
tests/test_pregel.py::test_parent_command_goto[sqlite_aes-False-outer],50,0,0,50,NOT_FLAKY
tests/test_pregel.py::test_parent_command_goto[sqlite_aes-True-False],50,0,0,50,NOT_FLAKY
tests/test_pregel.py::test_parent_command_goto[sqlite_aes-True-both],50,0,0,50,NOT_FLAKY
tests/test_pregel.py::test_parent_command_goto[sqlite_aes-True-inner],50,0,0,50,NOT_FLAKY
tests/test_pregel.py::test_parent_command_goto[sqlite_aes-True-outer],50,0,0,50,NOT_FLAKY
tests/test_pregel.py::test_parent_command_goto_deeply_nested[sqlite-False],50,0,0,50,NOT_FLAKY
tests/test_pregel.py::test_parent_command_goto_deeply_nested[sqlite-True],50,0,0,50,NOT_FLAKY
tests/test_pregel.py::test_parent_command_goto_deeply_nested[sqlite_aes-False],50,0,0,50,NOT_FLAKY
tests/test_pregel.py::test_parent_command_goto_deeply_nested[sqlite_aes-True],50,0,0,50,NOT_FLAKY
tests/test_pregel.py::test_pending_writes_resume[sqlite-exit],50,0,0,50,NOT_FLAKY
tests/test_pregel.py::test_pending_writes_resume[sqlite-sync],50,0,0,50,NOT_FLAKY
tests/test_pregel.py::test_pending_writes_resume[sqlite_aes-exit],50,0,0,50,NOT_FLAKY
tests/test_pregel.py::test_pending_writes_resume[sqlite_aes-sync],50,0,0,50,NOT_FLAKY
tests/test_pregel.py::test_remove_message_via_state_update[sqlite],50,0,0,50,NOT_FLAKY
tests/test_pregel.py::test_remove_message_via_state_update[sqlite_aes],50,0,0,50,NOT_FLAKY
tests/test_pregel.py::test_request_drain_allows_inflight_call_scheduling[sqlite],50,0,0,50,NOT_FLAKY
tests/test_pregel.py::test_request_drain_allows_inflight_call_scheduling[sqlite_aes],50,0,0,50,NOT_FLAKY
tests/test_pregel.py::test_run_from_checkpoint_id_retains_previous_writes[memory],50,0,0,50,NOT_FLAKY
tests/test_pregel.py::test_run_from_checkpoint_id_retains_previous_writes[sqlite],50,0,0,50,NOT_FLAKY
tests/test_pregel.py::test_run_from_checkpoint_id_retains_previous_writes[sqlite_aes],50,0,0,50,NOT_FLAKY
tests/test_pregel.py::test_send_with_untracked_value[sqlite],50,0,0,50,NOT_FLAKY
tests/test_pregel.py::test_send_with_untracked_value[sqlite_aes],50,0,0,50,NOT_FLAKY
tests/test_pregel.py::test_send_with_untracked_value_overlapping_keys[sqlite],50,0,0,50,NOT_FLAKY
tests/test_pregel.py::test_send_with_untracked_value_overlapping_keys[sqlite_aes],50,0,0,50,NOT_FLAKY
tests/test_pregel.py::test_store_injected[memory-in_memory],50,0,0,50,NOT_FLAKY
tests/test_pregel.py::test_store_injected[sqlite-in_memory],50,0,0,50,NOT_FLAKY
tests/test_pregel.py::test_store_injected[sqlite_aes-in_memory],50,0,0,50,NOT_FLAKY
tests/test_pregel.py::test_subgraph_checkpoint_true[memory-exit],50,0,0,50,NOT_FLAKY
tests/test_pregel.py::test_subgraph_checkpoint_true[memory-sync],50,0,0,50,NOT_FLAKY
tests/test_pregel.py::test_subgraph_checkpoint_true[sqlite-exit],50,0,0,50,NOT_FLAKY
tests/test_pregel.py::test_subgraph_checkpoint_true[sqlite-sync],50,0,0,50,NOT_FLAKY
tests/test_pregel.py::test_subgraph_checkpoint_true[sqlite_aes-exit],50,0,0,50,NOT_FLAKY
tests/test_pregel.py::test_subgraph_checkpoint_true[sqlite_aes-sync],50,0,0,50,NOT_FLAKY
tests/test_pregel.py::test_subgraph_durability_inherited[exit],50,0,0,50,NOT_FLAKY
tests/test_pregel.py::test_subgraph_durability_inherited[sync],50,0,0,50,NOT_FLAKY
tests/test_pregel.py::test_supersteps_populate_task_results[sqlite],50,0,0,50,NOT_FLAKY
tests/test_pregel.py::test_supersteps_populate_task_results[sqlite_aes],50,0,0,50,NOT_FLAKY
tests/test_pregel.py::test_update_as_input[sqlite-exit],50,0,0,50,NOT_FLAKY
tests/test_pregel.py::test_update_as_input[sqlite-sync],50,0,0,50,NOT_FLAKY
tests/test_pregel.py::test_update_as_input[sqlite_aes-exit],50,0,0,50,NOT_FLAKY
tests/test_pregel.py::test_update_as_input[sqlite_aes-sync],50,0,0,50,NOT_FLAKY
tests/test_remote_graph_v3.py::test_aiter_caches_first_subscription,50,0,0,50,NOT_FLAKY
tests/test_remote_graph_v3.py::test_iter_caches_first_subscription,50,0,0,50,NOT_FLAKY
tests/test_runtime.py::test_drain_with_exit_durability_persists_resume_checkpoint,50,0,0,50,NOT_FLAKY
tests/test_subgraph_persistence.py::test_checkpointer_false_no_persistence[memory],50,0,0,50,NOT_FLAKY
tests/test_subgraph_persistence.py::test_checkpointer_false_no_persistence[sqlite],50,0,0,50,NOT_FLAKY
tests/test_subgraph_persistence.py::test_checkpointer_false_no_persistence[sqlite_aes],50,0,0,50,NOT_FLAKY
tests/test_subgraph_persistence.py::test_stateful_namespace_isolation[sqlite],50,0,0,50,NOT_FLAKY
tests/test_subgraph_persistence.py::test_stateful_namespace_isolation[sqlite_aes],50,0,0,50,NOT_FLAKY
tests/test_subgraph_persistence.py::test_stateful_state_accumulates[sqlite],50,0,0,50,NOT_FLAKY
tests/test_subgraph_persistence.py::test_stateful_state_accumulates[sqlite_aes],50,0,0,50,NOT_FLAKY
tests/test_subgraph_persistence.py::test_stateless_state_resets[sqlite],50,0,0,50,NOT_FLAKY
tests/test_subgraph_persistence.py::test_stateless_state_resets[sqlite_aes],50,0,0,50,NOT_FLAKY
tests/test_time_travel.py::test_3_levels_deep_time_travel_to_middle_subgraph[sqlite],50,0,0,50,NOT_FLAKY
tests/test_time_travel.py::test_3_levels_deep_time_travel_to_middle_subgraph[sqlite_aes],50,0,0,50,NOT_FLAKY
tests/test_time_travel.py::test_checkpoint_ns_accessible_in_subgraph[memory],50,0,0,50,NOT_FLAKY
tests/test_time_travel.py::test_checkpoint_ns_accessible_in_subgraph[sqlite],50,0,0,50,NOT_FLAKY
tests/test_time_travel.py::test_checkpoint_ns_accessible_in_subgraph[sqlite_aes],50,0,0,50,NOT_FLAKY
tests/test_time_travel.py::test_copy_fork_creates_sibling_checkpoint[memory],50,0,0,50,NOT_FLAKY
tests/test_time_travel.py::test_copy_fork_creates_sibling_checkpoint[sqlite],50,0,0,50,NOT_FLAKY
tests/test_time_travel.py::test_copy_fork_creates_sibling_checkpoint[sqlite_aes],50,0,0,50,NOT_FLAKY
tests/test_time_travel.py::test_fork_creates_branch_in_subgraph[sqlite],50,0,0,50,NOT_FLAKY
tests/test_time_travel.py::test_fork_creates_branch_in_subgraph[sqlite_aes],50,0,0,50,NOT_FLAKY
tests/test_time_travel.py::test_fork_creates_branch_preserving_old_checkpoints[memory],50,0,0,50,NOT_FLAKY
tests/test_time_travel.py::test_fork_creates_branch_preserving_old_checkpoints[sqlite],50,0,0,50,NOT_FLAKY
tests/test_time_travel.py::test_fork_creates_branch_preserving_old_checkpoints[sqlite_aes],50,0,0,50,NOT_FLAKY
tests/test_time_travel.py::test_fork_reruns_with_modified_state[sqlite],50,0,0,50,NOT_FLAKY
tests/test_time_travel.py::test_fork_reruns_with_modified_state[sqlite_aes],50,0,0,50,NOT_FLAKY
tests/test_time_travel.py::test_get_state_with_subgraphs_returns_subgraph_state[sqlite],50,0,0,50,NOT_FLAKY
tests/test_time_travel.py::test_get_state_with_subgraphs_returns_subgraph_state[sqlite_aes],50,0,0,50,NOT_FLAKY
tests/test_time_travel.py::test_multiple_forks_from_same_checkpoint[memory],50,0,0,50,NOT_FLAKY
tests/test_time_travel.py::test_multiple_forks_from_same_checkpoint[sqlite],50,0,0,50,NOT_FLAKY
tests/test_time_travel.py::test_multiple_forks_from_same_checkpoint[sqlite_aes],50,0,0,50,NOT_FLAKY
tests/test_time_travel.py::test_replay_creates_branch_in_subgraph[sqlite],50,0,0,50,NOT_FLAKY
tests/test_time_travel.py::test_replay_creates_branch_in_subgraph[sqlite_aes],50,0,0,50,NOT_FLAKY
tests/test_time_travel.py::test_replay_creates_branch_preserving_old_checkpoints[memory],50,0,0,50,NOT_FLAKY
tests/test_time_travel.py::test_replay_creates_branch_preserving_old_checkpoints[sqlite],50,0,0,50,NOT_FLAKY
tests/test_time_travel.py::test_replay_creates_branch_preserving_old_checkpoints[sqlite_aes],50,0,0,50,NOT_FLAKY
tests/test_time_travel.py::test_replay_from_final_checkpoint_is_noop[memory],50,0,0,50,NOT_FLAKY
tests/test_time_travel.py::test_replay_from_final_checkpoint_is_noop[sqlite],50,0,0,50,NOT_FLAKY
tests/test_time_travel.py::test_replay_from_final_checkpoint_is_noop[sqlite_aes],50,0,0,50,NOT_FLAKY
tests/test_time_travel.py::test_replay_from_first_invocation_checkpoint[memory],50,0,0,50,NOT_FLAKY
tests/test_time_travel.py::test_replay_from_first_invocation_checkpoint[sqlite],50,0,0,50,NOT_FLAKY
tests/test_time_travel.py::test_replay_from_first_invocation_checkpoint[sqlite_aes],50,0,0,50,NOT_FLAKY
tests/test_time_travel.py::test_replay_reruns_nodes_after_checkpoint[memory],50,0,0,50,NOT_FLAKY
tests/test_time_travel.py::test_replay_reruns_nodes_after_checkpoint[sqlite],50,0,0,50,NOT_FLAKY
tests/test_time_travel.py::test_replay_reruns_nodes_after_checkpoint[sqlite_aes],50,0,0,50,NOT_FLAKY
tests/test_time_travel.py::test_stateful_subgraph_loads_latest_after_replay[sqlite],50,0,0,50,NOT_FLAKY
tests/test_time_travel.py::test_stateful_subgraph_loads_latest_after_replay[sqlite_aes],50,0,0,50,NOT_FLAKY
tests/test_time_travel.py::test_stateful_subgraph_loads_state_across_ticks[sqlite],50,0,0,50,NOT_FLAKY
tests/test_time_travel.py::test_stateful_subgraph_loads_state_across_ticks[sqlite_aes],50,0,0,50,NOT_FLAKY
tests/test_time_travel.py::test_stateful_subgraph_retains_state_on_parent_fork[sqlite],50,0,0,50,NOT_FLAKY
tests/test_time_travel.py::test_stateful_subgraph_retains_state_on_parent_fork[sqlite_aes],50,0,0,50,NOT_FLAKY
tests/test_time_travel.py::test_stateful_subgraph_retains_state_on_parent_replay[sqlite],50,0,0,50,NOT_FLAKY
tests/test_time_travel.py::test_stateful_subgraph_retains_state_on_parent_replay[sqlite_aes],50,0,0,50,NOT_FLAKY
tests/test_time_travel.py::test_stateless_subgraph_starts_fresh_on_parent_replay[sqlite],50,0,0,50,NOT_FLAKY
tests/test_time_travel.py::test_stateless_subgraph_starts_fresh_on_parent_replay[sqlite_aes],50,0,0,50,NOT_FLAKY
tests/test_time_travel.py::test_subgraph_called_in_loop_loads_state_on_replay[sqlite],50,0,0,50,NOT_FLAKY
tests/test_time_travel.py::test_subgraph_called_in_loop_loads_state_on_replay[sqlite_aes],50,0,0,50,NOT_FLAKY
tests/test_time_travel.py::test_subgraph_fork_from_before[sqlite],50,0,0,50,NOT_FLAKY
tests/test_time_travel.py::test_subgraph_fork_from_before[sqlite_aes],50,0,0,50,NOT_FLAKY
tests/test_time_travel.py::test_subgraph_replay_from_before[sqlite],50,0,0,50,NOT_FLAKY
tests/test_time_travel.py::test_subgraph_replay_from_before[sqlite_aes],50,0,0,50,NOT_FLAKY
tests/test_time_travel.py::test_subgraph_replay_from_subgraph_checkpoint[memory],50,0,0,50,NOT_FLAKY
tests/test_time_travel.py::test_subgraph_replay_from_subgraph_checkpoint[sqlite],50,0,0,50,NOT_FLAKY
tests/test_time_travel.py::test_subgraph_replay_from_subgraph_checkpoint[sqlite_aes],50,0,0,50,NOT_FLAKY
tests/test_time_travel.py::test_subgraph_replay_loads_accumulated_state_then_resume[sqlite],50,0,0,50,NOT_FLAKY
tests/test_time_travel.py::test_subgraph_replay_loads_accumulated_state_then_resume[sqlite_aes],50,0,0,50,NOT_FLAKY
tests/test_time_travel.py::test_subgraph_time_travel_after_completion[sqlite],50,0,0,50,NOT_FLAKY
tests/test_time_travel.py::test_subgraph_time_travel_after_completion[sqlite_aes],50,0,0,50,NOT_FLAKY
tests/test_time_travel.py::test_subgraph_time_travel_checkpoint_pattern[memory],50,0,0,50,NOT_FLAKY
tests/test_time_travel.py::test_subgraph_time_travel_checkpoint_pattern[sqlite],50,0,0,50,NOT_FLAKY
tests/test_time_travel.py::test_subgraph_time_travel_checkpoint_pattern[sqlite_aes],50,0,0,50,NOT_FLAKY
tests/test_time_travel.py::test_three_level_nested_subgraph_loads_state_on_fork[sqlite],50,0,0,50,NOT_FLAKY
tests/test_time_travel.py::test_three_level_nested_subgraph_loads_state_on_fork[sqlite_aes],50,0,0,50,NOT_FLAKY
tests/test_time_travel.py::test_three_level_nested_subgraph_loads_state_on_replay[sqlite],50,0,0,50,NOT_FLAKY
tests/test_time_travel.py::test_three_level_nested_subgraph_loads_state_on_replay[sqlite_aes],50,0,0,50,NOT_FLAKY
tests/test_time_travel.py::test_update_state_with_none_values[sqlite],50,0,0,50,NOT_FLAKY
tests/test_time_travel.py::test_update_state_with_none_values[sqlite_aes],50,0,0,50,NOT_FLAKY
tests/test_utils.py::test_ensure_config_non_coordinate_config_keeps_ambient_checkpoint_ns,50,0,0,50,NOT_FLAKY
tests/test_deprecation.py::test_config_type_deprecation_pregel,50,0,0,50,NOT_FLAKY
tests/test_deprecation.py::test_pregel_types_deprecation,50,0,0,50,NOT_FLAKY
tests/test_large_cases.py::test_conditional_state_graph[memory],50,0,0,50,NOT_FLAKY
tests/test_large_cases.py::test_doubly_nested_graph_state[memory],50,0,0,50,NOT_FLAKY
tests/test_large_cases.py::test_fork_always_re_runs_nodes[memory],50,0,0,50,NOT_FLAKY
tests/test_large_cases.py::test_in_one_fan_out_out_one_graph_state,50,0,0,50,NOT_FLAKY
tests/test_large_cases.py::test_message_graph[memory],50,0,0,50,NOT_FLAKY
tests/test_large_cases.py::test_nested_graph_state[memory],50,0,0,50,NOT_FLAKY
tests/test_large_cases.py::test_prebuilt_tool_chat,50,0,0,50,NOT_FLAKY
tests/test_large_cases.py::test_root_graph[memory],50,0,0,50,NOT_FLAKY
tests/test_large_cases.py::test_send_dedupe_on_resume[memory-exit],50,0,0,50,NOT_FLAKY
tests/test_large_cases.py::test_send_dedupe_on_resume[memory-sync],50,0,0,50,NOT_FLAKY
tests/test_large_cases.py::test_send_to_nested_graphs[memory],50,0,0,50,NOT_FLAKY
tests/test_large_cases.py::test_state_graph_packets[memory],50,0,0,50,NOT_FLAKY
tests/test_large_cases.py::test_subgraph_to_end_does_not_warn,50,0,0,50,NOT_FLAKY
tests/test_large_cases.py::test_weather_subgraph[memory],50,0,0,50,NOT_FLAKY
tests/test_parent_command.py::test_parent_command_from_nested_subgraph,50,0,0,50,NOT_FLAKY
tests/test_pregel.py::test_add_sequence,50,0,0,50,NOT_FLAKY
tests/test_pregel.py::test_batch_many_processes_in_out,50,0,0,50,NOT_FLAKY
tests/test_pregel.py::test_batch_two_processes_in_out,50,0,0,50,NOT_FLAKY
tests/test_pregel.py::test_batch_update_as_input[memory-exit],50,0,0,50,NOT_FLAKY
tests/test_pregel.py::test_batch_update_as_input[memory-sync],50,0,0,50,NOT_FLAKY
tests/test_pregel.py::test_bulk_state_updates[memory],50,0,0,50,NOT_FLAKY
tests/test_pregel.py::test_callable_in_conditional_edges_with_no_path_map,50,0,0,50,NOT_FLAKY
tests/test_pregel.py::test_channel_values[memory],50,0,0,50,NOT_FLAKY
tests/test_pregel.py::test_command_goto_with_static_breakpoints[memory],50,0,0,50,NOT_FLAKY
tests/test_pregel.py::test_command_pydantic_dataclass,50,0,0,50,NOT_FLAKY
tests/test_pregel.py::test_command_with_static_breakpoints[memory],50,0,0,50,NOT_FLAKY
tests/test_pregel.py::test_cond_edge_after_send,50,0,0,50,NOT_FLAKY
tests/test_pregel.py::test_conditional_entrypoint_graph_state,50,0,0,50,NOT_FLAKY
tests/test_pregel.py::test_conditional_entrypoint_to_multiple_state_graph,50,0,0,50,NOT_FLAKY
tests/test_pregel.py::test_conditional_state_graph_with_list_edge_inputs,50,0,0,50,NOT_FLAKY
tests/test_pregel.py::test_context_json_schema,50,0,0,50,NOT_FLAKY
tests/test_pregel.py::test_debug_nested_subgraphs[memory-exit],50,0,0,50,NOT_FLAKY
tests/test_pregel.py::test_debug_nested_subgraphs[memory-sync],50,0,0,50,NOT_FLAKY
tests/test_pregel.py::test_debug_subgraphs[memory-exit],50,0,0,50,NOT_FLAKY
tests/test_pregel.py::test_debug_subgraphs[memory-sync],50,0,0,50,NOT_FLAKY
tests/test_pregel.py::test_delta_channel_end_to_end_inmemory,50,0,0,50,NOT_FLAKY
tests/test_pregel.py::test_delta_channel_remove_message_end_to_end,50,0,0,50,NOT_FLAKY
tests/test_pregel.py::test_delta_channel_time_travel,50,0,0,50,NOT_FLAKY
tests/test_pregel.py::test_delta_channel_update_by_id_end_to_end,50,0,0,50,NOT_FLAKY
tests/test_pregel.py::test_dict_mixed_return,50,0,0,50,NOT_FLAKY
tests/test_pregel.py::test_empty_invoke,50,0,0,50,NOT_FLAKY
tests/test_pregel.py::test_entrypoint_from_sync_generator,50,0,0,50,NOT_FLAKY
tests/test_pregel.py::test_entrypoint_output_schema_with_return_and_save,50,0,0,50,NOT_FLAKY
tests/test_pregel.py::test_entrypoint_stateful[memory],50,0,0,50,NOT_FLAKY
tests/test_pregel.py::test_entrypoint_stateful_update_state[memory],50,0,0,50,NOT_FLAKY
tests/test_pregel.py::test_entrypoint_with_return_and_save[memory],50,0,0,50,NOT_FLAKY
tests/test_pregel.py::test_enum_node_names,50,0,0,50,NOT_FLAKY
tests/test_pregel.py::test_falsy_return_from_task[memory],50,0,0,50,NOT_FLAKY
tests/test_pregel.py::test_fork_and_update_task_results[memory],50,0,0,50,NOT_FLAKY
tests/test_pregel.py::test_fork_does_not_apply_pending_writes[memory],50,0,0,50,NOT_FLAKY
tests/test_pregel.py::test_function_in_conditional_edges_with_no_path_map,50,0,0,50,NOT_FLAKY
tests/test_pregel.py::test_get_graph_loop,50,0,0,50,NOT_FLAKY
tests/test_pregel.py::test_get_graph_nonterminal_last_step_source,50,0,0,50,NOT_FLAKY
tests/test_pregel.py::test_get_graph_root_channel,50,0,0,50,NOT_FLAKY
tests/test_pregel.py::test_get_graph_self_loop,50,0,0,50,NOT_FLAKY
tests/test_pregel.py::test_graph_validation,50,0,0,50,NOT_FLAKY
tests/test_pregel.py::test_graph_validation_with_command,50,0,0,50,NOT_FLAKY
tests/test_pregel.py::test_imp_exception[memory],50,0,0,50,NOT_FLAKY
tests/test_pregel.py::test_imp_nested[memory-exit],50,0,0,50,NOT_FLAKY
tests/test_pregel.py::test_imp_nested[memory-sync],50,0,0,50,NOT_FLAKY
tests/test_pregel.py::test_imp_task[memory-exit],50,0,0,50,NOT_FLAKY
tests/test_pregel.py::test_imp_task[memory-sync],50,0,0,50,NOT_FLAKY
tests/test_pregel.py::test_in_one_fan_out_state_graph_waiting_edge[memory],50,0,0,50,NOT_FLAKY
tests/test_pregel.py::test_in_one_fan_out_state_graph_waiting_edge_custom_state_class_pydantic2[memory],50,0,0,50,NOT_FLAKY
tests/test_pregel.py::test_in_one_fan_out_state_graph_waiting_edge_custom_state_class_pydantic_input[memory],50,0,0,50,NOT_FLAKY
tests/test_pregel.py::test_in_one_fan_out_state_graph_waiting_edge_multiple[memory-False],50,0,0,50,NOT_FLAKY
tests/test_pregel.py::test_in_one_fan_out_state_graph_waiting_edge_multiple[memory-True],50,0,0,50,NOT_FLAKY
tests/test_pregel.py::test_in_one_fan_out_state_graph_waiting_edge_multiple_cond_edge,50,0,0,50,NOT_FLAKY
tests/test_pregel.py::test_in_one_fan_out_state_graph_waiting_edge_plus_regular[memory],50,0,0,50,NOT_FLAKY
tests/test_pregel.py::test_in_one_fan_out_state_graph_waiting_edge_via_branch[memory],50,0,0,50,NOT_FLAKY
tests/test_pregel.py::test_invoke_join_then_call_other_pregel[memory],50,0,0,50,NOT_FLAKY
tests/test_pregel.py::test_invoke_many_processes_in_out,50,0,0,50,NOT_FLAKY
tests/test_pregel.py::test_invoke_single_process_in_dict_out_dict,50,0,0,50,NOT_FLAKY
tests/test_pregel.py::test_invoke_single_process_in_out,50,0,0,50,NOT_FLAKY
tests/test_pregel.py::test_invoke_single_process_in_out_dict,50,0,0,50,NOT_FLAKY
tests/test_pregel.py::test_invoke_single_process_in_write_kwargs,50,0,0,50,NOT_FLAKY
tests/test_pregel.py::test_invoke_two_processes_in_out,50,0,0,50,NOT_FLAKY
tests/test_pregel.py::test_invoke_two_processes_no_in,50,0,0,50,NOT_FLAKY
tests/test_pregel.py::test_invoke_two_processes_no_out,50,0,0,50,NOT_FLAKY
tests/test_pregel.py::test_invoke_two_processes_one_in_two_out,50,0,0,50,NOT_FLAKY
tests/test_pregel.py::test_invoke_two_processes_two_in_join_two_out,50,0,0,50,NOT_FLAKY
tests/test_pregel.py::test_invoke_two_processes_two_in_two_out_invalid,50,0,0,50,NOT_FLAKY
tests/test_pregel.py::test_invoke_two_processes_two_in_two_out_valid,50,0,0,50,NOT_FLAKY
tests/test_pregel.py::test_migration_graph,50,0,0,50,NOT_FLAKY
tests/test_pregel.py::test_multi_resume[memory],50,0,0,50,NOT_FLAKY
tests/test_pregel.py::test_multiple_sinks_subgraphs,50,0,0,50,NOT_FLAKY
tests/test_pregel.py::test_multiple_subgraphs[memory],50,0,0,50,NOT_FLAKY
tests/test_pregel.py::test_multiple_subgraphs_functional[memory],50,0,0,50,NOT_FLAKY
tests/test_pregel.py::test_multiple_subgraphs_mixed_entrypoint[memory],50,0,0,50,NOT_FLAKY
tests/test_pregel.py::test_multiple_subgraphs_mixed_state_graph[memory],50,0,0,50,NOT_FLAKY
tests/test_pregel.py::test_multiple_updates,50,0,0,50,NOT_FLAKY
tests/test_pregel.py::test_multiple_updates_root,50,0,0,50,NOT_FLAKY
tests/test_pregel.py::test_multiple_writes_same_channel_from_same_node[memory],50,0,0,50,NOT_FLAKY
tests/test_pregel.py::test_multistep_plan[memory],50,0,0,50,NOT_FLAKY
tests/test_pregel.py::test_named_tasks_functional,50,0,0,50,NOT_FLAKY
tests/test_pregel.py::test_nested_graph,50,0,0,50,NOT_FLAKY
tests/test_pregel.py::test_nested_graph_xray,50,0,0,50,NOT_FLAKY
tests/test_pregel.py::test_node_destinations,50,0,0,50,NOT_FLAKY
tests/test_pregel.py::test_node_schemas_custom_output,50,0,0,50,NOT_FLAKY
tests/test_pregel.py::test_overriding_injectable_args_with_tasks[in_memory],50,0,0,50,NOT_FLAKY
tests/test_pregel.py::test_overwrite_sequential[memory-False],50,0,0,50,NOT_FLAKY
tests/test_pregel.py::test_overwrite_sequential[memory-True],50,0,0,50,NOT_FLAKY
tests/test_pregel.py::test_parent_command[memory-False],50,0,0,50,NOT_FLAKY
tests/test_pregel.py::test_parent_command[memory-True],50,0,0,50,NOT_FLAKY
tests/test_pregel.py::test_parent_command_goto[memory-False-False],50,0,0,50,NOT_FLAKY
tests/test_pregel.py::test_parent_command_goto[memory-False-both],50,0,0,50,NOT_FLAKY
tests/test_pregel.py::test_parent_command_goto[memory-False-inner],50,0,0,50,NOT_FLAKY
tests/test_pregel.py::test_parent_command_goto[memory-False-outer],50,0,0,50,NOT_FLAKY
tests/test_pregel.py::test_parent_command_goto[memory-True-False],50,0,0,50,NOT_FLAKY
tests/test_pregel.py::test_parent_command_goto[memory-True-both],50,0,0,50,NOT_FLAKY
tests/test_pregel.py::test_parent_command_goto[memory-True-inner],50,0,0,50,NOT_FLAKY
tests/test_pregel.py::test_parent_command_goto[memory-True-outer],50,0,0,50,NOT_FLAKY
tests/test_pregel.py::test_parent_command_goto_deeply_nested[memory-False],50,0,0,50,NOT_FLAKY
tests/test_pregel.py::test_parent_command_goto_deeply_nested[memory-True],50,0,0,50,NOT_FLAKY
tests/test_pregel.py::test_pending_writes_resume[memory-exit],50,0,0,50,NOT_FLAKY
tests/test_pregel.py::test_pending_writes_resume[memory-sync],50,0,0,50,NOT_FLAKY
tests/test_pregel.py::test_pregel_loop_refcount,50,0,0,50,NOT_FLAKY
tests/test_pregel.py::test_pregel_node_copy,50,0,0,50,NOT_FLAKY
tests/test_pregel.py::test_pydantic_none_state_update,50,0,0,50,NOT_FLAKY
tests/test_pregel.py::test_pydantic_state_mutation,50,0,0,50,NOT_FLAKY
tests/test_pregel.py::test_pydantic_state_mutation_command,50,0,0,50,NOT_FLAKY
tests/test_pregel.py::test_pydantic_state_update_command,50,0,0,50,NOT_FLAKY
tests/test_pregel.py::test_reducer_before_first_node,50,0,0,50,NOT_FLAKY
tests/test_pregel.py::test_remove_message_from_node,50,0,0,50,NOT_FLAKY
tests/test_pregel.py::test_remove_message_via_state_update[memory],50,0,0,50,NOT_FLAKY
tests/test_pregel.py::test_repeat_condition,50,0,0,50,NOT_FLAKY
tests/test_pregel.py::test_request_drain_allows_inflight_call_scheduling[memory],50,0,0,50,NOT_FLAKY
tests/test_pregel.py::test_root_mixed_return,50,0,0,50,NOT_FLAKY
tests/test_pregel.py::test_runnable_passthrough_node_graph,50,0,0,50,NOT_FLAKY
tests/test_pregel.py::test_send_sequences,50,0,0,50,NOT_FLAKY
tests/test_pregel.py::test_send_with_untracked_value[memory],50,0,0,50,NOT_FLAKY
tests/test_pregel.py::test_send_with_untracked_value_overlapping_keys[memory],50,0,0,50,NOT_FLAKY
tests/test_pregel.py::test_simple_multi_edge,50,0,0,50,NOT_FLAKY
tests/test_pregel.py::test_state_graph_w_config_inherited_state_keys,50,0,0,50,NOT_FLAKY
tests/test_pregel.py::test_supersteps_populate_task_results[memory],50,0,0,50,NOT_FLAKY
tests/test_pregel.py::test_update_as_input[memory-exit],50,0,0,50,NOT_FLAKY
tests/test_pregel.py::test_update_as_input[memory-sync],50,0,0,50,NOT_FLAKY
tests/test_pregel.py::test_xray_bool,50,0,0,50,NOT_FLAKY
tests/test_pregel.py::test_xray_issue,50,0,0,50,NOT_FLAKY
tests/test_pregel.py::test_xray_lance,50,0,0,50,NOT_FLAKY
tests/test_pregel_debug.py::test_map_debug_tasks_adds_tags_even_without_other_metadata,50,0,0,50,NOT_FLAKY
tests/test_pregel_debug.py::test_map_debug_tasks_filters_framework_metadata_keys,50,0,0,50,NOT_FLAKY
tests/test_pregel_debug.py::test_map_debug_tasks_folds_filtered_tags_into_metadata,50,0,0,50,NOT_FLAKY
tests/test_pregel_debug.py::test_map_debug_tasks_forwards_metadata_when_present,50,0,0,50,NOT_FLAKY
tests/test_pregel_debug.py::test_map_debug_tasks_handles_none_config,50,0,0,50,NOT_FLAKY
tests/test_pregel_debug.py::test_map_debug_tasks_metadata_is_copied_not_referenced,50,0,0,50,NOT_FLAKY
tests/test_pregel_debug.py::test_map_debug_tasks_omits_metadata_when_absent,50,0,0,50,NOT_FLAKY
tests/test_pregel_debug.py::test_map_debug_tasks_omits_metadata_when_empty,50,0,0,50,NOT_FLAKY
tests/test_pregel_debug.py::test_map_debug_tasks_omits_metadata_when_only_framework_keys,50,0,0,50,NOT_FLAKY
tests/test_pregel_debug.py::test_map_debug_tasks_omits_tags_when_only_seq_step,50,0,0,50,NOT_FLAKY
tests/test_remote_graph_v3.py::test_abort_before_enter_skips_cancel_but_closes_sdk,50,0,0,50,NOT_FLAKY
tests/test_remote_graph_v3.py::test_abort_cancels_run_and_closes_sdk,50,0,0,50,NOT_FLAKY
tests/test_remote_graph_v3.py::test_abort_is_idempotent,50,0,0,50,NOT_FLAKY
tests/test_remote_graph_v3.py::test_abort_swallows_cancel_failure_and_still_closes,50,0,0,50,NOT_FLAKY
tests/test_remote_graph_v3.py::test_aenter_calls_sdk_aenter_then_run_start_and_captures_run_id,50,0,0,50,NOT_FLAKY
tests/test_remote_graph_v3.py::test_aenter_unwinds_sdk_cm_when_run_start_raises,50,0,0,50,NOT_FLAKY
tests/test_remote_graph_v3.py::test_aexit_delegates_to_sdk_aexit,50,0,0,50,NOT_FLAKY
tests/test_remote_graph_v3.py::test_channel_projection_decodes_params_data,50,0,0,50,NOT_FLAKY
tests/test_remote_graph_v3.py::test_enter_calls_sdk_enter_then_run_start_and_captures_run_id,50,0,0,50,NOT_FLAKY
tests/test_remote_graph_v3.py::test_enter_unwinds_sdk_cm_when_run_start_raises,50,0,0,50,NOT_FLAKY
tests/test_remote_graph_v3.py::test_exit_delegates_to_sdk_exit_with_exc_info,50,0,0,50,NOT_FLAKY
tests/test_remote_graph_v3.py::test_projection_registry_typed_decoded_and_custom,50,0,0,50,NOT_FLAKY
tests/test_remote_graph_v3.py::test_reject_v3_unsupported_allows_metadata_and_headers,50,0,0,50,NOT_FLAKY
tests/test_remote_graph_v3.py::test_reject_v3_unsupported_passes_when_all_clear,50,0,0,50,NOT_FLAKY
tests/test_remote_graph_v3.py::test_reject_v3_unsupported_raises_on_unknown_extra_kwarg,50,0,0,50,NOT_FLAKY
tests/test_remote_graph_v3.py::test_reject_v3_unsupported_raises_per_kwarg[control-kwarg_value0],50,0,0,50,NOT_FLAKY
tests/test_remote_graph_v3.py::test_reject_v3_unsupported_raises_per_kwarg[transformers-kwarg_value1],50,0,0,50,NOT_FLAKY
tests/test_remote_graph_v3.py::test_sync_adapter_translates_command_input,50,0,0,50,NOT_FLAKY
tests/test_remote_graph_v3.py::test_sync_projection_attrs_forward_to_sdk,50,0,0,50,NOT_FLAKY
tests/test_remote_graph_v3.py::test_translate_command_input_passes_through_non_command,50,0,0,50,NOT_FLAKY
tests/test_remote_graph_v3.py::test_translate_command_input_rejects_goto_and_update,50,0,0,50,NOT_FLAKY
tests/test_remote_graph_v3.py::test_translate_command_input_surfaces_raw_resume_value,50,0,0,50,NOT_FLAKY
tests/test_remote_graph_v3.py::test_v3_supported_kwargs_known_set,50,0,0,50,NOT_FLAKY
tests/test_runtime.py::test_drain_from_subgraph_can_resume_parent,50,0,0,50,NOT_FLAKY
tests/test_runtime.py::test_execution_info_inherited_by_subgraph,50,0,0,50,NOT_FLAKY
tests/test_runtime.py::test_runtime_propogated_to_subgraph,50,0,0,50,NOT_FLAKY
tests/test_subgraph_detection.py::test_callables_without_a_code_object_are_handled[builtin],50,0,0,50,NOT_FLAKY
tests/test_subgraph_detection.py::test_callables_without_a_code_object_are_handled[partial],50,0,0,50,NOT_FLAKY
tests/test_subgraph_detection.py::test_subgraph_detection[attribute_chain-attr_chain],50,0,0,50,NOT_FLAKY
tests/test_subgraph_detection.py::test_subgraph_detection[bound_method_self-None],50,0,0,50,NOT_FLAKY
tests/test_subgraph_detection.py::test_subgraph_detection[broken_attribute_chain-None],50,0,0,50,NOT_FLAKY
tests/test_subgraph_detection.py::test_subgraph_detection[captured_list_subclass-list_subclass],50,0,0,50,NOT_FLAKY
tests/test_subgraph_detection.py::test_subgraph_detection[closure_capture-closure],50,0,0,50,NOT_FLAKY
tests/test_subgraph_detection.py::test_subgraph_detection[empty_closure_cell-beside_empty_cell],50,0,0,50,NOT_FLAKY
tests/test_subgraph_detection.py::test_subgraph_detection[graph_in_plain_list-None],50,0,0,50,NOT_FLAKY
tests/test_subgraph_detection.py::test_subgraph_detection[module_global-module_global],50,0,0,50,NOT_FLAKY
tests/test_subgraph_detection.py::test_subgraph_detection[nested_def_captured_attribute-nested_captured],50,0,0,50,NOT_FLAKY
tests/test_subgraph_detection.py::test_subgraph_detection[nested_def_global-None],50,0,0,50,NOT_FLAKY
tests/test_subgraph_detection.py::test_subgraph_detection[no_subgraph-None],50,0,0,50,NOT_FLAKY
tests/test_subgraph_detection.py::test_subgraph_detection[recombined_names-None],50,0,0,50,NOT_FLAKY
tests/test_subgraph_detection.py::test_subgraph_detection[sourceless-sourceless],50,0,0,50,NOT_FLAKY
tests/test_subgraph_detection.py::test_subgraph_detection[unreachable_attribute_chain-None],50,0,0,50,NOT_FLAKY
tests/test_subgraph_detection.py::test_subgraph_detection[unreachable_branch-unreachable],50,0,0,50,NOT_FLAKY
tests/test_subgraph_detection.py::test_subgraph_detection[wrapper_referencing_nothing-via_wrapped],50,0,0,50,NOT_FLAKY
tests/test_subgraph_persistence.py::test_stateful_namespace_isolation[memory],50,0,0,50,NOT_FLAKY
tests/test_subgraph_persistence.py::test_stateful_state_accumulates[memory],50,0,0,50,NOT_FLAKY
tests/test_subgraph_persistence.py::test_stateless_state_resets[memory],50,0,0,50,NOT_FLAKY
tests/test_time_travel.py::test_3_levels_deep_time_travel_to_middle_subgraph[memory],50,0,0,50,NOT_FLAKY
tests/test_time_travel.py::test_fork_creates_branch_in_subgraph[memory],50,0,0,50,NOT_FLAKY
tests/test_time_travel.py::test_get_state_with_subgraphs_returns_subgraph_state[memory],50,0,0,50,NOT_FLAKY
tests/test_time_travel.py::test_replay_creates_branch_in_subgraph[memory],50,0,0,50,NOT_FLAKY
tests/test_time_travel.py::test_stateful_subgraph_loads_latest_after_replay[memory],50,0,0,50,NOT_FLAKY
tests/test_time_travel.py::test_stateful_subgraph_loads_state_across_ticks[memory],50,0,0,50,NOT_FLAKY
tests/test_time_travel.py::test_stateful_subgraph_retains_state_on_parent_fork[memory],50,0,0,50,NOT_FLAKY
tests/test_time_travel.py::test_stateful_subgraph_retains_state_on_parent_replay[memory],50,0,0,50,NOT_FLAKY
tests/test_time_travel.py::test_stateless_subgraph_starts_fresh_on_parent_replay[memory],50,0,0,50,NOT_FLAKY
tests/test_time_travel.py::test_subgraph_called_in_loop_loads_state_on_replay[memory],50,0,0,50,NOT_FLAKY
tests/test_time_travel.py::test_subgraph_fork_from_before[memory],50,0,0,50,NOT_FLAKY
tests/test_time_travel.py::test_subgraph_replay_from_before[memory],50,0,0,50,NOT_FLAKY
tests/test_time_travel.py::test_subgraph_replay_loads_accumulated_state_then_resume[memory],50,0,0,50,NOT_FLAKY
tests/test_time_travel.py::test_subgraph_time_travel_after_completion[memory],50,0,0,50,NOT_FLAKY
tests/test_time_travel.py::test_three_level_nested_subgraph_loads_state_on_fork[memory],50,0,0,50,NOT_FLAKY
tests/test_time_travel.py::test_three_level_nested_subgraph_loads_state_on_replay[memory],50,0,0,50,NOT_FLAKY
tests/test_deprecation.py::test_config_parameter_incorrect_typing,50,0,0,50,NOT_FLAKY
tests/test_deprecation.py::test_config_schema_deprecation,50,0,0,50,NOT_FLAKY
tests/test_deprecation.py::test_config_schema_deprecation_on_entrypoint,50,0,0,50,NOT_FLAKY
tests/test_managed_values.py::test_managed_values_recognized,50,0,0,50,NOT_FLAKY
tests/test_messages_state.py::test_messages_state[MessagesStatePydantic],50,0,0,50,NOT_FLAKY
tests/test_pydantic.py::test_is_supported_by_pydantic,50,0,0,50,NOT_FLAKY
tests/test_pydantic.py::test_nested_pydantic_models,50,0,0,50,NOT_FLAKY
tests/test_pydantic.py::test_pydantic_state_field_validator,50,0,0,50,NOT_FLAKY
tests/test_runnable.py::test_config_ensured,50,0,0,50,NOT_FLAKY
tests/test_runnable.py::test_config_injection,50,0,0,50,NOT_FLAKY
tests/test_runtime.py::test_cancel_ainvoke_with_sync_node,50,0,0,50,NOT_FLAKY
tests/test_runtime.py::test_context_coercion_dataclass,50,0,0,50,NOT_FLAKY
tests/test_runtime.py::test_context_coercion_errors,50,0,0,50,NOT_FLAKY
tests/test_runtime.py::test_context_coercion_none,50,0,0,50,NOT_FLAKY
tests/test_runtime.py::test_context_coercion_pydantic,50,0,0,50,NOT_FLAKY
tests/test_runtime.py::test_context_coercion_pydantic_validation_errors,50,0,0,50,NOT_FLAKY
tests/test_runtime.py::test_context_coercion_typeddict,50,0,0,50,NOT_FLAKY
tests/test_runtime.py::test_context_runtime,50,0,0,50,NOT_FLAKY
tests/test_runtime.py::test_drain_requested_in_terminal_step_finishes_normally,50,0,0,50,NOT_FLAKY
tests/test_runtime.py::test_drain_with_control_parameter_sync,50,0,0,50,NOT_FLAKY
tests/test_runtime.py::test_execution_info_defaults_and_patch,50,0,0,50,NOT_FLAKY
tests/test_runtime.py::test_execution_info_populated_in_graph,50,0,0,50,NOT_FLAKY
tests/test_runtime.py::test_foreign_object_in_runtime_slot_is_coerced,50,0,0,50,NOT_FLAKY
tests/test_runtime.py::test_injected_runtime,50,0,0,50,NOT_FLAKY
tests/test_runtime.py::test_merge_runtime,50,0,0,50,NOT_FLAKY
tests/test_runtime.py::test_merge_runtime_preserves_run_control,50,0,0,50,NOT_FLAKY
tests/test_runtime.py::test_override_runtime,50,0,0,50,NOT_FLAKY
tests/test_runtime.py::test_run_control_request_drain_stops_future_steps,50,0,0,50,NOT_FLAKY
tests/test_runtime.py::test_server_info_and_runtime_merge,50,0,0,50,NOT_FLAKY
tests/test_runtime.py::test_server_info_from_configurable,50,0,0,50,NOT_FLAKY
tests/test_runtime.py::test_server_info_none_without_configurable,50,0,0,50,NOT_FLAKY
tests/test_runtime.py::test_server_info_user_from_auth_user,50,0,0,50,NOT_FLAKY
tests/test_utils.py::test_callback_manager_copies_configurable_ids_to_tracing_metadata,50,0,0,50,NOT_FLAKY
tests/test_utils.py::test_callback_manager_copies_whitelisted_configurable_ids_to_metadata,50,0,0,50,NOT_FLAKY
tests/test_utils.py::test_configurable_metadata,50,0,0,50,NOT_FLAKY
tests/test_utils.py::test_ensure_config_ambient_inherited_when_no_explicit_configurable,50,0,0,50,NOT_FLAKY
tests/test_utils.py::test_ensure_config_configurable_later_wins_per_key,50,0,0,50,NOT_FLAKY
tests/test_utils.py::test_ensure_config_empty_inputs,50,0,0,50,NOT_FLAKY
tests/test_utils.py::test_ensure_config_explicit_configurable_replaces_ambient,50,0,0,50,NOT_FLAKY
tests/test_utils.py::test_ensure_config_explicit_configurables_still_merge_over_ambient,50,0,0,50,NOT_FLAKY
tests/test_utils.py::test_ensure_config_merges_callbacks_across_configs,50,0,0,50,NOT_FLAKY
tests/test_utils.py::test_ensure_config_merges_configurable_across_configs,50,0,0,50,NOT_FLAKY
tests/test_utils.py::test_ensure_config_merges_metadata_across_configs,50,0,0,50,NOT_FLAKY
tests/test_utils.py::test_ensure_config_merges_metadata_lc_versions,50,0,0,50,NOT_FLAKY
tests/test_utils.py::test_ensure_config_merges_tags_across_configs,50,0,0,50,NOT_FLAKY
tests/test_utils.py::test_ensure_config_metadata_later_wins_per_key,50,0,0,50,NOT_FLAKY
tests/test_utils.py::test_ensure_config_none_inputs_ignored,50,0,0,50,NOT_FLAKY
tests/test_utils.py::test_merge_configs_merges_metadata_lc_versions,50,0,0,50,NOT_FLAKY
tests/test_utils.py::test_metadata_empty_incoming_preserves_base_lc_versions[ensure_config],50,0,0,50,NOT_FLAKY
tests/test_utils.py::test_metadata_empty_incoming_preserves_base_lc_versions[merge_configs],50,0,0,50,NOT_FLAKY
tests/test_utils.py::test_metadata_lc_versions_accumulate_across_more_than_two_configs[ensure_config],50,0,0,50,NOT_FLAKY
tests/test_utils.py::test_metadata_lc_versions_accumulate_across_more_than_two_configs[merge_configs],50,0,0,50,NOT_FLAKY
tests/test_utils.py::test_metadata_lc_versions_later_values_win_without_recursive_merge[ensure_config],50,0,0,50,NOT_FLAKY
tests/test_utils.py::test_metadata_lc_versions_later_values_win_without_recursive_merge[merge_configs],50,0,0,50,NOT_FLAKY
tests/test_utils.py::test_metadata_lc_versions_merge_does_not_mutate_inputs[ensure_config],50,0,0,50,NOT_FLAKY
tests/test_utils.py::test_metadata_lc_versions_merge_does_not_mutate_inputs[merge_configs],50,0,0,50,NOT_FLAKY
tests/test_utils.py::test_metadata_nested_mappings_other_than_lc_versions_are_replaced[ensure_config],50,0,0,50,NOT_FLAKY
tests/test_utils.py::test_metadata_nested_mappings_other_than_lc_versions_are_replaced[merge_configs],50,0,0,50,NOT_FLAKY
tests/test_utils.py::test_metadata_non_mapping_values_later_wins[ensure_config],50,0,0,50,NOT_FLAKY
tests/test_utils.py::test_metadata_non_mapping_values_later_wins[merge_configs],50,0,0,50,NOT_FLAKY
tests/test_utils.py::test_metadata_single_sided_mapping_values_are_copied[ensure_config],50,0,0,50,NOT_FLAKY
tests/test_utils.py::test_metadata_single_sided_mapping_values_are_copied[merge_configs],50,0,0,50,NOT_FLAKY
tests/test_algo.py::test_prepare_next_tasks,50,0,0,50,NOT_FLAKY
tests/test_algo.py::test_tuple_str,50,0,0,50,NOT_FLAKY
tests/test_channels.py::test_binop,50,0,0,50,NOT_FLAKY
tests/test_channels.py::test_delta_channel_basic_two_steps,50,0,0,50,NOT_FLAKY
tests/test_channels.py::test_delta_channel_dict_coercion,50,0,0,50,NOT_FLAKY
tests/test_channels.py::test_delta_channel_dict_reducer_backwards_compat,50,0,0,50,NOT_FLAKY
tests/test_channels.py::test_delta_channel_dict_reducer_basic_updates,50,0,0,50,NOT_FLAKY
tests/test_channels.py::test_delta_channel_dict_reducer_end_to_end_filesystem,50,0,0,50,NOT_FLAKY
tests/test_channels.py::test_delta_channel_dict_reducer_fresh_channel,50,0,0,50,NOT_FLAKY
tests/test_channels.py::test_delta_channel_dict_reducer_overwrite_in_update,50,0,0,50,NOT_FLAKY
tests/test_channels.py::test_delta_channel_dict_reducer_overwrite_in_writes_replay,50,0,0,50,NOT_FLAKY
tests/test_channels.py::test_delta_channel_dict_reducer_with_deletions,50,0,0,50,NOT_FLAKY
tests/test_channels.py::test_delta_channel_dict_reducer_with_notrequired_annotation,50,0,0,50,NOT_FLAKY
tests/test_channels.py::test_delta_channel_dict_reducer_writes_reconstruction,50,0,0,50,NOT_FLAKY
tests/test_channels.py::test_delta_channel_inmemory_saver_assembles_writes,50,0,0,50,NOT_FLAKY
tests/test_channels.py::test_delta_channel_overwrite,50,0,0,50,NOT_FLAKY
tests/test_channels.py::test_delta_channel_overwrite_superstep_snapshots,50,0,0,50,NOT_FLAKY
tests/test_channels.py::test_delta_channel_remove_message_and_replay,50,0,0,50,NOT_FLAKY
tests/test_channels.py::test_delta_channel_replay_after_overwrite_snapshot,50,0,0,50,NOT_FLAKY
tests/test_channels.py::test_delta_channel_snapshot_version_based,50,0,0,50,NOT_FLAKY
tests/test_channels.py::test_delta_channel_update_by_id_and_replay,50,0,0,50,NOT_FLAKY
tests/test_channels.py::test_last_value,50,0,0,50,NOT_FLAKY
tests/test_channels.py::test_messages_delta_reducer_coerces_state,50,0,0,50,NOT_FLAKY
tests/test_channels.py::test_messages_delta_reducer_tuple_write_is_one_message,50,0,0,50,NOT_FLAKY
tests/test_channels.py::test_overwrite_dataclass_form_survives_json_roundtrip,50,0,0,50,NOT_FLAKY
tests/test_channels.py::test_overwrite_non_matching_dict_not_recognised,50,0,0,50,NOT_FLAKY
tests/test_channels.py::test_overwrite_sentinel_dict_still_recognised,50,0,0,50,NOT_FLAKY
tests/test_channels.py::test_topic,50,0,0,50,NOT_FLAKY
tests/test_channels.py::test_topic_accumulate,50,0,0,50,NOT_FLAKY
tests/test_channels.py::test_untracked_value,50,0,0,50,NOT_FLAKY
tests/test_delta_channel_benchmark.py::test_delta_channel_benchmark,50,0,0,50,NOT_FLAKY
tests/test_delta_channel_exit_mode.py::test_exit_count_parity_sync_vs_exit,50,0,0,50,NOT_FLAKY
tests/test_delta_channel_exit_mode.py::test_exit_first_run_all_snapshot,50,0,0,50,NOT_FLAKY
tests/test_delta_channel_exit_mode.py::test_exit_first_run_no_delta_writes,50,0,0,50,NOT_FLAKY
tests/test_delta_channel_exit_mode.py::test_exit_first_run_sub_freq_with_writes,50,0,0,50,NOT_FLAKY
tests/test_delta_channel_exit_mode.py::test_exit_metadata_round_trip,50,0,0,50,NOT_FLAKY
tests/test_delta_channel_exit_mode.py::test_exit_mixed_snapshot_and_non_snapshot,50,0,0,50,NOT_FLAKY
tests/test_delta_channel_exit_mode.py::test_exit_multi_run_replay_chain,50,0,0,50,NOT_FLAKY
tests/test_delta_channel_exit_mode.py::test_exit_resumed_run_sub_freq,50,0,0,50,NOT_FLAKY
tests/test_delta_channel_exit_mode.py::test_exit_snapshot_fires_at_frequency,50,0,0,50,NOT_FLAKY
tests/test_delta_channel_exit_mode.py::test_exit_snapshot_then_tail_deltas,50,0,0,50,NOT_FLAKY
tests/test_delta_channel_id_stability.py::test_delta_channel_dict_style_message_gets_stable_id,50,0,0,50,NOT_FLAKY
tests/test_delta_channel_id_stability.py::test_delta_channel_message_gets_id_and_stays_stable,50,0,0,50,NOT_FLAKY
tests/test_delta_channel_migration.py::test_add_messages_migration_keeps_first_post_migration_message,50,0,0,50,NOT_FLAKY
tests/test_delta_channel_migration.py::test_add_messages_to_delta_migration_preserves_message_history,50,0,0,50,NOT_FLAKY
tests/test_delta_channel_migration.py::test_base_saver_fallback_matches_optimized_override,50,0,0,50,NOT_FLAKY
tests/test_delta_channel_migration.py::test_basic_migration_preserves_pre_migration_state,50,0,0,50,NOT_FLAKY
tests/test_delta_channel_migration.py::test_first_post_migration_write_survives_cold_read,50,0,0,50,NOT_FLAKY
tests/test_delta_channel_migration.py::test_post_migration_writes_match_base_saver_fallback,50,0,0,50,NOT_FLAKY
tests/test_delta_channel_migration.py::test_tip_of_pre_migration_hydrates_directly,50,0,0,50,NOT_FLAKY
tests/test_delta_channel_migration.py::test_update_state_after_migration_uses_written_value,50,0,0,50,NOT_FLAKY
tests/test_delta_channel_supersteps_bound.py::test_counter_reset_after_supersteps_snapshot,50,0,0,50,NOT_FLAKY
tests/test_delta_channel_supersteps_bound.py::test_forced_snapshot_accumulates_across_runs,50,0,0,50,NOT_FLAKY
tests/test_delta_channel_supersteps_bound.py::test_forced_snapshot_single_run,50,0,0,50,NOT_FLAKY
tests/test_delta_channel_supersteps_bound.py::test_predicate_fires_on_supersteps_overflow,50,0,0,50,NOT_FLAKY
tests/test_delta_channel_update_state.py::test_aconsecutive_update_states_delta_channel,50,0,0,50,NOT_FLAKY
tests/test_delta_channel_update_state.py::test_aupdate_state_after_invoke_delta_channel,50,0,0,50,NOT_FLAKY
tests/test_delta_channel_update_state.py::test_bulk_update_state_multi_task_per_superstep_delta_channel,50,0,0,50,NOT_FLAKY
tests/test_delta_channel_update_state.py::test_consecutive_update_states_delta_channel,50,0,0,50,NOT_FLAKY
tests/test_delta_channel_update_state.py::test_fresh_update_state_head_snapshots_delta_channel,50,0,0,50,NOT_FLAKY
tests/test_delta_channel_update_state.py::test_state_history_chain_after_fresh_update_state_delta_channel,50,0,0,50,NOT_FLAKY
tests/test_delta_channel_update_state.py::test_update_state_after_invoke_delta_channel,50,0,0,50,NOT_FLAKY
tests/test_delta_channel_update_state.py::test_update_state_replaces_message_by_id_delta_channel,50,0,0,50,NOT_FLAKY
tests/test_delta_channel_update_state.py::test_update_state_snapshots_at_frequency,50,0,0,50,NOT_FLAKY
tests/test_deprecation.py::test_add_node_input_schema,50,0,0,50,NOT_FLAKY
tests/test_deprecation.py::test_constants_deprecation,50,0,0,50,NOT_FLAKY
tests/test_deprecation.py::test_deprecated_import,50,0,0,50,NOT_FLAKY
tests/test_deprecation.py::test_graph_output_contains_deprecation,50,0,0,50,NOT_FLAKY
tests/test_deprecation.py::test_graph_output_getitem_deprecation,50,0,0,50,NOT_FLAKY
tests/test_deprecation.py::test_message_graph_deprecation,50,0,0,50,NOT_FLAKY
tests/test_deprecation.py::test_state_graph_input_schema,50,0,0,50,NOT_FLAKY
tests/test_deprecation.py::test_state_graph_output_schema,50,0,0,50,NOT_FLAKY
tests/test_graph_callbacks.py::test_graph_callbacks_accept_base_callback_manager,50,0,0,50,NOT_FLAKY
tests/test_graph_callbacks.py::test_graph_callbacks_continue_when_resume_handler_raises_sync,50,0,0,50,NOT_FLAKY
tests/test_graph_callbacks.py::test_graph_callbacks_raise_error_propagates_sync,50,0,0,50,NOT_FLAKY
tests/test_graph_callbacks.py::test_non_graph_handler_does_not_receive_lifecycle_events,50,0,0,50,NOT_FLAKY
tests/test_graph_callbacks.py::test_non_graph_handler_via_add_handler_does_not_crash,50,0,0,50,NOT_FLAKY
tests/test_messages_state.py::test_add_multiple_messages,50,0,0,50,NOT_FLAKY
tests/test_messages_state.py::test_add_single_message,50,0,0,50,NOT_FLAKY
tests/test_messages_state.py::test_delete_all,50,0,0,50,NOT_FLAKY
tests/test_messages_state.py::test_duplicate_remove_message,50,0,0,50,NOT_FLAKY
tests/test_messages_state.py::test_duplicates_in_input,50,0,0,50,NOT_FLAKY
tests/test_messages_state.py::test_duplicates_in_input_with_remove,50,0,0,50,NOT_FLAKY
tests/test_messages_state.py::test_empty_inputs,50,0,0,50,NOT_FLAKY
tests/test_messages_state.py::test_messages_state[MessagesState],50,0,0,50,NOT_FLAKY
tests/test_messages_state.py::test_messages_state_format_openai,50,0,0,50,NOT_FLAKY
tests/test_messages_state.py::test_missing_ids,50,0,0,50,NOT_FLAKY
tests/test_messages_state.py::test_mixed_operations,50,0,0,50,NOT_FLAKY
tests/test_messages_state.py::test_non_list_inputs,50,0,0,50,NOT_FLAKY
tests/test_messages_state.py::test_push_messages_in_graph,50,0,0,50,NOT_FLAKY
tests/test_messages_state.py::test_remove_all_messages,50,0,0,50,NOT_FLAKY
tests/test_messages_state.py::test_remove_message,50,0,0,50,NOT_FLAKY
tests/test_messages_state.py::test_remove_nonexistent_message,50,0,0,50,NOT_FLAKY
tests/test_messages_state.py::test_update_existing_message,50,0,0,50,NOT_FLAKY
tests/test_runnable.py::test_runnable_callable_basic,50,0,0,50,NOT_FLAKY
tests/test_runnable.py::test_runnable_callable_func_accepts,50,0,0,50,NOT_FLAKY
tests/test_runnable.py::test_runnable_callable_injectable_arguments,50,0,0,50,NOT_FLAKY
tests/test_serde_allowlist.py::test_collect_allowlist_annotated_and_union,50,0,0,50,NOT_FLAKY
tests/test_serde_allowlist.py::test_collect_allowlist_basic_models,50,0,0,50,NOT_FLAKY
tests/test_serde_allowlist.py::test_collect_allowlist_channels,50,0,0,50,NOT_FLAKY
tests/test_serde_allowlist.py::test_collect_allowlist_forward_refs,50,0,0,50,NOT_FLAKY
tests/test_serde_allowlist.py::test_collect_allowlist_literal_and_any,50,0,0,50,NOT_FLAKY
tests/test_serde_allowlist.py::test_collect_allowlist_missing_forward_ref,50,0,0,50,NOT_FLAKY
tests/test_serde_allowlist.py::test_collect_allowlist_nested_containers,50,0,0,50,NOT_FLAKY
tests/test_serde_allowlist.py::test_collect_allowlist_newtype_supertype,50,0,0,50,NOT_FLAKY
tests/test_serde_allowlist.py::test_collect_allowlist_pep604_union,50,0,0,50,NOT_FLAKY
tests/test_serde_allowlist.py::test_collect_allowlist_typeddict_fields_only,50,0,0,50,NOT_FLAKY
tests/test_serde_allowlist.py::test_collect_allowlist_typing_union_optional,50,0,0,50,NOT_FLAKY
tests/test_serde_allowlist.py::test_curated_core_allowlist_includes_messages,50,0,0,50,NOT_FLAKY
tests/test_state.py::test__get_node_name,50,0,0,50,NOT_FLAKY
tests/test_state.py::test_doesnt_warn_valid_schema[Annotated0],50,0,0,50,NOT_FLAKY
tests/test_state.py::test_doesnt_warn_valid_schema[Annotated1],50,0,0,50,NOT_FLAKY
tests/test_state.py::test_doesnt_warn_valid_schema[State2],50,0,0,50,NOT_FLAKY
tests/test_state.py::test_doesnt_warn_valid_schema[State],50,0,0,50,NOT_FLAKY
tests/test_state.py::test_doesnt_warn_valid_schema[dict],50,0,0,50,NOT_FLAKY
tests/test_state.py::test_input_schema_conditional_edge,50,0,0,50,NOT_FLAKY
tests/test_state.py::test_is_field_channel,50,0,0,50,NOT_FLAKY
tests/test_state.py::test_private_input_schema_conditional_edge,50,0,0,50,NOT_FLAKY
tests/test_state.py::test_state_schema_default_values[False],50,0,0,50,NOT_FLAKY
tests/test_state.py::test_state_schema_default_values[True],50,0,0,50,NOT_FLAKY
tests/test_state.py::test_state_schema_optional_values[False],50,0,0,50,NOT_FLAKY
tests/test_state.py::test_state_schema_optional_values[True],50,0,0,50,NOT_FLAKY
tests/test_state.py::test_state_schema_with_type_hint,50,0,0,50,NOT_FLAKY
tests/test_state.py::test_warns_invalid_schema[schema0],50,0,0,50,NOT_FLAKY
tests/test_state.py::test_warns_invalid_schema[schema1],50,0,0,50,NOT_FLAKY
tests/test_state.py::test_warns_invalid_schema[schema2],50,0,0,50,NOT_FLAKY
tests/test_state.py::test_warns_invalid_schema[schema3],50,0,0,50,NOT_FLAKY
tests/test_time_travel.py::test_fork_reruns_with_modified_state[memory],50,0,0,50,NOT_FLAKY
tests/test_time_travel.py::test_update_state_with_none_values[memory],50,0,0,50,NOT_FLAKY
tests/test_tracing_interops.py::test_nested_tracing,50,0,0,50,NOT_FLAKY
tests/test_type_checking.py::test_add_node_with_explicit_input_schema,50,0,0,50,NOT_FLAKY
tests/test_type_checking.py::test_base_model_state,50,0,0,50,NOT_FLAKY
tests/test_type_checking.py::test_dataclass_state,50,0,0,50,NOT_FLAKY
tests/test_type_checking.py::test_input_state_specified,50,0,0,50,NOT_FLAKY
tests/test_type_checking.py::test_invoke_with_all_valid_types,50,0,0,50,NOT_FLAKY
tests/test_type_checking.py::test_plain_class_not_allowed,50,0,0,50,NOT_FLAKY
tests/test_type_checking.py::test_typed_dict_state,50,0,0,50,NOT_FLAKY
tests/test_utils.py::test_enhanced_type_hints,50,0,0,50,NOT_FLAKY
tests/test_utils.py::test_is_generator,50,0,0,50,NOT_FLAKY
tests/test_utils.py::test_is_not_empty,50,0,0,50,NOT_FLAKY
tests/test_utils.py::test_is_optional_type,50,0,0,50,NOT_FLAKY
tests/test_utils.py::test_is_required,50,0,0,50,NOT_FLAKY
tests/test_utils.py::test_merge_callbacks_list_base_list_new,50,0,0,50,NOT_FLAKY
tests/test_utils.py::test_merge_callbacks_list_base_manager_new,50,0,0,50,NOT_FLAKY
tests/test_utils.py::test_merge_callbacks_manager_base_list_new,50,0,0,50,NOT_FLAKY
tests/test_utils.py::test_merge_callbacks_manager_base_manager_new,50,0,0,50,NOT_FLAKY
tests/test_utils.py::test_merge_callbacks_none_base_list_new,50,0,0,50,NOT_FLAKY
tests/test_utils.py::test_merge_callbacks_none_base_none_new,50,0,0,50,NOT_FLAKY
tests/test_utils.py::test_runnable_callable_tracing_nested,50,0,0,50,NOT_FLAKY
