[[1;34mINFO[m] Scanning for projects...
[[1;34mINFO[m] Inspecting build with total of 1 modules...
[[1;34mINFO[m] Installing Nexus Staging features:
[[1;34mINFO[m]   ... total of 1 executions of maven-deploy-plugin replaced with nexus-staging-maven-plugin
[[1;34mINFO[m] 
[[1;34mINFO[m] [1m--------------------< [0;36mco.streamx.fluent:fluent-jpa[0;1m >--------------------[m
[[1;34mINFO[m] [1mBuilding Java Fluent JPA 1.2.2-SNAPSHOT[m
[[1;34mINFO[m]   from pom.xml
[[1;34mINFO[m] [1m--------------------------------[ jar ]---------------------------------[m
[[1;34mINFO[m] 
[[1;34mINFO[m] [1m--- [0;32mresources:3.3.1:resources[m [1m(default-resources)[m @ [36mfluent-jpa[0;1m ---[m
[[1;34mINFO[m] Copying 3 resources from src/main/resources to target/classes
[[1;34mINFO[m] 
[[1;34mINFO[m] [1m--- [0;32mcompiler:3.8.1:compile[m [1m(default-compile)[m @ [36mfluent-jpa[0;1m ---[m
[[1;34mINFO[m] Changes detected - recompiling the module!
[[1;34mINFO[m] Compiling 28 source files to /home/dev4nshik/srse-java/FluentJPA=.=4faabd6.dir/FluentJPA=.=4faabd6/Flaky/target/classes
[[1;34mINFO[m] /home/dev4nshik/srse-java/FluentJPA=.=4faabd6.dir/FluentJPA=.=4faabd6/Flaky/src/main/java/co/streamx/fluent/JPA/FluentQueryImpl.java: Some input files use or override a deprecated API.
[[1;34mINFO[m] /home/dev4nshik/srse-java/FluentJPA=.=4faabd6.dir/FluentJPA=.=4faabd6/Flaky/src/main/java/co/streamx/fluent/JPA/FluentQueryImpl.java: Recompile with -Xlint:deprecation for details.
[[1;34mINFO[m] 
[[1;34mINFO[m] [1m--- [0;32mresources:3.3.1:testResources[m [1m(default-testResources)[m @ [36mfluent-jpa[0;1m ---[m
[[1;34mINFO[m] Copying 12 resources from src/test/resources to target/test-classes
[[1;34mINFO[m] 
[[1;34mINFO[m] [1m--- [0;32mcompiler:3.8.1:testCompile[m [1m(default-testCompile)[m @ [36mfluent-jpa[0;1m ---[m
[[1;34mINFO[m] Changes detected - recompiling the module!
[[1;34mINFO[m] Compiling 13 source files to /home/dev4nshik/srse-java/FluentJPA=.=4faabd6.dir/FluentJPA=.=4faabd6/Flaky/target/test-classes
[[1;34mINFO[m] /home/dev4nshik/srse-java/FluentJPA=.=4faabd6.dir/FluentJPA=.=4faabd6/Flaky/src/test/java/co/streamx/fluent/JPA/util/ScopedArrayList_remove_14_0_Test.java: Some input files use unchecked or unsafe operations.
[[1;34mINFO[m] /home/dev4nshik/srse-java/FluentJPA=.=4faabd6.dir/FluentJPA=.=4faabd6/Flaky/src/test/java/co/streamx/fluent/JPA/util/ScopedArrayList_remove_14_0_Test.java: Recompile with -Xlint:unchecked for details.
[[1;34mINFO[m] 
[[1;34mINFO[m] [1m--- [0;32msurefire:3.2.5:test[m [1m(default-test)[m @ [36mfluent-jpa[0;1m ---[m
[[1;34mINFO[m] Using configured provider org.apache.maven.surefire.junitplatform.JUnitPlatformProvider
[[1;34mINFO[m] 
[[1;34mINFO[m] -------------------------------------------------------
[[1;34mINFO[m]  T E S T S
[[1;34mINFO[m] -------------------------------------------------------
[[1;34mINFO[m] Running co.streamx.fluent.JPA.util.[1mScopedArrayList_remove_14_0_Test[m
[[1;31mERROR[m] [1;31mTests [0;1mrun: [0;1m1[m, [1;31mFailures: [0;1;31m1[m, Errors: 0, Skipped: 0, Time elapsed: 0.031 s[1;31m <<< FAILURE![m -- in co.streamx.fluent.JPA.util.[1mScopedArrayList_remove_14_0_Test[m
[[1;31mERROR[m] co.streamx.fluent.JPA.util.ScopedArrayList_remove_14_0_Test.testRemoveByIndex -- Time elapsed: 0.014 s <<< FAILURE!
org.opentest4j.AssertionFailedError: Unexpected exception type thrown ==> expected: <java.lang.UnsupportedOperationException> but was: <java.lang.reflect.InvocationTargetException>
	at org.junit.jupiter.api.AssertThrows.assertThrows(AssertThrows.java:63)
	at org.junit.jupiter.api.AssertThrows.assertThrows(AssertThrows.java:36)
	at org.junit.jupiter.api.Assertions.assertThrows(Assertions.java:1179)
	at co.streamx.fluent.JPA.util.ScopedArrayList_remove_14_0_Test.testRemoveByIndex(ScopedArrayList_remove_14_0_Test.java:35)
	at java.base/jdk.internal.reflect.NativeMethodAccessorImpl.invoke0(Native Method)
	at java.base/jdk.internal.reflect.NativeMethodAccessorImpl.invoke(NativeMethodAccessorImpl.java:62)
	at java.base/jdk.internal.reflect.DelegatingMethodAccessorImpl.invoke(DelegatingMethodAccessorImpl.java:43)
	at java.base/java.lang.reflect.Method.invoke(Method.java:566)
	at org.junit.platform.commons.util.ReflectionUtils.invokeMethod(ReflectionUtils.java:675)
	at org.junit.jupiter.engine.execution.ExecutableInvoker.invoke(ExecutableInvoker.java:115)
	at org.junit.jupiter.engine.descriptor.TestMethodTestDescriptor.lambda$invokeTestMethod$6(TestMethodTestDescriptor.java:171)
	at org.junit.platform.engine.support.hierarchical.ThrowableCollector.execute(ThrowableCollector.java:72)
	at org.junit.jupiter.engine.descriptor.TestMethodTestDescriptor.invokeTestMethod(TestMethodTestDescriptor.java:167)
	at org.junit.jupiter.engine.descriptor.TestMethodTestDescriptor.execute(TestMethodTestDescriptor.java:114)
	at org.junit.jupiter.engine.descriptor.TestMethodTestDescriptor.execute(TestMethodTestDescriptor.java:59)
	at org.junit.platform.engine.support.hierarchical.NodeTestTask.lambda$executeRecursively$4(NodeTestTask.java:108)
	at org.junit.platform.engine.support.hierarchical.ThrowableCollector.execute(ThrowableCollector.java:72)
	at org.junit.platform.engine.support.hierarchical.NodeTestTask.executeRecursively(NodeTestTask.java:98)
	at org.junit.platform.engine.support.hierarchical.NodeTestTask.execute(NodeTestTask.java:74)
	at java.base/java.util.ArrayList.forEach(ArrayList.java:1541)
	at org.junit.platform.engine.support.hierarchical.SameThreadHierarchicalTestExecutorService.invokeAll(SameThreadHierarchicalTestExecutorService.java:38)
	at org.junit.platform.engine.support.hierarchical.NodeTestTask.lambda$executeRecursively$4(NodeTestTask.java:112)
	at org.junit.platform.engine.support.hierarchical.ThrowableCollector.execute(ThrowableCollector.java:72)
	at org.junit.platform.engine.support.hierarchical.NodeTestTask.executeRecursively(NodeTestTask.java:98)
	at org.junit.platform.engine.support.hierarchical.NodeTestTask.execute(NodeTestTask.java:74)
	at java.base/java.util.ArrayList.forEach(ArrayList.java:1541)
	at org.junit.platform.engine.support.hierarchical.SameThreadHierarchicalTestExecutorService.invokeAll(SameThreadHierarchicalTestExecutorService.java:38)
	at org.junit.platform.engine.support.hierarchical.NodeTestTask.lambda$executeRecursively$4(NodeTestTask.java:112)
	at org.junit.platform.engine.support.hierarchical.ThrowableCollector.execute(ThrowableCollector.java:72)
	at org.junit.platform.engine.support.hierarchical.NodeTestTask.executeRecursively(NodeTestTask.java:98)
	at org.junit.platform.engine.support.hierarchical.NodeTestTask.execute(NodeTestTask.java:74)
	at org.junit.platform.engine.support.hierarchical.SameThreadHierarchicalTestExecutorService.submit(SameThreadHierarchicalTestExecutorService.java:32)
	at org.junit.platform.engine.support.hierarchical.HierarchicalTestExecutor.execute(HierarchicalTestExecutor.java:57)
	at org.junit.platform.engine.support.hierarchical.HierarchicalTestEngine.execute(HierarchicalTestEngine.java:51)
	at org.junit.platform.launcher.core.DefaultLauncher.execute(DefaultLauncher.java:229)
	at org.junit.platform.launcher.core.DefaultLauncher.lambda$execute$6(DefaultLauncher.java:197)
	at org.junit.platform.launcher.core.DefaultLauncher.withInterceptedStreams(DefaultLauncher.java:211)
	at org.junit.platform.launcher.core.DefaultLauncher.execute(DefaultLauncher.java:191)
	at org.junit.platform.launcher.core.DefaultLauncher.execute(DefaultLauncher.java:128)
	at org.apache.maven.surefire.junitplatform.LazyLauncher.execute(LazyLauncher.java:56)
	at org.apache.maven.surefire.junitplatform.JUnitPlatformProvider.execute(JUnitPlatformProvider.java:184)
	at org.apache.maven.surefire.junitplatform.JUnitPlatformProvider.invokeAllTests(JUnitPlatformProvider.java:148)
	at org.apache.maven.surefire.junitplatform.JUnitPlatformProvider.invoke(JUnitPlatformProvider.java:122)
	at org.apache.maven.surefire.booter.ForkedBooter.runSuitesInProcess(ForkedBooter.java:385)
	at org.apache.maven.surefire.booter.ForkedBooter.execute(ForkedBooter.java:162)
	at org.apache.maven.surefire.booter.ForkedBooter.run(ForkedBooter.java:507)
	at org.apache.maven.surefire.booter.ForkedBooter.main(ForkedBooter.java:495)
Caused by: java.lang.reflect.InvocationTargetException
	at java.base/jdk.internal.reflect.NativeMethodAccessorImpl.invoke0(Native Method)
	at java.base/jdk.internal.reflect.NativeMethodAccessorImpl.invoke(NativeMethodAccessorImpl.java:62)
	at java.base/jdk.internal.reflect.DelegatingMethodAccessorImpl.invoke(DelegatingMethodAccessorImpl.java:43)
	at java.base/java.lang.reflect.Method.invoke(Method.java:566)
	at co.streamx.fluent.JPA.util.ScopedArrayList_remove_14_0_Test.lambda$testRemoveByIndex$0(ScopedArrayList_remove_14_0_Test.java:35)
	at org.junit.jupiter.api.AssertThrows.assertThrows(AssertThrows.java:54)
	... 46 more
Caused by: java.lang.UnsupportedOperationException
	at co.streamx.fluent.JPA.util.ScopedArrayList.remove(ScopedArrayList.java:88)
	... 52 more

[[1;34mINFO[m] Running co.streamx.fluent.JPA.util.[1mScopedArrayList_size_1_0_Test[m
[[1;34mINFO[m] [1;32mTests run: [0;1;32m1[m, Failures: 0, Errors: 0, Skipped: 0, Time elapsed: 0.003 s -- in co.streamx.fluent.JPA.util.[1mScopedArrayList_size_1_0_Test[m
[[1;34mINFO[m] Running co.streamx.fluent.JPA.util.[1mScopedArrayList_retainAll_9_0_Test[m
[[1;31mERROR[m] [1;31mTests [0;1mrun: [0;1m1[m, [1;31mFailures: [0;1;31m1[m, Errors: 0, Skipped: 0, Time elapsed: 0.006 s[1;31m <<< FAILURE![m -- in co.streamx.fluent.JPA.util.[1mScopedArrayList_retainAll_9_0_Test[m
[[1;31mERROR[m] co.streamx.fluent.JPA.util.ScopedArrayList_retainAll_9_0_Test.testRetainAllThrowsUnsupportedOperationException -- Time elapsed: 0.002 s <<< FAILURE!
org.opentest4j.AssertionFailedError: Unexpected exception type thrown ==> expected: <java.lang.UnsupportedOperationException> but was: <java.lang.reflect.InvocationTargetException>
	at org.junit.jupiter.api.AssertThrows.assertThrows(AssertThrows.java:63)
	at org.junit.jupiter.api.AssertThrows.assertThrows(AssertThrows.java:36)
	at org.junit.jupiter.api.Assertions.assertThrows(Assertions.java:1179)
	at co.streamx.fluent.JPA.util.ScopedArrayList_retainAll_9_0_Test.testRetainAllThrowsUnsupportedOperationException(ScopedArrayList_retainAll_9_0_Test.java:34)
	at java.base/jdk.internal.reflect.NativeMethodAccessorImpl.invoke0(Native Method)
	at java.base/jdk.internal.reflect.NativeMethodAccessorImpl.invoke(NativeMethodAccessorImpl.java:62)
	at java.base/jdk.internal.reflect.DelegatingMethodAccessorImpl.invoke(DelegatingMethodAccessorImpl.java:43)
	at java.base/java.lang.reflect.Method.invoke(Method.java:566)
	at org.junit.platform.commons.util.ReflectionUtils.invokeMethod(ReflectionUtils.java:675)
	at org.junit.jupiter.engine.execution.ExecutableInvoker.invoke(ExecutableInvoker.java:115)
	at org.junit.jupiter.engine.descriptor.TestMethodTestDescriptor.lambda$invokeTestMethod$6(TestMethodTestDescriptor.java:171)
	at org.junit.platform.engine.support.hierarchical.ThrowableCollector.execute(ThrowableCollector.java:72)
	at org.junit.jupiter.engine.descriptor.TestMethodTestDescriptor.invokeTestMethod(TestMethodTestDescriptor.java:167)
	at org.junit.jupiter.engine.descriptor.TestMethodTestDescriptor.execute(TestMethodTestDescriptor.java:114)
	at org.junit.jupiter.engine.descriptor.TestMethodTestDescriptor.execute(TestMethodTestDescriptor.java:59)
	at org.junit.platform.engine.support.hierarchical.NodeTestTask.lambda$executeRecursively$4(NodeTestTask.java:108)
	at org.junit.platform.engine.support.hierarchical.ThrowableCollector.execute(ThrowableCollector.java:72)
	at org.junit.platform.engine.support.hierarchical.NodeTestTask.executeRecursively(NodeTestTask.java:98)
	at org.junit.platform.engine.support.hierarchical.NodeTestTask.execute(NodeTestTask.java:74)
	at java.base/java.util.ArrayList.forEach(ArrayList.java:1541)
	at org.junit.platform.engine.support.hierarchical.SameThreadHierarchicalTestExecutorService.invokeAll(SameThreadHierarchicalTestExecutorService.java:38)
	at org.junit.platform.engine.support.hierarchical.NodeTestTask.lambda$executeRecursively$4(NodeTestTask.java:112)
	at org.junit.platform.engine.support.hierarchical.ThrowableCollector.execute(ThrowableCollector.java:72)
	at org.junit.platform.engine.support.hierarchical.NodeTestTask.executeRecursively(NodeTestTask.java:98)
	at org.junit.platform.engine.support.hierarchical.NodeTestTask.execute(NodeTestTask.java:74)
	at java.base/java.util.ArrayList.forEach(ArrayList.java:1541)
	at org.junit.platform.engine.support.hierarchical.SameThreadHierarchicalTestExecutorService.invokeAll(SameThreadHierarchicalTestExecutorService.java:38)
	at org.junit.platform.engine.support.hierarchical.NodeTestTask.lambda$executeRecursively$4(NodeTestTask.java:112)
	at org.junit.platform.engine.support.hierarchical.ThrowableCollector.execute(ThrowableCollector.java:72)
	at org.junit.platform.engine.support.hierarchical.NodeTestTask.executeRecursively(NodeTestTask.java:98)
	at org.junit.platform.engine.support.hierarchical.NodeTestTask.execute(NodeTestTask.java:74)
	at org.junit.platform.engine.support.hierarchical.SameThreadHierarchicalTestExecutorService.submit(SameThreadHierarchicalTestExecutorService.java:32)
	at org.junit.platform.engine.support.hierarchical.HierarchicalTestExecutor.execute(HierarchicalTestExecutor.java:57)
	at org.junit.platform.engine.support.hierarchical.HierarchicalTestEngine.execute(HierarchicalTestEngine.java:51)
	at org.junit.platform.launcher.core.DefaultLauncher.execute(DefaultLauncher.java:229)
	at org.junit.platform.launcher.core.DefaultLauncher.lambda$execute$6(DefaultLauncher.java:197)
	at org.junit.platform.launcher.core.DefaultLauncher.withInterceptedStreams(DefaultLauncher.java:211)
	at org.junit.platform.launcher.core.DefaultLauncher.execute(DefaultLauncher.java:191)
	at org.junit.platform.launcher.core.DefaultLauncher.execute(DefaultLauncher.java:128)
	at org.apache.maven.surefire.junitplatform.LazyLauncher.execute(LazyLauncher.java:56)
	at org.apache.maven.surefire.junitplatform.JUnitPlatformProvider.execute(JUnitPlatformProvider.java:184)
	at org.apache.maven.surefire.junitplatform.JUnitPlatformProvider.invokeAllTests(JUnitPlatformProvider.java:148)
	at org.apache.maven.surefire.junitplatform.JUnitPlatformProvider.invoke(JUnitPlatformProvider.java:122)
	at org.apache.maven.surefire.booter.ForkedBooter.runSuitesInProcess(ForkedBooter.java:385)
	at org.apache.maven.surefire.booter.ForkedBooter.execute(ForkedBooter.java:162)
	at org.apache.maven.surefire.booter.ForkedBooter.run(ForkedBooter.java:507)
	at org.apache.maven.surefire.booter.ForkedBooter.main(ForkedBooter.java:495)
Caused by: java.lang.reflect.InvocationTargetException
	at java.base/jdk.internal.reflect.NativeMethodAccessorImpl.invoke0(Native Method)
	at java.base/jdk.internal.reflect.NativeMethodAccessorImpl.invoke(NativeMethodAccessorImpl.java:62)
	at java.base/jdk.internal.reflect.DelegatingMethodAccessorImpl.invoke(DelegatingMethodAccessorImpl.java:43)
	at java.base/java.lang.reflect.Method.invoke(Method.java:566)
	at co.streamx.fluent.JPA.util.ScopedArrayList_retainAll_9_0_Test.lambda$testRetainAllThrowsUnsupportedOperationException$0(ScopedArrayList_retainAll_9_0_Test.java:37)
	at org.junit.jupiter.api.AssertThrows.assertThrows(AssertThrows.java:54)
	... 46 more
Caused by: java.lang.UnsupportedOperationException
	at co.streamx.fluent.JPA.util.ScopedArrayList.retainAll(ScopedArrayList.java:61)
	... 52 more

[[1;34mINFO[m] Running co.streamx.fluent.JPA.util.[1mScopedArrayList_contains_3_1_Test[m
WARNING: An illegal reflective access operation has occurred
WARNING: Illegal reflective access by co.streamx.fluent.JPA.util.ScopedArrayList_contains_3_0_Test (file:/home/dev4nshik/srse-java/FluentJPA%3d.%3d4faabd6.dir/FluentJPA%3d.%3d4faabd6/Flaky/target/test-classes/) to field java.util.ArrayList.elementData
WARNING: Please consider reporting this to the maintainers of co.streamx.fluent.JPA.util.ScopedArrayList_contains_3_0_Test
WARNING: Use --illegal-access=warn to enable warnings of further illegal reflective access operations
WARNING: All illegal access operations will be denied in a future release
[[1;31mERROR[m] [1;31mTests [0;1mrun: [0;1m2[m, Failures: 0, [1;31mErrors: [0;1;31m2[m, Skipped: 0, Time elapsed: 0.006 s[1;31m <<< FAILURE![m -- in co.streamx.fluent.JPA.util.[1mScopedArrayList_contains_3_1_Test[m
[[1;31mERROR[m] co.streamx.fluent.JPA.util.ScopedArrayList_contains_3_1_Test.testContains_ObjectInUpperList -- Time elapsed: 0.001 s <<< ERROR!
java.lang.UnsupportedOperationException
	at co.streamx.fluent.JPA.util.ScopedArrayList.indexOf(ScopedArrayList.java:93)
	at java.base/java.util.ArrayList.contains(ArrayList.java:307)
	at co.streamx.fluent.JPA.util.ScopedArrayList.contains(ScopedArrayList.java:30)
	at co.streamx.fluent.JPA.util.ScopedArrayList_contains_3_1_Test.testContains_ObjectInUpperList(ScopedArrayList_contains_3_1_Test.java:37)
	at java.base/jdk.internal.reflect.NativeMethodAccessorImpl.invoke0(Native Method)
	at java.base/jdk.internal.reflect.NativeMethodAccessorImpl.invoke(NativeMethodAccessorImpl.java:62)
	at java.base/jdk.internal.reflect.DelegatingMethodAccessorImpl.invoke(DelegatingMethodAccessorImpl.java:43)
	at java.base/java.lang.reflect.Method.invoke(Method.java:566)
	at org.junit.platform.commons.util.ReflectionUtils.invokeMethod(ReflectionUtils.java:675)
	at org.junit.jupiter.engine.execution.ExecutableInvoker.invoke(ExecutableInvoker.java:115)
	at org.junit.jupiter.engine.descriptor.TestMethodTestDescriptor.lambda$invokeTestMethod$6(TestMethodTestDescriptor.java:171)
	at org.junit.platform.engine.support.hierarchical.ThrowableCollector.execute(ThrowableCollector.java:72)
	at org.junit.jupiter.engine.descriptor.TestMethodTestDescriptor.invokeTestMethod(TestMethodTestDescriptor.java:167)
	at org.junit.jupiter.engine.descriptor.TestMethodTestDescriptor.execute(TestMethodTestDescriptor.java:114)
	at org.junit.jupiter.engine.descriptor.TestMethodTestDescriptor.execute(TestMethodTestDescriptor.java:59)
	at org.junit.platform.engine.support.hierarchical.NodeTestTask.lambda$executeRecursively$4(NodeTestTask.java:108)
	at org.junit.platform.engine.support.hierarchical.ThrowableCollector.execute(ThrowableCollector.java:72)
	at org.junit.platform.engine.support.hierarchical.NodeTestTask.executeRecursively(NodeTestTask.java:98)
	at org.junit.platform.engine.support.hierarchical.NodeTestTask.execute(NodeTestTask.java:74)
	at java.base/java.util.ArrayList.forEach(ArrayList.java:1541)
	at org.junit.platform.engine.support.hierarchical.SameThreadHierarchicalTestExecutorService.invokeAll(SameThreadHierarchicalTestExecutorService.java:38)
	at org.junit.platform.engine.support.hierarchical.NodeTestTask.lambda$executeRecursively$4(NodeTestTask.java:112)
	at org.junit.platform.engine.support.hierarchical.ThrowableCollector.execute(ThrowableCollector.java:72)
	at org.junit.platform.engine.support.hierarchical.NodeTestTask.executeRecursively(NodeTestTask.java:98)
	at org.junit.platform.engine.support.hierarchical.NodeTestTask.execute(NodeTestTask.java:74)
	at java.base/java.util.ArrayList.forEach(ArrayList.java:1541)
	at org.junit.platform.engine.support.hierarchical.SameThreadHierarchicalTestExecutorService.invokeAll(SameThreadHierarchicalTestExecutorService.java:38)
	at org.junit.platform.engine.support.hierarchical.NodeTestTask.lambda$executeRecursively$4(NodeTestTask.java:112)
	at org.junit.platform.engine.support.hierarchical.ThrowableCollector.execute(ThrowableCollector.java:72)
	at org.junit.platform.engine.support.hierarchical.NodeTestTask.executeRecursively(NodeTestTask.java:98)
	at org.junit.platform.engine.support.hierarchical.NodeTestTask.execute(NodeTestTask.java:74)
	at org.junit.platform.engine.support.hierarchical.SameThreadHierarchicalTestExecutorService.submit(SameThreadHierarchicalTestExecutorService.java:32)
	at org.junit.platform.engine.support.hierarchical.HierarchicalTestExecutor.execute(HierarchicalTestExecutor.java:57)
	at org.junit.platform.engine.support.hierarchical.HierarchicalTestEngine.execute(HierarchicalTestEngine.java:51)
	at org.junit.platform.launcher.core.DefaultLauncher.execute(DefaultLauncher.java:229)
	at org.junit.platform.launcher.core.DefaultLauncher.lambda$execute$6(DefaultLauncher.java:197)
	at org.junit.platform.launcher.core.DefaultLauncher.withInterceptedStreams(DefaultLauncher.java:211)
	at org.junit.platform.launcher.core.DefaultLauncher.execute(DefaultLauncher.java:191)
	at org.junit.platform.launcher.core.DefaultLauncher.execute(DefaultLauncher.java:128)
	at org.apache.maven.surefire.junitplatform.LazyLauncher.execute(LazyLauncher.java:56)
	at org.apache.maven.surefire.junitplatform.JUnitPlatformProvider.execute(JUnitPlatformProvider.java:184)
	at org.apache.maven.surefire.junitplatform.JUnitPlatformProvider.invokeAllTests(JUnitPlatformProvider.java:148)
	at org.apache.maven.surefire.junitplatform.JUnitPlatformProvider.invoke(JUnitPlatformProvider.java:122)
	at org.apache.maven.surefire.booter.ForkedBooter.runSuitesInProcess(ForkedBooter.java:385)
	at org.apache.maven.surefire.booter.ForkedBooter.execute(ForkedBooter.java:162)
	at org.apache.maven.surefire.booter.ForkedBooter.run(ForkedBooter.java:507)
	at org.apache.maven.surefire.booter.ForkedBooter.main(ForkedBooter.java:495)

[[1;31mERROR[m] co.streamx.fluent.JPA.util.ScopedArrayList_contains_3_1_Test.testContains_ObjectNotInAnyList -- Time elapsed: 0.002 s <<< ERROR!
java.lang.UnsupportedOperationException
	at co.streamx.fluent.JPA.util.ScopedArrayList.indexOf(ScopedArrayList.java:93)
	at java.base/java.util.ArrayList.contains(ArrayList.java:307)
	at co.streamx.fluent.JPA.util.ScopedArrayList.contains(ScopedArrayList.java:30)
	at co.streamx.fluent.JPA.util.ScopedArrayList_contains_3_1_Test.testContains_ObjectNotInAnyList(ScopedArrayList_contains_3_1_Test.java:43)
	at java.base/jdk.internal.reflect.NativeMethodAccessorImpl.invoke0(Native Method)
	at java.base/jdk.internal.reflect.NativeMethodAccessorImpl.invoke(NativeMethodAccessorImpl.java:62)
	at java.base/jdk.internal.reflect.DelegatingMethodAccessorImpl.invoke(DelegatingMethodAccessorImpl.java:43)
	at java.base/java.lang.reflect.Method.invoke(Method.java:566)
	at org.junit.platform.commons.util.ReflectionUtils.invokeMethod(ReflectionUtils.java:675)
	at org.junit.jupiter.engine.execution.ExecutableInvoker.invoke(ExecutableInvoker.java:115)
	at org.junit.jupiter.engine.descriptor.TestMethodTestDescriptor.lambda$invokeTestMethod$6(TestMethodTestDescriptor.java:171)
	at org.junit.platform.engine.support.hierarchical.ThrowableCollector.execute(ThrowableCollector.java:72)
	at org.junit.jupiter.engine.descriptor.TestMethodTestDescriptor.invokeTestMethod(TestMethodTestDescriptor.java:167)
	at org.junit.jupiter.engine.descriptor.TestMethodTestDescriptor.execute(TestMethodTestDescriptor.java:114)
	at org.junit.jupiter.engine.descriptor.TestMethodTestDescriptor.execute(TestMethodTestDescriptor.java:59)
	at org.junit.platform.engine.support.hierarchical.NodeTestTask.lambda$executeRecursively$4(NodeTestTask.java:108)
	at org.junit.platform.engine.support.hierarchical.ThrowableCollector.execute(ThrowableCollector.java:72)
	at org.junit.platform.engine.support.hierarchical.NodeTestTask.executeRecursively(NodeTestTask.java:98)
	at org.junit.platform.engine.support.hierarchical.NodeTestTask.execute(NodeTestTask.java:74)
	at java.base/java.util.ArrayList.forEach(ArrayList.java:1541)
	at org.junit.platform.engine.support.hierarchical.SameThreadHierarchicalTestExecutorService.invokeAll(SameThreadHierarchicalTestExecutorService.java:38)
	at org.junit.platform.engine.support.hierarchical.NodeTestTask.lambda$executeRecursively$4(NodeTestTask.java:112)
	at org.junit.platform.engine.support.hierarchical.ThrowableCollector.execute(ThrowableCollector.java:72)
	at org.junit.platform.engine.support.hierarchical.NodeTestTask.executeRecursively(NodeTestTask.java:98)
	at org.junit.platform.engine.support.hierarchical.NodeTestTask.execute(NodeTestTask.java:74)
	at java.base/java.util.ArrayList.forEach(ArrayList.java:1541)
	at org.junit.platform.engine.support.hierarchical.SameThreadHierarchicalTestExecutorService.invokeAll(SameThreadHierarchicalTestExecutorService.java:38)
	at org.junit.platform.engine.support.hierarchical.NodeTestTask.lambda$executeRecursively$4(NodeTestTask.java:112)
	at org.junit.platform.engine.support.hierarchical.ThrowableCollector.execute(ThrowableCollector.java:72)
	at org.junit.platform.engine.support.hierarchical.NodeTestTask.executeRecursively(NodeTestTask.java:98)
	at org.junit.platform.engine.support.hierarchical.NodeTestTask.execute(NodeTestTask.java:74)
	at org.junit.platform.engine.support.hierarchical.SameThreadHierarchicalTestExecutorService.submit(SameThreadHierarchicalTestExecutorService.java:32)
	at org.junit.platform.engine.support.hierarchical.HierarchicalTestExecutor.execute(HierarchicalTestExecutor.java:57)
	at org.junit.platform.engine.support.hierarchical.HierarchicalTestEngine.execute(HierarchicalTestEngine.java:51)
	at org.junit.platform.launcher.core.DefaultLauncher.execute(DefaultLauncher.java:229)
	at org.junit.platform.launcher.core.DefaultLauncher.lambda$execute$6(DefaultLauncher.java:197)
	at org.junit.platform.launcher.core.DefaultLauncher.withInterceptedStreams(DefaultLauncher.java:211)
	at org.junit.platform.launcher.core.DefaultLauncher.execute(DefaultLauncher.java:191)
	at org.junit.platform.launcher.core.DefaultLauncher.execute(DefaultLauncher.java:128)
	at org.apache.maven.surefire.junitplatform.LazyLauncher.execute(LazyLauncher.java:56)
	at org.apache.maven.surefire.junitplatform.JUnitPlatformProvider.execute(JUnitPlatformProvider.java:184)
	at org.apache.maven.surefire.junitplatform.JUnitPlatformProvider.invokeAllTests(JUnitPlatformProvider.java:148)
	at org.apache.maven.surefire.junitplatform.JUnitPlatformProvider.invoke(JUnitPlatformProvider.java:122)
	at org.apache.maven.surefire.booter.ForkedBooter.runSuitesInProcess(ForkedBooter.java:385)
	at org.apache.maven.surefire.booter.ForkedBooter.execute(ForkedBooter.java:162)
	at org.apache.maven.surefire.booter.ForkedBooter.run(ForkedBooter.java:507)
	at org.apache.maven.surefire.booter.ForkedBooter.main(ForkedBooter.java:495)

[[1;34mINFO[m] Running co.streamx.fluent.JPA.util.[1mScopedArrayList_containsAll_5_0_Test[m
[[1;34mINFO[m] [1;32mTests run: [0;1;32m3[m, Failures: 0, Errors: 0, Skipped: 0, Time elapsed: 0.009 s -- in co.streamx.fluent.JPA.util.[1mScopedArrayList_containsAll_5_0_Test[m
[[1;34mINFO[m] Running co.streamx.fluent.JPA.util.[1mScopedArrayList_contains_3_0_Test[m
[[1;31mERROR[m] [1;31mTests [0;1mrun: [0;1m3[m, Failures: 0, [1;31mErrors: [0;1;31m3[m, Skipped: 0, Time elapsed: 0.012 s[1;31m <<< FAILURE![m -- in co.streamx.fluent.JPA.util.[1mScopedArrayList_contains_3_0_Test[m
[[1;31mERROR[m] co.streamx.fluent.JPA.util.ScopedArrayList_contains_3_0_Test.testDoesNotContain -- Time elapsed: 0.003 s <<< ERROR!
java.lang.UnsupportedOperationException
	at co.streamx.fluent.JPA.util.ScopedArrayList.indexOf(ScopedArrayList.java:93)
	at java.base/java.util.ArrayList.contains(ArrayList.java:307)
	at co.streamx.fluent.JPA.util.ScopedArrayList.contains(ScopedArrayList.java:30)
	at co.streamx.fluent.JPA.util.ScopedArrayList_contains_3_0_Test.testDoesNotContain(ScopedArrayList_contains_3_0_Test.java:52)
	at java.base/jdk.internal.reflect.NativeMethodAccessorImpl.invoke0(Native Method)
	at java.base/jdk.internal.reflect.NativeMethodAccessorImpl.invoke(NativeMethodAccessorImpl.java:62)
	at java.base/jdk.internal.reflect.DelegatingMethodAccessorImpl.invoke(DelegatingMethodAccessorImpl.java:43)
	at java.base/java.lang.reflect.Method.invoke(Method.java:566)
	at org.junit.platform.commons.util.ReflectionUtils.invokeMethod(ReflectionUtils.java:675)
	at org.junit.jupiter.engine.execution.ExecutableInvoker.invoke(ExecutableInvoker.java:115)
	at org.junit.jupiter.engine.descriptor.TestMethodTestDescriptor.lambda$invokeTestMethod$6(TestMethodTestDescriptor.java:171)
	at org.junit.platform.engine.support.hierarchical.ThrowableCollector.execute(ThrowableCollector.java:72)
	at org.junit.jupiter.engine.descriptor.TestMethodTestDescriptor.invokeTestMethod(TestMethodTestDescriptor.java:167)
	at org.junit.jupiter.engine.descriptor.TestMethodTestDescriptor.execute(TestMethodTestDescriptor.java:114)
	at org.junit.jupiter.engine.descriptor.TestMethodTestDescriptor.execute(TestMethodTestDescriptor.java:59)
	at org.junit.platform.engine.support.hierarchical.NodeTestTask.lambda$executeRecursively$4(NodeTestTask.java:108)
	at org.junit.platform.engine.support.hierarchical.ThrowableCollector.execute(ThrowableCollector.java:72)
	at org.junit.platform.engine.support.hierarchical.NodeTestTask.executeRecursively(NodeTestTask.java:98)
	at org.junit.platform.engine.support.hierarchical.NodeTestTask.execute(NodeTestTask.java:74)
	at java.base/java.util.ArrayList.forEach(ArrayList.java:1541)
	at org.junit.platform.engine.support.hierarchical.SameThreadHierarchicalTestExecutorService.invokeAll(SameThreadHierarchicalTestExecutorService.java:38)
	at org.junit.platform.engine.support.hierarchical.NodeTestTask.lambda$executeRecursively$4(NodeTestTask.java:112)
	at org.junit.platform.engine.support.hierarchical.ThrowableCollector.execute(ThrowableCollector.java:72)
	at org.junit.platform.engine.support.hierarchical.NodeTestTask.executeRecursively(NodeTestTask.java:98)
	at org.junit.platform.engine.support.hierarchical.NodeTestTask.execute(NodeTestTask.java:74)
	at java.base/java.util.ArrayList.forEach(ArrayList.java:1541)
	at org.junit.platform.engine.support.hierarchical.SameThreadHierarchicalTestExecutorService.invokeAll(SameThreadHierarchicalTestExecutorService.java:38)
	at org.junit.platform.engine.support.hierarchical.NodeTestTask.lambda$executeRecursively$4(NodeTestTask.java:112)
	at org.junit.platform.engine.support.hierarchical.ThrowableCollector.execute(ThrowableCollector.java:72)
	at org.junit.platform.engine.support.hierarchical.NodeTestTask.executeRecursively(NodeTestTask.java:98)
	at org.junit.platform.engine.support.hierarchical.NodeTestTask.execute(NodeTestTask.java:74)
	at org.junit.platform.engine.support.hierarchical.SameThreadHierarchicalTestExecutorService.submit(SameThreadHierarchicalTestExecutorService.java:32)
	at org.junit.platform.engine.support.hierarchical.HierarchicalTestExecutor.execute(HierarchicalTestExecutor.java:57)
	at org.junit.platform.engine.support.hierarchical.HierarchicalTestEngine.execute(HierarchicalTestEngine.java:51)
	at org.junit.platform.launcher.core.DefaultLauncher.execute(DefaultLauncher.java:229)
	at org.junit.platform.launcher.core.DefaultLauncher.lambda$execute$6(DefaultLauncher.java:197)
	at org.junit.platform.launcher.core.DefaultLauncher.withInterceptedStreams(DefaultLauncher.java:211)
	at org.junit.platform.launcher.core.DefaultLauncher.execute(DefaultLauncher.java:191)
	at org.junit.platform.launcher.core.DefaultLauncher.execute(DefaultLauncher.java:128)
	at org.apache.maven.surefire.junitplatform.LazyLauncher.execute(LazyLauncher.java:56)
	at org.apache.maven.surefire.junitplatform.JUnitPlatformProvider.execute(JUnitPlatformProvider.java:184)
	at org.apache.maven.surefire.junitplatform.JUnitPlatformProvider.invokeAllTests(JUnitPlatformProvider.java:148)
	at org.apache.maven.surefire.junitplatform.JUnitPlatformProvider.invoke(JUnitPlatformProvider.java:122)
	at org.apache.maven.surefire.booter.ForkedBooter.runSuitesInProcess(ForkedBooter.java:385)
	at org.apache.maven.surefire.booter.ForkedBooter.execute(ForkedBooter.java:162)
	at org.apache.maven.surefire.booter.ForkedBooter.run(ForkedBooter.java:507)
	at org.apache.maven.surefire.booter.ForkedBooter.main(ForkedBooter.java:495)

[[1;31mERROR[m] co.streamx.fluent.JPA.util.ScopedArrayList_contains_3_0_Test.testContainsInSuper -- Time elapsed: 0.001 s <<< ERROR!
java.lang.UnsupportedOperationException
	at co.streamx.fluent.JPA.util.ScopedArrayList.indexOf(ScopedArrayList.java:93)
	at java.base/java.util.ArrayList.contains(ArrayList.java:307)
	at co.streamx.fluent.JPA.util.ScopedArrayList.contains(ScopedArrayList.java:30)
	at co.streamx.fluent.JPA.util.ScopedArrayList_contains_3_0_Test.testContainsInSuper(ScopedArrayList_contains_3_0_Test.java:40)
	at java.base/jdk.internal.reflect.NativeMethodAccessorImpl.invoke0(Native Method)
	at java.base/jdk.internal.reflect.NativeMethodAccessorImpl.invoke(NativeMethodAccessorImpl.java:62)
	at java.base/jdk.internal.reflect.DelegatingMethodAccessorImpl.invoke(DelegatingMethodAccessorImpl.java:43)
	at java.base/java.lang.reflect.Method.invoke(Method.java:566)
	at org.junit.platform.commons.util.ReflectionUtils.invokeMethod(ReflectionUtils.java:675)
	at org.junit.jupiter.engine.execution.ExecutableInvoker.invoke(ExecutableInvoker.java:115)
	at org.junit.jupiter.engine.descriptor.TestMethodTestDescriptor.lambda$invokeTestMethod$6(TestMethodTestDescriptor.java:171)
	at org.junit.platform.engine.support.hierarchical.ThrowableCollector.execute(ThrowableCollector.java:72)
	at org.junit.jupiter.engine.descriptor.TestMethodTestDescriptor.invokeTestMethod(TestMethodTestDescriptor.java:167)
	at org.junit.jupiter.engine.descriptor.TestMethodTestDescriptor.execute(TestMethodTestDescriptor.java:114)
	at org.junit.jupiter.engine.descriptor.TestMethodTestDescriptor.execute(TestMethodTestDescriptor.java:59)
	at org.junit.platform.engine.support.hierarchical.NodeTestTask.lambda$executeRecursively$4(NodeTestTask.java:108)
	at org.junit.platform.engine.support.hierarchical.ThrowableCollector.execute(ThrowableCollector.java:72)
	at org.junit.platform.engine.support.hierarchical.NodeTestTask.executeRecursively(NodeTestTask.java:98)
	at org.junit.platform.engine.support.hierarchical.NodeTestTask.execute(NodeTestTask.java:74)
	at java.base/java.util.ArrayList.forEach(ArrayList.java:1541)
	at org.junit.platform.engine.support.hierarchical.SameThreadHierarchicalTestExecutorService.invokeAll(SameThreadHierarchicalTestExecutorService.java:38)
	at org.junit.platform.engine.support.hierarchical.NodeTestTask.lambda$executeRecursively$4(NodeTestTask.java:112)
	at org.junit.platform.engine.support.hierarchical.ThrowableCollector.execute(ThrowableCollector.java:72)
	at org.junit.platform.engine.support.hierarchical.NodeTestTask.executeRecursively(NodeTestTask.java:98)
	at org.junit.platform.engine.support.hierarchical.NodeTestTask.execute(NodeTestTask.java:74)
	at java.base/java.util.ArrayList.forEach(ArrayList.java:1541)
	at org.junit.platform.engine.support.hierarchical.SameThreadHierarchicalTestExecutorService.invokeAll(SameThreadHierarchicalTestExecutorService.java:38)
	at org.junit.platform.engine.support.hierarchical.NodeTestTask.lambda$executeRecursively$4(NodeTestTask.java:112)
	at org.junit.platform.engine.support.hierarchical.ThrowableCollector.execute(ThrowableCollector.java:72)
	at org.junit.platform.engine.support.hierarchical.NodeTestTask.executeRecursively(NodeTestTask.java:98)
	at org.junit.platform.engine.support.hierarchical.NodeTestTask.execute(NodeTestTask.java:74)
	at org.junit.platform.engine.support.hierarchical.SameThreadHierarchicalTestExecutorService.submit(SameThreadHierarchicalTestExecutorService.java:32)
	at org.junit.platform.engine.support.hierarchical.HierarchicalTestExecutor.execute(HierarchicalTestExecutor.java:57)
	at org.junit.platform.engine.support.hierarchical.HierarchicalTestEngine.execute(HierarchicalTestEngine.java:51)
	at org.junit.platform.launcher.core.DefaultLauncher.execute(DefaultLauncher.java:229)
	at org.junit.platform.launcher.core.DefaultLauncher.lambda$execute$6(DefaultLauncher.java:197)
	at org.junit.platform.launcher.core.DefaultLauncher.withInterceptedStreams(DefaultLauncher.java:211)
	at org.junit.platform.launcher.core.DefaultLauncher.execute(DefaultLauncher.java:191)
	at org.junit.platform.launcher.core.DefaultLauncher.execute(DefaultLauncher.java:128)
	at org.apache.maven.surefire.junitplatform.LazyLauncher.execute(LazyLauncher.java:56)
	at org.apache.maven.surefire.junitplatform.JUnitPlatformProvider.execute(JUnitPlatformProvider.java:184)
	at org.apache.maven.surefire.junitplatform.JUnitPlatformProvider.invokeAllTests(JUnitPlatformProvider.java:148)
	at org.apache.maven.surefire.junitplatform.JUnitPlatformProvider.invoke(JUnitPlatformProvider.java:122)
	at org.apache.maven.surefire.booter.ForkedBooter.runSuitesInProcess(ForkedBooter.java:385)
	at org.apache.maven.surefire.booter.ForkedBooter.execute(ForkedBooter.java:162)
	at org.apache.maven.surefire.booter.ForkedBooter.run(ForkedBooter.java:507)
	at org.apache.maven.surefire.booter.ForkedBooter.main(ForkedBooter.java:495)

[[1;31mERROR[m] co.streamx.fluent.JPA.util.ScopedArrayList_contains_3_0_Test.testContainsInUpper -- Time elapsed: 0.001 s <<< ERROR!
java.lang.UnsupportedOperationException
	at co.streamx.fluent.JPA.util.ScopedArrayList.indexOf(ScopedArrayList.java:93)
	at java.base/java.util.ArrayList.contains(ArrayList.java:307)
	at co.streamx.fluent.JPA.util.ScopedArrayList.contains(ScopedArrayList.java:30)
	at co.streamx.fluent.JPA.util.ScopedArrayList_contains_3_0_Test.testContainsInUpper(ScopedArrayList_contains_3_0_Test.java:46)
	at java.base/jdk.internal.reflect.NativeMethodAccessorImpl.invoke0(Native Method)
	at java.base/jdk.internal.reflect.NativeMethodAccessorImpl.invoke(NativeMethodAccessorImpl.java:62)
	at java.base/jdk.internal.reflect.DelegatingMethodAccessorImpl.invoke(DelegatingMethodAccessorImpl.java:43)
	at java.base/java.lang.reflect.Method.invoke(Method.java:566)
	at org.junit.platform.commons.util.ReflectionUtils.invokeMethod(ReflectionUtils.java:675)
	at org.junit.jupiter.engine.execution.ExecutableInvoker.invoke(ExecutableInvoker.java:115)
	at org.junit.jupiter.engine.descriptor.TestMethodTestDescriptor.lambda$invokeTestMethod$6(TestMethodTestDescriptor.java:171)
	at org.junit.platform.engine.support.hierarchical.ThrowableCollector.execute(ThrowableCollector.java:72)
	at org.junit.jupiter.engine.descriptor.TestMethodTestDescriptor.invokeTestMethod(TestMethodTestDescriptor.java:167)
	at org.junit.jupiter.engine.descriptor.TestMethodTestDescriptor.execute(TestMethodTestDescriptor.java:114)
	at org.junit.jupiter.engine.descriptor.TestMethodTestDescriptor.execute(TestMethodTestDescriptor.java:59)
	at org.junit.platform.engine.support.hierarchical.NodeTestTask.lambda$executeRecursively$4(NodeTestTask.java:108)
	at org.junit.platform.engine.support.hierarchical.ThrowableCollector.execute(ThrowableCollector.java:72)
	at org.junit.platform.engine.support.hierarchical.NodeTestTask.executeRecursively(NodeTestTask.java:98)
	at org.junit.platform.engine.support.hierarchical.NodeTestTask.execute(NodeTestTask.java:74)
	at java.base/java.util.ArrayList.forEach(ArrayList.java:1541)
	at org.junit.platform.engine.support.hierarchical.SameThreadHierarchicalTestExecutorService.invokeAll(SameThreadHierarchicalTestExecutorService.java:38)
	at org.junit.platform.engine.support.hierarchical.NodeTestTask.lambda$executeRecursively$4(NodeTestTask.java:112)
	at org.junit.platform.engine.support.hierarchical.ThrowableCollector.execute(ThrowableCollector.java:72)
	at org.junit.platform.engine.support.hierarchical.NodeTestTask.executeRecursively(NodeTestTask.java:98)
	at org.junit.platform.engine.support.hierarchical.NodeTestTask.execute(NodeTestTask.java:74)
	at java.base/java.util.ArrayList.forEach(ArrayList.java:1541)
	at org.junit.platform.engine.support.hierarchical.SameThreadHierarchicalTestExecutorService.invokeAll(SameThreadHierarchicalTestExecutorService.java:38)
	at org.junit.platform.engine.support.hierarchical.NodeTestTask.lambda$executeRecursively$4(NodeTestTask.java:112)
	at org.junit.platform.engine.support.hierarchical.ThrowableCollector.execute(ThrowableCollector.java:72)
	at org.junit.platform.engine.support.hierarchical.NodeTestTask.executeRecursively(NodeTestTask.java:98)
	at org.junit.platform.engine.support.hierarchical.NodeTestTask.execute(NodeTestTask.java:74)
	at org.junit.platform.engine.support.hierarchical.SameThreadHierarchicalTestExecutorService.submit(SameThreadHierarchicalTestExecutorService.java:32)
	at org.junit.platform.engine.support.hierarchical.HierarchicalTestExecutor.execute(HierarchicalTestExecutor.java:57)
	at org.junit.platform.engine.support.hierarchical.HierarchicalTestEngine.execute(HierarchicalTestEngine.java:51)
	at org.junit.platform.launcher.core.DefaultLauncher.execute(DefaultLauncher.java:229)
	at org.junit.platform.launcher.core.DefaultLauncher.lambda$execute$6(DefaultLauncher.java:197)
	at org.junit.platform.launcher.core.DefaultLauncher.withInterceptedStreams(DefaultLauncher.java:211)
	at org.junit.platform.launcher.core.DefaultLauncher.execute(DefaultLauncher.java:191)
	at org.junit.platform.launcher.core.DefaultLauncher.execute(DefaultLauncher.java:128)
	at org.apache.maven.surefire.junitplatform.LazyLauncher.execute(LazyLauncher.java:56)
	at org.apache.maven.surefire.junitplatform.JUnitPlatformProvider.execute(JUnitPlatformProvider.java:184)
	at org.apache.maven.surefire.junitplatform.JUnitPlatformProvider.invokeAllTests(JUnitPlatformProvider.java:148)
	at org.apache.maven.surefire.junitplatform.JUnitPlatformProvider.invoke(JUnitPlatformProvider.java:122)
	at org.apache.maven.surefire.booter.ForkedBooter.runSuitesInProcess(ForkedBooter.java:385)
	at org.apache.maven.surefire.booter.ForkedBooter.execute(ForkedBooter.java:162)
	at org.apache.maven.surefire.booter.ForkedBooter.run(ForkedBooter.java:507)
	at org.apache.maven.surefire.booter.ForkedBooter.main(ForkedBooter.java:495)

[[1;34mINFO[m] Running co.streamx.fluent.JPA.util.[1mScopedArrayList_clear_10_0_Test[m
[[1;31mERROR[m] [1;31mTests [0;1mrun: [0;1m1[m, [1;31mFailures: [0;1;31m1[m, Errors: 0, Skipped: 0, Time elapsed: 0.004 s[1;31m <<< FAILURE![m -- in co.streamx.fluent.JPA.util.[1mScopedArrayList_clear_10_0_Test[m
[[1;31mERROR[m] co.streamx.fluent.JPA.util.ScopedArrayList_clear_10_0_Test.testClearThrowsUnsupportedOperationException -- Time elapsed: 0.002 s <<< FAILURE!
org.opentest4j.AssertionFailedError: Unexpected exception type thrown ==> expected: <java.lang.UnsupportedOperationException> but was: <java.lang.reflect.InvocationTargetException>
	at org.junit.jupiter.api.AssertThrows.assertThrows(AssertThrows.java:63)
	at org.junit.jupiter.api.AssertThrows.assertThrows(AssertThrows.java:36)
	at org.junit.jupiter.api.Assertions.assertThrows(Assertions.java:1179)
	at co.streamx.fluent.JPA.util.ScopedArrayList_clear_10_0_Test.testClearThrowsUnsupportedOperationException(ScopedArrayList_clear_10_0_Test.java:30)
	at java.base/jdk.internal.reflect.NativeMethodAccessorImpl.invoke0(Native Method)
	at java.base/jdk.internal.reflect.NativeMethodAccessorImpl.invoke(NativeMethodAccessorImpl.java:62)
	at java.base/jdk.internal.reflect.DelegatingMethodAccessorImpl.invoke(DelegatingMethodAccessorImpl.java:43)
	at java.base/java.lang.reflect.Method.invoke(Method.java:566)
	at org.junit.platform.commons.util.ReflectionUtils.invokeMethod(ReflectionUtils.java:675)
	at org.junit.jupiter.engine.execution.ExecutableInvoker.invoke(ExecutableInvoker.java:115)
	at org.junit.jupiter.engine.descriptor.TestMethodTestDescriptor.lambda$invokeTestMethod$6(TestMethodTestDescriptor.java:171)
	at org.junit.platform.engine.support.hierarchical.ThrowableCollector.execute(ThrowableCollector.java:72)
	at org.junit.jupiter.engine.descriptor.TestMethodTestDescriptor.invokeTestMethod(TestMethodTestDescriptor.java:167)
	at org.junit.jupiter.engine.descriptor.TestMethodTestDescriptor.execute(TestMethodTestDescriptor.java:114)
	at org.junit.jupiter.engine.descriptor.TestMethodTestDescriptor.execute(TestMethodTestDescriptor.java:59)
	at org.junit.platform.engine.support.hierarchical.NodeTestTask.lambda$executeRecursively$4(NodeTestTask.java:108)
	at org.junit.platform.engine.support.hierarchical.ThrowableCollector.execute(ThrowableCollector.java:72)
	at org.junit.platform.engine.support.hierarchical.NodeTestTask.executeRecursively(NodeTestTask.java:98)
	at org.junit.platform.engine.support.hierarchical.NodeTestTask.execute(NodeTestTask.java:74)
	at java.base/java.util.ArrayList.forEach(ArrayList.java:1541)
	at org.junit.platform.engine.support.hierarchical.SameThreadHierarchicalTestExecutorService.invokeAll(SameThreadHierarchicalTestExecutorService.java:38)
	at org.junit.platform.engine.support.hierarchical.NodeTestTask.lambda$executeRecursively$4(NodeTestTask.java:112)
	at org.junit.platform.engine.support.hierarchical.ThrowableCollector.execute(ThrowableCollector.java:72)
	at org.junit.platform.engine.support.hierarchical.NodeTestTask.executeRecursively(NodeTestTask.java:98)
	at org.junit.platform.engine.support.hierarchical.NodeTestTask.execute(NodeTestTask.java:74)
	at java.base/java.util.ArrayList.forEach(ArrayList.java:1541)
	at org.junit.platform.engine.support.hierarchical.SameThreadHierarchicalTestExecutorService.invokeAll(SameThreadHierarchicalTestExecutorService.java:38)
	at org.junit.platform.engine.support.hierarchical.NodeTestTask.lambda$executeRecursively$4(NodeTestTask.java:112)
	at org.junit.platform.engine.support.hierarchical.ThrowableCollector.execute(ThrowableCollector.java:72)
	at org.junit.platform.engine.support.hierarchical.NodeTestTask.executeRecursively(NodeTestTask.java:98)
	at org.junit.platform.engine.support.hierarchical.NodeTestTask.execute(NodeTestTask.java:74)
	at org.junit.platform.engine.support.hierarchical.SameThreadHierarchicalTestExecutorService.submit(SameThreadHierarchicalTestExecutorService.java:32)
	at org.junit.platform.engine.support.hierarchical.HierarchicalTestExecutor.execute(HierarchicalTestExecutor.java:57)
	at org.junit.platform.engine.support.hierarchical.HierarchicalTestEngine.execute(HierarchicalTestEngine.java:51)
	at org.junit.platform.launcher.core.DefaultLauncher.execute(DefaultLauncher.java:229)
	at org.junit.platform.launcher.core.DefaultLauncher.lambda$execute$6(DefaultLauncher.java:197)
	at org.junit.platform.launcher.core.DefaultLauncher.withInterceptedStreams(DefaultLauncher.java:211)
	at org.junit.platform.launcher.core.DefaultLauncher.execute(DefaultLauncher.java:191)
	at org.junit.platform.launcher.core.DefaultLauncher.execute(DefaultLauncher.java:128)
	at org.apache.maven.surefire.junitplatform.LazyLauncher.execute(LazyLauncher.java:56)
	at org.apache.maven.surefire.junitplatform.JUnitPlatformProvider.execute(JUnitPlatformProvider.java:184)
	at org.apache.maven.surefire.junitplatform.JUnitPlatformProvider.invokeAllTests(JUnitPlatformProvider.java:148)
	at org.apache.maven.surefire.junitplatform.JUnitPlatformProvider.invoke(JUnitPlatformProvider.java:122)
	at org.apache.maven.surefire.booter.ForkedBooter.runSuitesInProcess(ForkedBooter.java:385)
	at org.apache.maven.surefire.booter.ForkedBooter.execute(ForkedBooter.java:162)
	at org.apache.maven.surefire.booter.ForkedBooter.run(ForkedBooter.java:507)
	at org.apache.maven.surefire.booter.ForkedBooter.main(ForkedBooter.java:495)
Caused by: java.lang.reflect.InvocationTargetException
	at java.base/jdk.internal.reflect.NativeMethodAccessorImpl.invoke0(Native Method)
	at java.base/jdk.internal.reflect.NativeMethodAccessorImpl.invoke(NativeMethodAccessorImpl.java:62)
	at java.base/jdk.internal.reflect.DelegatingMethodAccessorImpl.invoke(DelegatingMethodAccessorImpl.java:43)
	at java.base/java.lang.reflect.Method.invoke(Method.java:566)
	at co.streamx.fluent.JPA.util.ScopedArrayList_clear_10_0_Test.lambda$testClearThrowsUnsupportedOperationException$0(ScopedArrayList_clear_10_0_Test.java:30)
	at org.junit.jupiter.api.AssertThrows.assertThrows(AssertThrows.java:54)
	... 46 more
Caused by: java.lang.UnsupportedOperationException
	at co.streamx.fluent.JPA.util.ScopedArrayList.clear(ScopedArrayList.java:66)
	... 52 more

[[1;34mINFO[m] Running co.streamx.fluent.JPA.util.[1mScopedArrayList_contains_3_4_Test[m
[[1;31mERROR[m] [1;31mTests [0;1mrun: [0;1m3[m, Failures: 0, [1;31mErrors: [0;1;31m3[m, Skipped: 0, Time elapsed: 0.009 s[1;31m <<< FAILURE![m -- in co.streamx.fluent.JPA.util.[1mScopedArrayList_contains_3_4_Test[m
[[1;31mERROR[m] co.streamx.fluent.JPA.util.ScopedArrayList_contains_3_4_Test.testContains_ElementInUpperList -- Time elapsed: 0.001 s <<< ERROR!
java.lang.UnsupportedOperationException
	at co.streamx.fluent.JPA.util.ScopedArrayList.indexOf(ScopedArrayList.java:93)
	at java.base/java.util.ArrayList.contains(ArrayList.java:307)
	at co.streamx.fluent.JPA.util.ScopedArrayList.contains(ScopedArrayList.java:30)
	at co.streamx.fluent.JPA.util.ScopedArrayList_contains_3_4_Test.testContains_ElementInUpperList(ScopedArrayList_contains_3_4_Test.java:46)
	at java.base/jdk.internal.reflect.NativeMethodAccessorImpl.invoke0(Native Method)
	at java.base/jdk.internal.reflect.NativeMethodAccessorImpl.invoke(NativeMethodAccessorImpl.java:62)
	at java.base/jdk.internal.reflect.DelegatingMethodAccessorImpl.invoke(DelegatingMethodAccessorImpl.java:43)
	at java.base/java.lang.reflect.Method.invoke(Method.java:566)
	at org.junit.platform.commons.util.ReflectionUtils.invokeMethod(ReflectionUtils.java:675)
	at org.junit.jupiter.engine.execution.ExecutableInvoker.invoke(ExecutableInvoker.java:115)
	at org.junit.jupiter.engine.descriptor.TestMethodTestDescriptor.lambda$invokeTestMethod$6(TestMethodTestDescriptor.java:171)
	at org.junit.platform.engine.support.hierarchical.ThrowableCollector.execute(ThrowableCollector.java:72)
	at org.junit.jupiter.engine.descriptor.TestMethodTestDescriptor.invokeTestMethod(TestMethodTestDescriptor.java:167)
	at org.junit.jupiter.engine.descriptor.TestMethodTestDescriptor.execute(TestMethodTestDescriptor.java:114)
	at org.junit.jupiter.engine.descriptor.TestMethodTestDescriptor.execute(TestMethodTestDescriptor.java:59)
	at org.junit.platform.engine.support.hierarchical.NodeTestTask.lambda$executeRecursively$4(NodeTestTask.java:108)
	at org.junit.platform.engine.support.hierarchical.ThrowableCollector.execute(ThrowableCollector.java:72)
	at org.junit.platform.engine.support.hierarchical.NodeTestTask.executeRecursively(NodeTestTask.java:98)
	at org.junit.platform.engine.support.hierarchical.NodeTestTask.execute(NodeTestTask.java:74)
	at java.base/java.util.ArrayList.forEach(ArrayList.java:1541)
	at org.junit.platform.engine.support.hierarchical.SameThreadHierarchicalTestExecutorService.invokeAll(SameThreadHierarchicalTestExecutorService.java:38)
	at org.junit.platform.engine.support.hierarchical.NodeTestTask.lambda$executeRecursively$4(NodeTestTask.java:112)
	at org.junit.platform.engine.support.hierarchical.ThrowableCollector.execute(ThrowableCollector.java:72)
	at org.junit.platform.engine.support.hierarchical.NodeTestTask.executeRecursively(NodeTestTask.java:98)
	at org.junit.platform.engine.support.hierarchical.NodeTestTask.execute(NodeTestTask.java:74)
	at java.base/java.util.ArrayList.forEach(ArrayList.java:1541)
	at org.junit.platform.engine.support.hierarchical.SameThreadHierarchicalTestExecutorService.invokeAll(SameThreadHierarchicalTestExecutorService.java:38)
	at org.junit.platform.engine.support.hierarchical.NodeTestTask.lambda$executeRecursively$4(NodeTestTask.java:112)
	at org.junit.platform.engine.support.hierarchical.ThrowableCollector.execute(ThrowableCollector.java:72)
	at org.junit.platform.engine.support.hierarchical.NodeTestTask.executeRecursively(NodeTestTask.java:98)
	at org.junit.platform.engine.support.hierarchical.NodeTestTask.execute(NodeTestTask.java:74)
	at org.junit.platform.engine.support.hierarchical.SameThreadHierarchicalTestExecutorService.submit(SameThreadHierarchicalTestExecutorService.java:32)
	at org.junit.platform.engine.support.hierarchical.HierarchicalTestExecutor.execute(HierarchicalTestExecutor.java:57)
	at org.junit.platform.engine.support.hierarchical.HierarchicalTestEngine.execute(HierarchicalTestEngine.java:51)
	at org.junit.platform.launcher.core.DefaultLauncher.execute(DefaultLauncher.java:229)
	at org.junit.platform.launcher.core.DefaultLauncher.lambda$execute$6(DefaultLauncher.java:197)
	at org.junit.platform.launcher.core.DefaultLauncher.withInterceptedStreams(DefaultLauncher.java:211)
	at org.junit.platform.launcher.core.DefaultLauncher.execute(DefaultLauncher.java:191)
	at org.junit.platform.launcher.core.DefaultLauncher.execute(DefaultLauncher.java:128)
	at org.apache.maven.surefire.junitplatform.LazyLauncher.execute(LazyLauncher.java:56)
	at org.apache.maven.surefire.junitplatform.JUnitPlatformProvider.execute(JUnitPlatformProvider.java:184)
	at org.apache.maven.surefire.junitplatform.JUnitPlatformProvider.invokeAllTests(JUnitPlatformProvider.java:148)
	at org.apache.maven.surefire.junitplatform.JUnitPlatformProvider.invoke(JUnitPlatformProvider.java:122)
	at org.apache.maven.surefire.booter.ForkedBooter.runSuitesInProcess(ForkedBooter.java:385)
	at org.apache.maven.surefire.booter.ForkedBooter.execute(ForkedBooter.java:162)
	at org.apache.maven.surefire.booter.ForkedBooter.run(ForkedBooter.java:507)
	at org.apache.maven.surefire.booter.ForkedBooter.main(ForkedBooter.java:495)

[[1;31mERROR[m] co.streamx.fluent.JPA.util.ScopedArrayList_contains_3_4_Test.testContains_ElementNotPresent -- Time elapsed: 0.001 s <<< ERROR!
java.lang.UnsupportedOperationException
	at co.streamx.fluent.JPA.util.ScopedArrayList.indexOf(ScopedArrayList.java:93)
	at java.base/java.util.ArrayList.contains(ArrayList.java:307)
	at co.streamx.fluent.JPA.util.ScopedArrayList.contains(ScopedArrayList.java:30)
	at co.streamx.fluent.JPA.util.ScopedArrayList_contains_3_4_Test.testContains_ElementNotPresent(ScopedArrayList_contains_3_4_Test.java:51)
	at java.base/jdk.internal.reflect.NativeMethodAccessorImpl.invoke0(Native Method)
	at java.base/jdk.internal.reflect.NativeMethodAccessorImpl.invoke(NativeMethodAccessorImpl.java:62)
	at java.base/jdk.internal.reflect.DelegatingMethodAccessorImpl.invoke(DelegatingMethodAccessorImpl.java:43)
	at java.base/java.lang.reflect.Method.invoke(Method.java:566)
	at org.junit.platform.commons.util.ReflectionUtils.invokeMethod(ReflectionUtils.java:675)
	at org.junit.jupiter.engine.execution.ExecutableInvoker.invoke(ExecutableInvoker.java:115)
	at org.junit.jupiter.engine.descriptor.TestMethodTestDescriptor.lambda$invokeTestMethod$6(TestMethodTestDescriptor.java:171)
	at org.junit.platform.engine.support.hierarchical.ThrowableCollector.execute(ThrowableCollector.java:72)
	at org.junit.jupiter.engine.descriptor.TestMethodTestDescriptor.invokeTestMethod(TestMethodTestDescriptor.java:167)
	at org.junit.jupiter.engine.descriptor.TestMethodTestDescriptor.execute(TestMethodTestDescriptor.java:114)
	at org.junit.jupiter.engine.descriptor.TestMethodTestDescriptor.execute(TestMethodTestDescriptor.java:59)
	at org.junit.platform.engine.support.hierarchical.NodeTestTask.lambda$executeRecursively$4(NodeTestTask.java:108)
	at org.junit.platform.engine.support.hierarchical.ThrowableCollector.execute(ThrowableCollector.java:72)
	at org.junit.platform.engine.support.hierarchical.NodeTestTask.executeRecursively(NodeTestTask.java:98)
	at org.junit.platform.engine.support.hierarchical.NodeTestTask.execute(NodeTestTask.java:74)
	at java.base/java.util.ArrayList.forEach(ArrayList.java:1541)
	at org.junit.platform.engine.support.hierarchical.SameThreadHierarchicalTestExecutorService.invokeAll(SameThreadHierarchicalTestExecutorService.java:38)
	at org.junit.platform.engine.support.hierarchical.NodeTestTask.lambda$executeRecursively$4(NodeTestTask.java:112)
	at org.junit.platform.engine.support.hierarchical.ThrowableCollector.execute(ThrowableCollector.java:72)
	at org.junit.platform.engine.support.hierarchical.NodeTestTask.executeRecursively(NodeTestTask.java:98)
	at org.junit.platform.engine.support.hierarchical.NodeTestTask.execute(NodeTestTask.java:74)
	at java.base/java.util.ArrayList.forEach(ArrayList.java:1541)
	at org.junit.platform.engine.support.hierarchical.SameThreadHierarchicalTestExecutorService.invokeAll(SameThreadHierarchicalTestExecutorService.java:38)
	at org.junit.platform.engine.support.hierarchical.NodeTestTask.lambda$executeRecursively$4(NodeTestTask.java:112)
	at org.junit.platform.engine.support.hierarchical.ThrowableCollector.execute(ThrowableCollector.java:72)
	at org.junit.platform.engine.support.hierarchical.NodeTestTask.executeRecursively(NodeTestTask.java:98)
	at org.junit.platform.engine.support.hierarchical.NodeTestTask.execute(NodeTestTask.java:74)
	at org.junit.platform.engine.support.hierarchical.SameThreadHierarchicalTestExecutorService.submit(SameThreadHierarchicalTestExecutorService.java:32)
	at org.junit.platform.engine.support.hierarchical.HierarchicalTestExecutor.execute(HierarchicalTestExecutor.java:57)
	at org.junit.platform.engine.support.hierarchical.HierarchicalTestEngine.execute(HierarchicalTestEngine.java:51)
	at org.junit.platform.launcher.core.DefaultLauncher.execute(DefaultLauncher.java:229)
	at org.junit.platform.launcher.core.DefaultLauncher.lambda$execute$6(DefaultLauncher.java:197)
	at org.junit.platform.launcher.core.DefaultLauncher.withInterceptedStreams(DefaultLauncher.java:211)
	at org.junit.platform.launcher.core.DefaultLauncher.execute(DefaultLauncher.java:191)
	at org.junit.platform.launcher.core.DefaultLauncher.execute(DefaultLauncher.java:128)
	at org.apache.maven.surefire.junitplatform.LazyLauncher.execute(LazyLauncher.java:56)
	at org.apache.maven.surefire.junitplatform.JUnitPlatformProvider.execute(JUnitPlatformProvider.java:184)
	at org.apache.maven.surefire.junitplatform.JUnitPlatformProvider.invokeAllTests(JUnitPlatformProvider.java:148)
	at org.apache.maven.surefire.junitplatform.JUnitPlatformProvider.invoke(JUnitPlatformProvider.java:122)
	at org.apache.maven.surefire.booter.ForkedBooter.runSuitesInProcess(ForkedBooter.java:385)
	at org.apache.maven.surefire.booter.ForkedBooter.execute(ForkedBooter.java:162)
	at org.apache.maven.surefire.booter.ForkedBooter.run(ForkedBooter.java:507)
	at org.apache.maven.surefire.booter.ForkedBooter.main(ForkedBooter.java:495)

[[1;31mERROR[m] co.streamx.fluent.JPA.util.ScopedArrayList_contains_3_4_Test.testContains_ElementInSuperList -- Time elapsed: 0.001 s <<< ERROR!
java.lang.UnsupportedOperationException
	at co.streamx.fluent.JPA.util.ScopedArrayList.indexOf(ScopedArrayList.java:93)
	at java.base/java.util.ArrayList.contains(ArrayList.java:307)
	at co.streamx.fluent.JPA.util.ScopedArrayList.contains(ScopedArrayList.java:30)
	at co.streamx.fluent.JPA.util.ScopedArrayList_contains_3_4_Test.testContains_ElementInSuperList(ScopedArrayList_contains_3_4_Test.java:56)
	at java.base/jdk.internal.reflect.NativeMethodAccessorImpl.invoke0(Native Method)
	at java.base/jdk.internal.reflect.NativeMethodAccessorImpl.invoke(NativeMethodAccessorImpl.java:62)
	at java.base/jdk.internal.reflect.DelegatingMethodAccessorImpl.invoke(DelegatingMethodAccessorImpl.java:43)
	at java.base/java.lang.reflect.Method.invoke(Method.java:566)
	at org.junit.platform.commons.util.ReflectionUtils.invokeMethod(ReflectionUtils.java:675)
	at org.junit.jupiter.engine.execution.ExecutableInvoker.invoke(ExecutableInvoker.java:115)
	at org.junit.jupiter.engine.descriptor.TestMethodTestDescriptor.lambda$invokeTestMethod$6(TestMethodTestDescriptor.java:171)
	at org.junit.platform.engine.support.hierarchical.ThrowableCollector.execute(ThrowableCollector.java:72)
	at org.junit.jupiter.engine.descriptor.TestMethodTestDescriptor.invokeTestMethod(TestMethodTestDescriptor.java:167)
	at org.junit.jupiter.engine.descriptor.TestMethodTestDescriptor.execute(TestMethodTestDescriptor.java:114)
	at org.junit.jupiter.engine.descriptor.TestMethodTestDescriptor.execute(TestMethodTestDescriptor.java:59)
	at org.junit.platform.engine.support.hierarchical.NodeTestTask.lambda$executeRecursively$4(NodeTestTask.java:108)
	at org.junit.platform.engine.support.hierarchical.ThrowableCollector.execute(ThrowableCollector.java:72)
	at org.junit.platform.engine.support.hierarchical.NodeTestTask.executeRecursively(NodeTestTask.java:98)
	at org.junit.platform.engine.support.hierarchical.NodeTestTask.execute(NodeTestTask.java:74)
	at java.base/java.util.ArrayList.forEach(ArrayList.java:1541)
	at org.junit.platform.engine.support.hierarchical.SameThreadHierarchicalTestExecutorService.invokeAll(SameThreadHierarchicalTestExecutorService.java:38)
	at org.junit.platform.engine.support.hierarchical.NodeTestTask.lambda$executeRecursively$4(NodeTestTask.java:112)
	at org.junit.platform.engine.support.hierarchical.ThrowableCollector.execute(ThrowableCollector.java:72)
	at org.junit.platform.engine.support.hierarchical.NodeTestTask.executeRecursively(NodeTestTask.java:98)
	at org.junit.platform.engine.support.hierarchical.NodeTestTask.execute(NodeTestTask.java:74)
	at java.base/java.util.ArrayList.forEach(ArrayList.java:1541)
	at org.junit.platform.engine.support.hierarchical.SameThreadHierarchicalTestExecutorService.invokeAll(SameThreadHierarchicalTestExecutorService.java:38)
	at org.junit.platform.engine.support.hierarchical.NodeTestTask.lambda$executeRecursively$4(NodeTestTask.java:112)
	at org.junit.platform.engine.support.hierarchical.ThrowableCollector.execute(ThrowableCollector.java:72)
	at org.junit.platform.engine.support.hierarchical.NodeTestTask.executeRecursively(NodeTestTask.java:98)
	at org.junit.platform.engine.support.hierarchical.NodeTestTask.execute(NodeTestTask.java:74)
	at org.junit.platform.engine.support.hierarchical.SameThreadHierarchicalTestExecutorService.submit(SameThreadHierarchicalTestExecutorService.java:32)
	at org.junit.platform.engine.support.hierarchical.HierarchicalTestExecutor.execute(HierarchicalTestExecutor.java:57)
	at org.junit.platform.engine.support.hierarchical.HierarchicalTestEngine.execute(HierarchicalTestEngine.java:51)
	at org.junit.platform.launcher.core.DefaultLauncher.execute(DefaultLauncher.java:229)
	at org.junit.platform.launcher.core.DefaultLauncher.lambda$execute$6(DefaultLauncher.java:197)
	at org.junit.platform.launcher.core.DefaultLauncher.withInterceptedStreams(DefaultLauncher.java:211)
	at org.junit.platform.launcher.core.DefaultLauncher.execute(DefaultLauncher.java:191)
	at org.junit.platform.launcher.core.DefaultLauncher.execute(DefaultLauncher.java:128)
	at org.apache.maven.surefire.junitplatform.LazyLauncher.execute(LazyLauncher.java:56)
	at org.apache.maven.surefire.junitplatform.JUnitPlatformProvider.execute(JUnitPlatformProvider.java:184)
	at org.apache.maven.surefire.junitplatform.JUnitPlatformProvider.invokeAllTests(JUnitPlatformProvider.java:148)
	at org.apache.maven.surefire.junitplatform.JUnitPlatformProvider.invoke(JUnitPlatformProvider.java:122)
	at org.apache.maven.surefire.booter.ForkedBooter.runSuitesInProcess(ForkedBooter.java:385)
	at org.apache.maven.surefire.booter.ForkedBooter.execute(ForkedBooter.java:162)
	at org.apache.maven.surefire.booter.ForkedBooter.run(ForkedBooter.java:507)
	at org.apache.maven.surefire.booter.ForkedBooter.main(ForkedBooter.java:495)

[[1;34mINFO[m] Running co.streamx.fluent.JPA.util.[1mScopedArrayList_contains_3_2_Test[m
[[1;31mERROR[m] [1;31mTests [0;1mrun: [0;1m2[m, Failures: 0, [1;31mErrors: [0;1;31m2[m, Skipped: 0, Time elapsed: 0.005 s[1;31m <<< FAILURE![m -- in co.streamx.fluent.JPA.util.[1mScopedArrayList_contains_3_2_Test[m
[[1;31mERROR[m] co.streamx.fluent.JPA.util.ScopedArrayList_contains_3_2_Test.testContainsElementInSuper -- Time elapsed: 0 s <<< ERROR!
java.lang.UnsupportedOperationException
	at co.streamx.fluent.JPA.util.ScopedArrayList.indexOf(ScopedArrayList.java:93)
	at java.base/java.util.ArrayList.contains(ArrayList.java:307)
	at co.streamx.fluent.JPA.util.ScopedArrayList.contains(ScopedArrayList.java:30)
	at co.streamx.fluent.JPA.util.ScopedArrayList_contains_3_2_Test.testContainsElementInSuper(ScopedArrayList_contains_3_2_Test.java:37)
	at java.base/jdk.internal.reflect.NativeMethodAccessorImpl.invoke0(Native Method)
	at java.base/jdk.internal.reflect.NativeMethodAccessorImpl.invoke(NativeMethodAccessorImpl.java:62)
	at java.base/jdk.internal.reflect.DelegatingMethodAccessorImpl.invoke(DelegatingMethodAccessorImpl.java:43)
	at java.base/java.lang.reflect.Method.invoke(Method.java:566)
	at org.junit.platform.commons.util.ReflectionUtils.invokeMethod(ReflectionUtils.java:675)
	at org.junit.jupiter.engine.execution.ExecutableInvoker.invoke(ExecutableInvoker.java:115)
	at org.junit.jupiter.engine.descriptor.TestMethodTestDescriptor.lambda$invokeTestMethod$6(TestMethodTestDescriptor.java:171)
	at org.junit.platform.engine.support.hierarchical.ThrowableCollector.execute(ThrowableCollector.java:72)
	at org.junit.jupiter.engine.descriptor.TestMethodTestDescriptor.invokeTestMethod(TestMethodTestDescriptor.java:167)
	at org.junit.jupiter.engine.descriptor.TestMethodTestDescriptor.execute(TestMethodTestDescriptor.java:114)
	at org.junit.jupiter.engine.descriptor.TestMethodTestDescriptor.execute(TestMethodTestDescriptor.java:59)
	at org.junit.platform.engine.support.hierarchical.NodeTestTask.lambda$executeRecursively$4(NodeTestTask.java:108)
	at org.junit.platform.engine.support.hierarchical.ThrowableCollector.execute(ThrowableCollector.java:72)
	at org.junit.platform.engine.support.hierarchical.NodeTestTask.executeRecursively(NodeTestTask.java:98)
	at org.junit.platform.engine.support.hierarchical.NodeTestTask.execute(NodeTestTask.java:74)
	at java.base/java.util.ArrayList.forEach(ArrayList.java:1541)
	at org.junit.platform.engine.support.hierarchical.SameThreadHierarchicalTestExecutorService.invokeAll(SameThreadHierarchicalTestExecutorService.java:38)
	at org.junit.platform.engine.support.hierarchical.NodeTestTask.lambda$executeRecursively$4(NodeTestTask.java:112)
	at org.junit.platform.engine.support.hierarchical.ThrowableCollector.execute(ThrowableCollector.java:72)
	at org.junit.platform.engine.support.hierarchical.NodeTestTask.executeRecursively(NodeTestTask.java:98)
	at org.junit.platform.engine.support.hierarchical.NodeTestTask.execute(NodeTestTask.java:74)
	at java.base/java.util.ArrayList.forEach(ArrayList.java:1541)
	at org.junit.platform.engine.support.hierarchical.SameThreadHierarchicalTestExecutorService.invokeAll(SameThreadHierarchicalTestExecutorService.java:38)
	at org.junit.platform.engine.support.hierarchical.NodeTestTask.lambda$executeRecursively$4(NodeTestTask.java:112)
	at org.junit.platform.engine.support.hierarchical.ThrowableCollector.execute(ThrowableCollector.java:72)
	at org.junit.platform.engine.support.hierarchical.NodeTestTask.executeRecursively(NodeTestTask.java:98)
	at org.junit.platform.engine.support.hierarchical.NodeTestTask.execute(NodeTestTask.java:74)
	at org.junit.platform.engine.support.hierarchical.SameThreadHierarchicalTestExecutorService.submit(SameThreadHierarchicalTestExecutorService.java:32)
	at org.junit.platform.engine.support.hierarchical.HierarchicalTestExecutor.execute(HierarchicalTestExecutor.java:57)
	at org.junit.platform.engine.support.hierarchical.HierarchicalTestEngine.execute(HierarchicalTestEngine.java:51)
	at org.junit.platform.launcher.core.DefaultLauncher.execute(DefaultLauncher.java:229)
	at org.junit.platform.launcher.core.DefaultLauncher.lambda$execute$6(DefaultLauncher.java:197)
	at org.junit.platform.launcher.core.DefaultLauncher.withInterceptedStreams(DefaultLauncher.java:211)
	at org.junit.platform.launcher.core.DefaultLauncher.execute(DefaultLauncher.java:191)
	at org.junit.platform.launcher.core.DefaultLauncher.execute(DefaultLauncher.java:128)
	at org.apache.maven.surefire.junitplatform.LazyLauncher.execute(LazyLauncher.java:56)
	at org.apache.maven.surefire.junitplatform.JUnitPlatformProvider.execute(JUnitPlatformProvider.java:184)
	at org.apache.maven.surefire.junitplatform.JUnitPlatformProvider.invokeAllTests(JUnitPlatformProvider.java:148)
	at org.apache.maven.surefire.junitplatform.JUnitPlatformProvider.invoke(JUnitPlatformProvider.java:122)
	at org.apache.maven.surefire.booter.ForkedBooter.runSuitesInProcess(ForkedBooter.java:385)
	at org.apache.maven.surefire.booter.ForkedBooter.execute(ForkedBooter.java:162)
	at org.apache.maven.surefire.booter.ForkedBooter.run(ForkedBooter.java:507)
	at org.apache.maven.surefire.booter.ForkedBooter.main(ForkedBooter.java:495)

[[1;31mERROR[m] co.streamx.fluent.JPA.util.ScopedArrayList_contains_3_2_Test.testContainsElementInUpper -- Time elapsed: 0.001 s <<< ERROR!
java.lang.UnsupportedOperationException
	at co.streamx.fluent.JPA.util.ScopedArrayList.indexOf(ScopedArrayList.java:93)
	at java.base/java.util.ArrayList.contains(ArrayList.java:307)
	at co.streamx.fluent.JPA.util.ScopedArrayList.contains(ScopedArrayList.java:30)
	at co.streamx.fluent.JPA.util.ScopedArrayList_contains_3_2_Test.testContainsElementInUpper(ScopedArrayList_contains_3_2_Test.java:43)
	at java.base/jdk.internal.reflect.NativeMethodAccessorImpl.invoke0(Native Method)
	at java.base/jdk.internal.reflect.NativeMethodAccessorImpl.invoke(NativeMethodAccessorImpl.java:62)
	at java.base/jdk.internal.reflect.DelegatingMethodAccessorImpl.invoke(DelegatingMethodAccessorImpl.java:43)
	at java.base/java.lang.reflect.Method.invoke(Method.java:566)
	at org.junit.platform.commons.util.ReflectionUtils.invokeMethod(ReflectionUtils.java:675)
	at org.junit.jupiter.engine.execution.ExecutableInvoker.invoke(ExecutableInvoker.java:115)
	at org.junit.jupiter.engine.descriptor.TestMethodTestDescriptor.lambda$invokeTestMethod$6(TestMethodTestDescriptor.java:171)
	at org.junit.platform.engine.support.hierarchical.ThrowableCollector.execute(ThrowableCollector.java:72)
	at org.junit.jupiter.engine.descriptor.TestMethodTestDescriptor.invokeTestMethod(TestMethodTestDescriptor.java:167)
	at org.junit.jupiter.engine.descriptor.TestMethodTestDescriptor.execute(TestMethodTestDescriptor.java:114)
	at org.junit.jupiter.engine.descriptor.TestMethodTestDescriptor.execute(TestMethodTestDescriptor.java:59)
	at org.junit.platform.engine.support.hierarchical.NodeTestTask.lambda$executeRecursively$4(NodeTestTask.java:108)
	at org.junit.platform.engine.support.hierarchical.ThrowableCollector.execute(ThrowableCollector.java:72)
	at org.junit.platform.engine.support.hierarchical.NodeTestTask.executeRecursively(NodeTestTask.java:98)
	at org.junit.platform.engine.support.hierarchical.NodeTestTask.execute(NodeTestTask.java:74)
	at java.base/java.util.ArrayList.forEach(ArrayList.java:1541)
	at org.junit.platform.engine.support.hierarchical.SameThreadHierarchicalTestExecutorService.invokeAll(SameThreadHierarchicalTestExecutorService.java:38)
	at org.junit.platform.engine.support.hierarchical.NodeTestTask.lambda$executeRecursively$4(NodeTestTask.java:112)
	at org.junit.platform.engine.support.hierarchical.ThrowableCollector.execute(ThrowableCollector.java:72)
	at org.junit.platform.engine.support.hierarchical.NodeTestTask.executeRecursively(NodeTestTask.java:98)
	at org.junit.platform.engine.support.hierarchical.NodeTestTask.execute(NodeTestTask.java:74)
	at java.base/java.util.ArrayList.forEach(ArrayList.java:1541)
	at org.junit.platform.engine.support.hierarchical.SameThreadHierarchicalTestExecutorService.invokeAll(SameThreadHierarchicalTestExecutorService.java:38)
	at org.junit.platform.engine.support.hierarchical.NodeTestTask.lambda$executeRecursively$4(NodeTestTask.java:112)
	at org.junit.platform.engine.support.hierarchical.ThrowableCollector.execute(ThrowableCollector.java:72)
	at org.junit.platform.engine.support.hierarchical.NodeTestTask.executeRecursively(NodeTestTask.java:98)
	at org.junit.platform.engine.support.hierarchical.NodeTestTask.execute(NodeTestTask.java:74)
	at org.junit.platform.engine.support.hierarchical.SameThreadHierarchicalTestExecutorService.submit(SameThreadHierarchicalTestExecutorService.java:32)
	at org.junit.platform.engine.support.hierarchical.HierarchicalTestExecutor.execute(HierarchicalTestExecutor.java:57)
	at org.junit.platform.engine.support.hierarchical.HierarchicalTestEngine.execute(HierarchicalTestEngine.java:51)
	at org.junit.platform.launcher.core.DefaultLauncher.execute(DefaultLauncher.java:229)
	at org.junit.platform.launcher.core.DefaultLauncher.lambda$execute$6(DefaultLauncher.java:197)
	at org.junit.platform.launcher.core.DefaultLauncher.withInterceptedStreams(DefaultLauncher.java:211)
	at org.junit.platform.launcher.core.DefaultLauncher.execute(DefaultLauncher.java:191)
	at org.junit.platform.launcher.core.DefaultLauncher.execute(DefaultLauncher.java:128)
	at org.apache.maven.surefire.junitplatform.LazyLauncher.execute(LazyLauncher.java:56)
	at org.apache.maven.surefire.junitplatform.JUnitPlatformProvider.execute(JUnitPlatformProvider.java:184)
	at org.apache.maven.surefire.junitplatform.JUnitPlatformProvider.invokeAllTests(JUnitPlatformProvider.java:148)
	at org.apache.maven.surefire.junitplatform.JUnitPlatformProvider.invoke(JUnitPlatformProvider.java:122)
	at org.apache.maven.surefire.booter.ForkedBooter.runSuitesInProcess(ForkedBooter.java:385)
	at org.apache.maven.surefire.booter.ForkedBooter.execute(ForkedBooter.java:162)
	at org.apache.maven.surefire.booter.ForkedBooter.run(ForkedBooter.java:507)
	at org.apache.maven.surefire.booter.ForkedBooter.main(ForkedBooter.java:495)

[[1;34mINFO[m] Running co.streamx.fluent.JPA.util.[1mScopedArrayList_indexOf_15_0_Test[m
[[1;31mERROR[m] [1;31mTests [0;1mrun: [0;1m1[m, [1;31mFailures: [0;1;31m1[m, Errors: 0, Skipped: 0, Time elapsed: 0.009 s[1;31m <<< FAILURE![m -- in co.streamx.fluent.JPA.util.[1mScopedArrayList_indexOf_15_0_Test[m
[[1;31mERROR[m] co.streamx.fluent.JPA.util.ScopedArrayList_indexOf_15_0_Test.testIndexOfThrowsUnsupportedOperationException -- Time elapsed: 0.004 s <<< FAILURE!
org.opentest4j.AssertionFailedError: Unexpected exception type thrown ==> expected: <java.lang.UnsupportedOperationException> but was: <java.lang.reflect.InvocationTargetException>
	at org.junit.jupiter.api.AssertThrows.assertThrows(AssertThrows.java:63)
	at org.junit.jupiter.api.AssertThrows.assertThrows(AssertThrows.java:36)
	at org.junit.jupiter.api.Assertions.assertThrows(Assertions.java:1179)
	at co.streamx.fluent.JPA.util.ScopedArrayList_indexOf_15_0_Test.testIndexOfThrowsUnsupportedOperationException(ScopedArrayList_indexOf_15_0_Test.java:32)
	at java.base/jdk.internal.reflect.NativeMethodAccessorImpl.invoke0(Native Method)
	at java.base/jdk.internal.reflect.NativeMethodAccessorImpl.invoke(NativeMethodAccessorImpl.java:62)
	at java.base/jdk.internal.reflect.DelegatingMethodAccessorImpl.invoke(DelegatingMethodAccessorImpl.java:43)
	at java.base/java.lang.reflect.Method.invoke(Method.java:566)
	at org.junit.platform.commons.util.ReflectionUtils.invokeMethod(ReflectionUtils.java:675)
	at org.junit.jupiter.engine.execution.ExecutableInvoker.invoke(ExecutableInvoker.java:115)
	at org.junit.jupiter.engine.descriptor.TestMethodTestDescriptor.lambda$invokeTestMethod$6(TestMethodTestDescriptor.java:171)
	at org.junit.platform.engine.support.hierarchical.ThrowableCollector.execute(ThrowableCollector.java:72)
	at org.junit.jupiter.engine.descriptor.TestMethodTestDescriptor.invokeTestMethod(TestMethodTestDescriptor.java:167)
	at org.junit.jupiter.engine.descriptor.TestMethodTestDescriptor.execute(TestMethodTestDescriptor.java:114)
	at org.junit.jupiter.engine.descriptor.TestMethodTestDescriptor.execute(TestMethodTestDescriptor.java:59)
	at org.junit.platform.engine.support.hierarchical.NodeTestTask.lambda$executeRecursively$4(NodeTestTask.java:108)
	at org.junit.platform.engine.support.hierarchical.ThrowableCollector.execute(ThrowableCollector.java:72)
	at org.junit.platform.engine.support.hierarchical.NodeTestTask.executeRecursively(NodeTestTask.java:98)
	at org.junit.platform.engine.support.hierarchical.NodeTestTask.execute(NodeTestTask.java:74)
	at java.base/java.util.ArrayList.forEach(ArrayList.java:1541)
	at org.junit.platform.engine.support.hierarchical.SameThreadHierarchicalTestExecutorService.invokeAll(SameThreadHierarchicalTestExecutorService.java:38)
	at org.junit.platform.engine.support.hierarchical.NodeTestTask.lambda$executeRecursively$4(NodeTestTask.java:112)
	at org.junit.platform.engine.support.hierarchical.ThrowableCollector.execute(ThrowableCollector.java:72)
	at org.junit.platform.engine.support.hierarchical.NodeTestTask.executeRecursively(NodeTestTask.java:98)
	at org.junit.platform.engine.support.hierarchical.NodeTestTask.execute(NodeTestTask.java:74)
	at java.base/java.util.ArrayList.forEach(ArrayList.java:1541)
	at org.junit.platform.engine.support.hierarchical.SameThreadHierarchicalTestExecutorService.invokeAll(SameThreadHierarchicalTestExecutorService.java:38)
	at org.junit.platform.engine.support.hierarchical.NodeTestTask.lambda$executeRecursively$4(NodeTestTask.java:112)
	at org.junit.platform.engine.support.hierarchical.ThrowableCollector.execute(ThrowableCollector.java:72)
	at org.junit.platform.engine.support.hierarchical.NodeTestTask.executeRecursively(NodeTestTask.java:98)
	at org.junit.platform.engine.support.hierarchical.NodeTestTask.execute(NodeTestTask.java:74)
	at org.junit.platform.engine.support.hierarchical.SameThreadHierarchicalTestExecutorService.submit(SameThreadHierarchicalTestExecutorService.java:32)
	at org.junit.platform.engine.support.hierarchical.HierarchicalTestExecutor.execute(HierarchicalTestExecutor.java:57)
	at org.junit.platform.engine.support.hierarchical.HierarchicalTestEngine.execute(HierarchicalTestEngine.java:51)
	at org.junit.platform.launcher.core.DefaultLauncher.execute(DefaultLauncher.java:229)
	at org.junit.platform.launcher.core.DefaultLauncher.lambda$execute$6(DefaultLauncher.java:197)
	at org.junit.platform.launcher.core.DefaultLauncher.withInterceptedStreams(DefaultLauncher.java:211)
	at org.junit.platform.launcher.core.DefaultLauncher.execute(DefaultLauncher.java:191)
	at org.junit.platform.launcher.core.DefaultLauncher.execute(DefaultLauncher.java:128)
	at org.apache.maven.surefire.junitplatform.LazyLauncher.execute(LazyLauncher.java:56)
	at org.apache.maven.surefire.junitplatform.JUnitPlatformProvider.execute(JUnitPlatformProvider.java:184)
	at org.apache.maven.surefire.junitplatform.JUnitPlatformProvider.invokeAllTests(JUnitPlatformProvider.java:148)
	at org.apache.maven.surefire.junitplatform.JUnitPlatformProvider.invoke(JUnitPlatformProvider.java:122)
	at org.apache.maven.surefire.booter.ForkedBooter.runSuitesInProcess(ForkedBooter.java:385)
	at org.apache.maven.surefire.booter.ForkedBooter.execute(ForkedBooter.java:162)
	at org.apache.maven.surefire.booter.ForkedBooter.run(ForkedBooter.java:507)
	at org.apache.maven.surefire.booter.ForkedBooter.main(ForkedBooter.java:495)
Caused by: java.lang.reflect.InvocationTargetException
	at java.base/jdk.internal.reflect.NativeMethodAccessorImpl.invoke0(Native Method)
	at java.base/jdk.internal.reflect.NativeMethodAccessorImpl.invoke(NativeMethodAccessorImpl.java:62)
	at java.base/jdk.internal.reflect.DelegatingMethodAccessorImpl.invoke(DelegatingMethodAccessorImpl.java:43)
	at java.base/java.lang.reflect.Method.invoke(Method.java:566)
	at co.streamx.fluent.JPA.util.ScopedArrayList_indexOf_15_0_Test.lambda$testIndexOfThrowsUnsupportedOperationException$0(ScopedArrayList_indexOf_15_0_Test.java:33)
	at org.junit.jupiter.api.AssertThrows.assertThrows(AssertThrows.java:54)
	... 46 more
Caused by: java.lang.UnsupportedOperationException
	at co.streamx.fluent.JPA.util.ScopedArrayList.indexOf(ScopedArrayList.java:93)
	... 52 more

[[1;34mINFO[m] Running co.streamx.fluent.JPA.util.[1mScopedArrayList_removeAll_8_0_Test[m
[[1;31mERROR[m] [1;31mTests [0;1mrun: [0;1m1[m, [1;31mFailures: [0;1;31m1[m, Errors: 0, Skipped: 0, Time elapsed: 0.006 s[1;31m <<< FAILURE![m -- in co.streamx.fluent.JPA.util.[1mScopedArrayList_removeAll_8_0_Test[m
[[1;31mERROR[m] co.streamx.fluent.JPA.util.ScopedArrayList_removeAll_8_0_Test.testRemoveAllThrowsUnsupportedOperationException -- Time elapsed: 0.002 s <<< FAILURE!
org.opentest4j.AssertionFailedError: Unexpected exception type thrown ==> expected: <java.lang.UnsupportedOperationException> but was: <java.lang.reflect.InvocationTargetException>
	at org.junit.jupiter.api.AssertThrows.assertThrows(AssertThrows.java:63)
	at org.junit.jupiter.api.AssertThrows.assertThrows(AssertThrows.java:36)
	at org.junit.jupiter.api.Assertions.assertThrows(Assertions.java:1179)
	at co.streamx.fluent.JPA.util.ScopedArrayList_removeAll_8_0_Test.testRemoveAllThrowsUnsupportedOperationException(ScopedArrayList_removeAll_8_0_Test.java:31)
	at java.base/jdk.internal.reflect.NativeMethodAccessorImpl.invoke0(Native Method)
	at java.base/jdk.internal.reflect.NativeMethodAccessorImpl.invoke(NativeMethodAccessorImpl.java:62)
	at java.base/jdk.internal.reflect.DelegatingMethodAccessorImpl.invoke(DelegatingMethodAccessorImpl.java:43)
	at java.base/java.lang.reflect.Method.invoke(Method.java:566)
	at org.junit.platform.commons.util.ReflectionUtils.invokeMethod(ReflectionUtils.java:675)
	at org.junit.jupiter.engine.execution.ExecutableInvoker.invoke(ExecutableInvoker.java:115)
	at org.junit.jupiter.engine.descriptor.TestMethodTestDescriptor.lambda$invokeTestMethod$6(TestMethodTestDescriptor.java:171)
	at org.junit.platform.engine.support.hierarchical.ThrowableCollector.execute(ThrowableCollector.java:72)
	at org.junit.jupiter.engine.descriptor.TestMethodTestDescriptor.invokeTestMethod(TestMethodTestDescriptor.java:167)
	at org.junit.jupiter.engine.descriptor.TestMethodTestDescriptor.execute(TestMethodTestDescriptor.java:114)
	at org.junit.jupiter.engine.descriptor.TestMethodTestDescriptor.execute(TestMethodTestDescriptor.java:59)
	at org.junit.platform.engine.support.hierarchical.NodeTestTask.lambda$executeRecursively$4(NodeTestTask.java:108)
	at org.junit.platform.engine.support.hierarchical.ThrowableCollector.execute(ThrowableCollector.java:72)
	at org.junit.platform.engine.support.hierarchical.NodeTestTask.executeRecursively(NodeTestTask.java:98)
	at org.junit.platform.engine.support.hierarchical.NodeTestTask.execute(NodeTestTask.java:74)
	at java.base/java.util.ArrayList.forEach(ArrayList.java:1541)
	at org.junit.platform.engine.support.hierarchical.SameThreadHierarchicalTestExecutorService.invokeAll(SameThreadHierarchicalTestExecutorService.java:38)
	at org.junit.platform.engine.support.hierarchical.NodeTestTask.lambda$executeRecursively$4(NodeTestTask.java:112)
	at org.junit.platform.engine.support.hierarchical.ThrowableCollector.execute(ThrowableCollector.java:72)
	at org.junit.platform.engine.support.hierarchical.NodeTestTask.executeRecursively(NodeTestTask.java:98)
	at org.junit.platform.engine.support.hierarchical.NodeTestTask.execute(NodeTestTask.java:74)
	at java.base/java.util.ArrayList.forEach(ArrayList.java:1541)
	at org.junit.platform.engine.support.hierarchical.SameThreadHierarchicalTestExecutorService.invokeAll(SameThreadHierarchicalTestExecutorService.java:38)
	at org.junit.platform.engine.support.hierarchical.NodeTestTask.lambda$executeRecursively$4(NodeTestTask.java:112)
	at org.junit.platform.engine.support.hierarchical.ThrowableCollector.execute(ThrowableCollector.java:72)
	at org.junit.platform.engine.support.hierarchical.NodeTestTask.executeRecursively(NodeTestTask.java:98)
	at org.junit.platform.engine.support.hierarchical.NodeTestTask.execute(NodeTestTask.java:74)
	at org.junit.platform.engine.support.hierarchical.SameThreadHierarchicalTestExecutorService.submit(SameThreadHierarchicalTestExecutorService.java:32)
	at org.junit.platform.engine.support.hierarchical.HierarchicalTestExecutor.execute(HierarchicalTestExecutor.java:57)
	at org.junit.platform.engine.support.hierarchical.HierarchicalTestEngine.execute(HierarchicalTestEngine.java:51)
	at org.junit.platform.launcher.core.DefaultLauncher.execute(DefaultLauncher.java:229)
	at org.junit.platform.launcher.core.DefaultLauncher.lambda$execute$6(DefaultLauncher.java:197)
	at org.junit.platform.launcher.core.DefaultLauncher.withInterceptedStreams(DefaultLauncher.java:211)
	at org.junit.platform.launcher.core.DefaultLauncher.execute(DefaultLauncher.java:191)
	at org.junit.platform.launcher.core.DefaultLauncher.execute(DefaultLauncher.java:128)
	at org.apache.maven.surefire.junitplatform.LazyLauncher.execute(LazyLauncher.java:56)
	at org.apache.maven.surefire.junitplatform.JUnitPlatformProvider.execute(JUnitPlatformProvider.java:184)
	at org.apache.maven.surefire.junitplatform.JUnitPlatformProvider.invokeAllTests(JUnitPlatformProvider.java:148)
	at org.apache.maven.surefire.junitplatform.JUnitPlatformProvider.invoke(JUnitPlatformProvider.java:122)
	at org.apache.maven.surefire.booter.ForkedBooter.runSuitesInProcess(ForkedBooter.java:385)
	at org.apache.maven.surefire.booter.ForkedBooter.execute(ForkedBooter.java:162)
	at org.apache.maven.surefire.booter.ForkedBooter.run(ForkedBooter.java:507)
	at org.apache.maven.surefire.booter.ForkedBooter.main(ForkedBooter.java:495)
Caused by: java.lang.reflect.InvocationTargetException
	at java.base/jdk.internal.reflect.NativeMethodAccessorImpl.invoke0(Native Method)
	at java.base/jdk.internal.reflect.NativeMethodAccessorImpl.invoke(NativeMethodAccessorImpl.java:62)
	at java.base/jdk.internal.reflect.DelegatingMethodAccessorImpl.invoke(DelegatingMethodAccessorImpl.java:43)
	at java.base/java.lang.reflect.Method.invoke(Method.java:566)
	at co.streamx.fluent.JPA.util.ScopedArrayList_removeAll_8_0_Test.lambda$testRemoveAllThrowsUnsupportedOperationException$0(ScopedArrayList_removeAll_8_0_Test.java:32)
	at org.junit.jupiter.api.AssertThrows.assertThrows(AssertThrows.java:54)
	... 46 more
Caused by: java.lang.UnsupportedOperationException
	at co.streamx.fluent.JPA.util.ScopedArrayList.removeAll(ScopedArrayList.java:56)
	... 52 more

[[1;34mINFO[m] Running co.streamx.fluent.JPA.util.[1mScopedArrayList_addAll_6_0_Test[m
[[1;34mINFO[m] [1;32mTests run: [0;1;32m1[m, Failures: 0, Errors: 0, Skipped: 0, Time elapsed: 0.004 s -- in co.streamx.fluent.JPA.util.[1mScopedArrayList_addAll_6_0_Test[m
[[1;34mINFO[m] Running co.streamx.fluent.JPA.util.[1mScopedArrayList_get_11_0_Test[m
[[1;31mERROR[m] [1;31mTests [0;1mrun: [0;1m1[m, [1;31mFailures: [0;1;31m1[m, Errors: 0, Skipped: 0, Time elapsed: 0.003 s[1;31m <<< FAILURE![m -- in co.streamx.fluent.JPA.util.[1mScopedArrayList_get_11_0_Test[m
[[1;31mERROR[m] co.streamx.fluent.JPA.util.ScopedArrayList_get_11_0_Test.testGetMethodThrowsUnsupportedOperationException -- Time elapsed: 0.001 s <<< FAILURE!
org.opentest4j.AssertionFailedError: Unexpected exception type thrown ==> expected: <java.lang.UnsupportedOperationException> but was: <java.lang.reflect.InvocationTargetException>
	at org.junit.jupiter.api.AssertThrows.assertThrows(AssertThrows.java:63)
	at org.junit.jupiter.api.AssertThrows.assertThrows(AssertThrows.java:36)
	at org.junit.jupiter.api.Assertions.assertThrows(Assertions.java:1179)
	at co.streamx.fluent.JPA.util.ScopedArrayList_get_11_0_Test.testGetMethodThrowsUnsupportedOperationException(ScopedArrayList_get_11_0_Test.java:32)
	at java.base/jdk.internal.reflect.NativeMethodAccessorImpl.invoke0(Native Method)
	at java.base/jdk.internal.reflect.NativeMethodAccessorImpl.invoke(NativeMethodAccessorImpl.java:62)
	at java.base/jdk.internal.reflect.DelegatingMethodAccessorImpl.invoke(DelegatingMethodAccessorImpl.java:43)
	at java.base/java.lang.reflect.Method.invoke(Method.java:566)
	at org.junit.platform.commons.util.ReflectionUtils.invokeMethod(ReflectionUtils.java:675)
	at org.junit.jupiter.engine.execution.ExecutableInvoker.invoke(ExecutableInvoker.java:115)
	at org.junit.jupiter.engine.descriptor.TestMethodTestDescriptor.lambda$invokeTestMethod$6(TestMethodTestDescriptor.java:171)
	at org.junit.platform.engine.support.hierarchical.ThrowableCollector.execute(ThrowableCollector.java:72)
	at org.junit.jupiter.engine.descriptor.TestMethodTestDescriptor.invokeTestMethod(TestMethodTestDescriptor.java:167)
	at org.junit.jupiter.engine.descriptor.TestMethodTestDescriptor.execute(TestMethodTestDescriptor.java:114)
	at org.junit.jupiter.engine.descriptor.TestMethodTestDescriptor.execute(TestMethodTestDescriptor.java:59)
	at org.junit.platform.engine.support.hierarchical.NodeTestTask.lambda$executeRecursively$4(NodeTestTask.java:108)
	at org.junit.platform.engine.support.hierarchical.ThrowableCollector.execute(ThrowableCollector.java:72)
	at org.junit.platform.engine.support.hierarchical.NodeTestTask.executeRecursively(NodeTestTask.java:98)
	at org.junit.platform.engine.support.hierarchical.NodeTestTask.execute(NodeTestTask.java:74)
	at java.base/java.util.ArrayList.forEach(ArrayList.java:1541)
	at org.junit.platform.engine.support.hierarchical.SameThreadHierarchicalTestExecutorService.invokeAll(SameThreadHierarchicalTestExecutorService.java:38)
	at org.junit.platform.engine.support.hierarchical.NodeTestTask.lambda$executeRecursively$4(NodeTestTask.java:112)
	at org.junit.platform.engine.support.hierarchical.ThrowableCollector.execute(ThrowableCollector.java:72)
	at org.junit.platform.engine.support.hierarchical.NodeTestTask.executeRecursively(NodeTestTask.java:98)
	at org.junit.platform.engine.support.hierarchical.NodeTestTask.execute(NodeTestTask.java:74)
	at java.base/java.util.ArrayList.forEach(ArrayList.java:1541)
	at org.junit.platform.engine.support.hierarchical.SameThreadHierarchicalTestExecutorService.invokeAll(SameThreadHierarchicalTestExecutorService.java:38)
	at org.junit.platform.engine.support.hierarchical.NodeTestTask.lambda$executeRecursively$4(NodeTestTask.java:112)
	at org.junit.platform.engine.support.hierarchical.ThrowableCollector.execute(ThrowableCollector.java:72)
	at org.junit.platform.engine.support.hierarchical.NodeTestTask.executeRecursively(NodeTestTask.java:98)
	at org.junit.platform.engine.support.hierarchical.NodeTestTask.execute(NodeTestTask.java:74)
	at org.junit.platform.engine.support.hierarchical.SameThreadHierarchicalTestExecutorService.submit(SameThreadHierarchicalTestExecutorService.java:32)
	at org.junit.platform.engine.support.hierarchical.HierarchicalTestExecutor.execute(HierarchicalTestExecutor.java:57)
	at org.junit.platform.engine.support.hierarchical.HierarchicalTestEngine.execute(HierarchicalTestEngine.java:51)
	at org.junit.platform.launcher.core.DefaultLauncher.execute(DefaultLauncher.java:229)
	at org.junit.platform.launcher.core.DefaultLauncher.lambda$execute$6(DefaultLauncher.java:197)
	at org.junit.platform.launcher.core.DefaultLauncher.withInterceptedStreams(DefaultLauncher.java:211)
	at org.junit.platform.launcher.core.DefaultLauncher.execute(DefaultLauncher.java:191)
	at org.junit.platform.launcher.core.DefaultLauncher.execute(DefaultLauncher.java:128)
	at org.apache.maven.surefire.junitplatform.LazyLauncher.execute(LazyLauncher.java:56)
	at org.apache.maven.surefire.junitplatform.JUnitPlatformProvider.execute(JUnitPlatformProvider.java:184)
	at org.apache.maven.surefire.junitplatform.JUnitPlatformProvider.invokeAllTests(JUnitPlatformProvider.java:148)
	at org.apache.maven.surefire.junitplatform.JUnitPlatformProvider.invoke(JUnitPlatformProvider.java:122)
	at org.apache.maven.surefire.booter.ForkedBooter.runSuitesInProcess(ForkedBooter.java:385)
	at org.apache.maven.surefire.booter.ForkedBooter.execute(ForkedBooter.java:162)
	at org.apache.maven.surefire.booter.ForkedBooter.run(ForkedBooter.java:507)
	at org.apache.maven.surefire.booter.ForkedBooter.main(ForkedBooter.java:495)
Caused by: java.lang.reflect.InvocationTargetException
	at java.base/jdk.internal.reflect.NativeMethodAccessorImpl.invoke0(Native Method)
	at java.base/jdk.internal.reflect.NativeMethodAccessorImpl.invoke(NativeMethodAccessorImpl.java:62)
	at java.base/jdk.internal.reflect.DelegatingMethodAccessorImpl.invoke(DelegatingMethodAccessorImpl.java:43)
	at java.base/java.lang.reflect.Method.invoke(Method.java:566)
	at co.streamx.fluent.JPA.util.ScopedArrayList_get_11_0_Test.lambda$testGetMethodThrowsUnsupportedOperationException$0(ScopedArrayList_get_11_0_Test.java:32)
	at org.junit.jupiter.api.AssertThrows.assertThrows(AssertThrows.java:54)
	... 46 more
Caused by: java.lang.UnsupportedOperationException
	at co.streamx.fluent.JPA.util.ScopedArrayList.get(ScopedArrayList.java:71)
	... 52 more

[[1;34mINFO[m] Running co.streamx.fluent.JPA.util.[1mScopedArrayList_remove_4_0_Test[m
[[1;31mERROR[m] [1;31mTests [0;1mrun: [0;1m1[m, [1;31mFailures: [0;1;31m1[m, Errors: 0, Skipped: 0, Time elapsed: 0.004 s[1;31m <<< FAILURE![m -- in co.streamx.fluent.JPA.util.[1mScopedArrayList_remove_4_0_Test[m
[[1;31mERROR[m] co.streamx.fluent.JPA.util.ScopedArrayList_remove_4_0_Test.testRemove -- Time elapsed: 0.002 s <<< FAILURE!
org.opentest4j.AssertionFailedError: Unexpected exception type thrown ==> expected: <java.lang.UnsupportedOperationException> but was: <java.lang.reflect.InvocationTargetException>
	at org.junit.jupiter.api.AssertThrows.assertThrows(AssertThrows.java:63)
	at org.junit.jupiter.api.AssertThrows.assertThrows(AssertThrows.java:36)
	at org.junit.jupiter.api.Assertions.assertThrows(Assertions.java:1179)
	at co.streamx.fluent.JPA.util.ScopedArrayList_remove_4_0_Test.testRemove(ScopedArrayList_remove_4_0_Test.java:24)
	at java.base/jdk.internal.reflect.NativeMethodAccessorImpl.invoke0(Native Method)
	at java.base/jdk.internal.reflect.NativeMethodAccessorImpl.invoke(NativeMethodAccessorImpl.java:62)
	at java.base/jdk.internal.reflect.DelegatingMethodAccessorImpl.invoke(DelegatingMethodAccessorImpl.java:43)
	at java.base/java.lang.reflect.Method.invoke(Method.java:566)
	at org.junit.platform.commons.util.ReflectionUtils.invokeMethod(ReflectionUtils.java:675)
	at org.junit.jupiter.engine.execution.ExecutableInvoker.invoke(ExecutableInvoker.java:115)
	at org.junit.jupiter.engine.descriptor.TestMethodTestDescriptor.lambda$invokeTestMethod$6(TestMethodTestDescriptor.java:171)
	at org.junit.platform.engine.support.hierarchical.ThrowableCollector.execute(ThrowableCollector.java:72)
	at org.junit.jupiter.engine.descriptor.TestMethodTestDescriptor.invokeTestMethod(TestMethodTestDescriptor.java:167)
	at org.junit.jupiter.engine.descriptor.TestMethodTestDescriptor.execute(TestMethodTestDescriptor.java:114)
	at org.junit.jupiter.engine.descriptor.TestMethodTestDescriptor.execute(TestMethodTestDescriptor.java:59)
	at org.junit.platform.engine.support.hierarchical.NodeTestTask.lambda$executeRecursively$4(NodeTestTask.java:108)
	at org.junit.platform.engine.support.hierarchical.ThrowableCollector.execute(ThrowableCollector.java:72)
	at org.junit.platform.engine.support.hierarchical.NodeTestTask.executeRecursively(NodeTestTask.java:98)
	at org.junit.platform.engine.support.hierarchical.NodeTestTask.execute(NodeTestTask.java:74)
	at java.base/java.util.ArrayList.forEach(ArrayList.java:1541)
	at org.junit.platform.engine.support.hierarchical.SameThreadHierarchicalTestExecutorService.invokeAll(SameThreadHierarchicalTestExecutorService.java:38)
	at org.junit.platform.engine.support.hierarchical.NodeTestTask.lambda$executeRecursively$4(NodeTestTask.java:112)
	at org.junit.platform.engine.support.hierarchical.ThrowableCollector.execute(ThrowableCollector.java:72)
	at org.junit.platform.engine.support.hierarchical.NodeTestTask.executeRecursively(NodeTestTask.java:98)
	at org.junit.platform.engine.support.hierarchical.NodeTestTask.execute(NodeTestTask.java:74)
	at java.base/java.util.ArrayList.forEach(ArrayList.java:1541)
	at org.junit.platform.engine.support.hierarchical.SameThreadHierarchicalTestExecutorService.invokeAll(SameThreadHierarchicalTestExecutorService.java:38)
	at org.junit.platform.engine.support.hierarchical.NodeTestTask.lambda$executeRecursively$4(NodeTestTask.java:112)
	at org.junit.platform.engine.support.hierarchical.ThrowableCollector.execute(ThrowableCollector.java:72)
	at org.junit.platform.engine.support.hierarchical.NodeTestTask.executeRecursively(NodeTestTask.java:98)
	at org.junit.platform.engine.support.hierarchical.NodeTestTask.execute(NodeTestTask.java:74)
	at org.junit.platform.engine.support.hierarchical.SameThreadHierarchicalTestExecutorService.submit(SameThreadHierarchicalTestExecutorService.java:32)
	at org.junit.platform.engine.support.hierarchical.HierarchicalTestExecutor.execute(HierarchicalTestExecutor.java:57)
	at org.junit.platform.engine.support.hierarchical.HierarchicalTestEngine.execute(HierarchicalTestEngine.java:51)
	at org.junit.platform.launcher.core.DefaultLauncher.execute(DefaultLauncher.java:229)
	at org.junit.platform.launcher.core.DefaultLauncher.lambda$execute$6(DefaultLauncher.java:197)
	at org.junit.platform.launcher.core.DefaultLauncher.withInterceptedStreams(DefaultLauncher.java:211)
	at org.junit.platform.launcher.core.DefaultLauncher.execute(DefaultLauncher.java:191)
	at org.junit.platform.launcher.core.DefaultLauncher.execute(DefaultLauncher.java:128)
	at org.apache.maven.surefire.junitplatform.LazyLauncher.execute(LazyLauncher.java:56)
	at org.apache.maven.surefire.junitplatform.JUnitPlatformProvider.execute(JUnitPlatformProvider.java:184)
	at org.apache.maven.surefire.junitplatform.JUnitPlatformProvider.invokeAllTests(JUnitPlatformProvider.java:148)
	at org.apache.maven.surefire.junitplatform.JUnitPlatformProvider.invoke(JUnitPlatformProvider.java:122)
	at org.apache.maven.surefire.booter.ForkedBooter.runSuitesInProcess(ForkedBooter.java:385)
	at org.apache.maven.surefire.booter.ForkedBooter.execute(ForkedBooter.java:162)
	at org.apache.maven.surefire.booter.ForkedBooter.run(ForkedBooter.java:507)
	at org.apache.maven.surefire.booter.ForkedBooter.main(ForkedBooter.java:495)
Caused by: java.lang.reflect.InvocationTargetException
	at java.base/jdk.internal.reflect.NativeMethodAccessorImpl.invoke0(Native Method)
	at java.base/jdk.internal.reflect.NativeMethodAccessorImpl.invoke(NativeMethodAccessorImpl.java:62)
	at java.base/jdk.internal.reflect.DelegatingMethodAccessorImpl.invoke(DelegatingMethodAccessorImpl.java:43)
	at java.base/java.lang.reflect.Method.invoke(Method.java:566)
	at co.streamx.fluent.JPA.util.ScopedArrayList_remove_4_0_Test.lambda$testRemove$0(ScopedArrayList_remove_4_0_Test.java:25)
	at org.junit.jupiter.api.AssertThrows.assertThrows(AssertThrows.java:54)
	... 46 more
Caused by: java.lang.UnsupportedOperationException
	at co.streamx.fluent.JPA.util.ScopedArrayList.remove(ScopedArrayList.java:35)
	... 52 more

[[1;34mINFO[m] Running co.streamx.fluent.JPA.util.[1mScopedArrayList_contains_3_3_Test[m
[[1;31mERROR[m] [1;31mTests [0;1mrun: [0;1m3[m, Failures: 0, [1;31mErrors: [0;1;31m3[m, Skipped: 0, Time elapsed: 0.008 s[1;31m <<< FAILURE![m -- in co.streamx.fluent.JPA.util.[1mScopedArrayList_contains_3_3_Test[m
[[1;31mERROR[m] co.streamx.fluent.JPA.util.ScopedArrayList_contains_3_3_Test.testContainsWhenElementIsInSuper -- Time elapsed: 0.001 s <<< ERROR!
java.lang.UnsupportedOperationException
	at co.streamx.fluent.JPA.util.ScopedArrayList.indexOf(ScopedArrayList.java:93)
	at java.base/java.util.ArrayList.contains(ArrayList.java:307)
	at co.streamx.fluent.JPA.util.ScopedArrayList.contains(ScopedArrayList.java:30)
	at co.streamx.fluent.JPA.util.ScopedArrayList_contains_3_3_Test.testContainsWhenElementIsInSuper(ScopedArrayList_contains_3_3_Test.java:41)
	at java.base/jdk.internal.reflect.NativeMethodAccessorImpl.invoke0(Native Method)
	at java.base/jdk.internal.reflect.NativeMethodAccessorImpl.invoke(NativeMethodAccessorImpl.java:62)
	at java.base/jdk.internal.reflect.DelegatingMethodAccessorImpl.invoke(DelegatingMethodAccessorImpl.java:43)
	at java.base/java.lang.reflect.Method.invoke(Method.java:566)
	at org.junit.platform.commons.util.ReflectionUtils.invokeMethod(ReflectionUtils.java:675)
	at org.junit.jupiter.engine.execution.ExecutableInvoker.invoke(ExecutableInvoker.java:115)
	at org.junit.jupiter.engine.descriptor.TestMethodTestDescriptor.lambda$invokeTestMethod$6(TestMethodTestDescriptor.java:171)
	at org.junit.platform.engine.support.hierarchical.ThrowableCollector.execute(ThrowableCollector.java:72)
	at org.junit.jupiter.engine.descriptor.TestMethodTestDescriptor.invokeTestMethod(TestMethodTestDescriptor.java:167)
	at org.junit.jupiter.engine.descriptor.TestMethodTestDescriptor.execute(TestMethodTestDescriptor.java:114)
	at org.junit.jupiter.engine.descriptor.TestMethodTestDescriptor.execute(TestMethodTestDescriptor.java:59)
	at org.junit.platform.engine.support.hierarchical.NodeTestTask.lambda$executeRecursively$4(NodeTestTask.java:108)
	at org.junit.platform.engine.support.hierarchical.ThrowableCollector.execute(ThrowableCollector.java:72)
	at org.junit.platform.engine.support.hierarchical.NodeTestTask.executeRecursively(NodeTestTask.java:98)
	at org.junit.platform.engine.support.hierarchical.NodeTestTask.execute(NodeTestTask.java:74)
	at java.base/java.util.ArrayList.forEach(ArrayList.java:1541)
	at org.junit.platform.engine.support.hierarchical.SameThreadHierarchicalTestExecutorService.invokeAll(SameThreadHierarchicalTestExecutorService.java:38)
	at org.junit.platform.engine.support.hierarchical.NodeTestTask.lambda$executeRecursively$4(NodeTestTask.java:112)
	at org.junit.platform.engine.support.hierarchical.ThrowableCollector.execute(ThrowableCollector.java:72)
	at org.junit.platform.engine.support.hierarchical.NodeTestTask.executeRecursively(NodeTestTask.java:98)
	at org.junit.platform.engine.support.hierarchical.NodeTestTask.execute(NodeTestTask.java:74)
	at java.base/java.util.ArrayList.forEach(ArrayList.java:1541)
	at org.junit.platform.engine.support.hierarchical.SameThreadHierarchicalTestExecutorService.invokeAll(SameThreadHierarchicalTestExecutorService.java:38)
	at org.junit.platform.engine.support.hierarchical.NodeTestTask.lambda$executeRecursively$4(NodeTestTask.java:112)
	at org.junit.platform.engine.support.hierarchical.ThrowableCollector.execute(ThrowableCollector.java:72)
	at org.junit.platform.engine.support.hierarchical.NodeTestTask.executeRecursively(NodeTestTask.java:98)
	at org.junit.platform.engine.support.hierarchical.NodeTestTask.execute(NodeTestTask.java:74)
	at org.junit.platform.engine.support.hierarchical.SameThreadHierarchicalTestExecutorService.submit(SameThreadHierarchicalTestExecutorService.java:32)
	at org.junit.platform.engine.support.hierarchical.HierarchicalTestExecutor.execute(HierarchicalTestExecutor.java:57)
	at org.junit.platform.engine.support.hierarchical.HierarchicalTestEngine.execute(HierarchicalTestEngine.java:51)
	at org.junit.platform.launcher.core.DefaultLauncher.execute(DefaultLauncher.java:229)
	at org.junit.platform.launcher.core.DefaultLauncher.lambda$execute$6(DefaultLauncher.java:197)
	at org.junit.platform.launcher.core.DefaultLauncher.withInterceptedStreams(DefaultLauncher.java:211)
	at org.junit.platform.launcher.core.DefaultLauncher.execute(DefaultLauncher.java:191)
	at org.junit.platform.launcher.core.DefaultLauncher.execute(DefaultLauncher.java:128)
	at org.apache.maven.surefire.junitplatform.LazyLauncher.execute(LazyLauncher.java:56)
	at org.apache.maven.surefire.junitplatform.JUnitPlatformProvider.execute(JUnitPlatformProvider.java:184)
	at org.apache.maven.surefire.junitplatform.JUnitPlatformProvider.invokeAllTests(JUnitPlatformProvider.java:148)
	at org.apache.maven.surefire.junitplatform.JUnitPlatformProvider.invoke(JUnitPlatformProvider.java:122)
	at org.apache.maven.surefire.booter.ForkedBooter.runSuitesInProcess(ForkedBooter.java:385)
	at org.apache.maven.surefire.booter.ForkedBooter.execute(ForkedBooter.java:162)
	at org.apache.maven.surefire.booter.ForkedBooter.run(ForkedBooter.java:507)
	at org.apache.maven.surefire.booter.ForkedBooter.main(ForkedBooter.java:495)

[[1;31mERROR[m] co.streamx.fluent.JPA.util.ScopedArrayList_contains_3_3_Test.testContainsWhenElementIsInUpper -- Time elapsed: 0.001 s <<< ERROR!
java.lang.UnsupportedOperationException
	at co.streamx.fluent.JPA.util.ScopedArrayList.indexOf(ScopedArrayList.java:93)
	at java.base/java.util.ArrayList.contains(ArrayList.java:307)
	at co.streamx.fluent.JPA.util.ScopedArrayList.contains(ScopedArrayList.java:30)
	at co.streamx.fluent.JPA.util.ScopedArrayList_contains_3_3_Test.testContainsWhenElementIsInUpper(ScopedArrayList_contains_3_3_Test.java:47)
	at java.base/jdk.internal.reflect.NativeMethodAccessorImpl.invoke0(Native Method)
	at java.base/jdk.internal.reflect.NativeMethodAccessorImpl.invoke(NativeMethodAccessorImpl.java:62)
	at java.base/jdk.internal.reflect.DelegatingMethodAccessorImpl.invoke(DelegatingMethodAccessorImpl.java:43)
	at java.base/java.lang.reflect.Method.invoke(Method.java:566)
	at org.junit.platform.commons.util.ReflectionUtils.invokeMethod(ReflectionUtils.java:675)
	at org.junit.jupiter.engine.execution.ExecutableInvoker.invoke(ExecutableInvoker.java:115)
	at org.junit.jupiter.engine.descriptor.TestMethodTestDescriptor.lambda$invokeTestMethod$6(TestMethodTestDescriptor.java:171)
	at org.junit.platform.engine.support.hierarchical.ThrowableCollector.execute(ThrowableCollector.java:72)
	at org.junit.jupiter.engine.descriptor.TestMethodTestDescriptor.invokeTestMethod(TestMethodTestDescriptor.java:167)
	at org.junit.jupiter.engine.descriptor.TestMethodTestDescriptor.execute(TestMethodTestDescriptor.java:114)
	at org.junit.jupiter.engine.descriptor.TestMethodTestDescriptor.execute(TestMethodTestDescriptor.java:59)
	at org.junit.platform.engine.support.hierarchical.NodeTestTask.lambda$executeRecursively$4(NodeTestTask.java:108)
	at org.junit.platform.engine.support.hierarchical.ThrowableCollector.execute(ThrowableCollector.java:72)
	at org.junit.platform.engine.support.hierarchical.NodeTestTask.executeRecursively(NodeTestTask.java:98)
	at org.junit.platform.engine.support.hierarchical.NodeTestTask.execute(NodeTestTask.java:74)
	at java.base/java.util.ArrayList.forEach(ArrayList.java:1541)
	at org.junit.platform.engine.support.hierarchical.SameThreadHierarchicalTestExecutorService.invokeAll(SameThreadHierarchicalTestExecutorService.java:38)
	at org.junit.platform.engine.support.hierarchical.NodeTestTask.lambda$executeRecursively$4(NodeTestTask.java:112)
	at org.junit.platform.engine.support.hierarchical.ThrowableCollector.execute(ThrowableCollector.java:72)
	at org.junit.platform.engine.support.hierarchical.NodeTestTask.executeRecursively(NodeTestTask.java:98)
	at org.junit.platform.engine.support.hierarchical.NodeTestTask.execute(NodeTestTask.java:74)
	at java.base/java.util.ArrayList.forEach(ArrayList.java:1541)
	at org.junit.platform.engine.support.hierarchical.SameThreadHierarchicalTestExecutorService.invokeAll(SameThreadHierarchicalTestExecutorService.java:38)
	at org.junit.platform.engine.support.hierarchical.NodeTestTask.lambda$executeRecursively$4(NodeTestTask.java:112)
	at org.junit.platform.engine.support.hierarchical.ThrowableCollector.execute(ThrowableCollector.java:72)
	at org.junit.platform.engine.support.hierarchical.NodeTestTask.executeRecursively(NodeTestTask.java:98)
	at org.junit.platform.engine.support.hierarchical.NodeTestTask.execute(NodeTestTask.java:74)
	at org.junit.platform.engine.support.hierarchical.SameThreadHierarchicalTestExecutorService.submit(SameThreadHierarchicalTestExecutorService.java:32)
	at org.junit.platform.engine.support.hierarchical.HierarchicalTestExecutor.execute(HierarchicalTestExecutor.java:57)
	at org.junit.platform.engine.support.hierarchical.HierarchicalTestEngine.execute(HierarchicalTestEngine.java:51)
	at org.junit.platform.launcher.core.DefaultLauncher.execute(DefaultLauncher.java:229)
	at org.junit.platform.launcher.core.DefaultLauncher.lambda$execute$6(DefaultLauncher.java:197)
	at org.junit.platform.launcher.core.DefaultLauncher.withInterceptedStreams(DefaultLauncher.java:211)
	at org.junit.platform.launcher.core.DefaultLauncher.execute(DefaultLauncher.java:191)
	at org.junit.platform.launcher.core.DefaultLauncher.execute(DefaultLauncher.java:128)
	at org.apache.maven.surefire.junitplatform.LazyLauncher.execute(LazyLauncher.java:56)
	at org.apache.maven.surefire.junitplatform.JUnitPlatformProvider.execute(JUnitPlatformProvider.java:184)
	at org.apache.maven.surefire.junitplatform.JUnitPlatformProvider.invokeAllTests(JUnitPlatformProvider.java:148)
	at org.apache.maven.surefire.junitplatform.JUnitPlatformProvider.invoke(JUnitPlatformProvider.java:122)
	at org.apache.maven.surefire.booter.ForkedBooter.runSuitesInProcess(ForkedBooter.java:385)
	at org.apache.maven.surefire.booter.ForkedBooter.execute(ForkedBooter.java:162)
	at org.apache.maven.surefire.booter.ForkedBooter.run(ForkedBooter.java:507)
	at org.apache.maven.surefire.booter.ForkedBooter.main(ForkedBooter.java:495)

[[1;31mERROR[m] co.streamx.fluent.JPA.util.ScopedArrayList_contains_3_3_Test.testContainsWhenElementIsNotPresent -- Time elapsed: 0.001 s <<< ERROR!
java.lang.UnsupportedOperationException
	at co.streamx.fluent.JPA.util.ScopedArrayList.indexOf(ScopedArrayList.java:93)
	at java.base/java.util.ArrayList.contains(ArrayList.java:307)
	at co.streamx.fluent.JPA.util.ScopedArrayList.contains(ScopedArrayList.java:30)
	at co.streamx.fluent.JPA.util.ScopedArrayList_contains_3_3_Test.testContainsWhenElementIsNotPresent(ScopedArrayList_contains_3_3_Test.java:52)
	at java.base/jdk.internal.reflect.NativeMethodAccessorImpl.invoke0(Native Method)
	at java.base/jdk.internal.reflect.NativeMethodAccessorImpl.invoke(NativeMethodAccessorImpl.java:62)
	at java.base/jdk.internal.reflect.DelegatingMethodAccessorImpl.invoke(DelegatingMethodAccessorImpl.java:43)
	at java.base/java.lang.reflect.Method.invoke(Method.java:566)
	at org.junit.platform.commons.util.ReflectionUtils.invokeMethod(ReflectionUtils.java:675)
	at org.junit.jupiter.engine.execution.ExecutableInvoker.invoke(ExecutableInvoker.java:115)
	at org.junit.jupiter.engine.descriptor.TestMethodTestDescriptor.lambda$invokeTestMethod$6(TestMethodTestDescriptor.java:171)
	at org.junit.platform.engine.support.hierarchical.ThrowableCollector.execute(ThrowableCollector.java:72)
	at org.junit.jupiter.engine.descriptor.TestMethodTestDescriptor.invokeTestMethod(TestMethodTestDescriptor.java:167)
	at org.junit.jupiter.engine.descriptor.TestMethodTestDescriptor.execute(TestMethodTestDescriptor.java:114)
	at org.junit.jupiter.engine.descriptor.TestMethodTestDescriptor.execute(TestMethodTestDescriptor.java:59)
	at org.junit.platform.engine.support.hierarchical.NodeTestTask.lambda$executeRecursively$4(NodeTestTask.java:108)
	at org.junit.platform.engine.support.hierarchical.ThrowableCollector.execute(ThrowableCollector.java:72)
	at org.junit.platform.engine.support.hierarchical.NodeTestTask.executeRecursively(NodeTestTask.java:98)
	at org.junit.platform.engine.support.hierarchical.NodeTestTask.execute(NodeTestTask.java:74)
	at java.base/java.util.ArrayList.forEach(ArrayList.java:1541)
	at org.junit.platform.engine.support.hierarchical.SameThreadHierarchicalTestExecutorService.invokeAll(SameThreadHierarchicalTestExecutorService.java:38)
	at org.junit.platform.engine.support.hierarchical.NodeTestTask.lambda$executeRecursively$4(NodeTestTask.java:112)
	at org.junit.platform.engine.support.hierarchical.ThrowableCollector.execute(ThrowableCollector.java:72)
	at org.junit.platform.engine.support.hierarchical.NodeTestTask.executeRecursively(NodeTestTask.java:98)
	at org.junit.platform.engine.support.hierarchical.NodeTestTask.execute(NodeTestTask.java:74)
	at java.base/java.util.ArrayList.forEach(ArrayList.java:1541)
	at org.junit.platform.engine.support.hierarchical.SameThreadHierarchicalTestExecutorService.invokeAll(SameThreadHierarchicalTestExecutorService.java:38)
	at org.junit.platform.engine.support.hierarchical.NodeTestTask.lambda$executeRecursively$4(NodeTestTask.java:112)
	at org.junit.platform.engine.support.hierarchical.ThrowableCollector.execute(ThrowableCollector.java:72)
	at org.junit.platform.engine.support.hierarchical.NodeTestTask.executeRecursively(NodeTestTask.java:98)
	at org.junit.platform.engine.support.hierarchical.NodeTestTask.execute(NodeTestTask.java:74)
	at org.junit.platform.engine.support.hierarchical.SameThreadHierarchicalTestExecutorService.submit(SameThreadHierarchicalTestExecutorService.java:32)
	at org.junit.platform.engine.support.hierarchical.HierarchicalTestExecutor.execute(HierarchicalTestExecutor.java:57)
	at org.junit.platform.engine.support.hierarchical.HierarchicalTestEngine.execute(HierarchicalTestEngine.java:51)
	at org.junit.platform.launcher.core.DefaultLauncher.execute(DefaultLauncher.java:229)
	at org.junit.platform.launcher.core.DefaultLauncher.lambda$execute$6(DefaultLauncher.java:197)
	at org.junit.platform.launcher.core.DefaultLauncher.withInterceptedStreams(DefaultLauncher.java:211)
	at org.junit.platform.launcher.core.DefaultLauncher.execute(DefaultLauncher.java:191)
	at org.junit.platform.launcher.core.DefaultLauncher.execute(DefaultLauncher.java:128)
	at org.apache.maven.surefire.junitplatform.LazyLauncher.execute(LazyLauncher.java:56)
	at org.apache.maven.surefire.junitplatform.JUnitPlatformProvider.execute(JUnitPlatformProvider.java:184)
	at org.apache.maven.surefire.junitplatform.JUnitPlatformProvider.invokeAllTests(JUnitPlatformProvider.java:148)
	at org.apache.maven.surefire.junitplatform.JUnitPlatformProvider.invoke(JUnitPlatformProvider.java:122)
	at org.apache.maven.surefire.booter.ForkedBooter.runSuitesInProcess(ForkedBooter.java:385)
	at org.apache.maven.surefire.booter.ForkedBooter.execute(ForkedBooter.java:162)
	at org.apache.maven.surefire.booter.ForkedBooter.run(ForkedBooter.java:507)
	at org.apache.maven.surefire.booter.ForkedBooter.main(ForkedBooter.java:495)

[[1;34mINFO[m] Running co.streamx.fluent.JPA.util.[1mScopedArrayList_lastIndexOf_16_0_Test[m
[[1;34mINFO[m] [1;32mTests run: [0;1;32m1[m, Failures: 0, Errors: 0, Skipped: 0, Time elapsed: 0.002 s -- in co.streamx.fluent.JPA.util.[1mScopedArrayList_lastIndexOf_16_0_Test[m
[[1;34mINFO[m] Running co.streamx.fluent.JPA.util.[1mScopedArrayList_addAll_7_0_Test[m
[[1;31mERROR[m] [1;31mTests [0;1mrun: [0;1m1[m, [1;31mFailures: [0;1;31m1[m, Errors: 0, Skipped: 0, Time elapsed: 0.004 s[1;31m <<< FAILURE![m -- in co.streamx.fluent.JPA.util.[1mScopedArrayList_addAll_7_0_Test[m
[[1;31mERROR[m] co.streamx.fluent.JPA.util.ScopedArrayList_addAll_7_0_Test.testAddAllWithUnsupportedOperationException -- Time elapsed: 0.003 s <<< FAILURE!
org.opentest4j.AssertionFailedError: Unexpected exception type thrown ==> expected: <java.lang.UnsupportedOperationException> but was: <java.lang.reflect.InvocationTargetException>
	at org.junit.jupiter.api.AssertThrows.assertThrows(AssertThrows.java:63)
	at org.junit.jupiter.api.AssertThrows.assertThrows(AssertThrows.java:36)
	at org.junit.jupiter.api.Assertions.assertThrows(Assertions.java:1179)
	at co.streamx.fluent.JPA.util.ScopedArrayList_addAll_7_0_Test.testAddAllWithUnsupportedOperationException(ScopedArrayList_addAll_7_0_Test.java:35)
	at java.base/jdk.internal.reflect.NativeMethodAccessorImpl.invoke0(Native Method)
	at java.base/jdk.internal.reflect.NativeMethodAccessorImpl.invoke(NativeMethodAccessorImpl.java:62)
	at java.base/jdk.internal.reflect.DelegatingMethodAccessorImpl.invoke(DelegatingMethodAccessorImpl.java:43)
	at java.base/java.lang.reflect.Method.invoke(Method.java:566)
	at org.junit.platform.commons.util.ReflectionUtils.invokeMethod(ReflectionUtils.java:675)
	at org.junit.jupiter.engine.execution.ExecutableInvoker.invoke(ExecutableInvoker.java:115)
	at org.junit.jupiter.engine.descriptor.TestMethodTestDescriptor.lambda$invokeTestMethod$6(TestMethodTestDescriptor.java:171)
	at org.junit.platform.engine.support.hierarchical.ThrowableCollector.execute(ThrowableCollector.java:72)
	at org.junit.jupiter.engine.descriptor.TestMethodTestDescriptor.invokeTestMethod(TestMethodTestDescriptor.java:167)
	at org.junit.jupiter.engine.descriptor.TestMethodTestDescriptor.execute(TestMethodTestDescriptor.java:114)
	at org.junit.jupiter.engine.descriptor.TestMethodTestDescriptor.execute(TestMethodTestDescriptor.java:59)
	at org.junit.platform.engine.support.hierarchical.NodeTestTask.lambda$executeRecursively$4(NodeTestTask.java:108)
	at org.junit.platform.engine.support.hierarchical.ThrowableCollector.execute(ThrowableCollector.java:72)
	at org.junit.platform.engine.support.hierarchical.NodeTestTask.executeRecursively(NodeTestTask.java:98)
	at org.junit.platform.engine.support.hierarchical.NodeTestTask.execute(NodeTestTask.java:74)
	at java.base/java.util.ArrayList.forEach(ArrayList.java:1541)
	at org.junit.platform.engine.support.hierarchical.SameThreadHierarchicalTestExecutorService.invokeAll(SameThreadHierarchicalTestExecutorService.java:38)
	at org.junit.platform.engine.support.hierarchical.NodeTestTask.lambda$executeRecursively$4(NodeTestTask.java:112)
	at org.junit.platform.engine.support.hierarchical.ThrowableCollector.execute(ThrowableCollector.java:72)
	at org.junit.platform.engine.support.hierarchical.NodeTestTask.executeRecursively(NodeTestTask.java:98)
	at org.junit.platform.engine.support.hierarchical.NodeTestTask.execute(NodeTestTask.java:74)
	at java.base/java.util.ArrayList.forEach(ArrayList.java:1541)
	at org.junit.platform.engine.support.hierarchical.SameThreadHierarchicalTestExecutorService.invokeAll(SameThreadHierarchicalTestExecutorService.java:38)
	at org.junit.platform.engine.support.hierarchical.NodeTestTask.lambda$executeRecursively$4(NodeTestTask.java:112)
	at org.junit.platform.engine.support.hierarchical.ThrowableCollector.execute(ThrowableCollector.java:72)
	at org.junit.platform.engine.support.hierarchical.NodeTestTask.executeRecursively(NodeTestTask.java:98)
	at org.junit.platform.engine.support.hierarchical.NodeTestTask.execute(NodeTestTask.java:74)
	at org.junit.platform.engine.support.hierarchical.SameThreadHierarchicalTestExecutorService.submit(SameThreadHierarchicalTestExecutorService.java:32)
	at org.junit.platform.engine.support.hierarchical.HierarchicalTestExecutor.execute(HierarchicalTestExecutor.java:57)
	at org.junit.platform.engine.support.hierarchical.HierarchicalTestEngine.execute(HierarchicalTestEngine.java:51)
	at org.junit.platform.launcher.core.DefaultLauncher.execute(DefaultLauncher.java:229)
	at org.junit.platform.launcher.core.DefaultLauncher.lambda$execute$6(DefaultLauncher.java:197)
	at org.junit.platform.launcher.core.DefaultLauncher.withInterceptedStreams(DefaultLauncher.java:211)
	at org.junit.platform.launcher.core.DefaultLauncher.execute(DefaultLauncher.java:191)
	at org.junit.platform.launcher.core.DefaultLauncher.execute(DefaultLauncher.java:128)
	at org.apache.maven.surefire.junitplatform.LazyLauncher.execute(LazyLauncher.java:56)
	at org.apache.maven.surefire.junitplatform.JUnitPlatformProvider.execute(JUnitPlatformProvider.java:184)
	at org.apache.maven.surefire.junitplatform.JUnitPlatformProvider.invokeAllTests(JUnitPlatformProvider.java:148)
	at org.apache.maven.surefire.junitplatform.JUnitPlatformProvider.invoke(JUnitPlatformProvider.java:122)
	at org.apache.maven.surefire.booter.ForkedBooter.runSuitesInProcess(ForkedBooter.java:385)
	at org.apache.maven.surefire.booter.ForkedBooter.execute(ForkedBooter.java:162)
	at org.apache.maven.surefire.booter.ForkedBooter.run(ForkedBooter.java:507)
	at org.apache.maven.surefire.booter.ForkedBooter.main(ForkedBooter.java:495)
Caused by: java.lang.reflect.InvocationTargetException
	at java.base/jdk.internal.reflect.NativeMethodAccessorImpl.invoke0(Native Method)
	at java.base/jdk.internal.reflect.NativeMethodAccessorImpl.invoke(NativeMethodAccessorImpl.java:62)
	at java.base/jdk.internal.reflect.DelegatingMethodAccessorImpl.invoke(DelegatingMethodAccessorImpl.java:43)
	at java.base/java.lang.reflect.Method.invoke(Method.java:566)
	at co.streamx.fluent.JPA.util.ScopedArrayList_addAll_7_0_Test.lambda$testAddAllWithUnsupportedOperationException$0(ScopedArrayList_addAll_7_0_Test.java:38)
	at org.junit.jupiter.api.AssertThrows.assertThrows(AssertThrows.java:54)
	... 46 more
Caused by: java.lang.UnsupportedOperationException
	at co.streamx.fluent.JPA.util.ScopedArrayList.addAll(ScopedArrayList.java:51)
	... 52 more

[[1;34mINFO[m] Running co.streamx.fluent.JPA.util.[1mScopedArrayList_add_13_0_Test[m
[[1;31mERROR[m] [1;31mTests [0;1mrun: [0;1m1[m, [1;31mFailures: [0;1;31m1[m, Errors: 0, Skipped: 0, Time elapsed: 0.004 s[1;31m <<< FAILURE![m -- in co.streamx.fluent.JPA.util.[1mScopedArrayList_add_13_0_Test[m
[[1;31mERROR[m] co.streamx.fluent.JPA.util.ScopedArrayList_add_13_0_Test.testAddMethodThrowsUnsupportedOperationException -- Time elapsed: 0.001 s <<< FAILURE!
org.opentest4j.AssertionFailedError: Unexpected exception type thrown ==> expected: <java.lang.UnsupportedOperationException> but was: <java.lang.reflect.InvocationTargetException>
	at org.junit.jupiter.api.AssertThrows.assertThrows(AssertThrows.java:63)
	at org.junit.jupiter.api.AssertThrows.assertThrows(AssertThrows.java:36)
	at org.junit.jupiter.api.Assertions.assertThrows(Assertions.java:1179)
	at co.streamx.fluent.JPA.util.ScopedArrayList_add_13_0_Test.testAddMethodThrowsUnsupportedOperationException(ScopedArrayList_add_13_0_Test.java:35)
	at java.base/jdk.internal.reflect.NativeMethodAccessorImpl.invoke0(Native Method)
	at java.base/jdk.internal.reflect.NativeMethodAccessorImpl.invoke(NativeMethodAccessorImpl.java:62)
	at java.base/jdk.internal.reflect.DelegatingMethodAccessorImpl.invoke(DelegatingMethodAccessorImpl.java:43)
	at java.base/java.lang.reflect.Method.invoke(Method.java:566)
	at org.junit.platform.commons.util.ReflectionUtils.invokeMethod(ReflectionUtils.java:675)
	at org.junit.jupiter.engine.execution.ExecutableInvoker.invoke(ExecutableInvoker.java:115)
	at org.junit.jupiter.engine.descriptor.TestMethodTestDescriptor.lambda$invokeTestMethod$6(TestMethodTestDescriptor.java:171)
	at org.junit.platform.engine.support.hierarchical.ThrowableCollector.execute(ThrowableCollector.java:72)
	at org.junit.jupiter.engine.descriptor.TestMethodTestDescriptor.invokeTestMethod(TestMethodTestDescriptor.java:167)
	at org.junit.jupiter.engine.descriptor.TestMethodTestDescriptor.execute(TestMethodTestDescriptor.java:114)
	at org.junit.jupiter.engine.descriptor.TestMethodTestDescriptor.execute(TestMethodTestDescriptor.java:59)
	at org.junit.platform.engine.support.hierarchical.NodeTestTask.lambda$executeRecursively$4(NodeTestTask.java:108)
	at org.junit.platform.engine.support.hierarchical.ThrowableCollector.execute(ThrowableCollector.java:72)
	at org.junit.platform.engine.support.hierarchical.NodeTestTask.executeRecursively(NodeTestTask.java:98)
	at org.junit.platform.engine.support.hierarchical.NodeTestTask.execute(NodeTestTask.java:74)
	at java.base/java.util.ArrayList.forEach(ArrayList.java:1541)
	at org.junit.platform.engine.support.hierarchical.SameThreadHierarchicalTestExecutorService.invokeAll(SameThreadHierarchicalTestExecutorService.java:38)
	at org.junit.platform.engine.support.hierarchical.NodeTestTask.lambda$executeRecursively$4(NodeTestTask.java:112)
	at org.junit.platform.engine.support.hierarchical.ThrowableCollector.execute(ThrowableCollector.java:72)
	at org.junit.platform.engine.support.hierarchical.NodeTestTask.executeRecursively(NodeTestTask.java:98)
	at org.junit.platform.engine.support.hierarchical.NodeTestTask.execute(NodeTestTask.java:74)
	at java.base/java.util.ArrayList.forEach(ArrayList.java:1541)
	at org.junit.platform.engine.support.hierarchical.SameThreadHierarchicalTestExecutorService.invokeAll(SameThreadHierarchicalTestExecutorService.java:38)
	at org.junit.platform.engine.support.hierarchical.NodeTestTask.lambda$executeRecursively$4(NodeTestTask.java:112)
	at org.junit.platform.engine.support.hierarchical.ThrowableCollector.execute(ThrowableCollector.java:72)
	at org.junit.platform.engine.support.hierarchical.NodeTestTask.executeRecursively(NodeTestTask.java:98)
	at org.junit.platform.engine.support.hierarchical.NodeTestTask.execute(NodeTestTask.java:74)
	at org.junit.platform.engine.support.hierarchical.SameThreadHierarchicalTestExecutorService.submit(SameThreadHierarchicalTestExecutorService.java:32)
	at org.junit.platform.engine.support.hierarchical.HierarchicalTestExecutor.execute(HierarchicalTestExecutor.java:57)
	at org.junit.platform.engine.support.hierarchical.HierarchicalTestEngine.execute(HierarchicalTestEngine.java:51)
	at org.junit.platform.launcher.core.DefaultLauncher.execute(DefaultLauncher.java:229)
	at org.junit.platform.launcher.core.DefaultLauncher.lambda$execute$6(DefaultLauncher.java:197)
	at org.junit.platform.launcher.core.DefaultLauncher.withInterceptedStreams(DefaultLauncher.java:211)
	at org.junit.platform.launcher.core.DefaultLauncher.execute(DefaultLauncher.java:191)
	at org.junit.platform.launcher.core.DefaultLauncher.execute(DefaultLauncher.java:128)
	at org.apache.maven.surefire.junitplatform.LazyLauncher.execute(LazyLauncher.java:56)
	at org.apache.maven.surefire.junitplatform.JUnitPlatformProvider.execute(JUnitPlatformProvider.java:184)
	at org.apache.maven.surefire.junitplatform.JUnitPlatformProvider.invokeAllTests(JUnitPlatformProvider.java:148)
	at org.apache.maven.surefire.junitplatform.JUnitPlatformProvider.invoke(JUnitPlatformProvider.java:122)
	at org.apache.maven.surefire.booter.ForkedBooter.runSuitesInProcess(ForkedBooter.java:385)
	at org.apache.maven.surefire.booter.ForkedBooter.execute(ForkedBooter.java:162)
	at org.apache.maven.surefire.booter.ForkedBooter.run(ForkedBooter.java:507)
	at org.apache.maven.surefire.booter.ForkedBooter.main(ForkedBooter.java:495)
Caused by: java.lang.reflect.InvocationTargetException
	at java.base/jdk.internal.reflect.NativeMethodAccessorImpl.invoke0(Native Method)
	at java.base/jdk.internal.reflect.NativeMethodAccessorImpl.invoke(NativeMethodAccessorImpl.java:62)
	at java.base/jdk.internal.reflect.DelegatingMethodAccessorImpl.invoke(DelegatingMethodAccessorImpl.java:43)
	at java.base/java.lang.reflect.Method.invoke(Method.java:566)
	at co.streamx.fluent.JPA.util.ScopedArrayList_add_13_0_Test.lambda$testAddMethodThrowsUnsupportedOperationException$0(ScopedArrayList_add_13_0_Test.java:36)
	at org.junit.jupiter.api.AssertThrows.assertThrows(AssertThrows.java:54)
	... 46 more
Caused by: java.lang.UnsupportedOperationException
	at co.streamx.fluent.JPA.util.ScopedArrayList.add(ScopedArrayList.java:83)
	... 52 more

[[1;34mINFO[m] 
[[1;34mINFO[m] Results:
[[1;34mINFO[m] 
[[1;31mERROR[m] [1;31mFailures: [m
[[1;31mERROR[m] [1;31m  ScopedArrayList_addAll_7_0_Test.testAddAllWithUnsupportedOperationException:35 Unexpected exception type thrown ==> expected: <java.lang.UnsupportedOperationException> but was: <java.lang.reflect.InvocationTargetException>[m
[[1;31mERROR[m] [1;31m  ScopedArrayList_add_13_0_Test.testAddMethodThrowsUnsupportedOperationException:35 Unexpected exception type thrown ==> expected: <java.lang.UnsupportedOperationException> but was: <java.lang.reflect.InvocationTargetException>[m
[[1;31mERROR[m] [1;31m  ScopedArrayList_clear_10_0_Test.testClearThrowsUnsupportedOperationException:30 Unexpected exception type thrown ==> expected: <java.lang.UnsupportedOperationException> but was: <java.lang.reflect.InvocationTargetException>[m
[[1;31mERROR[m] [1;31m  ScopedArrayList_get_11_0_Test.testGetMethodThrowsUnsupportedOperationException:32 Unexpected exception type thrown ==> expected: <java.lang.UnsupportedOperationException> but was: <java.lang.reflect.InvocationTargetException>[m
[[1;31mERROR[m] [1;31m  ScopedArrayList_indexOf_15_0_Test.testIndexOfThrowsUnsupportedOperationException:32 Unexpected exception type thrown ==> expected: <java.lang.UnsupportedOperationException> but was: <java.lang.reflect.InvocationTargetException>[m
[[1;31mERROR[m] [1;31m  ScopedArrayList_removeAll_8_0_Test.testRemoveAllThrowsUnsupportedOperationException:31 Unexpected exception type thrown ==> expected: <java.lang.UnsupportedOperationException> but was: <java.lang.reflect.InvocationTargetException>[m
[[1;31mERROR[m] [1;31m  ScopedArrayList_remove_14_0_Test.testRemoveByIndex:35 Unexpected exception type thrown ==> expected: <java.lang.UnsupportedOperationException> but was: <java.lang.reflect.InvocationTargetException>[m
[[1;31mERROR[m] [1;31m  ScopedArrayList_remove_4_0_Test.testRemove:24 Unexpected exception type thrown ==> expected: <java.lang.UnsupportedOperationException> but was: <java.lang.reflect.InvocationTargetException>[m
[[1;31mERROR[m] [1;31m  ScopedArrayList_retainAll_9_0_Test.testRetainAllThrowsUnsupportedOperationException:34 Unexpected exception type thrown ==> expected: <java.lang.UnsupportedOperationException> but was: <java.lang.reflect.InvocationTargetException>[m
[[1;31mERROR[m] [1;31mErrors: [m
[[1;31mERROR[m] [1;31m  ScopedArrayList_contains_3_0_Test.testContainsInSuper:40 » UnsupportedOperation[m
[[1;31mERROR[m] [1;31m  ScopedArrayList_contains_3_0_Test.testContainsInUpper:46 » UnsupportedOperation[m
[[1;31mERROR[m] [1;31m  ScopedArrayList_contains_3_0_Test.testDoesNotContain:52 » UnsupportedOperation[m
[[1;31mERROR[m] [1;31m  ScopedArrayList_contains_3_1_Test.testContains_ObjectInUpperList:37 » UnsupportedOperation[m
[[1;31mERROR[m] [1;31m  ScopedArrayList_contains_3_1_Test.testContains_ObjectNotInAnyList:43 » UnsupportedOperation[m
[[1;31mERROR[m] [1;31m  ScopedArrayList_contains_3_2_Test.testContainsElementInSuper:37 » UnsupportedOperation[m
[[1;31mERROR[m] [1;31m  ScopedArrayList_contains_3_2_Test.testContainsElementInUpper:43 » UnsupportedOperation[m
[[1;31mERROR[m] [1;31m  ScopedArrayList_contains_3_3_Test.testContainsWhenElementIsInSuper:41 » UnsupportedOperation[m
[[1;31mERROR[m] [1;31m  ScopedArrayList_contains_3_3_Test.testContainsWhenElementIsInUpper:47 » UnsupportedOperation[m
[[1;31mERROR[m] [1;31m  ScopedArrayList_contains_3_3_Test.testContainsWhenElementIsNotPresent:52 » UnsupportedOperation[m
[[1;31mERROR[m] [1;31m  ScopedArrayList_contains_3_4_Test.testContains_ElementInSuperList:56 » UnsupportedOperation[m
[[1;31mERROR[m] [1;31m  ScopedArrayList_contains_3_4_Test.testContains_ElementInUpperList:46 » UnsupportedOperation[m
[[1;31mERROR[m] [1;31m  ScopedArrayList_contains_3_4_Test.testContains_ElementNotPresent:51 » UnsupportedOperation[m
[[1;34mINFO[m] 
[[1;31mERROR[m] [1;31mTests run: 28, Failures: 9, Errors: 13, Skipped: 0[m
[[1;34mINFO[m] 
[[1;34mINFO[m] [1m------------------------------------------------------------------------[m
[[1;34mINFO[m] [1;31mBUILD FAILURE[m
[[1;34mINFO[m] [1m------------------------------------------------------------------------[m
[[1;34mINFO[m] Total time:  9.028 s
[[1;34mINFO[m] Finished at: 2026-07-11T00:50:28Z
[[1;34mINFO[m] [1m------------------------------------------------------------------------[m
[[1;31mERROR[m] Failed to execute goal [32morg.apache.maven.plugins:maven-surefire-plugin:3.2.5:test[m [1m(default-test)[m on project [36mfluent-jpa[m: [1;31mThere are test failures.[m
[[1;31mERROR[m] [1;31m[m
[[1;31mERROR[m] [1;31mPlease refer to /home/dev4nshik/srse-java/FluentJPA=.=4faabd6.dir/FluentJPA=.=4faabd6/Flaky/target/surefire-reports for the individual test results.[m
[[1;31mERROR[m] [1;31mPlease refer to dump files (if any exist) [date].dump, [date]-jvmRun[N].dump and [date].dumpstream.[m
[[1;31mERROR[m] -> [1m[Help 1][m
[[1;31mERROR[m] 
[[1;31mERROR[m] To see the full stack trace of the errors, re-run Maven with the [1m-e[m switch.
[[1;31mERROR[m] Re-run Maven using the [1m-X[m switch to enable full debug logging.
[[1;31mERROR[m] 
[[1;31mERROR[m] For more information about the errors and possible solutions, please read the following articles:
[[1;31mERROR[m] [1m[Help 1][m http://cwiki.apache.org/confluence/display/MAVEN/MojoFailureException
