[[1;34mINFO[m] Scanning for projects...
[[1;34mINFO[m] Inspecting build with total of 1 modules...
[[1;34mINFO[m] Installing Nexus Staging features:
[[1;34mINFO[m]   ... total of 1 executions of maven-deploy-plugin replaced with nexus-staging-maven-plugin
[[1;34mINFO[m] 
[[1;34mINFO[m] [1m--------------------< [0;36mco.streamx.fluent:fluent-jpa[0;1m >--------------------[m
[[1;34mINFO[m] [1mBuilding Java Fluent JPA 1.2.2-SNAPSHOT[m
[[1;34mINFO[m]   from pom.xml
[[1;34mINFO[m] [1m--------------------------------[ jar ]---------------------------------[m
[[1;34mINFO[m] 
[[1;34mINFO[m] [1m--- [0;32mresources:3.3.1:resources[m [1m(default-resources)[m @ [36mfluent-jpa[0;1m ---[m
[[1;34mINFO[m] Copying 3 resources from src/main/resources to target/classes
[[1;34mINFO[m] 
[[1;34mINFO[m] [1m--- [0;32mcompiler:3.8.1:compile[m [1m(default-compile)[m @ [36mfluent-jpa[0;1m ---[m
[[1;34mINFO[m] Changes detected - recompiling the module!
[[1;34mINFO[m] Compiling 28 source files to /home/dev4nshik/srse-java/FluentJPA=.=4faabd6.dir/FluentJPA=.=4faabd6/Flaky/target/classes
[[1;34mINFO[m] /home/dev4nshik/srse-java/FluentJPA=.=4faabd6.dir/FluentJPA=.=4faabd6/Flaky/src/main/java/co/streamx/fluent/JPA/FluentQueryImpl.java: Some input files use or override a deprecated API.
[[1;34mINFO[m] /home/dev4nshik/srse-java/FluentJPA=.=4faabd6.dir/FluentJPA=.=4faabd6/Flaky/src/main/java/co/streamx/fluent/JPA/FluentQueryImpl.java: Recompile with -Xlint:deprecation for details.
[[1;34mINFO[m] 
[[1;34mINFO[m] [1m--- [0;32mresources:3.3.1:testResources[m [1m(default-testResources)[m @ [36mfluent-jpa[0;1m ---[m
[[1;34mINFO[m] Copying 12 resources from src/test/resources to target/test-classes
[[1;34mINFO[m] 
[[1;34mINFO[m] [1m--- [0;32mcompiler:3.8.1:testCompile[m [1m(default-testCompile)[m @ [36mfluent-jpa[0;1m ---[m
[[1;34mINFO[m] Changes detected - recompiling the module!
[[1;34mINFO[m] Compiling 12 source files to /home/dev4nshik/srse-java/FluentJPA=.=4faabd6.dir/FluentJPA=.=4faabd6/Flaky/target/test-classes
[[1;34mINFO[m] /home/dev4nshik/srse-java/FluentJPA=.=4faabd6.dir/FluentJPA=.=4faabd6/Flaky/src/test/java/co/streamx/fluent/JPA/util/ScopedHashMap_getOrDefault_5_0_Test.java: Some input files use unchecked or unsafe operations.
[[1;34mINFO[m] /home/dev4nshik/srse-java/FluentJPA=.=4faabd6.dir/FluentJPA=.=4faabd6/Flaky/src/test/java/co/streamx/fluent/JPA/util/ScopedHashMap_getOrDefault_5_0_Test.java: Recompile with -Xlint:unchecked for details.
[[1;34mINFO[m] 
[[1;34mINFO[m] [1m--- [0;32msurefire:3.2.5:test[m [1m(default-test)[m @ [36mfluent-jpa[0;1m ---[m
[[1;34mINFO[m] Using configured provider org.apache.maven.surefire.junitplatform.JUnitPlatformProvider
[[1;34mINFO[m] 
[[1;34mINFO[m] -------------------------------------------------------
[[1;34mINFO[m]  T E S T S
[[1;34mINFO[m] -------------------------------------------------------
[[1;34mINFO[m] Running co.streamx.fluent.JPA.util.[1mScopedHashMap_entrySet_12_0_Test[m
[[1;31mERROR[m] [1;31mTests [0;1mrun: [0;1m1[m, [1;31mFailures: [0;1;31m1[m, Errors: 0, Skipped: 0, Time elapsed: 0.092 s[1;31m <<< FAILURE![m -- in co.streamx.fluent.JPA.util.[1mScopedHashMap_entrySet_12_0_Test[m
[[1;31mERROR[m] co.streamx.fluent.JPA.util.ScopedHashMap_entrySet_12_0_Test.testEntrySet -- Time elapsed: 0.021 s <<< FAILURE!
org.opentest4j.AssertionFailedError: Unexpected exception type thrown ==> expected: <java.lang.UnsupportedOperationException> but was: <java.lang.reflect.InvocationTargetException>
	at org.junit.jupiter.api.AssertThrows.assertThrows(AssertThrows.java:63)
	at org.junit.jupiter.api.AssertThrows.assertThrows(AssertThrows.java:36)
	at org.junit.jupiter.api.Assertions.assertThrows(Assertions.java:1179)
	at co.streamx.fluent.JPA.util.ScopedHashMap_entrySet_12_0_Test.testEntrySet(ScopedHashMap_entrySet_12_0_Test.java:32)
	at java.base/jdk.internal.reflect.NativeMethodAccessorImpl.invoke0(Native Method)
	at java.base/jdk.internal.reflect.NativeMethodAccessorImpl.invoke(NativeMethodAccessorImpl.java:62)
	at java.base/jdk.internal.reflect.DelegatingMethodAccessorImpl.invoke(DelegatingMethodAccessorImpl.java:43)
	at java.base/java.lang.reflect.Method.invoke(Method.java:566)
	at org.junit.platform.commons.util.ReflectionUtils.invokeMethod(ReflectionUtils.java:675)
	at org.junit.jupiter.engine.execution.ExecutableInvoker.invoke(ExecutableInvoker.java:115)
	at org.junit.jupiter.engine.descriptor.TestMethodTestDescriptor.lambda$invokeTestMethod$6(TestMethodTestDescriptor.java:171)
	at org.junit.platform.engine.support.hierarchical.ThrowableCollector.execute(ThrowableCollector.java:72)
	at org.junit.jupiter.engine.descriptor.TestMethodTestDescriptor.invokeTestMethod(TestMethodTestDescriptor.java:167)
	at org.junit.jupiter.engine.descriptor.TestMethodTestDescriptor.execute(TestMethodTestDescriptor.java:114)
	at org.junit.jupiter.engine.descriptor.TestMethodTestDescriptor.execute(TestMethodTestDescriptor.java:59)
	at org.junit.platform.engine.support.hierarchical.NodeTestTask.lambda$executeRecursively$4(NodeTestTask.java:108)
	at org.junit.platform.engine.support.hierarchical.ThrowableCollector.execute(ThrowableCollector.java:72)
	at org.junit.platform.engine.support.hierarchical.NodeTestTask.executeRecursively(NodeTestTask.java:98)
	at org.junit.platform.engine.support.hierarchical.NodeTestTask.execute(NodeTestTask.java:74)
	at java.base/java.util.ArrayList.forEach(ArrayList.java:1541)
	at org.junit.platform.engine.support.hierarchical.SameThreadHierarchicalTestExecutorService.invokeAll(SameThreadHierarchicalTestExecutorService.java:38)
	at org.junit.platform.engine.support.hierarchical.NodeTestTask.lambda$executeRecursively$4(NodeTestTask.java:112)
	at org.junit.platform.engine.support.hierarchical.ThrowableCollector.execute(ThrowableCollector.java:72)
	at org.junit.platform.engine.support.hierarchical.NodeTestTask.executeRecursively(NodeTestTask.java:98)
	at org.junit.platform.engine.support.hierarchical.NodeTestTask.execute(NodeTestTask.java:74)
	at java.base/java.util.ArrayList.forEach(ArrayList.java:1541)
	at org.junit.platform.engine.support.hierarchical.SameThreadHierarchicalTestExecutorService.invokeAll(SameThreadHierarchicalTestExecutorService.java:38)
	at org.junit.platform.engine.support.hierarchical.NodeTestTask.lambda$executeRecursively$4(NodeTestTask.java:112)
	at org.junit.platform.engine.support.hierarchical.ThrowableCollector.execute(ThrowableCollector.java:72)
	at org.junit.platform.engine.support.hierarchical.NodeTestTask.executeRecursively(NodeTestTask.java:98)
	at org.junit.platform.engine.support.hierarchical.NodeTestTask.execute(NodeTestTask.java:74)
	at org.junit.platform.engine.support.hierarchical.SameThreadHierarchicalTestExecutorService.submit(SameThreadHierarchicalTestExecutorService.java:32)
	at org.junit.platform.engine.support.hierarchical.HierarchicalTestExecutor.execute(HierarchicalTestExecutor.java:57)
	at org.junit.platform.engine.support.hierarchical.HierarchicalTestEngine.execute(HierarchicalTestEngine.java:51)
	at org.junit.platform.launcher.core.DefaultLauncher.execute(DefaultLauncher.java:229)
	at org.junit.platform.launcher.core.DefaultLauncher.lambda$execute$6(DefaultLauncher.java:197)
	at org.junit.platform.launcher.core.DefaultLauncher.withInterceptedStreams(DefaultLauncher.java:211)
	at org.junit.platform.launcher.core.DefaultLauncher.execute(DefaultLauncher.java:191)
	at org.junit.platform.launcher.core.DefaultLauncher.execute(DefaultLauncher.java:128)
	at org.apache.maven.surefire.junitplatform.LazyLauncher.execute(LazyLauncher.java:56)
	at org.apache.maven.surefire.junitplatform.JUnitPlatformProvider.execute(JUnitPlatformProvider.java:184)
	at org.apache.maven.surefire.junitplatform.JUnitPlatformProvider.invokeAllTests(JUnitPlatformProvider.java:148)
	at org.apache.maven.surefire.junitplatform.JUnitPlatformProvider.invoke(JUnitPlatformProvider.java:122)
	at org.apache.maven.surefire.booter.ForkedBooter.runSuitesInProcess(ForkedBooter.java:385)
	at org.apache.maven.surefire.booter.ForkedBooter.execute(ForkedBooter.java:162)
	at org.apache.maven.surefire.booter.ForkedBooter.run(ForkedBooter.java:507)
	at org.apache.maven.surefire.booter.ForkedBooter.main(ForkedBooter.java:495)
Caused by: java.lang.reflect.InvocationTargetException
	at java.base/jdk.internal.reflect.NativeMethodAccessorImpl.invoke0(Native Method)
	at java.base/jdk.internal.reflect.NativeMethodAccessorImpl.invoke(NativeMethodAccessorImpl.java:62)
	at java.base/jdk.internal.reflect.DelegatingMethodAccessorImpl.invoke(DelegatingMethodAccessorImpl.java:43)
	at java.base/java.lang.reflect.Method.invoke(Method.java:566)
	at co.streamx.fluent.JPA.util.ScopedHashMap_entrySet_12_0_Test.lambda$testEntrySet$0(ScopedHashMap_entrySet_12_0_Test.java:33)
	at org.junit.jupiter.api.AssertThrows.assertThrows(AssertThrows.java:54)
	... 46 more
Caused by: java.lang.UnsupportedOperationException
	at co.streamx.fluent.JPA.util.ScopedHashMap.entrySet(ScopedHashMap.java:120)
	... 52 more

[[1;34mINFO[m] Running co.streamx.fluent.JPA.util.[1mScopedHashMap_size_2_0_Test[m
[[1;34mINFO[m] [1;32mTests run: [0;1;32m2[m, Failures: 0, Errors: 0, Skipped: 0, Time elapsed: 0.015 s -- in co.streamx.fluent.JPA.util.[1mScopedHashMap_size_2_0_Test[m
[[1;34mINFO[m] Running co.streamx.fluent.JPA.util.[1mScopedHashMap_containsValue_1_0_Test[m
[[1;34mINFO[m] [1;32mTests run: [0;1;32m1[m, Failures: 0, Errors: 0, Skipped: 0, Time elapsed: 0.006 s -- in co.streamx.fluent.JPA.util.[1mScopedHashMap_containsValue_1_0_Test[m
[[1;34mINFO[m] Running co.streamx.fluent.JPA.util.[1mScopedHashMap_keySet_10_0_Test[m
[[1;31mERROR[m] [1;31mTests [0;1mrun: [0;1m1[m, [1;31mFailures: [0;1;31m1[m, Errors: 0, Skipped: 0, Time elapsed: 0.006 s[1;31m <<< FAILURE![m -- in co.streamx.fluent.JPA.util.[1mScopedHashMap_keySet_10_0_Test[m
[[1;31mERROR[m] co.streamx.fluent.JPA.util.ScopedHashMap_keySet_10_0_Test.testKeySet -- Time elapsed: 0.003 s <<< FAILURE!
org.opentest4j.AssertionFailedError: Unexpected exception type thrown ==> expected: <java.lang.UnsupportedOperationException> but was: <java.lang.reflect.InvocationTargetException>
	at org.junit.jupiter.api.AssertThrows.assertThrows(AssertThrows.java:63)
	at org.junit.jupiter.api.AssertThrows.assertThrows(AssertThrows.java:36)
	at org.junit.jupiter.api.Assertions.assertThrows(Assertions.java:1179)
	at co.streamx.fluent.JPA.util.ScopedHashMap_keySet_10_0_Test.testKeySet(ScopedHashMap_keySet_10_0_Test.java:29)
	at java.base/jdk.internal.reflect.NativeMethodAccessorImpl.invoke0(Native Method)
	at java.base/jdk.internal.reflect.NativeMethodAccessorImpl.invoke(NativeMethodAccessorImpl.java:62)
	at java.base/jdk.internal.reflect.DelegatingMethodAccessorImpl.invoke(DelegatingMethodAccessorImpl.java:43)
	at java.base/java.lang.reflect.Method.invoke(Method.java:566)
	at org.junit.platform.commons.util.ReflectionUtils.invokeMethod(ReflectionUtils.java:675)
	at org.junit.jupiter.engine.execution.ExecutableInvoker.invoke(ExecutableInvoker.java:115)
	at org.junit.jupiter.engine.descriptor.TestMethodTestDescriptor.lambda$invokeTestMethod$6(TestMethodTestDescriptor.java:171)
	at org.junit.platform.engine.support.hierarchical.ThrowableCollector.execute(ThrowableCollector.java:72)
	at org.junit.jupiter.engine.descriptor.TestMethodTestDescriptor.invokeTestMethod(TestMethodTestDescriptor.java:167)
	at org.junit.jupiter.engine.descriptor.TestMethodTestDescriptor.execute(TestMethodTestDescriptor.java:114)
	at org.junit.jupiter.engine.descriptor.TestMethodTestDescriptor.execute(TestMethodTestDescriptor.java:59)
	at org.junit.platform.engine.support.hierarchical.NodeTestTask.lambda$executeRecursively$4(NodeTestTask.java:108)
	at org.junit.platform.engine.support.hierarchical.ThrowableCollector.execute(ThrowableCollector.java:72)
	at org.junit.platform.engine.support.hierarchical.NodeTestTask.executeRecursively(NodeTestTask.java:98)
	at org.junit.platform.engine.support.hierarchical.NodeTestTask.execute(NodeTestTask.java:74)
	at java.base/java.util.ArrayList.forEach(ArrayList.java:1541)
	at org.junit.platform.engine.support.hierarchical.SameThreadHierarchicalTestExecutorService.invokeAll(SameThreadHierarchicalTestExecutorService.java:38)
	at org.junit.platform.engine.support.hierarchical.NodeTestTask.lambda$executeRecursively$4(NodeTestTask.java:112)
	at org.junit.platform.engine.support.hierarchical.ThrowableCollector.execute(ThrowableCollector.java:72)
	at org.junit.platform.engine.support.hierarchical.NodeTestTask.executeRecursively(NodeTestTask.java:98)
	at org.junit.platform.engine.support.hierarchical.NodeTestTask.execute(NodeTestTask.java:74)
	at java.base/java.util.ArrayList.forEach(ArrayList.java:1541)
	at org.junit.platform.engine.support.hierarchical.SameThreadHierarchicalTestExecutorService.invokeAll(SameThreadHierarchicalTestExecutorService.java:38)
	at org.junit.platform.engine.support.hierarchical.NodeTestTask.lambda$executeRecursively$4(NodeTestTask.java:112)
	at org.junit.platform.engine.support.hierarchical.ThrowableCollector.execute(ThrowableCollector.java:72)
	at org.junit.platform.engine.support.hierarchical.NodeTestTask.executeRecursively(NodeTestTask.java:98)
	at org.junit.platform.engine.support.hierarchical.NodeTestTask.execute(NodeTestTask.java:74)
	at org.junit.platform.engine.support.hierarchical.SameThreadHierarchicalTestExecutorService.submit(SameThreadHierarchicalTestExecutorService.java:32)
	at org.junit.platform.engine.support.hierarchical.HierarchicalTestExecutor.execute(HierarchicalTestExecutor.java:57)
	at org.junit.platform.engine.support.hierarchical.HierarchicalTestEngine.execute(HierarchicalTestEngine.java:51)
	at org.junit.platform.launcher.core.DefaultLauncher.execute(DefaultLauncher.java:229)
	at org.junit.platform.launcher.core.DefaultLauncher.lambda$execute$6(DefaultLauncher.java:197)
	at org.junit.platform.launcher.core.DefaultLauncher.withInterceptedStreams(DefaultLauncher.java:211)
	at org.junit.platform.launcher.core.DefaultLauncher.execute(DefaultLauncher.java:191)
	at org.junit.platform.launcher.core.DefaultLauncher.execute(DefaultLauncher.java:128)
	at org.apache.maven.surefire.junitplatform.LazyLauncher.execute(LazyLauncher.java:56)
	at org.apache.maven.surefire.junitplatform.JUnitPlatformProvider.execute(JUnitPlatformProvider.java:184)
	at org.apache.maven.surefire.junitplatform.JUnitPlatformProvider.invokeAllTests(JUnitPlatformProvider.java:148)
	at org.apache.maven.surefire.junitplatform.JUnitPlatformProvider.invoke(JUnitPlatformProvider.java:122)
	at org.apache.maven.surefire.booter.ForkedBooter.runSuitesInProcess(ForkedBooter.java:385)
	at org.apache.maven.surefire.booter.ForkedBooter.execute(ForkedBooter.java:162)
	at org.apache.maven.surefire.booter.ForkedBooter.run(ForkedBooter.java:507)
	at org.apache.maven.surefire.booter.ForkedBooter.main(ForkedBooter.java:495)
Caused by: java.lang.reflect.InvocationTargetException
	at java.base/jdk.internal.reflect.NativeMethodAccessorImpl.invoke0(Native Method)
	at java.base/jdk.internal.reflect.NativeMethodAccessorImpl.invoke(NativeMethodAccessorImpl.java:62)
	at java.base/jdk.internal.reflect.DelegatingMethodAccessorImpl.invoke(DelegatingMethodAccessorImpl.java:43)
	at java.base/java.lang.reflect.Method.invoke(Method.java:566)
	at co.streamx.fluent.JPA.util.ScopedHashMap_keySet_10_0_Test.lambda$testKeySet$0(ScopedHashMap_keySet_10_0_Test.java:30)
	at org.junit.jupiter.api.AssertThrows.assertThrows(AssertThrows.java:54)
	... 46 more
Caused by: java.lang.UnsupportedOperationException
	at co.streamx.fluent.JPA.util.ScopedHashMap.keySet(ScopedHashMap.java:110)
	... 52 more

[[1;34mINFO[m] Running co.streamx.fluent.JPA.util.[1mScopedHashMap_remove_6_0_Test[m
[[1;34mINFO[m] [1;32mTests run: [0;1;32m3[m, Failures: 0, Errors: 0, Skipped: 0, Time elapsed: 0.008 s -- in co.streamx.fluent.JPA.util.[1mScopedHashMap_remove_6_0_Test[m
[[1;34mINFO[m] Running co.streamx.fluent.JPA.util.[1mScopedHashMap_values_11_0_Test[m
[[1;34mINFO[m] [1;32mTests run: [0;1;32m1[m, Failures: 0, Errors: 0, Skipped: 0, Time elapsed: 0.005 s -- in co.streamx.fluent.JPA.util.[1mScopedHashMap_values_11_0_Test[m
[[1;34mINFO[m] Running co.streamx.fluent.JPA.util.[1mScopedHashMap_equals_13_0_Test[m
[[1;31mERROR[m] [1;31mTests [0;1mrun: [0;1m1[m, Failures: 0, [1;31mErrors: [0;1;31m1[m, Skipped: 0, Time elapsed: 0.034 s[1;31m <<< FAILURE![m -- in co.streamx.fluent.JPA.util.[1mScopedHashMap_equals_13_0_Test[m
[[1;31mERROR[m] co.streamx.fluent.JPA.util.ScopedHashMap_equals_13_0_Test.testEquals -- Time elapsed: 0.013 s <<< ERROR!
java.lang.StackOverflowError
	at java.base/java.util.Objects.equals(Objects.java:77)
	at co.streamx.fluent.JPA.util.ScopedHashMap.equals(ScopedHashMap.java:125)
	at java.base/java.util.Objects.equals(Objects.java:77)
	at co.streamx.fluent.JPA.util.ScopedHashMap.equals(ScopedHashMap.java:125)
	at java.base/java.util.Objects.equals(Objects.java:77)
	at co.streamx.fluent.JPA.util.ScopedHashMap.equals(ScopedHashMap.java:125)
	at java.base/java.util.Objects.equals(Objects.java:77)
	at co.streamx.fluent.JPA.util.ScopedHashMap.equals(ScopedHashMap.java:125)
	at java.base/java.util.Objects.equals(Objects.java:77)
	at co.streamx.fluent.JPA.util.ScopedHashMap.equals(ScopedHashMap.java:125)
	at java.base/java.util.Objects.equals(Objects.java:77)
	at co.streamx.fluent.JPA.util.ScopedHashMap.equals(ScopedHashMap.java:125)
	at java.base/java.util.Objects.equals(Objects.java:77)
	at co.streamx.fluent.JPA.util.ScopedHashMap.equals(ScopedHashMap.java:125)
	at java.base/java.util.Objects.equals(Objects.java:77)
	at co.streamx.fluent.JPA.util.ScopedHashMap.equals(ScopedHashMap.java:125)
	at java.base/java.util.Objects.equals(Objects.java:77)
	at co.streamx.fluent.JPA.util.ScopedHashMap.equals(ScopedHashMap.java:125)
	at java.base/java.util.Objects.equals(Objects.java:77)
	at co.streamx.fluent.JPA.util.ScopedHashMap.equals(ScopedHashMap.java:125)
	at java.base/java.util.Objects.equals(Objects.java:77)
	at co.streamx.fluent.JPA.util.ScopedHashMap.equals(ScopedHashMap.java:125)
	at java.base/java.util.Objects.equals(Objects.java:77)
	at co.streamx.fluent.JPA.util.ScopedHashMap.equals(ScopedHashMap.java:125)
	at java.base/java.util.Objects.equals(Objects.java:77)
	at co.streamx.fluent.JPA.util.ScopedHashMap.equals(ScopedHashMap.java:125)
	at java.base/java.util.Objects.equals(Objects.java:77)
	at co.streamx.fluent.JPA.util.ScopedHashMap.equals(ScopedHashMap.java:125)
	at java.base/java.util.Objects.equals(Objects.java:77)
	at co.streamx.fluent.JPA.util.ScopedHashMap.equals(ScopedHashMap.java:125)
	at java.base/java.util.Objects.equals(Objects.java:77)
	at co.streamx.fluent.JPA.util.ScopedHashMap.equals(ScopedHashMap.java:125)
	at java.base/java.util.Objects.equals(Objects.java:77)
	at co.streamx.fluent.JPA.util.ScopedHashMap.equals(ScopedHashMap.java:125)
	at java.base/java.util.Objects.equals(Objects.java:77)
	at co.streamx.fluent.JPA.util.ScopedHashMap.equals(ScopedHashMap.java:125)
	at java.base/java.util.Objects.equals(Objects.java:77)
	at co.streamx.fluent.JPA.util.ScopedHashMap.equals(ScopedHashMap.java:125)
	at java.base/java.util.Objects.equals(Objects.java:77)
	at co.streamx.fluent.JPA.util.ScopedHashMap.equals(ScopedHashMap.java:125)
	at java.base/java.util.Objects.equals(Objects.java:77)
	at co.streamx.fluent.JPA.util.ScopedHashMap.equals(ScopedHashMap.java:125)
	at java.base/java.util.Objects.equals(Objects.java:77)
	at co.streamx.fluent.JPA.util.ScopedHashMap.equals(ScopedHashMap.java:125)
	at java.base/java.util.Objects.equals(Objects.java:77)
	at co.streamx.fluent.JPA.util.ScopedHashMap.equals(ScopedHashMap.java:125)
	at java.base/java.util.Objects.equals(Objects.java:77)
	at co.streamx.fluent.JPA.util.ScopedHashMap.equals(ScopedHashMap.java:125)
	at java.base/java.util.Objects.equals(Objects.java:77)
	at co.streamx.fluent.JPA.util.ScopedHashMap.equals(ScopedHashMap.java:125)
	at java.base/java.util.Objects.equals(Objects.java:77)
	at co.streamx.fluent.JPA.util.ScopedHashMap.equals(ScopedHashMap.java:125)
	at java.base/java.util.Objects.equals(Objects.java:77)
	at co.streamx.fluent.JPA.util.ScopedHashMap.equals(ScopedHashMap.java:125)
	at java.base/java.util.Objects.equals(Objects.java:77)
	at co.streamx.fluent.JPA.util.ScopedHashMap.equals(ScopedHashMap.java:125)
	at java.base/java.util.Objects.equals(Objects.java:77)
	at co.streamx.fluent.JPA.util.ScopedHashMap.equals(ScopedHashMap.java:125)
	at java.base/java.util.Objects.equals(Objects.java:77)
	at co.streamx.fluent.JPA.util.ScopedHashMap.equals(ScopedHashMap.java:125)
	at java.base/java.util.Objects.equals(Objects.java:77)
	at co.streamx.fluent.JPA.util.ScopedHashMap.equals(ScopedHashMap.java:125)
	at java.base/java.util.Objects.equals(Objects.java:77)
	at co.streamx.fluent.JPA.util.ScopedHashMap.equals(ScopedHashMap.java:125)
	at java.base/java.util.Objects.equals(Objects.java:77)
	at co.streamx.fluent.JPA.util.ScopedHashMap.equals(ScopedHashMap.java:125)
	at java.base/java.util.Objects.equals(Objects.java:77)
	at co.streamx.fluent.JPA.util.ScopedHashMap.equals(ScopedHashMap.java:125)
	at java.base/java.util.Objects.equals(Objects.java:77)
	at co.streamx.fluent.JPA.util.ScopedHashMap.equals(ScopedHashMap.java:125)
	at java.base/java.util.Objects.equals(Objects.java:77)
	at co.streamx.fluent.JPA.util.ScopedHashMap.equals(ScopedHashMap.java:125)
	at java.base/java.util.Objects.equals(Objects.java:77)
	at co.streamx.fluent.JPA.util.ScopedHashMap.equals(ScopedHashMap.java:125)
	at java.base/java.util.Objects.equals(Objects.java:77)
	at co.streamx.fluent.JPA.util.ScopedHashMap.equals(ScopedHashMap.java:125)
	at java.base/java.util.Objects.equals(Objects.java:77)
	at co.streamx.fluent.JPA.util.ScopedHashMap.equals(ScopedHashMap.java:125)
	at java.base/java.util.Objects.equals(Objects.java:77)
	at co.streamx.fluent.JPA.util.ScopedHashMap.equals(ScopedHashMap.java:125)
	at java.base/java.util.Objects.equals(Objects.java:77)
	at co.streamx.fluent.JPA.util.ScopedHashMap.equals(ScopedHashMap.java:125)
	at java.base/java.util.Objects.equals(Objects.java:77)
	at co.streamx.fluent.JPA.util.ScopedHashMap.equals(ScopedHashMap.java:125)
	at java.base/java.util.Objects.equals(Objects.java:77)
	at co.streamx.fluent.JPA.util.ScopedHashMap.equals(ScopedHashMap.java:125)
	at java.base/java.util.Objects.equals(Objects.java:77)
	at co.streamx.fluent.JPA.util.ScopedHashMap.equals(ScopedHashMap.java:125)
	at java.base/java.util.Objects.equals(Objects.java:77)
	at co.streamx.fluent.JPA.util.ScopedHashMap.equals(ScopedHashMap.java:125)
	at java.base/java.util.Objects.equals(Objects.java:77)
	at co.streamx.fluent.JPA.util.ScopedHashMap.equals(ScopedHashMap.java:125)
	at java.base/java.util.Objects.equals(Objects.java:77)
	at co.streamx.fluent.JPA.util.ScopedHashMap.equals(ScopedHashMap.java:125)
	at java.base/java.util.Objects.equals(Objects.java:77)
	at co.streamx.fluent.JPA.util.ScopedHashMap.equals(ScopedHashMap.java:125)
	at java.base/java.util.Objects.equals(Objects.java:77)
	at co.streamx.fluent.JPA.util.ScopedHashMap.equals(ScopedHashMap.java:125)
	at java.base/java.util.Objects.equals(Objects.java:77)
	at co.streamx.fluent.JPA.util.ScopedHashMap.equals(ScopedHashMap.java:125)
	at java.base/java.util.Objects.equals(Objects.java:77)
	at co.streamx.fluent.JPA.util.ScopedHashMap.equals(ScopedHashMap.java:125)
	at java.base/java.util.Objects.equals(Objects.java:77)
	at co.streamx.fluent.JPA.util.ScopedHashMap.equals(ScopedHashMap.java:125)
	at java.base/java.util.Objects.equals(Objects.java:77)
	at co.streamx.fluent.JPA.util.ScopedHashMap.equals(ScopedHashMap.java:125)
	at java.base/java.util.Objects.equals(Objects.java:77)
	at co.streamx.fluent.JPA.util.ScopedHashMap.equals(ScopedHashMap.java:125)
	at java.base/java.util.Objects.equals(Objects.java:77)
	at co.streamx.fluent.JPA.util.ScopedHashMap.equals(ScopedHashMap.java:125)
	at java.base/java.util.Objects.equals(Objects.java:77)
	at co.streamx.fluent.JPA.util.ScopedHashMap.equals(ScopedHashMap.java:125)
	at java.base/java.util.Objects.equals(Objects.java:77)
	at co.streamx.fluent.JPA.util.ScopedHashMap.equals(ScopedHashMap.java:125)
	at java.base/java.util.Objects.equals(Objects.java:77)
	at co.streamx.fluent.JPA.util.ScopedHashMap.equals(ScopedHashMap.java:125)
	at java.base/java.util.Objects.equals(Objects.java:77)
	at co.streamx.fluent.JPA.util.ScopedHashMap.equals(ScopedHashMap.java:125)
	at java.base/java.util.Objects.equals(Objects.java:77)
	at co.streamx.fluent.JPA.util.ScopedHashMap.equals(ScopedHashMap.java:125)
	at java.base/java.util.Objects.equals(Objects.java:77)
	at co.streamx.fluent.JPA.util.ScopedHashMap.equals(ScopedHashMap.java:125)
	at java.base/java.util.Objects.equals(Objects.java:77)
	at co.streamx.fluent.JPA.util.ScopedHashMap.equals(ScopedHashMap.java:125)
	at java.base/java.util.Objects.equals(Objects.java:77)
	at co.streamx.fluent.JPA.util.ScopedHashMap.equals(ScopedHashMap.java:125)
	at java.base/java.util.Objects.equals(Objects.java:77)
	at co.streamx.fluent.JPA.util.ScopedHashMap.equals(ScopedHashMap.java:125)
	at java.base/java.util.Objects.equals(Objects.java:77)
	at co.streamx.fluent.JPA.util.ScopedHashMap.equals(ScopedHashMap.java:125)
	at java.base/java.util.Objects.equals(Objects.java:77)
	at co.streamx.fluent.JPA.util.ScopedHashMap.equals(ScopedHashMap.java:125)
	at java.base/java.util.Objects.equals(Objects.java:77)
	at co.streamx.fluent.JPA.util.ScopedHashMap.equals(ScopedHashMap.java:125)
	at java.base/java.util.Objects.equals(Objects.java:77)
	at co.streamx.fluent.JPA.util.ScopedHashMap.equals(ScopedHashMap.java:125)
	at java.base/java.util.Objects.equals(Objects.java:77)
	at co.streamx.fluent.JPA.util.ScopedHashMap.equals(ScopedHashMap.java:125)
	at java.base/java.util.Objects.equals(Objects.java:77)
	at co.streamx.fluent.JPA.util.ScopedHashMap.equals(ScopedHashMap.java:125)
	at java.base/java.util.Objects.equals(Objects.java:77)
	at co.streamx.fluent.JPA.util.ScopedHashMap.equals(ScopedHashMap.java:125)
	at java.base/java.util.Objects.equals(Objects.java:77)
	at co.streamx.fluent.JPA.util.ScopedHashMap.equals(ScopedHashMap.java:125)
	at java.base/java.util.Objects.equals(Objects.java:77)
	at co.streamx.fluent.JPA.util.ScopedHashMap.equals(ScopedHashMap.java:125)
	at java.base/java.util.Objects.equals(Objects.java:77)
	at co.streamx.fluent.JPA.util.ScopedHashMap.equals(ScopedHashMap.java:125)
	at java.base/java.util.Objects.equals(Objects.java:77)
	at co.streamx.fluent.JPA.util.ScopedHashMap.equals(ScopedHashMap.java:125)
	at java.base/java.util.Objects.equals(Objects.java:77)
	at co.streamx.fluent.JPA.util.ScopedHashMap.equals(ScopedHashMap.java:125)
	at java.base/java.util.Objects.equals(Objects.java:77)
	at co.streamx.fluent.JPA.util.ScopedHashMap.equals(ScopedHashMap.java:125)
	at java.base/java.util.Objects.equals(Objects.java:77)
	at co.streamx.fluent.JPA.util.ScopedHashMap.equals(ScopedHashMap.java:125)
	at java.base/java.util.Objects.equals(Objects.java:77)
	at co.streamx.fluent.JPA.util.ScopedHashMap.equals(ScopedHashMap.java:125)
	at java.base/java.util.Objects.equals(Objects.java:77)
	at co.streamx.fluent.JPA.util.ScopedHashMap.equals(ScopedHashMap.java:125)
	at java.base/java.util.Objects.equals(Objects.java:77)
	at co.streamx.fluent.JPA.util.ScopedHashMap.equals(ScopedHashMap.java:125)
	at java.base/java.util.Objects.equals(Objects.java:77)
	at co.streamx.fluent.JPA.util.ScopedHashMap.equals(ScopedHashMap.java:125)
	at java.base/java.util.Objects.equals(Objects.java:77)
	at co.streamx.fluent.JPA.util.ScopedHashMap.equals(ScopedHashMap.java:125)
	at java.base/java.util.Objects.equals(Objects.java:77)
	at co.streamx.fluent.JPA.util.ScopedHashMap.equals(ScopedHashMap.java:125)
	at java.base/java.util.Objects.equals(Objects.java:77)
	at co.streamx.fluent.JPA.util.ScopedHashMap.equals(ScopedHashMap.java:125)
	at java.base/java.util.Objects.equals(Objects.java:77)
	at co.streamx.fluent.JPA.util.ScopedHashMap.equals(ScopedHashMap.java:125)
	at java.base/java.util.Objects.equals(Objects.java:77)
	at co.streamx.fluent.JPA.util.ScopedHashMap.equals(ScopedHashMap.java:125)
	at java.base/java.util.Objects.equals(Objects.java:77)
	at co.streamx.fluent.JPA.util.ScopedHashMap.equals(ScopedHashMap.java:125)
	at java.base/java.util.Objects.equals(Objects.java:77)
	at co.streamx.fluent.JPA.util.ScopedHashMap.equals(ScopedHashMap.java:125)
	at java.base/java.util.Objects.equals(Objects.java:77)
	at co.streamx.fluent.JPA.util.ScopedHashMap.equals(ScopedHashMap.java:125)
	at java.base/java.util.Objects.equals(Objects.java:77)
	at co.streamx.fluent.JPA.util.ScopedHashMap.equals(ScopedHashMap.java:125)
	at java.base/java.util.Objects.equals(Objects.java:77)
	at co.streamx.fluent.JPA.util.ScopedHashMap.equals(ScopedHashMap.java:125)
	at java.base/java.util.Objects.equals(Objects.java:77)
	at co.streamx.fluent.JPA.util.ScopedHashMap.equals(ScopedHashMap.java:125)
	at java.base/java.util.Objects.equals(Objects.java:77)
	at co.streamx.fluent.JPA.util.ScopedHashMap.equals(ScopedHashMap.java:125)
	at java.base/java.util.Objects.equals(Objects.java:77)
	at co.streamx.fluent.JPA.util.ScopedHashMap.equals(ScopedHashMap.java:125)
	at java.base/java.util.Objects.equals(Objects.java:77)
	at co.streamx.fluent.JPA.util.ScopedHashMap.equals(ScopedHashMap.java:125)
	at java.base/java.util.Objects.equals(Objects.java:77)
	at co.streamx.fluent.JPA.util.ScopedHashMap.equals(ScopedHashMap.java:125)
	at java.base/java.util.Objects.equals(Objects.java:77)
	at co.streamx.fluent.JPA.util.ScopedHashMap.equals(ScopedHashMap.java:125)
	at java.base/java.util.Objects.equals(Objects.java:77)
	at co.streamx.fluent.JPA.util.ScopedHashMap.equals(ScopedHashMap.java:125)
	at java.base/java.util.Objects.equals(Objects.java:77)
	at co.streamx.fluent.JPA.util.ScopedHashMap.equals(ScopedHashMap.java:125)
	at java.base/java.util.Objects.equals(Objects.java:77)
	at co.streamx.fluent.JPA.util.ScopedHashMap.equals(ScopedHashMap.java:125)
	at java.base/java.util.Objects.equals(Objects.java:77)
	at co.streamx.fluent.JPA.util.ScopedHashMap.equals(ScopedHashMap.java:125)
	at java.base/java.util.Objects.equals(Objects.java:77)
	at co.streamx.fluent.JPA.util.ScopedHashMap.equals(ScopedHashMap.java:125)
	at java.base/java.util.Objects.equals(Objects.java:77)
	at co.streamx.fluent.JPA.util.ScopedHashMap.equals(ScopedHashMap.java:125)
	at java.base/java.util.Objects.equals(Objects.java:77)
	at co.streamx.fluent.JPA.util.ScopedHashMap.equals(ScopedHashMap.java:125)
	at java.base/java.util.Objects.equals(Objects.java:77)
	at co.streamx.fluent.JPA.util.ScopedHashMap.equals(ScopedHashMap.java:125)
	at java.base/java.util.Objects.equals(Objects.java:77)
	at co.streamx.fluent.JPA.util.ScopedHashMap.equals(ScopedHashMap.java:125)
	at java.base/java.util.Objects.equals(Objects.java:77)
	at co.streamx.fluent.JPA.util.ScopedHashMap.equals(ScopedHashMap.java:125)
	at java.base/java.util.Objects.equals(Objects.java:77)
	at co.streamx.fluent.JPA.util.ScopedHashMap.equals(ScopedHashMap.java:125)
	at java.base/java.util.Objects.equals(Objects.java:77)
	at co.streamx.fluent.JPA.util.ScopedHashMap.equals(ScopedHashMap.java:125)
	at java.base/java.util.Objects.equals(Objects.java:77)
	at co.streamx.fluent.JPA.util.ScopedHashMap.equals(ScopedHashMap.java:125)
	at java.base/java.util.Objects.equals(Objects.java:77)
	at co.streamx.fluent.JPA.util.ScopedHashMap.equals(ScopedHashMap.java:125)
	at java.base/java.util.Objects.equals(Objects.java:77)
	at co.streamx.fluent.JPA.util.ScopedHashMap.equals(ScopedHashMap.java:125)
	at java.base/java.util.Objects.equals(Objects.java:77)
	at co.streamx.fluent.JPA.util.ScopedHashMap.equals(ScopedHashMap.java:125)
	at java.base/java.util.Objects.equals(Objects.java:77)
	at co.streamx.fluent.JPA.util.ScopedHashMap.equals(ScopedHashMap.java:125)
	at java.base/java.util.Objects.equals(Objects.java:77)
	at co.streamx.fluent.JPA.util.ScopedHashMap.equals(ScopedHashMap.java:125)
	at java.base/java.util.Objects.equals(Objects.java:77)
	at co.streamx.fluent.JPA.util.ScopedHashMap.equals(ScopedHashMap.java:125)
	at java.base/java.util.Objects.equals(Objects.java:77)
	at co.streamx.fluent.JPA.util.ScopedHashMap.equals(ScopedHashMap.java:125)
	at java.base/java.util.Objects.equals(Objects.java:77)
	at co.streamx.fluent.JPA.util.ScopedHashMap.equals(ScopedHashMap.java:125)
	at java.base/java.util.Objects.equals(Objects.java:77)
	at co.streamx.fluent.JPA.util.ScopedHashMap.equals(ScopedHashMap.java:125)
	at java.base/java.util.Objects.equals(Objects.java:77)
	at co.streamx.fluent.JPA.util.ScopedHashMap.equals(ScopedHashMap.java:125)
	at java.base/java.util.Objects.equals(Objects.java:77)
	at co.streamx.fluent.JPA.util.ScopedHashMap.equals(ScopedHashMap.java:125)
	at java.base/java.util.Objects.equals(Objects.java:77)
	at co.streamx.fluent.JPA.util.ScopedHashMap.equals(ScopedHashMap.java:125)
	at java.base/java.util.Objects.equals(Objects.java:77)
	at co.streamx.fluent.JPA.util.ScopedHashMap.equals(ScopedHashMap.java:125)
	at java.base/java.util.Objects.equals(Objects.java:77)
	at co.streamx.fluent.JPA.util.ScopedHashMap.equals(ScopedHashMap.java:125)
	at java.base/java.util.Objects.equals(Objects.java:77)
	at co.streamx.fluent.JPA.util.ScopedHashMap.equals(ScopedHashMap.java:125)
	at java.base/java.util.Objects.equals(Objects.java:77)
	at co.streamx.fluent.JPA.util.ScopedHashMap.equals(ScopedHashMap.java:125)
	at java.base/java.util.Objects.equals(Objects.java:77)
	at co.streamx.fluent.JPA.util.ScopedHashMap.equals(ScopedHashMap.java:125)
	at java.base/java.util.Objects.equals(Objects.java:77)
	at co.streamx.fluent.JPA.util.ScopedHashMap.equals(ScopedHashMap.java:125)
	at java.base/java.util.Objects.equals(Objects.java:77)
	at co.streamx.fluent.JPA.util.ScopedHashMap.equals(ScopedHashMap.java:125)
	at java.base/java.util.Objects.equals(Objects.java:77)
	at co.streamx.fluent.JPA.util.ScopedHashMap.equals(ScopedHashMap.java:125)
	at java.base/java.util.Objects.equals(Objects.java:77)
	at co.streamx.fluent.JPA.util.ScopedHashMap.equals(ScopedHashMap.java:125)
	at java.base/java.util.Objects.equals(Objects.java:77)
	at co.streamx.fluent.JPA.util.ScopedHashMap.equals(ScopedHashMap.java:125)
	at java.base/java.util.Objects.equals(Objects.java:77)
	at co.streamx.fluent.JPA.util.ScopedHashMap.equals(ScopedHashMap.java:125)
	at java.base/java.util.Objects.equals(Objects.java:77)
	at co.streamx.fluent.JPA.util.ScopedHashMap.equals(ScopedHashMap.java:125)
	at java.base/java.util.Objects.equals(Objects.java:77)
	at co.streamx.fluent.JPA.util.ScopedHashMap.equals(ScopedHashMap.java:125)
	at java.base/java.util.Objects.equals(Objects.java:77)
	at co.streamx.fluent.JPA.util.ScopedHashMap.equals(ScopedHashMap.java:125)
	at java.base/java.util.Objects.equals(Objects.java:77)
	at co.streamx.fluent.JPA.util.ScopedHashMap.equals(ScopedHashMap.java:125)
	at java.base/java.util.Objects.equals(Objects.java:77)
	at co.streamx.fluent.JPA.util.ScopedHashMap.equals(ScopedHashMap.java:125)
	at java.base/java.util.Objects.equals(Objects.java:77)
	at co.streamx.fluent.JPA.util.ScopedHashMap.equals(ScopedHashMap.java:125)
	at java.base/java.util.Objects.equals(Objects.java:77)
	at co.streamx.fluent.JPA.util.ScopedHashMap.equals(ScopedHashMap.java:125)
	at java.base/java.util.Objects.equals(Objects.java:77)
	at co.streamx.fluent.JPA.util.ScopedHashMap.equals(ScopedHashMap.java:125)
	at java.base/java.util.Objects.equals(Objects.java:77)
	at co.streamx.fluent.JPA.util.ScopedHashMap.equals(ScopedHashMap.java:125)
	at java.base/java.util.Objects.equals(Objects.java:77)
	at co.streamx.fluent.JPA.util.ScopedHashMap.equals(ScopedHashMap.java:125)
	at java.base/java.util.Objects.equals(Objects.java:77)
	at co.streamx.fluent.JPA.util.ScopedHashMap.equals(ScopedHashMap.java:125)
	at java.base/java.util.Objects.equals(Objects.java:77)
	at co.streamx.fluent.JPA.util.ScopedHashMap.equals(ScopedHashMap.java:125)
	at java.base/java.util.Objects.equals(Objects.java:77)
	at co.streamx.fluent.JPA.util.ScopedHashMap.equals(ScopedHashMap.java:125)
	at java.base/java.util.Objects.equals(Objects.java:77)
	at co.streamx.fluent.JPA.util.ScopedHashMap.equals(ScopedHashMap.java:125)
	at java.base/java.util.Objects.equals(Objects.java:77)
	at co.streamx.fluent.JPA.util.ScopedHashMap.equals(ScopedHashMap.java:125)
	at java.base/java.util.Objects.equals(Objects.java:77)
	at co.streamx.fluent.JPA.util.ScopedHashMap.equals(ScopedHashMap.java:125)
	at java.base/java.util.Objects.equals(Objects.java:77)
	at co.streamx.fluent.JPA.util.ScopedHashMap.equals(ScopedHashMap.java:125)
	at java.base/java.util.Objects.equals(Objects.java:77)
	at co.streamx.fluent.JPA.util.ScopedHashMap.equals(ScopedHashMap.java:125)
	at java.base/java.util.Objects.equals(Objects.java:77)
	at co.streamx.fluent.JPA.util.ScopedHashMap.equals(ScopedHashMap.java:125)
	at java.base/java.util.Objects.equals(Objects.java:77)
	at co.streamx.fluent.JPA.util.ScopedHashMap.equals(ScopedHashMap.java:125)
	at java.base/java.util.Objects.equals(Objects.java:77)
	at co.streamx.fluent.JPA.util.ScopedHashMap.equals(ScopedHashMap.java:125)
	at java.base/java.util.Objects.equals(Objects.java:77)
	at co.streamx.fluent.JPA.util.ScopedHashMap.equals(ScopedHashMap.java:125)
	at java.base/java.util.Objects.equals(Objects.java:77)
	at co.streamx.fluent.JPA.util.ScopedHashMap.equals(ScopedHashMap.java:125)
	at java.base/java.util.Objects.equals(Objects.java:77)
	at co.streamx.fluent.JPA.util.ScopedHashMap.equals(ScopedHashMap.java:125)
	at java.base/java.util.Objects.equals(Objects.java:77)
	at co.streamx.fluent.JPA.util.ScopedHashMap.equals(ScopedHashMap.java:125)
	at java.base/java.util.Objects.equals(Objects.java:77)
	at co.streamx.fluent.JPA.util.ScopedHashMap.equals(ScopedHashMap.java:125)
	at java.base/java.util.Objects.equals(Objects.java:77)
	at co.streamx.fluent.JPA.util.ScopedHashMap.equals(ScopedHashMap.java:125)
	at java.base/java.util.Objects.equals(Objects.java:77)
	at co.streamx.fluent.JPA.util.ScopedHashMap.equals(ScopedHashMap.java:125)
	at java.base/java.util.Objects.equals(Objects.java:77)
	at co.streamx.fluent.JPA.util.ScopedHashMap.equals(ScopedHashMap.java:125)
	at java.base/java.util.Objects.equals(Objects.java:77)
	at co.streamx.fluent.JPA.util.ScopedHashMap.equals(ScopedHashMap.java:125)
	at java.base/java.util.Objects.equals(Objects.java:77)
	at co.streamx.fluent.JPA.util.ScopedHashMap.equals(ScopedHashMap.java:125)
	at java.base/java.util.Objects.equals(Objects.java:77)
	at co.streamx.fluent.JPA.util.ScopedHashMap.equals(ScopedHashMap.java:125)
	at java.base/java.util.Objects.equals(Objects.java:77)
	at co.streamx.fluent.JPA.util.ScopedHashMap.equals(ScopedHashMap.java:125)
	at java.base/java.util.Objects.equals(Objects.java:77)
	at co.streamx.fluent.JPA.util.ScopedHashMap.equals(ScopedHashMap.java:125)
	at java.base/java.util.Objects.equals(Objects.java:77)
	at co.streamx.fluent.JPA.util.ScopedHashMap.equals(ScopedHashMap.java:125)
	at java.base/java.util.Objects.equals(Objects.java:77)
	at co.streamx.fluent.JPA.util.ScopedHashMap.equals(ScopedHashMap.java:125)
	at java.base/java.util.Objects.equals(Objects.java:77)
	at co.streamx.fluent.JPA.util.ScopedHashMap.equals(ScopedHashMap.java:125)
	at java.base/java.util.Objects.equals(Objects.java:77)
	at co.streamx.fluent.JPA.util.ScopedHashMap.equals(ScopedHashMap.java:125)
	at java.base/java.util.Objects.equals(Objects.java:77)
	at co.streamx.fluent.JPA.util.ScopedHashMap.equals(ScopedHashMap.java:125)
	at java.base/java.util.Objects.equals(Objects.java:77)
	at co.streamx.fluent.JPA.util.ScopedHashMap.equals(ScopedHashMap.java:125)
	at java.base/java.util.Objects.equals(Objects.java:77)
	at co.streamx.fluent.JPA.util.ScopedHashMap.equals(ScopedHashMap.java:125)
	at java.base/java.util.Objects.equals(Objects.java:77)
	at co.streamx.fluent.JPA.util.ScopedHashMap.equals(ScopedHashMap.java:125)
	at java.base/java.util.Objects.equals(Objects.java:77)
	at co.streamx.fluent.JPA.util.ScopedHashMap.equals(ScopedHashMap.java:125)
	at java.base/java.util.Objects.equals(Objects.java:77)
	at co.streamx.fluent.JPA.util.ScopedHashMap.equals(ScopedHashMap.java:125)
	at java.base/java.util.Objects.equals(Objects.java:77)
	at co.streamx.fluent.JPA.util.ScopedHashMap.equals(ScopedHashMap.java:125)
	at java.base/java.util.Objects.equals(Objects.java:77)
	at co.streamx.fluent.JPA.util.ScopedHashMap.equals(ScopedHashMap.java:125)
	at java.base/java.util.Objects.equals(Objects.java:77)
	at co.streamx.fluent.JPA.util.ScopedHashMap.equals(ScopedHashMap.java:125)
	at java.base/java.util.Objects.equals(Objects.java:77)
	at co.streamx.fluent.JPA.util.ScopedHashMap.equals(ScopedHashMap.java:125)
	at java.base/java.util.Objects.equals(Objects.java:77)
	at co.streamx.fluent.JPA.util.ScopedHashMap.equals(ScopedHashMap.java:125)
	at java.base/java.util.Objects.equals(Objects.java:77)
	at co.streamx.fluent.JPA.util.ScopedHashMap.equals(ScopedHashMap.java:125)
	at java.base/java.util.Objects.equals(Objects.java:77)
	at co.streamx.fluent.JPA.util.ScopedHashMap.equals(ScopedHashMap.java:125)
	at java.base/java.util.Objects.equals(Objects.java:77)
	at co.streamx.fluent.JPA.util.ScopedHashMap.equals(ScopedHashMap.java:125)
	at java.base/java.util.Objects.equals(Objects.java:77)
	at co.streamx.fluent.JPA.util.ScopedHashMap.equals(ScopedHashMap.java:125)
	at java.base/java.util.Objects.equals(Objects.java:77)
	at co.streamx.fluent.JPA.util.ScopedHashMap.equals(ScopedHashMap.java:125)
	at java.base/java.util.Objects.equals(Objects.java:77)
	at co.streamx.fluent.JPA.util.ScopedHashMap.equals(ScopedHashMap.java:125)
	at java.base/java.util.Objects.equals(Objects.java:77)
	at co.streamx.fluent.JPA.util.ScopedHashMap.equals(ScopedHashMap.java:125)
	at java.base/java.util.Objects.equals(Objects.java:77)
	at co.streamx.fluent.JPA.util.ScopedHashMap.equals(ScopedHashMap.java:125)
	at java.base/java.util.Objects.equals(Objects.java:77)
	at co.streamx.fluent.JPA.util.ScopedHashMap.equals(ScopedHashMap.java:125)
	at java.base/java.util.Objects.equals(Objects.java:77)
	at co.streamx.fluent.JPA.util.ScopedHashMap.equals(ScopedHashMap.java:125)
	at java.base/java.util.Objects.equals(Objects.java:77)
	at co.streamx.fluent.JPA.util.ScopedHashMap.equals(ScopedHashMap.java:125)
	at java.base/java.util.Objects.equals(Objects.java:77)
	at co.streamx.fluent.JPA.util.ScopedHashMap.equals(ScopedHashMap.java:125)
	at java.base/java.util.Objects.equals(Objects.java:77)
	at co.streamx.fluent.JPA.util.ScopedHashMap.equals(ScopedHashMap.java:125)
	at java.base/java.util.Objects.equals(Objects.java:77)
	at co.streamx.fluent.JPA.util.ScopedHashMap.equals(ScopedHashMap.java:125)
	at java.base/java.util.Objects.equals(Objects.java:77)
	at co.streamx.fluent.JPA.util.ScopedHashMap.equals(ScopedHashMap.java:125)
	at java.base/java.util.Objects.equals(Objects.java:77)
	at co.streamx.fluent.JPA.util.ScopedHashMap.equals(ScopedHashMap.java:125)
	at java.base/java.util.Objects.equals(Objects.java:77)
	at co.streamx.fluent.JPA.util.ScopedHashMap.equals(ScopedHashMap.java:125)
	at java.base/java.util.Objects.equals(Objects.java:77)
	at co.streamx.fluent.JPA.util.ScopedHashMap.equals(ScopedHashMap.java:125)
	at java.base/java.util.Objects.equals(Objects.java:77)
	at co.streamx.fluent.JPA.util.ScopedHashMap.equals(ScopedHashMap.java:125)
	at java.base/java.util.Objects.equals(Objects.java:77)
	at co.streamx.fluent.JPA.util.ScopedHashMap.equals(ScopedHashMap.java:125)
	at java.base/java.util.Objects.equals(Objects.java:77)
	at co.streamx.fluent.JPA.util.ScopedHashMap.equals(ScopedHashMap.java:125)
	at java.base/java.util.Objects.equals(Objects.java:77)
	at co.streamx.fluent.JPA.util.ScopedHashMap.equals(ScopedHashMap.java:125)
	at java.base/java.util.Objects.equals(Objects.java:77)
	at co.streamx.fluent.JPA.util.ScopedHashMap.equals(ScopedHashMap.java:125)
	at java.base/java.util.Objects.equals(Objects.java:77)
	at co.streamx.fluent.JPA.util.ScopedHashMap.equals(ScopedHashMap.java:125)
	at java.base/java.util.Objects.equals(Objects.java:77)
	at co.streamx.fluent.JPA.util.ScopedHashMap.equals(ScopedHashMap.java:125)
	at java.base/java.util.Objects.equals(Objects.java:77)
	at co.streamx.fluent.JPA.util.ScopedHashMap.equals(ScopedHashMap.java:125)
	at java.base/java.util.Objects.equals(Objects.java:77)
	at co.streamx.fluent.JPA.util.ScopedHashMap.equals(ScopedHashMap.java:125)
	at java.base/java.util.Objects.equals(Objects.java:77)
	at co.streamx.fluent.JPA.util.ScopedHashMap.equals(ScopedHashMap.java:125)
	at java.base/java.util.Objects.equals(Objects.java:77)
	at co.streamx.fluent.JPA.util.ScopedHashMap.equals(ScopedHashMap.java:125)
	at java.base/java.util.Objects.equals(Objects.java:77)
	at co.streamx.fluent.JPA.util.ScopedHashMap.equals(ScopedHashMap.java:125)
	at java.base/java.util.Objects.equals(Objects.java:77)
	at co.streamx.fluent.JPA.util.ScopedHashMap.equals(ScopedHashMap.java:125)
	at java.base/java.util.Objects.equals(Objects.java:77)
	at co.streamx.fluent.JPA.util.ScopedHashMap.equals(ScopedHashMap.java:125)
	at java.base/java.util.Objects.equals(Objects.java:77)
	at co.streamx.fluent.JPA.util.ScopedHashMap.equals(ScopedHashMap.java:125)
	at java.base/java.util.Objects.equals(Objects.java:77)
	at co.streamx.fluent.JPA.util.ScopedHashMap.equals(ScopedHashMap.java:125)
	at java.base/java.util.Objects.equals(Objects.java:77)
	at co.streamx.fluent.JPA.util.ScopedHashMap.equals(ScopedHashMap.java:125)
	at java.base/java.util.Objects.equals(Objects.java:77)
	at co.streamx.fluent.JPA.util.ScopedHashMap.equals(ScopedHashMap.java:125)
	at java.base/java.util.Objects.equals(Objects.java:77)
	at co.streamx.fluent.JPA.util.ScopedHashMap.equals(ScopedHashMap.java:125)
	at java.base/java.util.Objects.equals(Objects.java:77)
	at co.streamx.fluent.JPA.util.ScopedHashMap.equals(ScopedHashMap.java:125)
	at java.base/java.util.Objects.equals(Objects.java:77)
	at co.streamx.fluent.JPA.util.ScopedHashMap.equals(ScopedHashMap.java:125)
	at java.base/java.util.Objects.equals(Objects.java:77)
	at co.streamx.fluent.JPA.util.ScopedHashMap.equals(ScopedHashMap.java:125)
	at java.base/java.util.Objects.equals(Objects.java:77)
	at co.streamx.fluent.JPA.util.ScopedHashMap.equals(ScopedHashMap.java:125)
	at java.base/java.util.Objects.equals(Objects.java:77)
	at co.streamx.fluent.JPA.util.ScopedHashMap.equals(ScopedHashMap.java:125)
	at java.base/java.util.Objects.equals(Objects.java:77)
	at co.streamx.fluent.JPA.util.ScopedHashMap.equals(ScopedHashMap.java:125)
	at java.base/java.util.Objects.equals(Objects.java:77)
	at co.streamx.fluent.JPA.util.ScopedHashMap.equals(ScopedHashMap.java:125)
	at java.base/java.util.Objects.equals(Objects.java:77)
	at co.streamx.fluent.JPA.util.ScopedHashMap.equals(ScopedHashMap.java:125)
	at java.base/java.util.Objects.equals(Objects.java:77)
	at co.streamx.fluent.JPA.util.ScopedHashMap.equals(ScopedHashMap.java:125)
	at java.base/java.util.Objects.equals(Objects.java:77)
	at co.streamx.fluent.JPA.util.ScopedHashMap.equals(ScopedHashMap.java:125)
	at java.base/java.util.Objects.equals(Objects.java:77)
	at co.streamx.fluent.JPA.util.ScopedHashMap.equals(ScopedHashMap.java:125)
	at java.base/java.util.Objects.equals(Objects.java:77)
	at co.streamx.fluent.JPA.util.ScopedHashMap.equals(ScopedHashMap.java:125)
	at java.base/java.util.Objects.equals(Objects.java:77)
	at co.streamx.fluent.JPA.util.ScopedHashMap.equals(ScopedHashMap.java:125)
	at java.base/java.util.Objects.equals(Objects.java:77)
	at co.streamx.fluent.JPA.util.ScopedHashMap.equals(ScopedHashMap.java:125)
	at java.base/java.util.Objects.equals(Objects.java:77)
	at co.streamx.fluent.JPA.util.ScopedHashMap.equals(ScopedHashMap.java:125)
	at java.base/java.util.Objects.equals(Objects.java:77)
	at co.streamx.fluent.JPA.util.ScopedHashMap.equals(ScopedHashMap.java:125)
	at java.base/java.util.Objects.equals(Objects.java:77)
	at co.streamx.fluent.JPA.util.ScopedHashMap.equals(ScopedHashMap.java:125)
	at java.base/java.util.Objects.equals(Objects.java:77)
	at co.streamx.fluent.JPA.util.ScopedHashMap.equals(ScopedHashMap.java:125)
	at java.base/java.util.Objects.equals(Objects.java:77)
	at co.streamx.fluent.JPA.util.ScopedHashMap.equals(ScopedHashMap.java:125)
	at java.base/java.util.Objects.equals(Objects.java:77)
	at co.streamx.fluent.JPA.util.ScopedHashMap.equals(ScopedHashMap.java:125)
	at java.base/java.util.Objects.equals(Objects.java:77)
	at co.streamx.fluent.JPA.util.ScopedHashMap.equals(ScopedHashMap.java:125)
	at java.base/java.util.Objects.equals(Objects.java:77)
	at co.streamx.fluent.JPA.util.ScopedHashMap.equals(ScopedHashMap.java:125)
	at java.base/java.util.Objects.equals(Objects.java:77)
	at co.streamx.fluent.JPA.util.ScopedHashMap.equals(ScopedHashMap.java:125)
	at java.base/java.util.Objects.equals(Objects.java:77)
	at co.streamx.fluent.JPA.util.ScopedHashMap.equals(ScopedHashMap.java:125)
	at java.base/java.util.Objects.equals(Objects.java:77)
	at co.streamx.fluent.JPA.util.ScopedHashMap.equals(ScopedHashMap.java:125)
	at java.base/java.util.Objects.equals(Objects.java:77)
	at co.streamx.fluent.JPA.util.ScopedHashMap.equals(ScopedHashMap.java:125)
	at java.base/java.util.Objects.equals(Objects.java:77)
	at co.streamx.fluent.JPA.util.ScopedHashMap.equals(ScopedHashMap.java:125)
	at java.base/java.util.Objects.equals(Objects.java:77)
	at co.streamx.fluent.JPA.util.ScopedHashMap.equals(ScopedHashMap.java:125)
	at java.base/java.util.Objects.equals(Objects.java:77)
	at co.streamx.fluent.JPA.util.ScopedHashMap.equals(ScopedHashMap.java:125)
	at java.base/java.util.Objects.equals(Objects.java:77)
	at co.streamx.fluent.JPA.util.ScopedHashMap.equals(ScopedHashMap.java:125)
	at java.base/java.util.Objects.equals(Objects.java:77)
	at co.streamx.fluent.JPA.util.ScopedHashMap.equals(ScopedHashMap.java:125)
	at java.base/java.util.Objects.equals(Objects.java:77)
	at co.streamx.fluent.JPA.util.ScopedHashMap.equals(ScopedHashMap.java:125)
	at java.base/java.util.Objects.equals(Objects.java:77)
	at co.streamx.fluent.JPA.util.ScopedHashMap.equals(ScopedHashMap.java:125)
	at java.base/java.util.Objects.equals(Objects.java:77)
	at co.streamx.fluent.JPA.util.ScopedHashMap.equals(ScopedHashMap.java:125)
	at java.base/java.util.Objects.equals(Objects.java:77)
	at co.streamx.fluent.JPA.util.ScopedHashMap.equals(ScopedHashMap.java:125)
	at java.base/java.util.Objects.equals(Objects.java:77)
	at co.streamx.fluent.JPA.util.ScopedHashMap.equals(ScopedHashMap.java:125)
	at java.base/java.util.Objects.equals(Objects.java:77)
	at co.streamx.fluent.JPA.util.ScopedHashMap.equals(ScopedHashMap.java:125)
	at java.base/java.util.Objects.equals(Objects.java:77)
	at co.streamx.fluent.JPA.util.ScopedHashMap.equals(ScopedHashMap.java:125)
	at java.base/java.util.Objects.equals(Objects.java:77)
	at co.streamx.fluent.JPA.util.ScopedHashMap.equals(ScopedHashMap.java:125)
	at java.base/java.util.Objects.equals(Objects.java:77)
	at co.streamx.fluent.JPA.util.ScopedHashMap.equals(ScopedHashMap.java:125)
	at java.base/java.util.Objects.equals(Objects.java:77)
	at co.streamx.fluent.JPA.util.ScopedHashMap.equals(ScopedHashMap.java:125)
	at java.base/java.util.Objects.equals(Objects.java:77)
	at co.streamx.fluent.JPA.util.ScopedHashMap.equals(ScopedHashMap.java:125)
	at java.base/java.util.Objects.equals(Objects.java:77)
	at co.streamx.fluent.JPA.util.ScopedHashMap.equals(ScopedHashMap.java:125)
	at java.base/java.util.Objects.equals(Objects.java:77)
	at co.streamx.fluent.JPA.util.ScopedHashMap.equals(ScopedHashMap.java:125)
	at java.base/java.util.Objects.equals(Objects.java:77)
	at co.streamx.fluent.JPA.util.ScopedHashMap.equals(ScopedHashMap.java:125)
	at java.base/java.util.Objects.equals(Objects.java:77)
	at co.streamx.fluent.JPA.util.ScopedHashMap.equals(ScopedHashMap.java:125)
	at java.base/java.util.Objects.equals(Objects.java:77)
	at co.streamx.fluent.JPA.util.ScopedHashMap.equals(ScopedHashMap.java:125)
	at java.base/java.util.Objects.equals(Objects.java:77)
	at co.streamx.fluent.JPA.util.ScopedHashMap.equals(ScopedHashMap.java:125)
	at java.base/java.util.Objects.equals(Objects.java:77)
	at co.streamx.fluent.JPA.util.ScopedHashMap.equals(ScopedHashMap.java:125)
	at java.base/java.util.Objects.equals(Objects.java:77)
	at co.streamx.fluent.JPA.util.ScopedHashMap.equals(ScopedHashMap.java:125)
	at java.base/java.util.Objects.equals(Objects.java:77)
	at co.streamx.fluent.JPA.util.ScopedHashMap.equals(ScopedHashMap.java:125)
	at java.base/java.util.Objects.equals(Objects.java:77)
	at co.streamx.fluent.JPA.util.ScopedHashMap.equals(ScopedHashMap.java:125)
	at java.base/java.util.Objects.equals(Objects.java:77)
	at co.streamx.fluent.JPA.util.ScopedHashMap.equals(ScopedHashMap.java:125)
	at java.base/java.util.Objects.equals(Objects.java:77)
	at co.streamx.fluent.JPA.util.ScopedHashMap.equals(ScopedHashMap.java:125)
	at java.base/java.util.Objects.equals(Objects.java:77)
	at co.streamx.fluent.JPA.util.ScopedHashMap.equals(ScopedHashMap.java:125)
	at java.base/java.util.Objects.equals(Objects.java:77)
	at co.streamx.fluent.JPA.util.ScopedHashMap.equals(ScopedHashMap.java:125)
	at java.base/java.util.Objects.equals(Objects.java:77)
	at co.streamx.fluent.JPA.util.ScopedHashMap.equals(ScopedHashMap.java:125)
	at java.base/java.util.Objects.equals(Objects.java:77)
	at co.streamx.fluent.JPA.util.ScopedHashMap.equals(ScopedHashMap.java:125)
	at java.base/java.util.Objects.equals(Objects.java:77)
	at co.streamx.fluent.JPA.util.ScopedHashMap.equals(ScopedHashMap.java:125)
	at java.base/java.util.Objects.equals(Objects.java:77)
	at co.streamx.fluent.JPA.util.ScopedHashMap.equals(ScopedHashMap.java:125)
	at java.base/java.util.Objects.equals(Objects.java:77)
	at co.streamx.fluent.JPA.util.ScopedHashMap.equals(ScopedHashMap.java:125)
	at java.base/java.util.Objects.equals(Objects.java:77)
	at co.streamx.fluent.JPA.util.ScopedHashMap.equals(ScopedHashMap.java:125)
	at java.base/java.util.Objects.equals(Objects.java:77)
	at co.streamx.fluent.JPA.util.ScopedHashMap.equals(ScopedHashMap.java:125)
	at java.base/java.util.Objects.equals(Objects.java:77)
	at co.streamx.fluent.JPA.util.ScopedHashMap.equals(ScopedHashMap.java:125)
	at java.base/java.util.Objects.equals(Objects.java:77)
	at co.streamx.fluent.JPA.util.ScopedHashMap.equals(ScopedHashMap.java:125)
	at java.base/java.util.Objects.equals(Objects.java:77)
	at co.streamx.fluent.JPA.util.ScopedHashMap.equals(ScopedHashMap.java:125)
	at java.base/java.util.Objects.equals(Objects.java:77)
	at co.streamx.fluent.JPA.util.ScopedHashMap.equals(ScopedHashMap.java:125)
	at java.base/java.util.Objects.equals(Objects.java:77)
	at co.streamx.fluent.JPA.util.ScopedHashMap.equals(ScopedHashMap.java:125)
	at java.base/java.util.Objects.equals(Objects.java:77)
	at co.streamx.fluent.JPA.util.ScopedHashMap.equals(ScopedHashMap.java:125)
	at java.base/java.util.Objects.equals(Objects.java:77)
	at co.streamx.fluent.JPA.util.ScopedHashMap.equals(ScopedHashMap.java:125)
	at java.base/java.util.Objects.equals(Objects.java:77)
	at co.streamx.fluent.JPA.util.ScopedHashMap.equals(ScopedHashMap.java:125)
	at java.base/java.util.Objects.equals(Objects.java:77)
	at co.streamx.fluent.JPA.util.ScopedHashMap.equals(ScopedHashMap.java:125)
	at java.base/java.util.Objects.equals(Objects.java:77)
	at co.streamx.fluent.JPA.util.ScopedHashMap.equals(ScopedHashMap.java:125)
	at java.base/java.util.Objects.equals(Objects.java:77)
	at co.streamx.fluent.JPA.util.ScopedHashMap.equals(ScopedHashMap.java:125)
	at java.base/java.util.Objects.equals(Objects.java:77)
	at co.streamx.fluent.JPA.util.ScopedHashMap.equals(ScopedHashMap.java:125)
	at java.base/java.util.Objects.equals(Objects.java:77)
	at co.streamx.fluent.JPA.util.ScopedHashMap.equals(ScopedHashMap.java:125)
	at java.base/java.util.Objects.equals(Objects.java:77)
	at co.streamx.fluent.JPA.util.ScopedHashMap.equals(ScopedHashMap.java:125)
	at java.base/java.util.Objects.equals(Objects.java:77)
	at co.streamx.fluent.JPA.util.ScopedHashMap.equals(ScopedHashMap.java:125)
	at java.base/java.util.Objects.equals(Objects.java:77)
	at co.streamx.fluent.JPA.util.ScopedHashMap.equals(ScopedHashMap.java:125)
	at java.base/java.util.Objects.equals(Objects.java:77)
	at co.streamx.fluent.JPA.util.ScopedHashMap.equals(ScopedHashMap.java:125)
	at java.base/java.util.Objects.equals(Objects.java:77)
	at co.streamx.fluent.JPA.util.ScopedHashMap.equals(ScopedHashMap.java:125)
	at java.base/java.util.Objects.equals(Objects.java:77)
	at co.streamx.fluent.JPA.util.ScopedHashMap.equals(ScopedHashMap.java:125)
	at java.base/java.util.Objects.equals(Objects.java:77)
	at co.streamx.fluent.JPA.util.ScopedHashMap.equals(ScopedHashMap.java:125)
	at java.base/java.util.Objects.equals(Objects.java:77)
	at co.streamx.fluent.JPA.util.ScopedHashMap.equals(ScopedHashMap.java:125)
	at java.base/java.util.Objects.equals(Objects.java:77)
	at co.streamx.fluent.JPA.util.ScopedHashMap.equals(ScopedHashMap.java:125)
	at java.base/java.util.Objects.equals(Objects.java:77)
	at co.streamx.fluent.JPA.util.ScopedHashMap.equals(ScopedHashMap.java:125)
	at java.base/java.util.Objects.equals(Objects.java:77)
	at co.streamx.fluent.JPA.util.ScopedHashMap.equals(ScopedHashMap.java:125)
	at java.base/java.util.Objects.equals(Objects.java:77)
	at co.streamx.fluent.JPA.util.ScopedHashMap.equals(ScopedHashMap.java:125)
	at java.base/java.util.Objects.equals(Objects.java:77)
	at co.streamx.fluent.JPA.util.ScopedHashMap.equals(ScopedHashMap.java:125)
	at java.base/java.util.Objects.equals(Objects.java:77)
	at co.streamx.fluent.JPA.util.ScopedHashMap.equals(ScopedHashMap.java:125)
	at java.base/java.util.Objects.equals(Objects.java:77)
	at co.streamx.fluent.JPA.util.ScopedHashMap.equals(ScopedHashMap.java:125)
	at java.base/java.util.Objects.equals(Objects.java:77)
	at co.streamx.fluent.JPA.util.ScopedHashMap.equals(ScopedHashMap.java:125)
	at java.base/java.util.Objects.equals(Objects.java:77)
	at co.streamx.fluent.JPA.util.ScopedHashMap.equals(ScopedHashMap.java:125)
	at java.base/java.util.Objects.equals(Objects.java:77)
	at co.streamx.fluent.JPA.util.ScopedHashMap.equals(ScopedHashMap.java:125)
	at java.base/java.util.Objects.equals(Objects.java:77)
	at co.streamx.fluent.JPA.util.ScopedHashMap.equals(ScopedHashMap.java:125)
	at java.base/java.util.Objects.equals(Objects.java:77)
	at co.streamx.fluent.JPA.util.ScopedHashMap.equals(ScopedHashMap.java:125)
	at java.base/java.util.Objects.equals(Objects.java:77)
	at co.streamx.fluent.JPA.util.ScopedHashMap.equals(ScopedHashMap.java:125)
	at java.base/java.util.Objects.equals(Objects.java:77)
	at co.streamx.fluent.JPA.util.ScopedHashMap.equals(ScopedHashMap.java:125)
	at java.base/java.util.Objects.equals(Objects.java:77)
	at co.streamx.fluent.JPA.util.ScopedHashMap.equals(ScopedHashMap.java:125)
	at java.base/java.util.Objects.equals(Objects.java:77)
	at co.streamx.fluent.JPA.util.ScopedHashMap.equals(ScopedHashMap.java:125)
	at java.base/java.util.Objects.equals(Objects.java:77)
	at co.streamx.fluent.JPA.util.ScopedHashMap.equals(ScopedHashMap.java:125)
	at java.base/java.util.Objects.equals(Objects.java:77)
	at co.streamx.fluent.JPA.util.ScopedHashMap.equals(ScopedHashMap.java:125)
	at java.base/java.util.Objects.equals(Objects.java:77)
	at co.streamx.fluent.JPA.util.ScopedHashMap.equals(ScopedHashMap.java:125)
	at java.base/java.util.Objects.equals(Objects.java:77)
	at co.streamx.fluent.JPA.util.ScopedHashMap.equals(ScopedHashMap.java:125)
	at java.base/java.util.Objects.equals(Objects.java:77)
	at co.streamx.fluent.JPA.util.ScopedHashMap.equals(ScopedHashMap.java:125)
	at java.base/java.util.Objects.equals(Objects.java:77)
	at co.streamx.fluent.JPA.util.ScopedHashMap.equals(ScopedHashMap.java:125)
	at java.base/java.util.Objects.equals(Objects.java:77)
	at co.streamx.fluent.JPA.util.ScopedHashMap.equals(ScopedHashMap.java:125)
	at java.base/java.util.Objects.equals(Objects.java:77)
	at co.streamx.fluent.JPA.util.ScopedHashMap.equals(ScopedHashMap.java:125)
	at java.base/java.util.Objects.equals(Objects.java:77)
	at co.streamx.fluent.JPA.util.ScopedHashMap.equals(ScopedHashMap.java:125)
	at java.base/java.util.Objects.equals(Objects.java:77)
	at co.streamx.fluent.JPA.util.ScopedHashMap.equals(ScopedHashMap.java:125)
	at java.base/java.util.Objects.equals(Objects.java:77)
	at co.streamx.fluent.JPA.util.ScopedHashMap.equals(ScopedHashMap.java:125)
	at java.base/java.util.Objects.equals(Objects.java:77)
	at co.streamx.fluent.JPA.util.ScopedHashMap.equals(ScopedHashMap.java:125)
	at java.base/java.util.Objects.equals(Objects.java:77)
	at co.streamx.fluent.JPA.util.ScopedHashMap.equals(ScopedHashMap.java:125)
	at java.base/java.util.Objects.equals(Objects.java:77)
	at co.streamx.fluent.JPA.util.ScopedHashMap.equals(ScopedHashMap.java:125)
	at java.base/java.util.Objects.equals(Objects.java:77)
	at co.streamx.fluent.JPA.util.ScopedHashMap.equals(ScopedHashMap.java:125)
	at java.base/java.util.Objects.equals(Objects.java:77)
	at co.streamx.fluent.JPA.util.ScopedHashMap.equals(ScopedHashMap.java:125)
	at java.base/java.util.Objects.equals(Objects.java:77)
	at co.streamx.fluent.JPA.util.ScopedHashMap.equals(ScopedHashMap.java:125)
	at java.base/java.util.Objects.equals(Objects.java:77)
	at co.streamx.fluent.JPA.util.ScopedHashMap.equals(ScopedHashMap.java:125)
	at java.base/java.util.Objects.equals(Objects.java:77)
	at co.streamx.fluent.JPA.util.ScopedHashMap.equals(ScopedHashMap.java:125)
	at java.base/java.util.Objects.equals(Objects.java:77)
	at co.streamx.fluent.JPA.util.ScopedHashMap.equals(ScopedHashMap.java:125)
	at java.base/java.util.Objects.equals(Objects.java:77)
	at co.streamx.fluent.JPA.util.ScopedHashMap.equals(ScopedHashMap.java:125)
	at java.base/java.util.Objects.equals(Objects.java:77)
	at co.streamx.fluent.JPA.util.ScopedHashMap.equals(ScopedHashMap.java:125)
	at java.base/java.util.Objects.equals(Objects.java:77)
	at co.streamx.fluent.JPA.util.ScopedHashMap.equals(ScopedHashMap.java:125)
	at java.base/java.util.Objects.equals(Objects.java:77)
	at co.streamx.fluent.JPA.util.ScopedHashMap.equals(ScopedHashMap.java:125)
	at java.base/java.util.Objects.equals(Objects.java:77)
	at co.streamx.fluent.JPA.util.ScopedHashMap.equals(ScopedHashMap.java:125)
	at java.base/java.util.Objects.equals(Objects.java:77)
	at co.streamx.fluent.JPA.util.ScopedHashMap.equals(ScopedHashMap.java:125)
	at java.base/java.util.Objects.equals(Objects.java:77)
	at co.streamx.fluent.JPA.util.ScopedHashMap.equals(ScopedHashMap.java:125)
	at java.base/java.util.Objects.equals(Objects.java:77)
	at co.streamx.fluent.JPA.util.ScopedHashMap.equals(ScopedHashMap.java:125)
	at java.base/java.util.Objects.equals(Objects.java:77)
	at co.streamx.fluent.JPA.util.ScopedHashMap.equals(ScopedHashMap.java:125)
	at java.base/java.util.Objects.equals(Objects.java:77)
	at co.streamx.fluent.JPA.util.ScopedHashMap.equals(ScopedHashMap.java:125)
	at java.base/java.util.Objects.equals(Objects.java:77)
	at co.streamx.fluent.JPA.util.ScopedHashMap.equals(ScopedHashMap.java:125)
	at java.base/java.util.Objects.equals(Objects.java:77)
	at co.streamx.fluent.JPA.util.ScopedHashMap.equals(ScopedHashMap.java:125)
	at java.base/java.util.Objects.equals(Objects.java:77)
	at co.streamx.fluent.JPA.util.ScopedHashMap.equals(ScopedHashMap.java:125)
	at java.base/java.util.Objects.equals(Objects.java:77)
	at co.streamx.fluent.JPA.util.ScopedHashMap.equals(ScopedHashMap.java:125)
	at java.base/java.util.Objects.equals(Objects.java:77)
	at co.streamx.fluent.JPA.util.ScopedHashMap.equals(ScopedHashMap.java:125)
	at java.base/java.util.Objects.equals(Objects.java:77)
	at co.streamx.fluent.JPA.util.ScopedHashMap.equals(ScopedHashMap.java:125)
	at java.base/java.util.Objects.equals(Objects.java:77)
	at co.streamx.fluent.JPA.util.ScopedHashMap.equals(ScopedHashMap.java:125)
	at java.base/java.util.Objects.equals(Objects.java:77)
	at co.streamx.fluent.JPA.util.ScopedHashMap.equals(ScopedHashMap.java:125)
	at java.base/java.util.Objects.equals(Objects.java:77)
	at co.streamx.fluent.JPA.util.ScopedHashMap.equals(ScopedHashMap.java:125)
	at java.base/java.util.Objects.equals(Objects.java:77)
	at co.streamx.fluent.JPA.util.ScopedHashMap.equals(ScopedHashMap.java:125)
	at java.base/java.util.Objects.equals(Objects.java:77)
	at co.streamx.fluent.JPA.util.ScopedHashMap.equals(ScopedHashMap.java:125)
	at java.base/java.util.Objects.equals(Objects.java:77)
	at co.streamx.fluent.JPA.util.ScopedHashMap.equals(ScopedHashMap.java:125)
	at java.base/java.util.Objects.equals(Objects.java:77)
	at co.streamx.fluent.JPA.util.ScopedHashMap.equals(ScopedHashMap.java:125)
	at java.base/java.util.Objects.equals(Objects.java:77)
	at co.streamx.fluent.JPA.util.ScopedHashMap.equals(ScopedHashMap.java:125)
	at java.base/java.util.Objects.equals(Objects.java:77)
	at co.streamx.fluent.JPA.util.ScopedHashMap.equals(ScopedHashMap.java:125)
	at java.base/java.util.Objects.equals(Objects.java:77)
	at co.streamx.fluent.JPA.util.ScopedHashMap.equals(ScopedHashMap.java:125)
	at java.base/java.util.Objects.equals(Objects.java:77)
	at co.streamx.fluent.JPA.util.ScopedHashMap.equals(ScopedHashMap.java:125)
	at java.base/java.util.Objects.equals(Objects.java:77)
	at co.streamx.fluent.JPA.util.ScopedHashMap.equals(ScopedHashMap.java:125)
	at java.base/java.util.Objects.equals(Objects.java:77)
	at co.streamx.fluent.JPA.util.ScopedHashMap.equals(ScopedHashMap.java:125)
	at java.base/java.util.Objects.equals(Objects.java:77)
	at co.streamx.fluent.JPA.util.ScopedHashMap.equals(ScopedHashMap.java:125)
	at java.base/java.util.Objects.equals(Objects.java:77)
	at co.streamx.fluent.JPA.util.ScopedHashMap.equals(ScopedHashMap.java:125)
	at java.base/java.util.Objects.equals(Objects.java:77)
	at co.streamx.fluent.JPA.util.ScopedHashMap.equals(ScopedHashMap.java:125)
	at java.base/java.util.Objects.equals(Objects.java:77)
	at co.streamx.fluent.JPA.util.ScopedHashMap.equals(ScopedHashMap.java:125)
	at java.base/java.util.Objects.equals(Objects.java:77)
	at co.streamx.fluent.JPA.util.ScopedHashMap.equals(ScopedHashMap.java:125)
	at java.base/java.util.Objects.equals(Objects.java:77)
	at co.streamx.fluent.JPA.util.ScopedHashMap.equals(ScopedHashMap.java:125)
	at java.base/java.util.Objects.equals(Objects.java:77)
	at co.streamx.fluent.JPA.util.ScopedHashMap.equals(ScopedHashMap.java:125)
	at java.base/java.util.Objects.equals(Objects.java:77)
	at co.streamx.fluent.JPA.util.ScopedHashMap.equals(ScopedHashMap.java:125)
	at java.base/java.util.Objects.equals(Objects.java:77)
	at co.streamx.fluent.JPA.util.ScopedHashMap.equals(ScopedHashMap.java:125)
	at java.base/java.util.Objects.equals(Objects.java:77)
	at co.streamx.fluent.JPA.util.ScopedHashMap.equals(ScopedHashMap.java:125)
	at java.base/java.util.Objects.equals(Objects.java:77)
	at co.streamx.fluent.JPA.util.ScopedHashMap.equals(ScopedHashMap.java:125)
	at java.base/java.util.Objects.equals(Objects.java:77)
	at co.streamx.fluent.JPA.util.ScopedHashMap.equals(ScopedHashMap.java:125)
	at java.base/java.util.Objects.equals(Objects.java:77)
	at co.streamx.fluent.JPA.util.ScopedHashMap.equals(ScopedHashMap.java:125)
	at java.base/java.util.Objects.equals(Objects.java:77)
	at co.streamx.fluent.JPA.util.ScopedHashMap.equals(ScopedHashMap.java:125)
	at java.base/java.util.Objects.equals(Objects.java:77)
	at co.streamx.fluent.JPA.util.ScopedHashMap.equals(ScopedHashMap.java:125)
	at java.base/java.util.Objects.equals(Objects.java:77)
	at co.streamx.fluent.JPA.util.ScopedHashMap.equals(ScopedHashMap.java:125)
	at java.base/java.util.Objects.equals(Objects.java:77)
	at co.streamx.fluent.JPA.util.ScopedHashMap.equals(ScopedHashMap.java:125)
	at java.base/java.util.Objects.equals(Objects.java:77)
	at co.streamx.fluent.JPA.util.ScopedHashMap.equals(ScopedHashMap.java:125)
	at java.base/java.util.Objects.equals(Objects.java:77)
	at co.streamx.fluent.JPA.util.ScopedHashMap.equals(ScopedHashMap.java:125)
	at java.base/java.util.Objects.equals(Objects.java:77)
	at co.streamx.fluent.JPA.util.ScopedHashMap.equals(ScopedHashMap.java:125)
	at java.base/java.util.Objects.equals(Objects.java:77)
	at co.streamx.fluent.JPA.util.ScopedHashMap.equals(ScopedHashMap.java:125)
	at java.base/java.util.Objects.equals(Objects.java:77)
	at co.streamx.fluent.JPA.util.ScopedHashMap.equals(ScopedHashMap.java:125)
	at java.base/java.util.Objects.equals(Objects.java:77)
	at co.streamx.fluent.JPA.util.ScopedHashMap.equals(ScopedHashMap.java:125)
	at java.base/java.util.Objects.equals(Objects.java:77)
	at co.streamx.fluent.JPA.util.ScopedHashMap.equals(ScopedHashMap.java:125)
	at java.base/java.util.Objects.equals(Objects.java:77)
	at co.streamx.fluent.JPA.util.ScopedHashMap.equals(ScopedHashMap.java:125)
	at java.base/java.util.Objects.equals(Objects.java:77)
	at co.streamx.fluent.JPA.util.ScopedHashMap.equals(ScopedHashMap.java:125)
	at java.base/java.util.Objects.equals(Objects.java:77)
	at co.streamx.fluent.JPA.util.ScopedHashMap.equals(ScopedHashMap.java:125)
	at java.base/java.util.Objects.equals(Objects.java:77)
	at co.streamx.fluent.JPA.util.ScopedHashMap.equals(ScopedHashMap.java:125)
	at java.base/java.util.Objects.equals(Objects.java:77)
	at co.streamx.fluent.JPA.util.ScopedHashMap.equals(ScopedHashMap.java:125)
	at java.base/java.util.Objects.equals(Objects.java:77)
	at co.streamx.fluent.JPA.util.ScopedHashMap.equals(ScopedHashMap.java:125)
	at java.base/java.util.Objects.equals(Objects.java:77)
	at co.streamx.fluent.JPA.util.ScopedHashMap.equals(ScopedHashMap.java:125)
	at java.base/java.util.Objects.equals(Objects.java:77)
	at co.streamx.fluent.JPA.util.ScopedHashMap.equals(ScopedHashMap.java:125)
	at java.base/java.util.Objects.equals(Objects.java:77)
	at co.streamx.fluent.JPA.util.ScopedHashMap.equals(ScopedHashMap.java:125)
	at java.base/java.util.Objects.equals(Objects.java:77)
	at co.streamx.fluent.JPA.util.ScopedHashMap.equals(ScopedHashMap.java:125)
	at java.base/java.util.Objects.equals(Objects.java:77)
	at co.streamx.fluent.JPA.util.ScopedHashMap.equals(ScopedHashMap.java:125)
	at java.base/java.util.Objects.equals(Objects.java:77)
	at co.streamx.fluent.JPA.util.ScopedHashMap.equals(ScopedHashMap.java:125)
	at java.base/java.util.Objects.equals(Objects.java:77)
	at co.streamx.fluent.JPA.util.ScopedHashMap.equals(ScopedHashMap.java:125)
	at java.base/java.util.Objects.equals(Objects.java:77)
	at co.streamx.fluent.JPA.util.ScopedHashMap.equals(ScopedHashMap.java:125)
	at java.base/java.util.Objects.equals(Objects.java:77)
	at co.streamx.fluent.JPA.util.ScopedHashMap.equals(ScopedHashMap.java:125)
	at java.base/java.util.Objects.equals(Objects.java:77)
	at co.streamx.fluent.JPA.util.ScopedHashMap.equals(ScopedHashMap.java:125)
	at java.base/java.util.Objects.equals(Objects.java:77)
	at co.streamx.fluent.JPA.util.ScopedHashMap.equals(ScopedHashMap.java:125)
	at java.base/java.util.Objects.equals(Objects.java:77)
	at co.streamx.fluent.JPA.util.ScopedHashMap.equals(ScopedHashMap.java:125)
	at java.base/java.util.Objects.equals(Objects.java:77)
	at co.streamx.fluent.JPA.util.ScopedHashMap.equals(ScopedHashMap.java:125)
	at java.base/java.util.Objects.equals(Objects.java:77)
	at co.streamx.fluent.JPA.util.ScopedHashMap.equals(ScopedHashMap.java:125)
	at java.base/java.util.Objects.equals(Objects.java:77)
	at co.streamx.fluent.JPA.util.ScopedHashMap.equals(ScopedHashMap.java:125)
	at java.base/java.util.Objects.equals(Objects.java:77)
	at co.streamx.fluent.JPA.util.ScopedHashMap.equals(ScopedHashMap.java:125)
	at java.base/java.util.Objects.equals(Objects.java:77)
	at co.streamx.fluent.JPA.util.ScopedHashMap.equals(ScopedHashMap.java:125)
	at java.base/java.util.Objects.equals(Objects.java:77)
	at co.streamx.fluent.JPA.util.ScopedHashMap.equals(ScopedHashMap.java:125)
	at java.base/java.util.Objects.equals(Objects.java:77)
	at co.streamx.fluent.JPA.util.ScopedHashMap.equals(ScopedHashMap.java:125)
	at java.base/java.util.Objects.equals(Objects.java:77)
	at co.streamx.fluent.JPA.util.ScopedHashMap.equals(ScopedHashMap.java:125)
	at java.base/java.util.Objects.equals(Objects.java:77)
	at co.streamx.fluent.JPA.util.ScopedHashMap.equals(ScopedHashMap.java:125)
	at java.base/java.util.Objects.equals(Objects.java:77)
	at co.streamx.fluent.JPA.util.ScopedHashMap.equals(ScopedHashMap.java:125)
	at java.base/java.util.Objects.equals(Objects.java:77)
	at co.streamx.fluent.JPA.util.ScopedHashMap.equals(ScopedHashMap.java:125)
	at java.base/java.util.Objects.equals(Objects.java:77)
	at co.streamx.fluent.JPA.util.ScopedHashMap.equals(ScopedHashMap.java:125)
	at java.base/java.util.Objects.equals(Objects.java:77)
	at co.streamx.fluent.JPA.util.ScopedHashMap.equals(ScopedHashMap.java:125)
	at java.base/java.util.Objects.equals(Objects.java:77)
	at co.streamx.fluent.JPA.util.ScopedHashMap.equals(ScopedHashMap.java:125)
	at java.base/java.util.Objects.equals(Objects.java:77)
	at co.streamx.fluent.JPA.util.ScopedHashMap.equals(ScopedHashMap.java:125)
	at java.base/java.util.Objects.equals(Objects.java:77)
	at co.streamx.fluent.JPA.util.ScopedHashMap.equals(ScopedHashMap.java:125)
	at java.base/java.util.Objects.equals(Objects.java:77)
	at co.streamx.fluent.JPA.util.ScopedHashMap.equals(ScopedHashMap.java:125)
	at java.base/java.util.Objects.equals(Objects.java:77)
	at co.streamx.fluent.JPA.util.ScopedHashMap.equals(ScopedHashMap.java:125)
	at java.base/java.util.Objects.equals(Objects.java:77)
	at co.streamx.fluent.JPA.util.ScopedHashMap.equals(ScopedHashMap.java:125)
	at java.base/java.util.Objects.equals(Objects.java:77)
	at co.streamx.fluent.JPA.util.ScopedHashMap.equals(ScopedHashMap.java:125)
	at java.base/java.util.Objects.equals(Objects.java:77)
	at co.streamx.fluent.JPA.util.ScopedHashMap.equals(ScopedHashMap.java:125)
	at java.base/java.util.Objects.equals(Objects.java:77)
	at co.streamx.fluent.JPA.util.ScopedHashMap.equals(ScopedHashMap.java:125)
	at java.base/java.util.Objects.equals(Objects.java:77)
	at co.streamx.fluent.JPA.util.ScopedHashMap.equals(ScopedHashMap.java:125)
	at java.base/java.util.Objects.equals(Objects.java:77)
	at co.streamx.fluent.JPA.util.ScopedHashMap.equals(ScopedHashMap.java:125)
	at java.base/java.util.Objects.equals(Objects.java:77)
	at co.streamx.fluent.JPA.util.ScopedHashMap.equals(ScopedHashMap.java:125)
	at java.base/java.util.Objects.equals(Objects.java:77)
	at co.streamx.fluent.JPA.util.ScopedHashMap.equals(ScopedHashMap.java:125)
	at java.base/java.util.Objects.equals(Objects.java:77)
	at co.streamx.fluent.JPA.util.ScopedHashMap.equals(ScopedHashMap.java:125)
	at java.base/java.util.Objects.equals(Objects.java:77)
	at co.streamx.fluent.JPA.util.ScopedHashMap.equals(ScopedHashMap.java:125)
	at java.base/java.util.Objects.equals(Objects.java:77)
	at co.streamx.fluent.JPA.util.ScopedHashMap.equals(ScopedHashMap.java:125)
	at java.base/java.util.Objects.equals(Objects.java:77)
	at co.streamx.fluent.JPA.util.ScopedHashMap.equals(ScopedHashMap.java:125)
	at java.base/java.util.Objects.equals(Objects.java:77)
	at co.streamx.fluent.JPA.util.ScopedHashMap.equals(ScopedHashMap.java:125)
	at java.base/java.util.Objects.equals(Objects.java:77)
	at co.streamx.fluent.JPA.util.ScopedHashMap.equals(ScopedHashMap.java:125)
	at java.base/java.util.Objects.equals(Objects.java:77)
	at co.streamx.fluent.JPA.util.ScopedHashMap.equals(ScopedHashMap.java:125)
	at java.base/java.util.Objects.equals(Objects.java:77)
	at co.streamx.fluent.JPA.util.ScopedHashMap.equals(ScopedHashMap.java:125)
	at java.base/java.util.Objects.equals(Objects.java:77)
	at co.streamx.fluent.JPA.util.ScopedHashMap.equals(ScopedHashMap.java:125)
	at java.base/java.util.Objects.equals(Objects.java:77)
	at co.streamx.fluent.JPA.util.ScopedHashMap.equals(ScopedHashMap.java:125)
	at java.base/java.util.Objects.equals(Objects.java:77)
	at co.streamx.fluent.JPA.util.ScopedHashMap.equals(ScopedHashMap.java:125)
	at java.base/java.util.Objects.equals(Objects.java:77)
	at co.streamx.fluent.JPA.util.ScopedHashMap.equals(ScopedHashMap.java:125)
	at java.base/java.util.Objects.equals(Objects.java:77)
	at co.streamx.fluent.JPA.util.ScopedHashMap.equals(ScopedHashMap.java:125)
	at java.base/java.util.Objects.equals(Objects.java:77)
	at co.streamx.fluent.JPA.util.ScopedHashMap.equals(ScopedHashMap.java:125)
	at java.base/java.util.Objects.equals(Objects.java:77)
	at co.streamx.fluent.JPA.util.ScopedHashMap.equals(ScopedHashMap.java:125)
	at java.base/java.util.Objects.equals(Objects.java:77)
	at co.streamx.fluent.JPA.util.ScopedHashMap.equals(ScopedHashMap.java:125)
	at java.base/java.util.Objects.equals(Objects.java:77)
	at co.streamx.fluent.JPA.util.ScopedHashMap.equals(ScopedHashMap.java:125)
	at java.base/java.util.Objects.equals(Objects.java:77)
	at co.streamx.fluent.JPA.util.ScopedHashMap.equals(ScopedHashMap.java:125)
	at java.base/java.util.Objects.equals(Objects.java:77)
	at co.streamx.fluent.JPA.util.ScopedHashMap.equals(ScopedHashMap.java:125)
	at java.base/java.util.Objects.equals(Objects.java:77)
	at co.streamx.fluent.JPA.util.ScopedHashMap.equals(ScopedHashMap.java:125)
	at java.base/java.util.Objects.equals(Objects.java:77)
	at co.streamx.fluent.JPA.util.ScopedHashMap.equals(ScopedHashMap.java:125)
	at java.base/java.util.Objects.equals(Objects.java:77)
	at co.streamx.fluent.JPA.util.ScopedHashMap.equals(ScopedHashMap.java:125)
	at java.base/java.util.Objects.equals(Objects.java:77)
	at co.streamx.fluent.JPA.util.ScopedHashMap.equals(ScopedHashMap.java:125)
	at java.base/java.util.Objects.equals(Objects.java:77)
	at co.streamx.fluent.JPA.util.ScopedHashMap.equals(ScopedHashMap.java:125)
	at java.base/java.util.Objects.equals(Objects.java:77)
	at co.streamx.fluent.JPA.util.ScopedHashMap.equals(ScopedHashMap.java:125)
	at java.base/java.util.Objects.equals(Objects.java:77)
	at co.streamx.fluent.JPA.util.ScopedHashMap.equals(ScopedHashMap.java:125)
	at java.base/java.util.Objects.equals(Objects.java:77)
	at co.streamx.fluent.JPA.util.ScopedHashMap.equals(ScopedHashMap.java:125)
	at java.base/java.util.Objects.equals(Objects.java:77)
	at co.streamx.fluent.JPA.util.ScopedHashMap.equals(ScopedHashMap.java:125)
	at java.base/java.util.Objects.equals(Objects.java:77)
	at co.streamx.fluent.JPA.util.ScopedHashMap.equals(ScopedHashMap.java:125)
	at java.base/java.util.Objects.equals(Objects.java:77)
	at co.streamx.fluent.JPA.util.ScopedHashMap.equals(ScopedHashMap.java:125)
	at java.base/java.util.Objects.equals(Objects.java:77)
	at co.streamx.fluent.JPA.util.ScopedHashMap.equals(ScopedHashMap.java:125)
	at java.base/java.util.Objects.equals(Objects.java:77)
	at co.streamx.fluent.JPA.util.ScopedHashMap.equals(ScopedHashMap.java:125)
	at java.base/java.util.Objects.equals(Objects.java:77)
	at co.streamx.fluent.JPA.util.ScopedHashMap.equals(ScopedHashMap.java:125)
	at java.base/java.util.Objects.equals(Objects.java:77)
	at co.streamx.fluent.JPA.util.ScopedHashMap.equals(ScopedHashMap.java:125)
	at java.base/java.util.Objects.equals(Objects.java:77)
	at co.streamx.fluent.JPA.util.ScopedHashMap.equals(ScopedHashMap.java:125)
	at java.base/java.util.Objects.equals(Objects.java:77)
	at co.streamx.fluent.JPA.util.ScopedHashMap.equals(ScopedHashMap.java:125)
	at java.base/java.util.Objects.equals(Objects.java:77)
	at co.streamx.fluent.JPA.util.ScopedHashMap.equals(ScopedHashMap.java:125)
	at java.base/java.util.Objects.equals(Objects.java:77)
	at co.streamx.fluent.JPA.util.ScopedHashMap.equals(ScopedHashMap.java:125)
	at java.base/java.util.Objects.equals(Objects.java:77)
	at co.streamx.fluent.JPA.util.ScopedHashMap.equals(ScopedHashMap.java:125)
	at java.base/java.util.Objects.equals(Objects.java:77)
	at co.streamx.fluent.JPA.util.ScopedHashMap.equals(ScopedHashMap.java:125)
	at java.base/java.util.Objects.equals(Objects.java:77)
	at co.streamx.fluent.JPA.util.ScopedHashMap.equals(ScopedHashMap.java:125)
	at java.base/java.util.Objects.equals(Objects.java:77)
	at co.streamx.fluent.JPA.util.ScopedHashMap.equals(ScopedHashMap.java:125)
	at java.base/java.util.Objects.equals(Objects.java:77)
	at co.streamx.fluent.JPA.util.ScopedHashMap.equals(ScopedHashMap.java:125)
	at java.base/java.util.Objects.equals(Objects.java:77)
	at co.streamx.fluent.JPA.util.ScopedHashMap.equals(ScopedHashMap.java:125)
	at java.base/java.util.Objects.equals(Objects.java:77)
	at co.streamx.fluent.JPA.util.ScopedHashMap.equals(ScopedHashMap.java:125)
	at java.base/java.util.Objects.equals(Objects.java:77)
	at co.streamx.fluent.JPA.util.ScopedHashMap.equals(ScopedHashMap.java:125)
	at java.base/java.util.Objects.equals(Objects.java:77)
	at co.streamx.fluent.JPA.util.ScopedHashMap.equals(ScopedHashMap.java:125)
	at java.base/java.util.Objects.equals(Objects.java:77)
	at co.streamx.fluent.JPA.util.ScopedHashMap.equals(ScopedHashMap.java:125)
	at java.base/java.util.Objects.equals(Objects.java:77)
	at co.streamx.fluent.JPA.util.ScopedHashMap.equals(ScopedHashMap.java:125)
	at java.base/java.util.Objects.equals(Objects.java:77)
	at co.streamx.fluent.JPA.util.ScopedHashMap.equals(ScopedHashMap.java:125)
	at java.base/java.util.Objects.equals(Objects.java:77)
	at co.streamx.fluent.JPA.util.ScopedHashMap.equals(ScopedHashMap.java:125)
	at java.base/java.util.Objects.equals(Objects.java:77)
	at co.streamx.fluent.JPA.util.ScopedHashMap.equals(ScopedHashMap.java:125)
	at java.base/java.util.Objects.equals(Objects.java:77)
	at co.streamx.fluent.JPA.util.ScopedHashMap.equals(ScopedHashMap.java:125)
	at java.base/java.util.Objects.equals(Objects.java:77)
	at co.streamx.fluent.JPA.util.ScopedHashMap.equals(ScopedHashMap.java:125)
	at java.base/java.util.Objects.equals(Objects.java:77)
	at co.streamx.fluent.JPA.util.ScopedHashMap.equals(ScopedHashMap.java:125)
	at java.base/java.util.Objects.equals(Objects.java:77)
	at co.streamx.fluent.JPA.util.ScopedHashMap.equals(ScopedHashMap.java:125)
	at java.base/java.util.Objects.equals(Objects.java:77)
	at co.streamx.fluent.JPA.util.ScopedHashMap.equals(ScopedHashMap.java:125)
	at java.base/java.util.Objects.equals(Objects.java:77)
	at co.streamx.fluent.JPA.util.ScopedHashMap.equals(ScopedHashMap.java:125)
	at java.base/java.util.Objects.equals(Objects.java:77)
	at co.streamx.fluent.JPA.util.ScopedHashMap.equals(ScopedHashMap.java:125)
	at java.base/java.util.Objects.equals(Objects.java:77)
	at co.streamx.fluent.JPA.util.ScopedHashMap.equals(ScopedHashMap.java:125)
	at java.base/java.util.Objects.equals(Objects.java:77)
	at co.streamx.fluent.JPA.util.ScopedHashMap.equals(ScopedHashMap.java:125)
	at java.base/java.util.Objects.equals(Objects.java:77)
	at co.streamx.fluent.JPA.util.ScopedHashMap.equals(ScopedHashMap.java:125)
	at java.base/java.util.Objects.equals(Objects.java:77)
	at co.streamx.fluent.JPA.util.ScopedHashMap.equals(ScopedHashMap.java:125)
	at java.base/java.util.Objects.equals(Objects.java:77)
	at co.streamx.fluent.JPA.util.ScopedHashMap.equals(ScopedHashMap.java:125)
	at java.base/java.util.Objects.equals(Objects.java:77)
	at co.streamx.fluent.JPA.util.ScopedHashMap.equals(ScopedHashMap.java:125)
	at java.base/java.util.Objects.equals(Objects.java:77)
	at co.streamx.fluent.JPA.util.ScopedHashMap.equals(ScopedHashMap.java:125)
	at java.base/java.util.Objects.equals(Objects.java:77)
	at co.streamx.fluent.JPA.util.ScopedHashMap.equals(ScopedHashMap.java:125)
	at java.base/java.util.Objects.equals(Objects.java:77)
	at co.streamx.fluent.JPA.util.ScopedHashMap.equals(ScopedHashMap.java:125)
	at java.base/java.util.Objects.equals(Objects.java:77)
	at co.streamx.fluent.JPA.util.ScopedHashMap.equals(ScopedHashMap.java:125)
	at java.base/java.util.Objects.equals(Objects.java:77)
	at co.streamx.fluent.JPA.util.ScopedHashMap.equals(ScopedHashMap.java:125)
	at java.base/java.util.Objects.equals(Objects.java:77)
	at co.streamx.fluent.JPA.util.ScopedHashMap.equals(ScopedHashMap.java:125)
	at java.base/java.util.Objects.equals(Objects.java:77)
	at co.streamx.fluent.JPA.util.ScopedHashMap.equals(ScopedHashMap.java:125)
	at java.base/java.util.Objects.equals(Objects.java:77)
	at co.streamx.fluent.JPA.util.ScopedHashMap.equals(ScopedHashMap.java:125)
	at java.base/java.util.Objects.equals(Objects.java:77)
	at co.streamx.fluent.JPA.util.ScopedHashMap.equals(ScopedHashMap.java:125)
	at java.base/java.util.Objects.equals(Objects.java:77)
	at co.streamx.fluent.JPA.util.ScopedHashMap.equals(ScopedHashMap.java:125)

[[1;34mINFO[m] Running co.streamx.fluent.JPA.util.[1mScopedHashMap_containsKey_0_0_Test[m
[[1;34mINFO[m] [1;32mTests run: [0;1;32m3[m, Failures: 0, Errors: 0, Skipped: 0, Time elapsed: 0.016 s -- in co.streamx.fluent.JPA.util.[1mScopedHashMap_containsKey_0_0_Test[m
[[1;34mINFO[m] Running co.streamx.fluent.JPA.util.[1mScopedHashMap_clear_9_0_Test[m
[[1;31mERROR[m] [1;31mTests [0;1mrun: [0;1m1[m, [1;31mFailures: [0;1;31m1[m, Errors: 0, Skipped: 0, Time elapsed: 0.007 s[1;31m <<< FAILURE![m -- in co.streamx.fluent.JPA.util.[1mScopedHashMap_clear_9_0_Test[m
[[1;31mERROR[m] co.streamx.fluent.JPA.util.ScopedHashMap_clear_9_0_Test.testClearThrowsUnsupportedOperationException -- Time elapsed: 0.003 s <<< FAILURE!
org.opentest4j.AssertionFailedError: Unexpected exception type thrown ==> expected: <java.lang.UnsupportedOperationException> but was: <java.lang.reflect.InvocationTargetException>
	at org.junit.jupiter.api.AssertThrows.assertThrows(AssertThrows.java:63)
	at org.junit.jupiter.api.AssertThrows.assertThrows(AssertThrows.java:36)
	at org.junit.jupiter.api.Assertions.assertThrows(Assertions.java:1179)
	at co.streamx.fluent.JPA.util.ScopedHashMap_clear_9_0_Test.testClearThrowsUnsupportedOperationException(ScopedHashMap_clear_9_0_Test.java:35)
	at java.base/jdk.internal.reflect.NativeMethodAccessorImpl.invoke0(Native Method)
	at java.base/jdk.internal.reflect.NativeMethodAccessorImpl.invoke(NativeMethodAccessorImpl.java:62)
	at java.base/jdk.internal.reflect.DelegatingMethodAccessorImpl.invoke(DelegatingMethodAccessorImpl.java:43)
	at java.base/java.lang.reflect.Method.invoke(Method.java:566)
	at org.junit.platform.commons.util.ReflectionUtils.invokeMethod(ReflectionUtils.java:675)
	at org.junit.jupiter.engine.execution.ExecutableInvoker.invoke(ExecutableInvoker.java:115)
	at org.junit.jupiter.engine.descriptor.TestMethodTestDescriptor.lambda$invokeTestMethod$6(TestMethodTestDescriptor.java:171)
	at org.junit.platform.engine.support.hierarchical.ThrowableCollector.execute(ThrowableCollector.java:72)
	at org.junit.jupiter.engine.descriptor.TestMethodTestDescriptor.invokeTestMethod(TestMethodTestDescriptor.java:167)
	at org.junit.jupiter.engine.descriptor.TestMethodTestDescriptor.execute(TestMethodTestDescriptor.java:114)
	at org.junit.jupiter.engine.descriptor.TestMethodTestDescriptor.execute(TestMethodTestDescriptor.java:59)
	at org.junit.platform.engine.support.hierarchical.NodeTestTask.lambda$executeRecursively$4(NodeTestTask.java:108)
	at org.junit.platform.engine.support.hierarchical.ThrowableCollector.execute(ThrowableCollector.java:72)
	at org.junit.platform.engine.support.hierarchical.NodeTestTask.executeRecursively(NodeTestTask.java:98)
	at org.junit.platform.engine.support.hierarchical.NodeTestTask.execute(NodeTestTask.java:74)
	at java.base/java.util.ArrayList.forEach(ArrayList.java:1541)
	at org.junit.platform.engine.support.hierarchical.SameThreadHierarchicalTestExecutorService.invokeAll(SameThreadHierarchicalTestExecutorService.java:38)
	at org.junit.platform.engine.support.hierarchical.NodeTestTask.lambda$executeRecursively$4(NodeTestTask.java:112)
	at org.junit.platform.engine.support.hierarchical.ThrowableCollector.execute(ThrowableCollector.java:72)
	at org.junit.platform.engine.support.hierarchical.NodeTestTask.executeRecursively(NodeTestTask.java:98)
	at org.junit.platform.engine.support.hierarchical.NodeTestTask.execute(NodeTestTask.java:74)
	at java.base/java.util.ArrayList.forEach(ArrayList.java:1541)
	at org.junit.platform.engine.support.hierarchical.SameThreadHierarchicalTestExecutorService.invokeAll(SameThreadHierarchicalTestExecutorService.java:38)
	at org.junit.platform.engine.support.hierarchical.NodeTestTask.lambda$executeRecursively$4(NodeTestTask.java:112)
	at org.junit.platform.engine.support.hierarchical.ThrowableCollector.execute(ThrowableCollector.java:72)
	at org.junit.platform.engine.support.hierarchical.NodeTestTask.executeRecursively(NodeTestTask.java:98)
	at org.junit.platform.engine.support.hierarchical.NodeTestTask.execute(NodeTestTask.java:74)
	at org.junit.platform.engine.support.hierarchical.SameThreadHierarchicalTestExecutorService.submit(SameThreadHierarchicalTestExecutorService.java:32)
	at org.junit.platform.engine.support.hierarchical.HierarchicalTestExecutor.execute(HierarchicalTestExecutor.java:57)
	at org.junit.platform.engine.support.hierarchical.HierarchicalTestEngine.execute(HierarchicalTestEngine.java:51)
	at org.junit.platform.launcher.core.DefaultLauncher.execute(DefaultLauncher.java:229)
	at org.junit.platform.launcher.core.DefaultLauncher.lambda$execute$6(DefaultLauncher.java:197)
	at org.junit.platform.launcher.core.DefaultLauncher.withInterceptedStreams(DefaultLauncher.java:211)
	at org.junit.platform.launcher.core.DefaultLauncher.execute(DefaultLauncher.java:191)
	at org.junit.platform.launcher.core.DefaultLauncher.execute(DefaultLauncher.java:128)
	at org.apache.maven.surefire.junitplatform.LazyLauncher.execute(LazyLauncher.java:56)
	at org.apache.maven.surefire.junitplatform.JUnitPlatformProvider.execute(JUnitPlatformProvider.java:184)
	at org.apache.maven.surefire.junitplatform.JUnitPlatformProvider.invokeAllTests(JUnitPlatformProvider.java:148)
	at org.apache.maven.surefire.junitplatform.JUnitPlatformProvider.invoke(JUnitPlatformProvider.java:122)
	at org.apache.maven.surefire.booter.ForkedBooter.runSuitesInProcess(ForkedBooter.java:385)
	at org.apache.maven.surefire.booter.ForkedBooter.execute(ForkedBooter.java:162)
	at org.apache.maven.surefire.booter.ForkedBooter.run(ForkedBooter.java:507)
	at org.apache.maven.surefire.booter.ForkedBooter.main(ForkedBooter.java:495)
Caused by: java.lang.reflect.InvocationTargetException
	at java.base/jdk.internal.reflect.NativeMethodAccessorImpl.invoke0(Native Method)
	at java.base/jdk.internal.reflect.NativeMethodAccessorImpl.invoke(NativeMethodAccessorImpl.java:62)
	at java.base/jdk.internal.reflect.DelegatingMethodAccessorImpl.invoke(DelegatingMethodAccessorImpl.java:43)
	at java.base/java.lang.reflect.Method.invoke(Method.java:566)
	at co.streamx.fluent.JPA.util.ScopedHashMap_clear_9_0_Test.lambda$testClearThrowsUnsupportedOperationException$0(ScopedHashMap_clear_9_0_Test.java:36)
	at org.junit.jupiter.api.AssertThrows.assertThrows(AssertThrows.java:54)
	... 46 more
Caused by: java.lang.UnsupportedOperationException
	at co.streamx.fluent.JPA.util.ScopedHashMap.clear(ScopedHashMap.java:105)
	... 52 more

[[1;34mINFO[m] Running co.streamx.fluent.JPA.util.[1mScopedHashMap_getOrDefault_5_0_Test[m
[[1;34mINFO[m] [1;32mTests run: [0;1;32m4[m, Failures: 0, Errors: 0, Skipped: 0, Time elapsed: 0.014 s -- in co.streamx.fluent.JPA.util.[1mScopedHashMap_getOrDefault_5_0_Test[m
[[1;34mINFO[m] Running co.streamx.fluent.JPA.util.[1mScopedHashMap_remove_8_0_Test[m
[[1;31mERROR[m] [1;31mTests [0;1mrun: [0;1m1[m, [1;31mFailures: [0;1;31m1[m, Errors: 0, Skipped: 0, Time elapsed: 0.005 s[1;31m <<< FAILURE![m -- in co.streamx.fluent.JPA.util.[1mScopedHashMap_remove_8_0_Test[m
[[1;31mERROR[m] co.streamx.fluent.JPA.util.ScopedHashMap_remove_8_0_Test.testRemove -- Time elapsed: 0.003 s <<< FAILURE!
org.opentest4j.AssertionFailedError: Unexpected exception type thrown ==> expected: <java.lang.UnsupportedOperationException> but was: <java.lang.reflect.InvocationTargetException>
	at org.junit.jupiter.api.AssertThrows.assertThrows(AssertThrows.java:63)
	at org.junit.jupiter.api.AssertThrows.assertThrows(AssertThrows.java:36)
	at org.junit.jupiter.api.Assertions.assertThrows(Assertions.java:1179)
	at co.streamx.fluent.JPA.util.ScopedHashMap_remove_8_0_Test.testRemove(ScopedHashMap_remove_8_0_Test.java:28)
	at java.base/jdk.internal.reflect.NativeMethodAccessorImpl.invoke0(Native Method)
	at java.base/jdk.internal.reflect.NativeMethodAccessorImpl.invoke(NativeMethodAccessorImpl.java:62)
	at java.base/jdk.internal.reflect.DelegatingMethodAccessorImpl.invoke(DelegatingMethodAccessorImpl.java:43)
	at java.base/java.lang.reflect.Method.invoke(Method.java:566)
	at org.junit.platform.commons.util.ReflectionUtils.invokeMethod(ReflectionUtils.java:675)
	at org.junit.jupiter.engine.execution.ExecutableInvoker.invoke(ExecutableInvoker.java:115)
	at org.junit.jupiter.engine.descriptor.TestMethodTestDescriptor.lambda$invokeTestMethod$6(TestMethodTestDescriptor.java:171)
	at org.junit.platform.engine.support.hierarchical.ThrowableCollector.execute(ThrowableCollector.java:72)
	at org.junit.jupiter.engine.descriptor.TestMethodTestDescriptor.invokeTestMethod(TestMethodTestDescriptor.java:167)
	at org.junit.jupiter.engine.descriptor.TestMethodTestDescriptor.execute(TestMethodTestDescriptor.java:114)
	at org.junit.jupiter.engine.descriptor.TestMethodTestDescriptor.execute(TestMethodTestDescriptor.java:59)
	at org.junit.platform.engine.support.hierarchical.NodeTestTask.lambda$executeRecursively$4(NodeTestTask.java:108)
	at org.junit.platform.engine.support.hierarchical.ThrowableCollector.execute(ThrowableCollector.java:72)
	at org.junit.platform.engine.support.hierarchical.NodeTestTask.executeRecursively(NodeTestTask.java:98)
	at org.junit.platform.engine.support.hierarchical.NodeTestTask.execute(NodeTestTask.java:74)
	at java.base/java.util.ArrayList.forEach(ArrayList.java:1541)
	at org.junit.platform.engine.support.hierarchical.SameThreadHierarchicalTestExecutorService.invokeAll(SameThreadHierarchicalTestExecutorService.java:38)
	at org.junit.platform.engine.support.hierarchical.NodeTestTask.lambda$executeRecursively$4(NodeTestTask.java:112)
	at org.junit.platform.engine.support.hierarchical.ThrowableCollector.execute(ThrowableCollector.java:72)
	at org.junit.platform.engine.support.hierarchical.NodeTestTask.executeRecursively(NodeTestTask.java:98)
	at org.junit.platform.engine.support.hierarchical.NodeTestTask.execute(NodeTestTask.java:74)
	at java.base/java.util.ArrayList.forEach(ArrayList.java:1541)
	at org.junit.platform.engine.support.hierarchical.SameThreadHierarchicalTestExecutorService.invokeAll(SameThreadHierarchicalTestExecutorService.java:38)
	at org.junit.platform.engine.support.hierarchical.NodeTestTask.lambda$executeRecursively$4(NodeTestTask.java:112)
	at org.junit.platform.engine.support.hierarchical.ThrowableCollector.execute(ThrowableCollector.java:72)
	at org.junit.platform.engine.support.hierarchical.NodeTestTask.executeRecursively(NodeTestTask.java:98)
	at org.junit.platform.engine.support.hierarchical.NodeTestTask.execute(NodeTestTask.java:74)
	at org.junit.platform.engine.support.hierarchical.SameThreadHierarchicalTestExecutorService.submit(SameThreadHierarchicalTestExecutorService.java:32)
	at org.junit.platform.engine.support.hierarchical.HierarchicalTestExecutor.execute(HierarchicalTestExecutor.java:57)
	at org.junit.platform.engine.support.hierarchical.HierarchicalTestEngine.execute(HierarchicalTestEngine.java:51)
	at org.junit.platform.launcher.core.DefaultLauncher.execute(DefaultLauncher.java:229)
	at org.junit.platform.launcher.core.DefaultLauncher.lambda$execute$6(DefaultLauncher.java:197)
	at org.junit.platform.launcher.core.DefaultLauncher.withInterceptedStreams(DefaultLauncher.java:211)
	at org.junit.platform.launcher.core.DefaultLauncher.execute(DefaultLauncher.java:191)
	at org.junit.platform.launcher.core.DefaultLauncher.execute(DefaultLauncher.java:128)
	at org.apache.maven.surefire.junitplatform.LazyLauncher.execute(LazyLauncher.java:56)
	at org.apache.maven.surefire.junitplatform.JUnitPlatformProvider.execute(JUnitPlatformProvider.java:184)
	at org.apache.maven.surefire.junitplatform.JUnitPlatformProvider.invokeAllTests(JUnitPlatformProvider.java:148)
	at org.apache.maven.surefire.junitplatform.JUnitPlatformProvider.invoke(JUnitPlatformProvider.java:122)
	at org.apache.maven.surefire.booter.ForkedBooter.runSuitesInProcess(ForkedBooter.java:385)
	at org.apache.maven.surefire.booter.ForkedBooter.execute(ForkedBooter.java:162)
	at org.apache.maven.surefire.booter.ForkedBooter.run(ForkedBooter.java:507)
	at org.apache.maven.surefire.booter.ForkedBooter.main(ForkedBooter.java:495)
Caused by: java.lang.reflect.InvocationTargetException
	at java.base/jdk.internal.reflect.NativeMethodAccessorImpl.invoke0(Native Method)
	at java.base/jdk.internal.reflect.NativeMethodAccessorImpl.invoke(NativeMethodAccessorImpl.java:62)
	at java.base/jdk.internal.reflect.DelegatingMethodAccessorImpl.invoke(DelegatingMethodAccessorImpl.java:43)
	at java.base/java.lang.reflect.Method.invoke(Method.java:566)
	at co.streamx.fluent.JPA.util.ScopedHashMap_remove_8_0_Test.lambda$testRemove$0(ScopedHashMap_remove_8_0_Test.java:29)
	at org.junit.jupiter.api.AssertThrows.assertThrows(AssertThrows.java:54)
	... 46 more
Caused by: java.lang.UnsupportedOperationException
	at co.streamx.fluent.JPA.util.ScopedHashMap.remove(ScopedHashMap.java:100)
	... 52 more

[[1;34mINFO[m] Running co.streamx.fluent.JPA.util.[1mScopedHashMap_get_4_0_Test[m
[[1;34mINFO[m] [1;32mTests run: [0;1;32m3[m, Failures: 0, Errors: 0, Skipped: 0, Time elapsed: 0.009 s -- in co.streamx.fluent.JPA.util.[1mScopedHashMap_get_4_0_Test[m
[[1;34mINFO[m] 
[[1;34mINFO[m] Results:
[[1;34mINFO[m] 
[[1;31mERROR[m] [1;31mFailures: [m
[[1;31mERROR[m] [1;31m  ScopedHashMap_clear_9_0_Test.testClearThrowsUnsupportedOperationException:35 Unexpected exception type thrown ==> expected: <java.lang.UnsupportedOperationException> but was: <java.lang.reflect.InvocationTargetException>[m
[[1;31mERROR[m] [1;31m  ScopedHashMap_entrySet_12_0_Test.testEntrySet:32 Unexpected exception type thrown ==> expected: <java.lang.UnsupportedOperationException> but was: <java.lang.reflect.InvocationTargetException>[m
[[1;31mERROR[m] [1;31m  ScopedHashMap_keySet_10_0_Test.testKeySet:29 Unexpected exception type thrown ==> expected: <java.lang.UnsupportedOperationException> but was: <java.lang.reflect.InvocationTargetException>[m
[[1;31mERROR[m] [1;31m  ScopedHashMap_remove_8_0_Test.testRemove:28 Unexpected exception type thrown ==> expected: <java.lang.UnsupportedOperationException> but was: <java.lang.reflect.InvocationTargetException>[m
[[1;31mERROR[m] [1;31mErrors: [m
[[1;31mERROR[m] [1;31m  ScopedHashMap_equals_13_0_Test.testEquals » StackOverflow[m
[[1;34mINFO[m] 
[[1;31mERROR[m] [1;31mTests run: 22, Failures: 4, Errors: 1, Skipped: 0[m
[[1;34mINFO[m] 
[[1;34mINFO[m] [1m------------------------------------------------------------------------[m
[[1;34mINFO[m] [1;31mBUILD FAILURE[m
[[1;34mINFO[m] [1m------------------------------------------------------------------------[m
[[1;34mINFO[m] Total time:  8.711 s
[[1;34mINFO[m] Finished at: 2026-07-11T00:42:59Z
[[1;34mINFO[m] [1m------------------------------------------------------------------------[m
[[1;31mERROR[m] Failed to execute goal [32morg.apache.maven.plugins:maven-surefire-plugin:3.2.5:test[m [1m(default-test)[m on project [36mfluent-jpa[m: [1;31mThere are test failures.[m
[[1;31mERROR[m] [1;31m[m
[[1;31mERROR[m] [1;31mPlease refer to /home/dev4nshik/srse-java/FluentJPA=.=4faabd6.dir/FluentJPA=.=4faabd6/Flaky/target/surefire-reports for the individual test results.[m
[[1;31mERROR[m] [1;31mPlease refer to dump files (if any exist) [date].dump, [date]-jvmRun[N].dump and [date].dumpstream.[m
[[1;31mERROR[m] -> [1m[Help 1][m
[[1;31mERROR[m] 
[[1;31mERROR[m] To see the full stack trace of the errors, re-run Maven with the [1m-e[m switch.
[[1;31mERROR[m] Re-run Maven using the [1m-X[m switch to enable full debug logging.
[[1;31mERROR[m] 
[[1;31mERROR[m] For more information about the errors and possible solutions, please read the following articles:
[[1;31mERROR[m] [1m[Help 1][m http://cwiki.apache.org/confluence/display/MAVEN/MojoFailureException
